team_id,team_url,fifa_version,fifa_update,update_as_of,team_name,league_id,league_name,league_level,nationality_id,nationality_name,overall,attack,midfield,defence,coach_id,home_stadium,rival_team,international_prestige,domestic_prestige,transfer_budget_eur,club_worth_eur,starting_xi_average_age,whole_team_average_age,captain,short_free_kick,long_free_kick,left_short_free_kick,right_short_free_kick,penalties,left_corner,right_corner,def_style,def_team_width,def_team_depth,def_defence_pressure,def_defence_aggression,def_defence_width,def_defence_defender_line,off_style,off_build_up_play,off_chance_creation,off_team_width,off_players_in_box,off_corners,off_free_kicks,build_up_play_speed,build_up_play_dribbling,build_up_play_passing,build_up_play_positioning,chance_creation_passing,chance_creation_crossing,chance_creation_shooting,chance_creation_positioning
1,/team/1/arsenal/240002,24,2,2023-09-22,Arsenal,13,Premier League,1.0,14,England,82,82,84,81,307.0,Emirates Stadium,18,7,8.0,,2100000000.0,23.82,23.81,222665.0,222665.0,222665.0,222665.0,222665.0,246669.0,251566.0,246669.0,Press after possession loss,51.0,61.0,,,,,,Slow build up,Possession,61.0,6.0,3.0,3.0,,,,,,,,
2,/team/2/aston-villa/240002,24,2,2023-09-22,Aston Villa,13,Premier League,1.0,14,England,80,82,79,79,455907.0,Villa Park,109,5,6.0,,695500000.0,26.0,24.73,210881.0,236499.0,236499.0,236499.0,236499.0,221697.0,236499.0,236499.0,Pressure on heavy touch,51.0,51.0,,,,,,Fast build up,Forward runs,51.0,4.0,3.0,3.0,,,,,,,,
3,/team/3/blackburn-rovers/240002,24,2,2023-09-22,Blackburn Rovers,14,Championship,2.0,14,England,69,70,69,70,23174.0,Ivy Lane,1796,1,7.0,,39000000.0,24.09,22.67,234319.0,257063.0,257063.0,257063.0,218343.0,220139.0,234319.0,218343.0,Balanced,51.0,61.0,,,,,,Fast build up,Forward runs,61.0,3.0,3.0,3.0,,,,,,,,
4,/team/4/bolton-wanderers/240002,24,2,2023-09-22,Bolton Wanderers,60,League One,3.0,14,England,66,67,65,65,491.0,Sanderson Park (FIFA 13 NEW generic),1917,1,10.0,,6000000.0,26.27,25.68,212090.0,235807.0,235807.0,235807.0,221705.0,220039.0,231951.0,235807.0,Press after possession loss,51.0,51.0,,,,,,Slow build up,Possession,71.0,5.0,3.0,3.0,,,,,,,,
5,/team/5/chelsea/240002,24,2,2023-09-22,Chelsea,13,Premier League,1.0,14,England,80,77,81,78,2922.0,Stamford Bridge,1,7,8.0,,2900000000.0,24.55,22.58,229984.0,247090.0,247090.0,202652.0,247090.0,247090.0,229984.0,247090.0,Pressure on heavy touch,61.0,61.0,,,,,,Slow build up,Possession,71.0,5.0,3.0,3.0,,,,,,,,
7,/team/7/everton/240002,24,2,2023-09-22,Everton,13,Premier League,1.0,14,England,77,79,77,75,455461.0,Goodison Park,9,4,3.0,,684500000.0,26.91,25.86,202695.0,152908.0,152908.0,152908.0,243282.0,236276.0,152908.0,243282.0,Balanced,51.0,41.0,,,,,,Long ball,Direct passing,61.0,4.0,3.0,3.0,,,,,,,,
8,/team/8/leeds-united/240002,24,2,2023-09-22,Leeds United,14,Championship,2.0,14,England,73,72,72,72,460535.0,Elland Road,1939,2,10.0,,423100000.0,22.27,23.6,239360.0,251954.0,235735.0,251954.0,251954.0,247249.0,251954.0,270208.0,Press after possession loss,51.0,51.0,,,,,,Fast build up,Forward runs,61.0,5.0,3.0,3.0,,,,,,,,
9,/team/9/liverpool/240002,24,2,2023-09-22,Liverpool,13,Premier League,1.0,14,England,83,84,82,84,455353.0,Anfield,11,9,9.0,,4600000000.0,26.82,24.25,203376.0,231281.0,231281.0,231281.0,231281.0,209331.0,216267.0,231281.0,Press after possession loss,61.0,71.0,,,,,,Balanced,Balanced,71.0,5.0,3.0,3.0,,,,,,,,
10,/team/10/manchester-city/240002,24,2,2023-09-22,Manchester City,13,Premier League,1.0,14,England,85,87,86,83,455361.0,Etihad Stadium,11,10,10.0,,4600000000.0,26.91,25.14,188377.0,237692.0,246191.0,246191.0,237692.0,239085.0,246191.0,237692.0,Press after possession loss,71.0,61.0,,,,,,Balanced,Balanced,81.0,6.0,3.0,3.0,,,,,,,,
11,/team/11/manchester-united/240002,24,2,2023-09-22,Manchester United,13,Premier League,1.0,14,England,82,82,83,80,456113.0,Old Trafford,9,8,9.0,,4800000000.0,26.73,25.03,212198.0,212198.0,212198.0,212198.0,212198.0,212198.0,212198.0,212198.0,Pressure on heavy touch,71.0,71.0,,,,,,Slow build up,Possession,71.0,4.0,3.0,3.0,,,,,,,,
12,/team/12/middlesbrough/240002,24,2,2023-09-22,Middlesbrough,14,Championship,2.0,14,England,71,69,70,71,645.0,Riverside Stadium,13,1,8.0,,84000000.0,25.45,24.5,183422.0,183422.0,183422.0,183422.0,183422.0,213697.0,183422.0,183422.0,Balanced,61.0,41.0,,,,,,Balanced,Balanced,71.0,5.0,3.0,3.0,,,,,,,,
13,/team/13/newcastle-united/240002,24,2,2023-09-22,Newcastle United,13,Premier League,1.0,14,England,81,79,81,82,523911.0,St. James' Park,106,6,7.0,,730500000.0,26.91,25.97,186345.0,186345.0,186345.0,186345.0,186345.0,233731.0,186345.0,186345.0,Press after possession loss,51.0,61.0,,,,,,Balanced,Balanced,51.0,4.0,3.0,3.0,,,,,,,,
14,/team/14/nottingham-forest/240002,24,2,2023-09-22,Nottingham Forest,13,Premier League,1.0,14,England,77,75,77,75,37250724.0,The City Ground,91,1,3.0,,172500000.0,25.91,25.94,230708.0,236015.0,236015.0,236015.0,236015.0,230978.0,236015.0,236015.0,Balanced,61.0,41.0,,,,,,Fast build up,Forward runs,71.0,4.0,3.0,3.0,,,,,,,,
15,/team/15/queens-park-rangers/240002,24,2,2023-09-22,Queens Park Rangers,14,Championship,2.0,14,England,69,67,68,69,1819.0,Kiyan Prince Foundation,144,1,4.0,,28000000.0,27.27,24.5,172723.0,238490.0,238490.0,238490.0,238490.0,238490.0,238490.0,228120.0,Balanced,61.0,51.0,,,,,,Balanced,Balanced,61.0,3.0,3.0,3.0,,,,,,,,
17,/team/17/southampton/240002,24,2,2023-09-22,Southampton,14,Championship,2.0,14,England,73,71,70,74,904.0,St. Mary's Stadium,1790,3,9.0,,395000000.0,24.64,23.63,221841.0,202282.0,202282.0,202282.0,202282.0,221841.0,202282.0,202282.0,Pressure on heavy touch,51.0,61.0,,,,,,Slow build up,Possession,61.0,5.0,3.0,3.0,,,,,,,,
18,/team/18/tottenham-hotspur/240002,24,2,2023-09-22,Tottenham Hotspur,13,Premier League,1.0,14,England,81,81,80,79,938.0,Tottenham Hotspur Stadium,1,7,7.0,,2600000000.0,24.27,24.97,200104.0,200104.0,200104.0,200104.0,200104.0,220697.0,200104.0,200104.0,Pressure on heavy touch,61.0,61.0,,,,,,Slow build up,Possession,71.0,5.0,3.0,3.0,,,,,,,,
19,/team/19/west-ham-united/240002,24,2,2023-09-22,West Ham United,13,Premier League,1.0,14,England,78,78,79,78,455355.0,London Stadium,97,6,6.0,,993600000.0,27.91,25.3,204311.0,205569.0,205569.0,205569.0,205569.0,220621.0,205569.0,205569.0,Balanced,41.0,41.0,,,,,,Fast build up,Forward runs,61.0,4.0,3.0,3.0,,,,,,,,
21,/team/21/fc-bayern-munchen/240002,24,2,2023-09-22,FC Bayern München,19,Bundesliga,1.0,21,Germany,84,90,84,83,523937.0,Sanderson Park (FIFA 13 NEW generic),22,9,10.0,,3800000000.0,26.09,25.84,212622.0,222492.0,212622.0,212622.0,222492.0,202126.0,212622.0,222492.0,Pressure on heavy touch,51.0,81.0,,,,,,Slow build up,Possession,71.0,8.0,3.0,3.0,,,,,,,,
22,/team/22/borussia-dortmund/240002,24,2,2023-09-22,Borussia Dortmund,19,Bundesliga,1.0,21,Germany,81,81,81,81,417317.0,Signal Iduna Park,34,7,9.0,,1700000000.0,27.36,25.14,208333.0,212194.0,212194.0,212194.0,212194.0,208333.0,212194.0,212194.0,Press after possession loss,51.0,81.0,,,,,,Fast build up,Forward runs,41.0,6.0,3.0,3.0,,,,,,,,
23,/team/23/borussia-monchengladbach/240002,24,2,2023-09-22,Borussia Mönchengladbach,19,Bundesliga,1.0,21,Germany,76,75,76,75,10966287.0,BORUSSIA-PARK,31,5,5.0,,304000000.0,24.55,24.52,222028.0,256781.0,256781.0,246919.0,256781.0,206467.0,256781.0,256781.0,Balanced,61.0,61.0,,,,,,Long ball,Direct passing,61.0,7.0,3.0,3.0,,,,,,,,
25,/team/25/sc-freiburg/240002,24,2,2023-09-22,SC Freiburg,19,Bundesliga,1.0,21,Germany,76,76,76,77,460197.0,Europa-Park Stadion,36,4,4.0,,278700000.0,27.09,25.76,212096.0,212096.0,212096.0,212096.0,212096.0,212096.0,212096.0,212096.0,Balanced,41.0,51.0,,,,,,Slow build up,Possession,61.0,4.0,3.0,3.0,,,,,,,,
27,/team/27/hansa-rostock/240002,24,2,2023-09-22,Hansa Rostock,20,2. Bundesliga,2.0,21,Germany,68,69,68,67,896531.0,Stade Municipal,110329,1,3.0,,12900000.0,26.91,25.43,211946.0,246845.0,211982.0,246845.0,246845.0,246845.0,211982.0,211982.0,Pressure on heavy touch,61.0,61.0,,,,,,Long ball,Direct passing,61.0,6.0,3.0,3.0,,,,,,,,
28,/team/28/hamburger-sv/240002,24,2,2023-09-22,Hamburger SV,20,2. Bundesliga,2.0,21,Germany,71,71,71,70,1552477.0,Volksparkstadion,110329,2,9.0,,156400000.0,25.91,23.72,214948.0,234728.0,234728.0,224970.0,234728.0,234728.0,224970.0,234728.0,Pressure on heavy touch,61.0,71.0,,,,,,Slow build up,Possession,71.0,6.0,3.0,3.0,,,,,,,,
29,/team/29/kaiserslautern/240002,24,2,2023-09-22,Kaiserslautern,20,2. Bundesliga,2.0,21,Germany,69,70,68,69,896509.0,Stadion Europa (Generic Europe 2),110532,1,4.0,,15200000.0,26.73,26.3,216381.0,223755.0,223755.0,223755.0,223755.0,201925.0,238662.0,223755.0,Balanced,61.0,51.0,,,,,,Long ball,Direct passing,61.0,5.0,3.0,3.0,,,,,,,,
31,/team/31/fc-koln/240002,24,2,2023-09-22,FC Köln,19,Bundesliga,1.0,21,Germany,74,73,74,73,29676.0,RheinEnergieStadion,23,3,4.0,,136500000.0,26.36,24.45,195038.0,195038.0,195038.0,195038.0,223633.0,195038.0,223633.0,195038.0,Press after possession loss,41.0,71.0,,,,,,Long ball,Direct passing,71.0,6.0,3.0,3.0,,,,,,,,
32,/team/32/bayer-04-leverkusen/240002,24,2,2023-09-22,Bayer 04 Leverkusen,19,Bundesliga,1.0,21,Germany,80,81,81,79,511.0,BayArena,31,6,8.0,,465100000.0,25.55,23.74,190941.0,210035.0,199503.0,210324.0,210035.0,199503.0,256630.0,210324.0,Balanced,61.0,51.0,,,,,,Slow build up,Possession,51.0,4.0,3.0,3.0,,,,,,,,
33,/team/33/1860-munchen/240002,24,2,2023-09-22,1860 München,2076,3. Liga,3.0,21,Germany,65,66,65,64,458706.0,Town Park,111239,1,8.0,,5600000.0,25.64,24.21,238779.0,240027.0,240027.0,240027.0,240027.0,240027.0,240027.0,240027.0,Balanced,51.0,51.0,,,,,,Balanced,Balanced,51.0,4.0,3.0,3.0,,,,,,,,
34,/team/34/schalke-04/240002,24,2,2023-09-22,Schalke 04,20,2. Bundesliga,2.0,21,Germany,71,71,70,71,896514.0,Veltins-Arena,22,4,10.0,,319100000.0,26.64,26.33,183714.0,229155.0,229155.0,229155.0,229155.0,183714.0,229155.0,229155.0,Pressure on heavy touch,51.0,61.0,,,,,,Balanced,Balanced,61.0,7.0,3.0,3.0,,,,,,,,
36,/team/36/vfb-stuttgart/240002,24,2,2023-09-22,VfB Stuttgart,19,Bundesliga,1.0,21,Germany,73,76,73,73,38217.0,Mercedes-Benz Arena (Stuttgart),25,4,3.0,,279100000.0,24.91,23.03,229476.0,241925.0,241925.0,215441.0,241925.0,215441.0,241925.0,250959.0,Balanced,51.0,51.0,,,,,,Balanced,Balanced,71.0,4.0,3.0,3.0,,,,,,,,
38,/team/38/werder-bremen/240002,24,2,2023-09-22,Werder Bremen,19,Bundesliga,1.0,21,Germany,74,75,74,74,20693423.0,Wohninvest Weserstadion,28,3,3.0,,151700000.0,27.45,25.26,237595.0,197031.0,197031.0,197031.0,197031.0,197031.0,197031.0,197031.0,Pressure on heavy touch,51.0,51.0,,,,,,Balanced,Balanced,61.0,6.0,3.0,3.0,,,,,,,,
39,/team/39/atalanta/240002,24,2,2023-09-22,Atalanta,31,Serie A,1.0,27,Italy,78,79,77,77,456038.0,,47,6,7.0,,350000000.0,26.18,26.36,208461.0,240679.0,240679.0,240679.0,240679.0,230899.0,240679.0,240679.0,Press after possession loss,41.0,71.0,,,,,,Fast build up,Forward runs,61.0,5.0,3.0,3.0,,,,,,,,
44,/team/44/inter/240002,24,2,2023-09-22,Inter,31,Serie A,1.0,27,Italy,82,81,82,82,128160.0,San Siro,47,8,10.0,,1000000000.0,28.45,28.04,231478.0,208128.0,208128.0,208128.0,208128.0,208128.0,208128.0,208128.0,Balanced,51.0,61.0,,,,,,Fast build up,Forward runs,51.0,4.0,3.0,3.0,,,,,,,,
45,/team/45/juventus/240002,24,2,2023-09-22,Juventus,31,Serie A,1.0,27,Italy,80,81,80,79,455957.0,Juventus Arena,44,9,10.0,,2000000000.0,26.45,25.68,199304.0,246430.0,222077.0,246430.0,246430.0,246430.0,208574.0,208574.0,Pressure on heavy touch,51.0,41.0,,,,,,Long ball,Direct passing,61.0,3.0,3.0,3.0,,,,,,,,
46,/team/46/lazio/240002,24,2,2023-09-22,Lazio,31,Serie A,1.0,27,Italy,80,81,79,80,455926.0,,52,6,7.0,,320000000.0,28.73,26.89,192387.0,198706.0,198706.0,198706.0,198706.0,192387.0,198706.0,198706.0,Press after possession loss,61.0,61.0,,,,,,Slow build up,Possession,71.0,3.0,3.0,3.0,,,,,,,,
47,/team/47/milan/240002,24,2,2023-09-22,Milan,31,Serie A,1.0,27,Italy,80,81,79,81,459100.0,San Siro,44,7,9.0,,1200000000.0,27.36,25.7,228881.0,240638.0,240638.0,229758.0,240638.0,178509.0,240638.0,229758.0,Press after possession loss,51.0,61.0,,,,,,Fast build up,Forward runs,51.0,8.0,3.0,3.0,,,,,,,,
48,/team/48/napoli/240002,24,2,2023-09-22,Napoli,31,Serie A,1.0,27,Italy,81,82,82,80,523905.0,,45,8,9.0,,660000000.0,27.27,25.74,217870.0,210406.0,210406.0,210406.0,210406.0,232293.0,210406.0,210406.0,Balanced,61.0,61.0,,,,,,Fast build up,Forward runs,61.0,6.0,3.0,3.0,,,,,,,,
50,/team/50/parma/240002,24,2,2023-09-22,Parma,32,Serie B,2.0,27,Italy,70,68,69,65,130528.0,Arena d'Oro,189,3,9.0,,71000000.0,24.09,24.68,237297.0,252794.0,225475.0,252794.0,243154.0,243154.0,252794.0,243154.0,Balanced,41.0,41.0,,,,,,Long ball,Direct passing,61.0,5.0,3.0,3.0,,,,,,,,
52,/team/52/roma/240002,24,2,2023-09-22,Roma,31,Serie A,1.0,27,Italy,80,82,78,81,455375.0,,46,7,8.0,,660000000.0,29.18,25.62,228251.0,211110.0,228251.0,228251.0,211110.0,228251.0,228251.0,211110.0,Balanced,61.0,41.0,,,,,,Slow build up,Possession,61.0,5.0,3.0,3.0,,,,,,,,
54,/team/54/torino/240002,24,2,2023-09-22,Torino,31,Serie A,1.0,27,Italy,75,76,74,76,127980.0,Sanderson Park (FIFA 13 NEW generic),45,4,5.0,,125000000.0,25.27,24.14,193352.0,193352.0,193352.0,193352.0,193352.0,215333.0,193352.0,193352.0,Press after possession loss,31.0,51.0,,,,,,Fast build up,Forward runs,61.0,3.0,3.0,3.0,,,,,,,,
55,/team/55/udinese/240002,24,2,2023-09-22,Udinese,31,Serie A,1.0,27,Italy,74,74,73,74,1553200.0,Udinese Arena,48,3,4.0,,160000000.0,25.64,24.67,202477.0,202477.0,256115.0,202477.0,202477.0,202477.0,202477.0,202477.0,Balanced,41.0,51.0,,,,,,Slow build up,Possession,71.0,5.0,3.0,3.0,,,,,,,,
57,/team/57/auxerre/240002,24,2,2023-09-22,Auxerre,17,Ligue 2,2.0,18,France,68,68,68,69,456247.0,Forest Park Stadium (Square Ground),294,1,10.0,,60000000.0,26.09,24.35,217565.0,232360.0,232360.0,232360.0,232360.0,229448.0,232360.0,232360.0,Balanced,41.0,61.0,,,,,,Balanced,Balanced,61.0,4.0,3.0,3.0,,,,,,,,
58,/team/58/bastia/240002,24,2,2023-09-22,Bastia,17,Ligue 2,2.0,18,France,66,65,69,64,1677031.0,Town Park,614,1,4.0,,20000000.0,27.09,25.15,206243.0,235042.0,235042.0,235042.0,235042.0,235042.0,235042.0,235042.0,Balanced,51.0,51.0,,,,,,Balanced,Balanced,61.0,3.0,3.0,3.0,,,,,,,,
59,/team/59/bordeaux/240002,24,2,2023-09-22,Bordeaux,17,Ligue 2,2.0,18,France,69,70,68,70,529830.0,Waldstadion (Fussballstadion),219,1,9.0,,70000000.0,25.64,22.5,224189.0,224189.0,224189.0,237132.0,224189.0,237132.0,230019.0,237132.0,Balanced,51.0,51.0,,,,,,Balanced,Balanced,51.0,4.0,3.0,3.0,,,,,,,,
62,/team/62/guingamp/240002,24,2,2023-09-22,Guingamp,17,Ligue 2,2.0,18,France,67,67,66,66,94341.0,Court Lane,378,1,6.0,,40000000.0,25.64,25.66,212735.0,225174.0,225174.0,225174.0,225174.0,213839.0,225174.0,225174.0,Balanced,51.0,61.0,,,,,,Fast build up,Forward runs,61.0,3.0,3.0,3.0,,,,,,,,
64,/team/64/lens/240002,24,2,2023-09-22,Lens,16,Ligue 1,1.0,18,France,77,77,76,77,896608.0,Ivy Lane,65,4,7.0,,160000000.0,25.64,25.06,204883.0,208787.0,212138.0,208787.0,208787.0,212138.0,208787.0,208787.0,Pressure on heavy touch,51.0,61.0,,,,,,Slow build up,Possession,61.0,6.0,3.0,3.0,,,,,,,,
65,/team/65/lille/240002,24,2,2023-09-22,Lille,16,Ligue 1,1.0,18,France,76,77,75,75,455945.0,Decathlon Arena,64,4,6.0,,200000000.0,25.36,24.14,190674.0,193476.0,190674.0,193476.0,193476.0,243630.0,193476.0,193476.0,Pressure on heavy touch,51.0,51.0,,,,,,Slow build up,Possession,71.0,6.0,3.0,3.0,,,,,,,,
66,/team/66/olympique-lyonnais/240002,24,2,2023-09-22,Olympique Lyonnais,16,Ligue 1,1.0,18,France,76,77,75,76,94575.0,Groupama Stadium,1819,4,7.0,,734000000.0,27.0,24.3,193301.0,193301.0,219683.0,193301.0,193301.0,193301.0,246646.0,246646.0,Pressure on heavy touch,51.0,51.0,,,,,,Slow build up,Possession,51.0,5.0,3.0,3.0,,,,,,,,
68,/team/68/metz/240002,24,2,2023-09-22,Metz,16,Ligue 1,1.0,18,France,70,69,68,71,2158433.0,Forest Park Stadium (Square Ground),76,1,1.0,,70000000.0,27.27,24.52,229236.0,239740.0,229236.0,239740.0,239740.0,256856.0,239740.0,239740.0,Balanced,51.0,61.0,,,,,,Fast build up,Forward runs,51.0,5.0,3.0,3.0,,,,,,,,
69,/team/69/monaco/240002,24,2,2023-09-22,Monaco,16,Ligue 1,1.0,1037,Monaco,77,81,77,75,455978.0,Euro Arena,72,4,8.0,,430000000.0,25.45,23.41,199451.0,225663.0,225663.0,225663.0,225663.0,199451.0,225663.0,232440.0,Pressure on heavy touch,51.0,51.0,,,,,,Slow build up,Possession,51.0,4.0,3.0,3.0,,,,,,,,
70,/team/70/montpellier/240002,24,2,2023-09-22,Montpellier,16,Ligue 1,1.0,18,France,73,68,75,73,456603.0,Forest Park Stadium (Square Ground),219,2,4.0,,110000000.0,28.0,25.29,205686.0,205686.0,205686.0,205686.0,205686.0,205686.0,205686.0,205686.0,Balanced,51.0,51.0,,,,,,Fast build up,Forward runs,51.0,4.0,3.0,3.0,,,,,,,,
71,/team/71/nantes/240002,24,2,2023-09-22,Nantes,16,Ligue 1,1.0,18,France,73,73,73,73,361268.0,Estadio de las Artes (Generic Stadium NG),74,2,4.0,,150000000.0,27.0,24.7,231691.0,209288.0,209288.0,209288.0,209288.0,216820.0,209288.0,261616.0,Balanced,51.0,41.0,,,,,,Balanced,Balanced,71.0,3.0,3.0,3.0,,,,,,,,
72,/team/72/nice/240002,24,2,2023-09-22,Nice,16,Ligue 1,1.0,18,France,76,77,76,75,243.0,Waldstadion (Fussballstadion),69,4,6.0,,200000000.0,26.09,23.76,158625.0,210896.0,158625.0,210896.0,210896.0,209519.0,210896.0,210896.0,Press after possession loss,61.0,71.0,,,,,,Slow build up,Possession,61.0,7.0,3.0,3.0,,,,,,,,
73,/team/73/paris-saint-germain/240002,24,2,2023-09-22,Paris Saint Germain,16,Ligue 1,1.0,18,France,83,86,79,83,523959.0,Parc des Princes,219,9,10.0,,4200000000.0,24.36,24.63,207865.0,231747.0,231747.0,231747.0,231443.0,231747.0,231443.0,231443.0,Press after possession loss,51.0,71.0,,,,,,Slow build up,Possession,51.0,5.0,3.0,3.0,,,,,,,,
74,/team/74/rennes/240002,24,2,2023-09-22,Rennes,16,Ligue 1,1.0,18,France,76,77,78,74,523953.0,Stade Municipal,71,4,7.0,,180000000.0,25.73,24.39,214097.0,214097.0,214097.0,214097.0,214097.0,231102.0,214097.0,214097.0,Balanced,51.0,51.0,,,,,,Balanced,Balanced,51.0,3.0,3.0,3.0,,,,,,,,
76,/team/76/strasbourg/240002,24,2,2023-09-22,Strasbourg,16,Ligue 1,1.0,18,France,72,72,72,72,37558369.0,Stade Municipal,68,2,4.0,,130000000.0,26.64,23.75,199641.0,176600.0,176600.0,176600.0,176600.0,176600.0,227222.0,220905.0,Balanced,41.0,71.0,,,,,,Balanced,Balanced,71.0,4.0,3.0,3.0,,,,,,,,
77,/team/77/aberdeen/240002,24,2,2023-09-22,Aberdeen,50,Premiership,1.0,42,Scotland,67,70,66,66,2508.0,Ivy Lane,86,3,8.0,,8500000.0,26.55,24.07,200302.0,252134.0,252134.0,252134.0,270611.0,269953.0,252134.0,252134.0,Balanced,61.0,51.0,,,,,,Balanced,Balanced,71.0,5.0,3.0,3.0,,,,,,,,
78,/team/78/celtic/240002,24,2,2023-09-22,Celtic,50,Premiership,1.0,42,Scotland,74,74,75,71,896460.0,Celtic Park,86,6,10.0,,80000000.0,25.55,24.64,211093.0,240734.0,240734.0,240734.0,240734.0,234111.0,240734.0,240734.0,Press after possession loss,61.0,81.0,,,,,,Slow build up,Possession,81.0,8.0,3.0,3.0,,,,,,,,
80,/team/80/hearts/240002,24,2,2023-09-22,Hearts,50,Premiership,1.0,42,Scotland,70,71,67,69,912.0,Ivy Lane,81,4,8.0,,8200000.0,25.82,25.86,216218.0,223747.0,255157.0,223747.0,223747.0,216218.0,266756.0,223747.0,Press after possession loss,41.0,61.0,,,,,,Fast build up,Forward runs,61.0,5.0,3.0,3.0,,,,,,,,
81,/team/81/hibernian/240002,24,2,2023-09-22,Hibernian,50,Premiership,1.0,42,Scotland,67,66,68,65,5125.0,Ivy Lane,80,2,7.0,,8000000.0,28.0,25.56,189110.0,202771.0,202771.0,202771.0,202771.0,211221.0,240603.0,202771.0,Balanced,51.0,61.0,,,,,,Fast build up,Forward runs,61.0,4.0,3.0,3.0,,,,,,,,
82,/team/82/kilmarnock/240002,24,2,2023-09-22,Kilmarnock,50,Premiership,1.0,42,Scotland,63,64,62,64,896462.0,Ivy Lane,100805,1,3.0,,3800000.0,24.64,24.58,246846.0,223871.0,223871.0,223871.0,223871.0,223871.0,223871.0,223871.0,Balanced,41.0,51.0,,,,,,Balanced,Balanced,61.0,4.0,3.0,3.0,,,,,,,,
83,/team/83/motherwell/240002,24,2,2023-09-22,Motherwell,50,Premiership,1.0,42,Scotland,63,61,63,62,172638.0,Ivy Lane,86,2,5.0,,4100000.0,26.73,24.85,225203.0,223663.0,223663.0,223663.0,223663.0,223663.0,223663.0,223663.0,Balanced,51.0,41.0,,,,,,Fast build up,Forward runs,51.0,3.0,3.0,3.0,,,,,,,,
86,/team/86/rangers/240002,24,2,2023-09-22,Rangers,50,Premiership,1.0,42,Scotland,73,72,74,74,37633958.0,Ibrox Stadium,78,6,10.0,,60000000.0,27.18,26.25,195479.0,195479.0,195479.0,195479.0,195479.0,195479.0,195479.0,241673.0,Press after possession loss,51.0,71.0,,,,,,Slow build up,Possession,51.0,6.0,3.0,3.0,,,,,,,,
88,/team/88/birmingham-city/240002,24,2,2023-09-22,Birmingham City,14,Championship,2.0,14,England,69,69,69,69,2146.0,Ivy Lane,2,1,4.0,,22000000.0,26.82,24.63,243612.0,227686.0,227686.0,227686.0,227686.0,227686.0,227686.0,227686.0,Balanced,51.0,41.0,,,,,,Long ball,Direct passing,81.0,4.0,3.0,3.0,,,,,,,,
89,/team/89/charlton-athletic/240002,24,2,2023-09-22,Charlton Athletic,60,League One,3.0,14,England,66,62,66,65,37559807.0,Forest Park Stadium (Square Ground),97,1,9.0,,6500000.0,23.45,23.43,225769.0,237332.0,225769.0,237332.0,237332.0,237332.0,240331.0,230864.0,Balanced,61.0,51.0,,,,,,Slow build up,Possession,61.0,3.0,3.0,3.0,,,,,,,,
91,/team/91/derby-county/240002,24,2,2023-09-22,Derby County,60,League One,3.0,14,England,67,66,66,67,3311.0,Molton Road (Sheldon Stadium),14,1,10.0,,10000000.0,29.45,26.04,193849.0,193849.0,193849.0,193849.0,193849.0,193849.0,193849.0,193849.0,Balanced,51.0,51.0,,,,,,Fast build up,Forward runs,71.0,5.0,3.0,3.0,,,,,,,,
92,/team/92/grimsby-town/240002,24,2,2023-09-22,Grimsby Town,61,League Two,4.0,14,England,62,63,62,62,17867632.0,Town Park,149,1,6.0,,2200000.0,26.91,25.21,189159.0,207513.0,207513.0,207513.0,207513.0,207513.0,247741.0,247741.0,Press after possession loss,51.0,81.0,,,,,,Balanced,Balanced,61.0,3.0,3.0,3.0,,,,,,,,
94,/team/94/ipswich-town/240002,24,2,2023-09-22,Ipswich Town,14,Championship,2.0,14,England,69,68,69,69,37524146.0,Ivy Lane,1792,1,2.0,,9000000.0,27.18,25.55,197975.0,225667.0,225667.0,225667.0,225667.0,225667.0,232545.0,225667.0,Press after possession loss,61.0,61.0,,,,,,Slow build up,Possession,61.0,5.0,3.0,3.0,,,,,,,,
95,/team/95/leicester-city/240002,24,2,2023-09-22,Leicester City,14,Championship,2.0,14,England,75,73,76,75,107439.0,King Power Stadium,14,4,10.0,,548500000.0,24.91,24.97,210243.0,237386.0,237386.0,237386.0,237386.0,225719.0,225783.0,237386.0,Balanced,51.0,61.0,,,,,,Slow build up,Possession,81.0,5.0,3.0,3.0,,,,,,,,
97,/team/97/millwall/240002,24,2,2023-09-22,Millwall,14,Championship,2.0,14,England,70,72,71,70,455453.0,Ivy Lane,19,1,5.0,,22000000.0,26.91,26.26,193549.0,225317.0,239373.0,225317.0,225317.0,225317.0,251560.0,251560.0,Balanced,51.0,41.0,,,,,,Long ball,Direct passing,51.0,4.0,3.0,3.0,,,,,,,,
106,/team/106/sunderland/240002,24,2,2023-09-22,Sunderland,14,Championship,2.0,14,England,69,57,68,69,455344.0,Stadium of Light,13,2,5.0,,19500000.0,22.0,22.0,215700.0,242908.0,258483.0,242908.0,242908.0,276425.0,242908.0,221982.0,Balanced,51.0,51.0,,,,,,Slow build up,Possession,61.0,5.0,3.0,3.0,,,,,,,,
109,/team/109/west-bromwich-albion/240002,24,2,2023-09-22,West Bromwich Albion,14,Championship,2.0,14,England,71,70,72,70,37453069.0,The Hawthorns,110,1,7.0,,141000000.0,27.55,26.22,205970.0,211506.0,211506.0,211506.0,211506.0,211506.0,223877.0,211506.0,Press after possession loss,51.0,71.0,,,,,,Slow build up,Possession,61.0,4.0,3.0,3.0,,,,,,,,
110,/team/110/wolverhampton-wanderers/240002,24,2,2023-09-22,Wolverhampton Wanderers,13,Premier League,1.0,14,England,76,75,77,76,474728.0,Molineux Stadium,109,3,4.0,,416500000.0,26.27,24.93,245336.0,240243.0,240243.0,240243.0,240243.0,240243.0,212811.0,212811.0,Press after possession loss,61.0,81.0,,,,,,Fast build up,Forward runs,51.0,3.0,3.0,3.0,,,,,,,,
121,/team/121/crewe-alexandra/240002,24,2,2023-09-22,Crewe Alexandra,61,League Two,4.0,14,England,60,62,60,61,10249.0,Court Lane,1928,1,4.0,,2000000.0,24.55,22.73,241828.0,209368.0,209368.0,209368.0,209368.0,200781.0,266122.0,209368.0,Balanced,61.0,41.0,,,,,,Long ball,Direct passing,61.0,5.0,3.0,3.0,,,,,,,,
127,/team/127/shrewsbury-town/240002,24,2,2023-09-22,Shrewsbury Town,60,League One,3.0,14,England,64,64,63,63,277.0,Court Lane,1803,1,4.0,,3000000.0,26.09,24.15,226102.0,244715.0,244715.0,244715.0,208812.0,233572.0,239553.0,208812.0,Balanced,61.0,41.0,,,,,,Balanced,Balanced,71.0,3.0,3.0,3.0,,,,,,,,
142,/team/142/doncaster-rovers/240002,24,2,2023-09-22,Doncaster Rovers,61,League Two,4.0,14,England,61,62,60,61,1749.0,Molton Road (Sheldon Stadium),1797,1,7.0,,2000000.0,26.18,24.71,156464.0,179663.0,179663.0,179663.0,179663.0,211143.0,179663.0,235915.0,Balanced,51.0,41.0,,,,,,Balanced,Balanced,61.0,3.0,3.0,3.0,,,,,,,,
143,/team/143/exeter-city/240002,24,2,2023-09-22,Exeter City,60,League One,3.0,14,England,63,63,63,63,10629.0,Town Park,1929,1,3.0,,3200000.0,24.55,23.07,218576.0,202491.0,202491.0,202491.0,202491.0,245553.0,202491.0,202491.0,Pressure on heavy touch,61.0,61.0,,,,,,Fast build up,Forward runs,81.0,3.0,3.0,3.0,,,,,,,,
144,/team/144/fulham/240002,24,2,2023-09-22,Fulham,13,Premier League,1.0,14,England,77,76,77,76,455424.0,Craven Cottage,15,2,5.0,,228500000.0,28.55,25.45,198261.0,208450.0,208450.0,208450.0,208450.0,208450.0,208450.0,208450.0,Press after possession loss,51.0,71.0,,,,,,Balanced,Balanced,61.0,4.0,3.0,3.0,,,,,,,,
149,/team/149/lincoln-city/240002,24,2,2023-09-22,Lincoln City,60,League One,3.0,14,England,64,65,64,64,2198.0,Crown Lane,92,1,6.0,,3900000.0,23.73,23.08,228106.0,240978.0,240513.0,240978.0,237204.0,239799.0,240978.0,237204.0,Balanced,51.0,41.0,,,,,,Balanced,Balanced,51.0,4.0,3.0,3.0,,,,,,,,
159,/team/159/dsc-arminia-bielefeld/240002,24,2,2023-09-22,DSC Arminia Bielefeld,2076,3. Liga,3.0,21,Germany,65,66,65,63,39433.0,SchücoArena,10030,1,10.0,,16000000.0,25.55,22.88,192663.0,259453.0,235288.0,259453.0,239703.0,192663.0,259453.0,234901.0,Pressure on heavy touch,41.0,61.0,,,,,,Fast build up,Forward runs,41.0,5.0,3.0,3.0,,,,,,,,
160,/team/160/vfl-bochum-1848/240002,24,2,2023-09-22,VfL Bochum 1848,19,Bundesliga,1.0,21,Germany,73,74,73,73,526236.0,Vonovia Ruhrstadion,34,1,2.0,,66300000.0,30.27,26.7,199288.0,204497.0,204497.0,204497.0,204497.0,206606.0,204497.0,204497.0,Press after possession loss,51.0,61.0,,,,,,Long ball,Direct passing,81.0,3.0,3.0,3.0,,,,,,,,
165,/team/165/spvgg-greuther-furth/240002,24,2,2023-09-22,SpVgg Greuther Fürth,20,2. Bundesliga,2.0,21,Germany,68,67,68,67,524311.0,Sportpark Ronhof Thomas Sommer,171,1,6.0,,28600000.0,24.36,23.59,209504.0,212192.0,212192.0,212192.0,209504.0,209504.0,212192.0,212192.0,Pressure on heavy touch,61.0,81.0,,,,,,Balanced,Balanced,51.0,6.0,3.0,3.0,,,,,,,,
166,/team/166/hertha-bsc/240002,24,2,2023-09-22,Hertha BSC,20,2. Bundesliga,2.0,21,Germany,71,70,70,72,29582.0,Olympiastadion,1831,3,10.0,,260500000.0,24.64,24.07,204776.0,206463.0,206463.0,259522.0,206463.0,212002.0,206463.0,206463.0,Balanced,51.0,61.0,,,,,,Long ball,Direct passing,61.0,4.0,3.0,3.0,,,,,,,,
169,/team/169/fsv-mainz-05/240002,24,2,2023-09-22,FSV Mainz 05,19,Bundesliga,1.0,21,Germany,75,77,75,74,29535.0,Opel Arena,1824,2,4.0,,129000000.0,27.18,25.19,224251.0,215556.0,215556.0,215556.0,215556.0,219733.0,215556.0,215556.0,Press after possession loss,51.0,61.0,,,,,,Long ball,Direct passing,61.0,4.0,3.0,3.0,,,,,,,,
171,/team/171/nurnberg/240002,24,2,2023-09-22,Nürnberg,20,2. Bundesliga,2.0,21,Germany,69,65,67,67,29842.0,Max-Morlock-Stadion,165,1,7.0,,56400000.0,24.91,25.37,208730.0,202087.0,202087.0,202087.0,202087.0,275328.0,245020.0,202087.0,Balanced,51.0,61.0,,,,,,Balanced,Balanced,51.0,4.0,3.0,3.0,,,,,,,,
172,/team/172/unterhaching/240002,24,2,2023-09-22,Unterhaching,2076,3. Liga,3.0,21,Germany,62,63,61,63,30996.0,Town Park,33,1,3.0,,3800000.0,27.82,23.79,238964.0,234283.0,211893.0,234283.0,234283.0,257144.0,211893.0,211893.0,Balanced,51.0,51.0,,,,,,Slow build up,Possession,61.0,4.0,3.0,3.0,,,,,,,,
175,/team/175/vfl-wolfsburg/240002,24,2,2023-09-22,VfL Wolfsburg,19,Bundesliga,1.0,21,Germany,77,76,78,75,524537.0,Volkswagen Arena,485,5,6.0,,349100000.0,25.36,23.61,206511.0,206511.0,206511.0,206511.0,206511.0,206511.0,206511.0,206511.0,Press after possession loss,71.0,51.0,,,,,,Slow build up,Possession,61.0,6.0,3.0,3.0,,,,,,,,
180,/team/180/dundee/240002,24,2,2023-09-22,Dundee,50,Premiership,1.0,42,Scotland,62,60,62,62,37699018.0,Court Lane,100804,1,2.0,,3800000.0,25.45,24.88,215277.0,262361.0,262361.0,262361.0,262361.0,262361.0,262525.0,262525.0,Balanced,51.0,41.0,,,,,,Long ball,Direct passing,61.0,3.0,3.0,3.0,,,,,,,,
189,/team/189/bologna/240002,24,2,2023-09-22,Bologna,31,Serie A,1.0,27,Italy,74,73,76,73,95726.0,Euro Arena,110374,2,4.0,,130000000.0,25.27,24.22,233556.0,242280.0,242280.0,242280.0,242280.0,233556.0,233556.0,233556.0,Balanced,61.0,61.0,,,,,,Slow build up,Possession,61.0,7.0,3.0,3.0,,,,,,,,
190,/team/190/brescia/240002,24,2,2023-09-22,Brescia,32,Serie B,2.0,27,Italy,68,67,67,68,128192.0,Euro Park,39,1,7.0,,30000000.0,25.82,24.44,202489.0,202489.0,202489.0,202489.0,202489.0,264402.0,202489.0,202489.0,Balanced,51.0,51.0,,,,,,Slow build up,Possession,51.0,5.0,3.0,3.0,,,,,,,,
191,/team/191/salzburg/240002,24,2,2023-09-22,Salzburg,80,Bundesliga,1.0,4,Austria,73,69,73,73,1854915.0,Waldstadion (Fussballstadion),254,6,10.0,,240000000.0,21.18,21.46,257345.0,274445.0,246402.0,274445.0,274445.0,274445.0,257345.0,260876.0,Press after possession loss,51.0,71.0,,,,,,Fast build up,Forward runs,61.0,5.0,3.0,3.0,,,,,,,,
205,/team/205/venezia/240002,24,2,2023-09-22,Venezia,32,Serie B,2.0,27,Italy,69,70,68,69,127811.0,Town Park,206,1,7.0,,43000000.0,25.64,25.37,209637.0,237502.0,252315.0,237502.0,237502.0,220165.0,252315.0,252315.0,Press after possession loss,61.0,51.0,,,,,,Slow build up,Possession,61.0,5.0,3.0,3.0,,,,,,,,
206,/team/206/hellas-verona/240002,24,2,2023-09-22,Hellas Verona,31,Serie A,1.0,27,Italy,74,71,74,74,455848.0,Sanderson Park (FIFA 13 NEW generic),48,1,3.0,,89000000.0,25.55,25.32,213404.0,222148.0,222148.0,246457.0,222148.0,222148.0,213404.0,222148.0,Pressure on heavy touch,51.0,61.0,,,,,,Long ball,Direct passing,61.0,4.0,3.0,3.0,,,,,,,,
209,/team/209/sturm-graz/240002,24,2,2023-09-22,Sturm Graz,80,Bundesliga,1.0,4,Austria,70,69,71,70,1452203.0,Stadion Neder,254,4,7.0,,62000000.0,24.55,22.75,190589.0,259101.0,259101.0,259101.0,259101.0,257340.0,259101.0,259101.0,Press after possession loss,71.0,71.0,,,,,,Fast build up,Forward runs,61.0,3.0,3.0,3.0,,,,,,,,
210,/team/210/caen/240002,24,2,2023-09-22,Caen,17,Ligue 2,2.0,18,France,68,68,67,69,524286.0,Stade Municipal,1738,1,6.0,,34000000.0,28.09,25.0,184190.0,199419.0,199419.0,199419.0,199419.0,223510.0,199419.0,199419.0,Balanced,41.0,51.0,,,,,,Fast build up,Forward runs,61.0,3.0,3.0,3.0,,,,,,,,
211,/team/211/dinamo-zagreb/240002,24,2,2023-09-22,Dinamo Zagreb,317,1. HNL,1.0,10,Croatia,71,70,72,71,74546.0,Euro Arena,263,5,10.0,,98000000.0,25.18,24.61,215455.0,231007.0,231007.0,231007.0,231007.0,215455.0,261143.0,261143.0,Balanced,51.0,51.0,,,,,,Balanced,Balanced,61.0,5.0,3.0,3.0,,,,,,,,
217,/team/217/lorient/240002,24,2,2023-09-22,Lorient,16,Ligue 1,1.0,18,France,73,73,73,73,529482.0,Molton Road (Sheldon Stadium),74,1,3.0,,100000000.0,25.91,24.17,213367.0,242577.0,242577.0,242577.0,242577.0,261084.0,213367.0,242577.0,Balanced,61.0,51.0,,,,,,Balanced,Balanced,61.0,5.0,3.0,3.0,,,,,,,,
219,/team/219/olympique-de-marseille/240002,24,2,2023-09-22,Olympique de Marseille,16,Ligue 1,1.0,18,France,78,77,78,78,33525.0,Orange Vélodrome,73,6,8.0,,458000000.0,27.55,24.88,219581.0,188567.0,239093.0,188567.0,188567.0,188567.0,239093.0,239093.0,Balanced,41.0,41.0,,,,,,Long ball,Direct passing,61.0,3.0,3.0,3.0,,,,,,,,
229,/team/229/anderlecht/240002,24,2,2023-09-22,Anderlecht,4,Jupiler Pro League,1.0,7,Belgium,74,72,75,71,37637489.0,Stade Municipal,232,5,9.0,,120000000.0,25.91,24.75,172871.0,236918.0,172871.0,236918.0,236918.0,228687.0,236918.0,236918.0,Pressure on heavy touch,61.0,71.0,,,,,,Balanced,Balanced,61.0,6.0,3.0,3.0,,,,,,,,
230,/team/230/antwerp/240002,24,2,2023-09-22,Antwerp,4,Jupiler Pro League,1.0,7,Belgium,73,76,72,73,24381.0,Forest Park Stadium (Square Ground),231,5,9.0,,120000000.0,25.45,23.69,184087.0,226537.0,243249.0,226537.0,243249.0,226537.0,225653.0,243249.0,Balanced,51.0,51.0,,,,,,Balanced,Balanced,51.0,3.0,3.0,3.0,,,,,,,,
231,/team/231/club-brugge/240002,24,2,2023-09-22,Club Brugge,4,Jupiler Pro League,1.0,7,Belgium,74,72,74,72,37337215.0,Waldstadion (Fussballstadion),229,5,10.0,,184000000.0,24.27,23.93,200155.0,200155.0,251479.0,200155.0,240017.0,200155.0,240017.0,240017.0,Pressure on heavy touch,41.0,61.0,,,,,,Balanced,Balanced,61.0,4.0,3.0,3.0,,,,,,,,
232,/team/232/standard-liege/240002,24,2,2023-09-22,Standard Liège,4,Jupiler Pro League,1.0,7,Belgium,70,69,68,68,121.0,Waldstadion (Fussballstadion),229,5,8.0,,82000000.0,22.91,23.64,241103.0,268630.0,239589.0,268630.0,268630.0,241103.0,268630.0,268630.0,Pressure on heavy touch,51.0,51.0,,,,,,Balanced,Balanced,51.0,4.0,3.0,3.0,,,,,,,,
234,/team/234/benfica/240002,24,2,2023-09-22,Benfica,308,Liga Portugal,1.0,38,Portugal,79,80,81,77,883017.0,Estádio da Luz,236,6,10.0,,320000000.0,26.09,24.68,192366.0,183898.0,243245.0,243245.0,183898.0,183898.0,243245.0,183898.0,Press after possession loss,51.0,71.0,,,,,,Balanced,Balanced,61.0,4.0,3.0,3.0,,,,,,,,
236,/team/236/porto/240002,24,2,2023-09-22,Porto,308,Liga Portugal,1.0,38,Portugal,78,78,78,77,523928.0,Estádio do Dragão,234,7,10.0,,240000000.0,28.27,25.37,120533.0,216466.0,216466.0,216466.0,216466.0,241788.0,257290.0,216466.0,Press after possession loss,51.0,61.0,,,,,,Balanced,Balanced,71.0,6.0,3.0,3.0,,,,,,,,
237,/team/237/sporting-cp/240002,24,2,2023-09-22,Sporting CP,308,Liga Portugal,1.0,38,Portugal,77,78,77,78,158158.0,Waldstadion (Fussballstadion),234,4,9.0,,220000000.0,26.55,24.21,197655.0,240950.0,227890.0,240950.0,227890.0,240950.0,240950.0,227890.0,Pressure on heavy touch,51.0,51.0,,,,,,Fast build up,Forward runs,61.0,4.0,3.0,3.0,,,,,,,,
240,/team/240/atletico-madrid/240002,24,2,2023-09-22,Atlético Madrid,53,La Liga,1.0,45,Spain,83,85,82,81,452946.0,Wanda Metropolitano,243,9,9.0,,1200000000.0,29.73,26.3,193747.0,194765.0,193747.0,194765.0,194765.0,194765.0,194765.0,194765.0,Pressure on heavy touch,61.0,61.0,,,,,,Balanced,Balanced,51.0,3.0,3.0,3.0,,,,,,,,
241,/team/241/fc-barcelona/240002,24,2,2023-09-22,FC Barcelona,53,La Liga,1.0,45,Spain,84,84,84,83,184942.0,El Libertador (La Bombastico),243,10,10.0,,4300000000.0,27.0,23.94,192448.0,188545.0,186942.0,188545.0,233419.0,188545.0,228702.0,233419.0,Balanced,61.0,81.0,,,,,,Slow build up,Possession,51.0,7.0,3.0,3.0,,,,,,,,
243,/team/243/real-madrid/240002,24,2,2023-09-22,Real Madrid,53,La Liga,1.0,45,Spain,85,85,85,83,455800.0,Estadio Santiago Bernabéu,241,10,10.0,,4800000000.0,25.91,24.52,204963.0,197445.0,197445.0,239053.0,197445.0,243812.0,239053.0,239053.0,Balanced,51.0,71.0,,,,,,Balanced,Balanced,51.0,6.0,3.0,3.0,,,,,,,,
244,/team/244/real-zaragoza/240002,24,2,2023-09-22,Real Zaragoza,54,La Liga 2,2.0,45,Spain,70,70,70,70,460096.0,El Libertador (La Bombastico),110839,2,7.0,,7000000.0,27.09,24.48,188938.0,241588.0,256341.0,241588.0,256341.0,230623.0,241588.0,241588.0,Pressure on heavy touch,61.0,51.0,,,,,,Slow build up,Possession,61.0,6.0,3.0,3.0,,,,,,,,
245,/team/245/ajax/240002,24,2,2023-09-22,Ajax,10,Eredivisie,1.0,34,Netherlands,75,77,74,73,458500.0,Johan Cruijff ArenA,246,7,10.0,,432000000.0,22.64,22.38,225953.0,229158.0,229158.0,229158.0,229158.0,200260.0,225953.0,229158.0,Balanced,61.0,81.0,,,,,,Slow build up,Possession,71.0,7.0,3.0,3.0,,,,,,,,
246,/team/246/feyenoord/240002,24,2,2023-09-22,Feyenoord,10,Eredivisie,1.0,34,Netherlands,76,76,74,77,23180.0,Eastpoint Arena (Football Ground),245,6,8.0,,262900000.0,23.82,23.03,199813.0,236593.0,236593.0,271400.0,236593.0,245152.0,271400.0,236593.0,Press after possession loss,61.0,61.0,,,,,,Balanced,Balanced,61.0,5.0,3.0,3.0,,,,,,,,
247,/team/247/psv/240002,24,2,2023-09-22,PSV,10,Eredivisie,1.0,34,Netherlands,76,78,74,75,455958.0,Philips Stadion,245,5,9.0,,281800000.0,26.18,24.0,189805.0,253109.0,253109.0,253109.0,186190.0,189805.0,253109.0,253109.0,Pressure on heavy touch,51.0,71.0,,,,,,Fast build up,Forward runs,51.0,8.0,3.0,3.0,,,,,,,,
252,/team/252/lask-linz/240002,24,2,2023-09-22,LASK Linz,80,Bundesliga,1.0,4,Austria,69,69,70,69,12789649.0,Stadion Neder,110720,5,9.0,,37500000.0,25.91,25.64,221944.0,201290.0,221944.0,201290.0,201290.0,201290.0,201290.0,201290.0,Press after possession loss,41.0,61.0,,,,,,Fast build up,Forward runs,61.0,6.0,3.0,3.0,,,,,,,,
254,/team/254/rapid-wien/240002,24,2,2023-09-22,Rapid Wien,80,Bundesliga,1.0,4,Austria,68,73,67,68,460566.0,Stadion Europa (Generic Europe 2),256,5,8.0,,56000000.0,24.91,24.25,193584.0,256548.0,256548.0,256548.0,256548.0,193584.0,244795.0,244795.0,Press after possession loss,71.0,51.0,,,,,,Slow build up,Possession,61.0,5.0,3.0,3.0,,,,,,,,
256,/team/256/austria-wien/240002,24,2,2023-09-22,Austria Wien,80,Bundesliga,1.0,4,Austria,68,63,68,67,37666625.0,Stade Municipal,254,5,6.0,,42000000.0,25.36,24.25,244941.0,242815.0,242815.0,242815.0,242815.0,242815.0,242815.0,242815.0,Balanced,61.0,51.0,,,,,,Fast build up,Forward runs,61.0,4.0,3.0,3.0,,,,,,,,
260,/team/260/tenerife/240002,24,2,2023-09-22,Tenerife,54,La Liga 2,2.0,45,Spain,70,72,70,70,456258.0,Stadio Classico,472,1,8.0,,7000000.0,27.45,26.3,243993.0,277069.0,246169.0,231414.0,277069.0,243993.0,246169.0,246169.0,Pressure on heavy touch,71.0,61.0,,,,,,Balanced,Balanced,71.0,3.0,3.0,3.0,,,,,,,,
263,/team/263/hajduk-split/240002,24,2,2023-09-22,Hajduk Split,317,1. HNL,1.0,10,Croatia,71,77,70,70,60303.0,Stadion Hanguk,211,3,9.0,,45000000.0,25.73,24.85,205855.0,205855.0,230988.0,205855.0,205855.0,205855.0,230988.0,230988.0,Balanced,51.0,61.0,,,,,,Fast build up,Forward runs,51.0,3.0,3.0,3.0,,,,,,,,
266,/team/266/slavia-praha/240002,24,2,2023-09-22,Slavia Praha,319,Fortuna Liga,1.0,12,Czech Republic,73,71,74,74,455705.0,Stade Municipal,267,6,10.0,,70000000.0,26.73,25.74,251116.0,254909.0,264330.0,264330.0,254909.0,269510.0,264330.0,264330.0,Press after possession loss,51.0,61.0,,,,,,Balanced,Balanced,71.0,5.0,3.0,3.0,,,,,,,,
267,/team/267/sparta-praha/240002,24,2,2023-09-22,Sparta Praha,319,Fortuna Liga,1.0,12,Czech Republic,73,73,73,74,34455285.0,Waldstadion (Fussballstadion),266,4,9.0,,60000000.0,25.45,24.73,252064.0,227562.0,227562.0,227562.0,227562.0,257536.0,227562.0,227562.0,Pressure on heavy touch,61.0,61.0,,,,,,Balanced,Balanced,61.0,5.0,3.0,3.0,,,,,,,,
269,/team/269/brondby/240002,24,2,2023-09-22,Brøndby,1,Superliga,1.0,13,Denmark,69,71,71,68,459118.0,Waldstadion (Fussballstadion),819,2,8.0,,28500000.0,26.36,25.08,215684.0,172522.0,172522.0,172522.0,172522.0,172522.0,172522.0,172522.0,Press after possession loss,51.0,51.0,,,,,,Balanced,Balanced,51.0,3.0,3.0,3.0,,,,,,,,
270,/team/270/silkeborg/240002,24,2,2023-09-22,Silkeborg,1,Superliga,1.0,13,Denmark,66,65,66,65,457779.0,Court Lane,1516,1,3.0,,10000000.0,24.0,23.0,200209.0,243666.0,231233.0,243666.0,243666.0,271320.0,257259.0,257259.0,Balanced,51.0,61.0,,,,,,Fast build up,Forward runs,61.0,4.0,3.0,3.0,,,,,,,,
271,/team/271/agf/240002,24,2,2023-09-22,AGF,1,Superliga,1.0,13,Denmark,70,71,68,69,524374.0,Euro Arena,269,1,7.0,,12700000.0,26.36,24.11,191083.0,236883.0,225931.0,236883.0,236883.0,191083.0,225931.0,225931.0,Press after possession loss,51.0,51.0,,,,,,Fast build up,Forward runs,61.0,4.0,3.0,3.0,,,,,,,,
272,/team/272/ob/240002,24,2,2023-09-22,OB,1,Superliga,1.0,13,Denmark,65,65,66,65,465296.0,Court Lane,271,1,5.0,,8900000.0,25.09,23.64,184040.0,201304.0,201304.0,201304.0,201304.0,201304.0,201304.0,201304.0,Balanced,71.0,51.0,,,,,,Fast build up,Forward runs,71.0,3.0,3.0,3.0,,,,,,,,
278,/team/278/aek-athens/240002,24,2,2023-09-22,AEK Athens,63,Super League,1.0,22,Greece,75,76,75,74,6642560.0,Waldstadion (Fussballstadion),1884,5,9.0,,65000000.0,28.91,28.07,223779.0,230564.0,194354.0,230564.0,229153.0,229153.0,230564.0,230564.0,Press after possession loss,51.0,61.0,,,,,,Slow build up,Possession,51.0,4.0,3.0,3.0,,,,,,,,
294,/team/294/troyes/240002,24,2,2023-09-22,Troyes,17,Ligue 2,2.0,18,France,68,67,68,67,1631.0,Stadion Neder,379,1,8.0,,65000000.0,23.09,22.59,193683.0,193683.0,193683.0,193683.0,193683.0,201073.0,270886.0,193683.0,Balanced,41.0,51.0,,,,,,Balanced,Balanced,61.0,5.0,3.0,3.0,,,,,,,,
298,/team/298/rosenborg/240002,24,2,2023-09-22,Rosenborg,41,Eliteserien,1.0,36,Norway,67,66,67,66,456524.0,Forest Park Stadium (Square Ground),417,3,9.0,,20500000.0,24.73,24.17,230836.0,241726.0,241726.0,244724.0,241726.0,260567.0,244724.0,241726.0,Balanced,61.0,71.0,,,,,,Balanced,Balanced,71.0,4.0,3.0,3.0,,,,,,,,
299,/team/299/lillestrom/240002,24,2,2023-09-22,Lillestrøm,41,Eliteserien,1.0,36,Norway,65,63,67,65,149978.0,Crown Lane,920,2,6.0,,11500000.0,26.0,23.88,197954.0,197954.0,197954.0,197954.0,197954.0,197954.0,246389.0,246389.0,Balanced,61.0,51.0,,,,,,Balanced,Balanced,61.0,4.0,3.0,3.0,,,,,,,,
300,/team/300/viking/240002,24,2,2023-09-22,Viking,41,Eliteserien,1.0,36,Norway,67,69,65,66,153005.0,Molton Road (Sheldon Stadium),1463,1,6.0,,10200000.0,24.73,24.11,205214.0,205214.0,205214.0,205214.0,205214.0,205214.0,205214.0,205214.0,Press after possession loss,51.0,51.0,,,,,,Fast build up,Forward runs,61.0,4.0,3.0,3.0,,,,,,,,
301,/team/301/widzew-lodz/240002,24,2,2023-09-22,Widzew Lodz,66,Ekstraklasa,1.0,37,Poland,64,65,65,63,37556790.0,Stadion Neder,1871,2,3.0,,3500000.0,26.91,25.24,211667.0,201114.0,204111.0,201114.0,201114.0,243972.0,201114.0,201114.0,Balanced,71.0,51.0,,,,,,Balanced,Balanced,71.0,3.0,3.0,3.0,,,,,,,,
305,/team/305/bohemians/240002,24,2,2023-09-22,Bohemians,65,Premier Division,1.0,25,Republic of Ireland,60,61,60,60,30850931.0,Town Park,306,1,7.0,,985000.0,26.0,23.73,202881.0,227288.0,227288.0,212106.0,227288.0,227288.0,227288.0,227288.0,Balanced,41.0,51.0,,,,,,Balanced,Balanced,61.0,3.0,3.0,3.0,,,,,,,,
306,/team/306/shamrock-rovers/240002,24,2,2023-09-22,Shamrock Rovers,65,Premier Division,1.0,25,Republic of Ireland,63,64,61,63,120775.0,Town Park,305,2,10.0,,1200000.0,26.64,26.61,202014.0,218744.0,218744.0,218744.0,218744.0,218744.0,218744.0,247001.0,Balanced,61.0,71.0,,,,,,Slow build up,Possession,71.0,5.0,3.0,3.0,,,,,,,,
308,/team/308/universitatea-craiova/240002,24,2,2023-09-22,Universitatea Craiova,330,Liga 1,1.0,39,Romania,67,68,68,65,460024.0,Sanderson Park (FIFA 13 NEW generic),115716,3,9.0,,7000000.0,25.27,24.67,231726.0,229804.0,243000.0,231726.0,229804.0,231726.0,243000.0,243000.0,Balanced,61.0,51.0,,,,,,Fast build up,Forward runs,61.0,4.0,3.0,3.0,,,,,,,,
310,/team/310/rapid-bucuresti/240002,24,2,2023-09-22,Rapid Bucuresti,330,Liga 1,1.0,39,Romania,66,67,65,66,25567014.0,Molton Road (Sheldon Stadium),100761,3,7.0,,5000000.0,25.91,25.32,156221.0,156221.0,156221.0,156221.0,248049.0,156221.0,248049.0,248049.0,Balanced,51.0,41.0,,,,,,Fast build up,Forward runs,61.0,4.0,3.0,3.0,,,,,,,,
319,/team/319/ifk-goteborg/240002,24,2,2023-09-22,IFK Göteborg,56,Allsvenskan,1.0,46,Sweden,66,68,63,66,16845924.0,Stadion Neder,320,1,7.0,,14100000.0,28.18,25.16,176733.0,144429.0,144429.0,243788.0,144429.0,176733.0,243788.0,144429.0,Balanced,51.0,51.0,,,,,,Long ball,Direct passing,61.0,7.0,3.0,3.0,,,,,,,,
320,/team/320/malmo-ff/240002,24,2,2023-09-22,Malmö FF,56,Allsvenskan,1.0,46,Sweden,70,71,70,70,37646925.0,Stade Municipal,319,4,10.0,,57500000.0,26.82,26.96,194201.0,273694.0,273694.0,256782.0,273694.0,205985.0,236259.0,273694.0,Press after possession loss,51.0,61.0,,,,,,Slow build up,Possession,31.0,8.0,3.0,3.0,,,,,,,,
321,/team/321/halmstad/240002,24,2,2023-09-22,Halmstad,56,Allsvenskan,1.0,46,Sweden,63,62,61,64,452677.0,Town Park,113743,1,3.0,,3200000.0,27.64,25.16,23823.0,261298.0,239278.0,239278.0,261298.0,273591.0,239278.0,259993.0,Balanced,41.0,41.0,,,,,,Slow build up,Possession,41.0,3.0,3.0,3.0,,,,,,,,
322,/team/322/grasshopper/240002,24,2,2023-09-22,Grasshopper,189,Super League,1.0,47,Switzerland,65,64,65,65,3960.0,Euro Arena,894,4,8.0,,21000000.0,24.0,23.46,199282.0,258758.0,258758.0,258758.0,258758.0,240544.0,240544.0,240544.0,Balanced,71.0,51.0,,,,,,Fast build up,Forward runs,61.0,3.0,3.0,3.0,,,,,,,,
324,/team/324/servette/240002,24,2,2023-09-22,Servette,189,Super League,1.0,47,Switzerland,68,69,70,67,896511.0,Stadion Neder,1862,3,5.0,,26300000.0,28.09,25.54,224821.0,206254.0,206254.0,206254.0,206254.0,206254.0,206254.0,244399.0,Balanced,51.0,41.0,,,,,,Fast build up,Forward runs,81.0,4.0,3.0,3.0,,,,,,,,
325,/team/325/galatasaray/240002,24,2,2023-09-22,Galatasaray,68,Super Lig,1.0,48,Turkey,78,80,79,78,199988.0,Sanderson Park (FIFA 13 NEW generic),326,7,10.0,,195000000.0,28.36,26.22,182494.0,220651.0,211748.0,175943.0,220651.0,201399.0,175943.0,211748.0,Pressure on heavy touch,51.0,61.0,,,,,,Fast build up,Forward runs,61.0,6.0,3.0,3.0,,,,,,,,
326,/team/326/fenerbahce/240002,24,2,2023-09-22,Fenerbahçe,68,Super Lig,1.0,48,Turkey,77,78,76,74,2823348.0,Waldstadion (Fussballstadion),325,6,9.0,,178000000.0,27.45,26.87,180930.0,199434.0,199434.0,199434.0,199434.0,199434.0,199434.0,199434.0,Pressure on heavy touch,51.0,61.0,,,,,,Fast build up,Forward runs,61.0,4.0,3.0,3.0,,,,,,,,
327,/team/327/besiktas/240002,24,2,2023-09-22,Beşiktaş,68,Super Lig,1.0,48,Turkey,75,75,76,75,455836.0,Waldstadion (Fussballstadion),326,6,8.0,,126000000.0,27.91,26.62,190113.0,212491.0,212491.0,234568.0,212491.0,199069.0,212491.0,234568.0,Press after possession loss,51.0,71.0,,,,,,Slow build up,Possession,71.0,6.0,3.0,3.0,,,,,,,,
347,/team/347/lecce/240002,24,2,2023-09-22,Lecce,31,Serie A,1.0,27,Italy,72,74,68,72,131252.0,Stadio Classico,1848,1,2.0,,55000000.0,25.18,22.91,235949.0,235949.0,243787.0,235949.0,235949.0,235949.0,235949.0,235949.0,Pressure on heavy touch,51.0,51.0,,,,,,Fast build up,Forward runs,71.0,3.0,3.0,3.0,,,,,,,,
357,/team/357/morecambe/240002,24,2,2023-09-22,Morecambe,61,League Two,4.0,14,England,60,57,60,61,524027.0,Town Park,110313,1,2.0,,2700000.0,23.45,24.26,213686.0,271675.0,265658.0,265658.0,271675.0,273619.0,213686.0,271675.0,Balanced,41.0,37.0,,,,,,Long ball,Direct passing,51.0,3.0,3.0,3.0,,,,,,,,
361,/team/361/stevenage/240002,24,2,2023-09-22,Stevenage,60,League One,3.0,14,England,63,62,64,64,524208.0,Town Park,1923,1,2.0,,3200000.0,26.64,25.07,200731.0,225310.0,225310.0,225310.0,206558.0,205255.0,209315.0,206558.0,Pressure on heavy touch,51.0,61.0,,,,,,Long ball,Direct passing,61.0,3.0,3.0,3.0,,,,,,,,
378,/team/378/brest/240002,24,2,2023-09-22,Brest,16,Ligue 1,1.0,18,France,72,72,73,72,95212.0,Crown Lane,62,1,2.0,,92000000.0,27.0,25.35,215410.0,231612.0,231612.0,231612.0,231612.0,231612.0,231612.0,231612.0,Balanced,61.0,51.0,,,,,,Slow build up,Possession,71.0,7.0,3.0,3.0,,,,,,,,
379,/team/379/stade-de-reims/240002,24,2,2023-09-22,Stade de Reims,16,Ligue 1,1.0,18,France,73,69,75,72,5961878.0,Stade Municipal,294,1,4.0,,120000000.0,25.73,23.81,206493.0,232905.0,232905.0,232905.0,232905.0,244309.0,232905.0,232905.0,Pressure on heavy touch,61.0,51.0,,,,,,Fast build up,Forward runs,71.0,3.0,3.0,3.0,,,,,,,,
381,/team/381/barrow/240002,24,2,2023-09-22,Barrow,61,League Two,4.0,14,England,62,61,61,61,28184231.0,_Longville Stadium,357,1,5.0,,2200000.0,26.91,25.89,187154.0,179636.0,179636.0,179636.0,179636.0,,179636.0,179636.0,Balanced,51.0,61.0,,,,,,Fast build up,Forward runs,71.0,3.0,3.0,3.0,,,,,,,,
383,/team/383/palmeiras/240002,24,2,2023-09-22,Palmeiras,7,Serie A,1.0,54,Brazil,76,78,77,74,2511092.0,Estadio de las Artes (Generic Stadium NG),598,6,8.0,,111000000.0,29.91,29.6,230481.0,230481.0,230481.0,230481.0,230481.0,230440.0,230481.0,230481.0,Pressure on heavy touch,41.0,71.0,,,,,,Balanced,Balanced,61.0,6.0,3.0,3.0,,,,,,,,
393,/team/393/paok/240002,24,2,2023-09-22,PAOK,63,Super League,1.0,22,Greece,72,72,73,70,458545.0,Stadio Classico,278,4,9.0,,80000000.0,26.73,26.79,204688.0,220746.0,220746.0,220746.0,220746.0,204688.0,220746.0,220746.0,Pressure on heavy touch,51.0,61.0,,,,,,Slow build up,Possession,61.0,6.0,3.0,3.0,,,,,,,,
417,/team/417/molde/240002,24,2,2023-09-22,Molde,41,Eliteserien,1.0,36,Norway,68,69,68,68,32396043.0,Stadion Neder,298,3,9.0,,21000000.0,27.73,25.28,153048.0,153048.0,153048.0,153048.0,153048.0,153048.0,153048.0,153048.0,Balanced,41.0,41.0,,,,,,Balanced,Balanced,61.0,5.0,3.0,3.0,,,,,,,,
418,/team/418/tromso/240002,24,2,2023-09-22,Tromsø,41,Eliteserien,1.0,36,Norway,63,61,64,62,469995.0,Town Park,918,1,4.0,,3900000.0,27.09,24.5,177279.0,245332.0,245332.0,245332.0,245332.0,245332.0,245332.0,245332.0,Pressure on heavy touch,61.0,61.0,,,,,,Slow build up,Possession,61.0,6.0,3.0,3.0,,,,,,,,
420,/team/420/gornik-zabrze/240002,24,2,2023-09-22,Górnik Zabrze,66,Ekstraklasa,1.0,37,Poland,65,63,65,65,586852.0,Waldstadion (Fussballstadion),1871,2,6.0,,5900000.0,27.91,25.35,150516.0,150516.0,150516.0,150516.0,150516.0,150516.0,276877.0,276877.0,Balanced,51.0,51.0,,,,,,Fast build up,Forward runs,61.0,4.0,3.0,3.0,,,,,,,,
422,/team/422/cork-city/240002,24,2,2023-09-22,Cork City,65,Premier Division,1.0,25,Republic of Ireland,57,58,58,56,2615.0,Town Park,834,2,5.0,,930000.0,23.82,22.57,231006.0,231006.0,231006.0,231006.0,231006.0,221810.0,231006.0,231006.0,Balanced,61.0,51.0,,,,,,Balanced,Balanced,61.0,4.0,3.0,3.0,,,,,,,,
423,/team/423/st-patricks/240002,24,2,2023-09-22,St Patrick's,65,Premier Division,1.0,25,Republic of Ireland,61,60,61,60,121795.0,Town Park,306,1,7.0,,977000.0,23.82,22.78,246079.0,202819.0,202819.0,202819.0,202819.0,202819.0,229249.0,229249.0,Balanced,51.0,51.0,,,,,,Fast build up,Forward runs,71.0,4.0,3.0,3.0,,,,,,,,
433,/team/433/aik/240002,24,2,2023-09-22,AIK,56,Allsvenskan,1.0,46,Sweden,67,65,64,67,184993.0,Waldstadion (Fussballstadion),710,2,9.0,,25300000.0,26.91,25.78,202605.0,219951.0,219951.0,219951.0,219951.0,219951.0,219951.0,219951.0,Balanced,51.0,51.0,,,,,,Balanced,Balanced,61.0,4.0,3.0,3.0,,,,,,,,
436,/team/436/trabzonspor/240002,24,2,2023-09-22,Trabzonspor,68,Super Lig,1.0,48,Turkey,74,73,75,71,463191.0,Sanderson Park (FIFA 13 NEW generic),326,5,7.0,,38000000.0,27.73,25.63,226300.0,208250.0,208250.0,208250.0,208250.0,205678.0,208250.0,208250.0,Balanced,61.0,51.0,,,,,,Slow build up,Possession,61.0,6.0,3.0,3.0,,,,,,,,
445,/team/445/derry-city/240002,24,2,2023-09-22,Derry City,65,Premier Division,1.0,35,Northern Ireland,62,60,62,61,978850.0,Town Park,563,1,9.0,,990000.0,24.82,24.39,236465.0,229718.0,229718.0,229718.0,229718.0,263490.0,229718.0,229718.0,Balanced,51.0,51.0,,,,,,Balanced,Balanced,61.0,3.0,3.0,3.0,,,,,,,,
448,/team/448/athletic-club/240002,24,2,2023-09-22,Athletic Club,53,La Liga,1.0,45,Spain,79,77,79,77,470943.0,Estadio San Mamés,457,5,7.0,,250000000.0,27.55,26.22,189575.0,256516.0,256516.0,256516.0,256516.0,146947.0,256516.0,256516.0,Press after possession loss,51.0,61.0,,,,,,Fast build up,Forward runs,71.0,5.0,3.0,3.0,,,,,,,,
449,/team/449/real-betis/240002,24,2,2023-09-22,Real Betis,53,La Liga,1.0,45,Spain,79,83,79,77,523898.0,Estadio Benito Villamarín,481,3,6.0,,175000000.0,28.0,25.97,198141.0,216594.0,225659.0,216594.0,216594.0,224179.0,216594.0,216594.0,Press after possession loss,61.0,71.0,,,,,,Slow build up,Possession,61.0,7.0,3.0,3.0,,,,,,,,
450,/team/450/celta-de-vigo/240002,24,2,2023-09-22,Celta de Vigo,53,La Liga,1.0,45,Spain,76,79,76,75,455387.0,Estadio Abanca-Balaídos,110242,4,6.0,,110000000.0,25.82,24.58,192629.0,192629.0,192629.0,192629.0,192629.0,192629.0,192629.0,192629.0,Pressure on heavy touch,71.0,61.0,,,,,,Balanced,Balanced,51.0,3.0,3.0,3.0,,,,,,,,
452,/team/452/espanyol/240002,24,2,2023-09-22,Espanyol,54,La Liga 2,2.0,45,Spain,74,76,74,74,62986.0,RCDE Stadium,241,3,10.0,,55000000.0,27.64,24.7,192816.0,229631.0,229631.0,229631.0,228326.0,193290.0,229631.0,228326.0,Press after possession loss,61.0,51.0,,,,,,Slow build up,Possession,61.0,4.0,3.0,3.0,,,,,,,,
453,/team/453/mallorca/240002,24,2,2023-09-22,Mallorca,53,La Liga,1.0,45,Spain,76,77,77,74,896798.0,Visit Mallorca Estadi,483,1,3.0,,8000000.0,28.91,27.2,198451.0,198451.0,208620.0,198451.0,198451.0,223710.0,208620.0,208620.0,Balanced,51.0,41.0,,,,,,Balanced,Balanced,61.0,3.0,3.0,3.0,,,,,,,,
456,/team/456/racing-santander/240002,24,2,2023-09-22,Racing Santander,54,La Liga 2,2.0,45,Spain,69,67,69,68,9950240.0,Stade Municipal,448,1,5.0,,4400000.0,27.64,24.8,254005.0,228144.0,228144.0,228144.0,228144.0,228144.0,228144.0,228144.0,Balanced,41.0,41.0,,,,,,Fast build up,Forward runs,51.0,3.0,3.0,3.0,,,,,,,,
457,/team/457/real-sociedad/240002,24,2,2023-09-22,Real Sociedad,53,La Liga,1.0,45,Spain,79,79,81,79,530755.0,Reale Arena,448,4,7.0,,150000000.0,26.18,23.61,230142.0,230142.0,230142.0,235944.0,230142.0,230142.0,235944.0,230142.0,Balanced,41.0,51.0,,,,,,Slow build up,Possession,61.0,6.0,3.0,3.0,,,,,,,,
459,/team/459/sporting-gijon/240002,24,2,2023-09-22,Sporting Gijón,54,La Liga 2,2.0,45,Spain,70,69,69,71,36083600.0,Stade Municipal,110827,1,7.0,,17000000.0,26.09,25.13,221430.0,229991.0,229991.0,229991.0,229991.0,221430.0,229991.0,229991.0,Balanced,41.0,41.0,,,,,,Fast build up,Forward runs,61.0,3.0,3.0,3.0,,,,,,,,
461,/team/461/valencia/240002,24,2,2023-09-22,Valencia,53,La Liga,1.0,45,Spain,75,74,74,76,185095.0,Estadio Mestalla,1853,6,7.0,,530000000.0,24.09,23.31,211688.0,230786.0,230786.0,230786.0,230786.0,230786.0,230786.0,230786.0,Balanced,61.0,51.0,,,,,,Balanced,Balanced,61.0,4.0,3.0,3.0,,,,,,,,
462,/team/462/real-valladolid/240002,24,2,2023-09-22,Real Valladolid,54,La Liga 2,2.0,45,Spain,72,71,72,72,186071.0,Estadio José Zorrilla,459,1,9.0,,11000000.0,27.18,24.72,199575.0,241933.0,241933.0,241933.0,241933.0,215639.0,241933.0,241933.0,Pressure on heavy touch,51.0,51.0,,,,,,Fast build up,Forward runs,51.0,5.0,3.0,3.0,,,,,,,,
463,/team/463/deportivo-alaves/240002,24,2,2023-09-22,Deportivo Alavés,53,La Liga,1.0,45,Spain,72,73,73,73,16111977.0,Estadio de Mendizorroza,448,1,2.0,,13000000.0,27.0,24.04,226637.0,224415.0,224415.0,224415.0,224415.0,224415.0,224415.0,224415.0,Balanced,51.0,41.0,,,,,,Long ball,Direct passing,61.0,3.0,3.0,3.0,,,,,,,,
467,/team/467/sd-eibar/240002,24,2,2023-09-22,SD Eibar,54,La Liga 2,2.0,45,Spain,71,71,72,71,185262.0,Municipal de Ipurua,457,1,8.0,,29000000.0,27.18,26.54,199986.0,213937.0,213937.0,199986.0,213937.0,189857.0,213937.0,213937.0,Press after possession loss,51.0,71.0,,,,,,Slow build up,Possession,61.0,7.0,3.0,3.0,,,,,,,,
468,/team/468/elche/240002,24,2,2023-09-22,Elche,54,La Liga 2,2.0,45,Spain,72,73,71,71,453012.0,Estadio Martínez Valero,1853,1,9.0,,5000000.0,28.91,26.92,189172.0,189172.0,189172.0,189172.0,189172.0,189172.0,189172.0,189172.0,Balanced,51.0,51.0,,,,,,Long ball,Direct passing,51.0,3.0,3.0,3.0,,,,,,,,
472,/team/472/las-palmas/240002,24,2,2023-09-22,Las Palmas,53,La Liga,1.0,45,Spain,74,75,75,72,7330518.0,Estadio de Gran Canaria,260,1,2.0,,45000000.0,25.73,25.89,198164.0,198164.0,198164.0,198164.0,198164.0,198164.0,198164.0,198164.0,Press after possession loss,41.0,71.0,,,,,,Slow build up,Possession,61.0,6.0,3.0,3.0,,,,,,,,
479,/team/479/osasuna/240002,24,2,2023-09-22,Osasuna,53,La Liga,1.0,45,Spain,77,77,77,77,456423.0,Estadio El Sadar,448,1,5.0,,15000000.0,28.45,25.94,225341.0,206590.0,206590.0,206590.0,206590.0,228520.0,206590.0,206590.0,Balanced,71.0,71.0,,,,,,Fast build up,Forward runs,61.0,3.0,3.0,3.0,,,,,,,,
480,/team/480/rayo-vallecano/240002,24,2,2023-09-22,Rayo Vallecano,53,La Liga,1.0,45,Spain,76,76,77,77,464975.0,Estadio de Vallecas,100888,1,3.0,,10000000.0,31.27,27.41,173030.0,173030.0,173030.0,173030.0,173030.0,173030.0,173030.0,173030.0,Balanced,61.0,71.0,,,,,,Slow build up,Possession,61.0,7.0,3.0,3.0,,,,,,,,
481,/team/481/sevilla/240002,24,2,2023-09-22,Sevilla,53,La Liga,1.0,45,Spain,80,80,79,82,523931.0,Ramón Sánchez-Pizjuán,449,8,8.0,,540000000.0,31.27,26.64,146536.0,168651.0,168651.0,168651.0,168651.0,168651.0,224334.0,168651.0,Pressure on heavy touch,71.0,71.0,,,,,,Slow build up,Possession,81.0,8.0,3.0,3.0,,,,,,,,
483,/team/483/villarreal/240002,24,2,2023-09-22,Villarreal,53,La Liga,1.0,45,Spain,79,79,80,77,1068543.0,Estadio de la Cerámica,461,7,8.0,,370000000.0,27.55,27.8,157481.0,189513.0,189513.0,189513.0,189513.0,208093.0,189513.0,189513.0,Balanced,61.0,51.0,,,,,,Balanced,Balanced,61.0,5.0,3.0,3.0,,,,,,,,
485,/team/485/hannover-96/240002,24,2,2023-09-22,Hannover 96,20,2. Bundesliga,2.0,21,Germany,70,67,70,70,33182.0,HDI-Arena,110500,1,7.0,,90100000.0,25.82,24.48,186148.0,250941.0,210665.0,210489.0,250941.0,226050.0,250941.0,226167.0,Balanced,41.0,51.0,,,,,,Fast build up,Forward runs,81.0,6.0,3.0,3.0,,,,,,,,
487,/team/487/osnabruck/240002,24,2,2023-09-22,Osnabrück,20,2. Bundesliga,2.0,21,Germany,67,66,68,66,35472.0,Court Lane,531,1,1.0,,8400000.0,26.18,24.93,250993.0,263089.0,263089.0,263089.0,263089.0,250763.0,263089.0,263089.0,Balanced,41.0,61.0,,,,,,Long ball,Direct passing,61.0,7.0,3.0,3.0,,,,,,,,
489,/team/489/farense/240002,24,2,2023-09-22,Farense,308,Liga Portugal,1.0,38,Portugal,69,68,69,67,1452584.0,Court Lane,10031,1,2.0,,5100000.0,28.36,27.31,240316.0,209621.0,216776.0,216776.0,209621.0,240316.0,257266.0,257266.0,Balanced,41.0,51.0,,,,,,Fast build up,Forward runs,61.0,3.0,3.0,3.0,,,,,,,,
492,/team/492/wehen-wiesbaden/240002,24,2,2023-09-22,Wehen Wiesbaden,20,2. Bundesliga,2.0,21,Germany,66,65,64,66,896508.0,Stadion Neder,169,1,1.0,,9000000.0,26.18,24.97,218656.0,269604.0,269604.0,269604.0,269604.0,225545.0,269604.0,269604.0,Pressure on heavy touch,51.0,61.0,,,,,,Balanced,Balanced,51.0,5.0,3.0,3.0,,,,,,,,
503,/team/503/dynamo-dresden/240002,24,2,2023-09-22,Dynamo Dresden,2076,3. Liga,3.0,21,Germany,65,65,66,64,344426.0,Stadion Neder,506,1,9.0,,10300000.0,24.36,23.82,216377.0,234385.0,234385.0,234385.0,234385.0,216377.0,252320.0,257007.0,Balanced,61.0,41.0,,,,,,Long ball,Direct passing,71.0,5.0,3.0,3.0,,,,,,,,
506,/team/506/erzgebirge-aue/240002,24,2,2023-09-22,Erzgebirge Aue,2076,3. Liga,3.0,21,Germany,64,66,64,63,120141.0,Stadion Neder,503,1,8.0,,9300000.0,27.0,24.44,182520.0,216255.0,216255.0,216255.0,216255.0,216255.0,216255.0,216255.0,Pressure on heavy touch,51.0,61.0,,,,,,Fast build up,Forward runs,71.0,6.0,3.0,3.0,,,,,,,,
517,/team/517/botafogo/240002,24,2,2023-09-22,Botafogo,7,Serie A,1.0,54,Brazil,71,71,72,70,21412795.0,O Dromo,567,4,6.0,,22000000.0,29.18,28.8,230397.0,230397.0,230468.0,230468.0,230397.0,230516.0,230417.0,230397.0,Balanced,61.0,51.0,,,,,,Long ball,Direct passing,61.0,4.0,3.0,3.0,,,,,,,,
518,/team/518/chaves/240002,24,2,2023-09-22,Chaves,308,Liga Portugal,1.0,38,Portugal,69,68,69,70,5159.0,Stadion 23. Maj,111539,1,2.0,,5600000.0,26.36,25.32,192528.0,192528.0,192528.0,213557.0,192528.0,192528.0,213557.0,213557.0,Pressure on heavy touch,61.0,61.0,,,,,,Balanced,Balanced,61.0,8.0,3.0,3.0,,,,,,,,
523,/team/523/saarbrucken/240002,24,2,2023-09-22,Saarbrücken,2076,3. Liga,3.0,21,Germany,66,65,66,66,33148.0,Stadion Neder,29,1,8.0,,4700000.0,28.45,25.5,203754.0,224424.0,224424.0,224424.0,224424.0,256282.0,224424.0,224424.0,Balanced,41.0,51.0,,,,,,Long ball,Direct passing,71.0,4.0,3.0,3.0,,,,,,,,
526,/team/526/rot-weiss-essen/240002,24,2,2023-09-22,Rot-Weiss Essen,2076,3. Liga,3.0,21,Germany,64,64,64,64,29839.0,Stadion Neder,1825,1,4.0,,4100000.0,26.09,24.5,170159.0,208096.0,170159.0,208096.0,208096.0,170159.0,208096.0,208096.0,Pressure on heavy touch,51.0,51.0,,,,,,Long ball,Direct passing,61.0,6.0,3.0,3.0,,,,,,,,
531,/team/531/preussen-munster/240002,24,2,2023-09-22,Preußen Münster,2076,3. Liga,3.0,21,Germany,63,64,64,61,1552555.0,Euro Park,159,1,3.0,,4200000.0,28.09,25.64,211742.0,211742.0,211742.0,211742.0,205433.0,209961.0,211742.0,211742.0,Pressure on heavy touch,61.0,61.0,,,,,,Long ball,Direct passing,61.0,3.0,3.0,3.0,,,,,,,,
543,/team/543/jahn-regensburg/240002,24,2,2023-09-22,Jahn Regensburg,2076,3. Liga,3.0,21,Germany,64,63,64,63,459010.0,Molton Road (Sheldon Stadium),111239,1,8.0,,7900000.0,24.73,23.42,213644.0,256634.0,256634.0,256634.0,256634.0,236553.0,213644.0,213644.0,Press after possession loss,61.0,61.0,,,,,,Fast build up,Forward runs,51.0,5.0,3.0,3.0,,,,,,,,
561,/team/561/forest-green-rovers/240002,24,2,2023-09-22,Forest Green Rovers,61,League Two,4.0,14,England,63,62,61,63,37376822.0,Town Park,1936,1,5.0,,2800000.0,25.27,24.21,228226.0,237860.0,237860.0,237860.0,237860.0,229731.0,227961.0,227961.0,Balanced,51.0,37.0,,,,,,Balanced,Balanced,61.0,3.0,3.0,3.0,,,,,,,,
563,/team/563/sligo-rovers/240002,24,2,2023-09-22,Sligo Rovers,65,Premier Division,1.0,25,Republic of Ireland,59,63,58,60,120469.0,Town Park,445,1,6.0,,947000.0,24.36,24.48,182156.0,243596.0,182156.0,243596.0,243596.0,271093.0,243596.0,271093.0,Press after possession loss,41.0,51.0,,,,,,Balanced,Balanced,51.0,5.0,3.0,3.0,,,,,,,,
567,/team/567/fluminense/240002,24,2,2023-09-22,Fluminense,7,Serie A,1.0,54,Brazil,72,74,72,72,459133.0,O Dromo,1043,4,9.0,,30000000.0,28.82,28.6,230271.0,230337.0,230271.0,230337.0,230337.0,230278.0,230337.0,230337.0,Balanced,51.0,51.0,,,,,,Slow build up,Possession,51.0,4.0,3.0,3.0,,,,,,,,
570,/team/570/ternana/240002,24,2,2023-09-22,Ternana,32,Serie B,2.0,27,Italy,67,70,65,68,1553030.0,Stadion 23. Maj,1847,1,5.0,,13500000.0,26.36,25.52,220084.0,220084.0,220084.0,220084.0,220084.0,220084.0,220084.0,220084.0,Press after possession loss,41.0,61.0,,,,,,Slow build up,Possession,61.0,3.0,3.0,3.0,,,,,,,,
576,/team/576/holstein-kiel/240002,24,2,2023-09-22,Holstein Kiel,20,2. Bundesliga,2.0,21,Germany,68,68,68,67,35399.0,Crown Lane,110329,1,6.0,,16900000.0,24.82,24.64,243354.0,245622.0,268116.0,245622.0,268116.0,245622.0,268116.0,229472.0,Balanced,61.0,41.0,,,,,,Balanced,Balanced,71.0,4.0,3.0,3.0,,,,,,,,
580,/team/580/elversberg/240002,24,2,2023-09-22,Elversberg,20,2. Bundesliga,2.0,21,Germany,66,66,66,66,1548455.0,Town Park,523,1,1.0,,7000000.0,25.45,26.44,269305.0,238793.0,238793.0,250946.0,238793.0,257399.0,250946.0,238793.0,Pressure on heavy touch,51.0,71.0,,,,,,Fast build up,Forward runs,51.0,4.0,3.0,3.0,,,,,,,,
598,/team/598/sao-paulo/240002,24,2,2023-09-22,São Paulo,7,Serie A,1.0,54,Brazil,73,72,73,73,460565.0,El Monumento (Estadio Latino),383,6,9.0,,50000000.0,29.55,30.0,230385.0,230385.0,230222.0,230385.0,230385.0,230385.0,230222.0,230385.0,Pressure on heavy touch,41.0,71.0,,,,,,Slow build up,Possession,61.0,7.0,3.0,3.0,,,,,,,,
605,/team/605/al-hilal/240002,24,2,2023-09-22,Al Hilal,350,Pro League,1.0,183,Saudi Arabia,77,79,79,74,523923.0,King Fahd International Stadium,112139,7,10.0,,330600000.0,28.91,27.0,229851.0,224293.0,224293.0,190871.0,224293.0,190871.0,190871.0,224293.0,Press after possession loss,51.0,71.0,,,,,,Balanced,Balanced,61.0,4.0,3.0,3.0,,,,,,,,
607,/team/607/al-ittihad/240002,24,2,2023-09-22,Al Ittihad,350,Pro League,1.0,183,Saudi Arabia,77,83,79,70,455991.0,King Abdullah Sports City,112387,6,8.0,,290500000.0,30.73,27.3,209440.0,202599.0,202599.0,202599.0,202599.0,209499.0,202599.0,202599.0,Pressure on heavy touch,41.0,51.0,,,,,,Fast build up,Forward runs,41.0,4.0,3.0,3.0,,,,,,,,
614,/team/614/ajaccio/240002,24,2,2023-09-22,Ajaccio,17,Ligue 2,2.0,18,France,68,67,69,67,455815.0,Crown Lane,58,1,7.0,,50000000.0,28.36,26.65,228774.0,193001.0,193001.0,193001.0,193001.0,178160.0,193001.0,193001.0,Balanced,61.0,51.0,,,,,,Fast build up,Forward runs,61.0,4.0,3.0,3.0,,,,,,,,
621,/team/621/livingston/240002,24,2,2023-09-22,Livingston,50,Premiership,1.0,42,Scotland,64,64,64,63,19256146.0,Molton Road (Sheldon Stadium),81,1,3.0,,2800000.0,28.18,27.42,223265.0,189186.0,189186.0,189186.0,189186.0,222932.0,189186.0,189186.0,Balanced,51.0,41.0,,,,,,Long ball,Direct passing,61.0,3.0,3.0,3.0,,,,,,,,
631,/team/631/ross-county/240002,24,2,2023-09-22,Ross County,50,Premiership,1.0,42,Scotland,63,63,64,62,6971069.0,Town Park,77,1,2.0,,3500000.0,26.82,24.93,205393.0,231863.0,231863.0,231863.0,231863.0,231863.0,231863.0,252067.0,Balanced,41.0,37.0,,,,,,Long ball,Direct passing,51.0,4.0,3.0,3.0,,,,,,,,
634,/team/634/fortuna-sittard/240002,24,2,2023-09-22,Fortuna Sittard,10,Eredivisie,1.0,34,Netherlands,68,67,68,68,23316.0,Molton Road (Sheldon Stadium),1905,1,3.0,,18000000.0,26.27,24.67,197860.0,216349.0,216349.0,216349.0,216349.0,264257.0,216349.0,216349.0,Balanced,51.0,51.0,,,,,,Fast build up,Forward runs,51.0,3.0,3.0,3.0,,,,,,,,
645,/team/645/fc-volendam/240002,24,2,2023-09-22,FC Volendam,10,Eredivisie,1.0,34,Netherlands,64,64,63,64,33203634.0,Court Lane,111380,1,1.0,,13800000.0,22.73,21.3,223814.0,225152.0,269258.0,225152.0,225152.0,225152.0,221907.0,269258.0,Balanced,51.0,51.0,,,,,,Balanced,Balanced,51.0,3.0,3.0,3.0,,,,,,,,
670,/team/670/sporting-charleroi/240002,24,2,2023-09-22,Sporting Charleroi,4,Jupiler Pro League,1.0,7,Belgium,70,69,71,67,1030184.0,Ivy Lane,232,4,5.0,,37000000.0,23.64,24.21,220782.0,220782.0,220782.0,220782.0,220782.0,262925.0,220782.0,220782.0,Balanced,41.0,37.0,,,,,,Fast build up,Forward runs,51.0,4.0,3.0,3.0,,,,,,,,
673,/team/673/genk/240002,24,2,2023-09-22,Genk,4,Jupiler Pro League,1.0,7,Belgium,73,71,72,73,3533861.0,Waldstadion (Fussballstadion),680,5,8.0,,128000000.0,24.0,23.04,229659.0,244791.0,229659.0,244791.0,244791.0,229659.0,229659.0,229659.0,Pressure on heavy touch,61.0,61.0,,,,,,Balanced,Balanced,61.0,5.0,3.0,3.0,,,,,,,,
674,/team/674/gent/240002,24,2,2023-09-22,Gent,4,Jupiler Pro League,1.0,7,Belgium,72,73,72,70,896519.0,Stadion Neder,231,5,9.0,,147000000.0,25.73,24.48,176009.0,176009.0,176009.0,176009.0,176009.0,236947.0,176009.0,176009.0,Pressure on heavy touch,51.0,61.0,,,,,,Slow build up,Possession,61.0,6.0,3.0,3.0,,,,,,,,
680,/team/680/sint-truiden/240002,24,2,2023-09-22,Sint-Truiden,4,Jupiler Pro League,1.0,7,Belgium,65,64,65,66,460467.0,Forest Park Stadium (Square Ground),673,3,5.0,,40000000.0,23.55,23.87,210361.0,239028.0,266681.0,239028.0,239028.0,243445.0,255446.0,255446.0,Balanced,41.0,41.0,,,,,,Fast build up,Forward runs,51.0,4.0,3.0,3.0,,,,,,,,
681,/team/681/westerlo/240002,24,2,2023-09-22,Westerlo,4,Jupiler Pro League,1.0,7,Belgium,69,68,69,68,31205.0,Molton Road (Sheldon Stadium),110724,1,3.0,,15000000.0,26.27,24.54,162220.0,200529.0,243223.0,200529.0,200529.0,255586.0,261661.0,243223.0,Balanced,41.0,41.0,,,,,,Slow build up,Possession,51.0,3.0,3.0,3.0,,,,,,,,
687,/team/687/columbus-crew/240002,24,2,2023-09-22,Columbus Crew,39,Major League Soccer,1.0,95,United States,68,71,69,66,37563973.0,Stadion Neder,113149,2,6.0,,185000000.0,26.91,26.15,202078.0,237034.0,202078.0,237034.0,237034.0,237034.0,237223.0,237223.0,Press after possession loss,51.0,71.0,,,,,,Fast build up,Forward runs,51.0,6.0,3.0,3.0,,,,,,,,
688,/team/688/dc-united/240002,24,2,2023-09-22,DC United,39,Major League Soccer,1.0,95,United States,68,69,70,67,579.0,Crown Lane,689,3,4.0,,277000000.0,29.82,27.38,221621.0,211119.0,192955.0,211119.0,211119.0,229658.0,211119.0,211119.0,Pressure on heavy touch,51.0,61.0,,,,,,Long ball,Direct passing,51.0,4.0,3.0,3.0,,,,,,,,
689,/team/689/new-york-rb/240002,24,2,2023-09-22,New York RB,39,Major League Soccer,1.0,95,United States,68,67,67,68,32013107.0,Red Bull Arena (New Jersey),112828,4,7.0,,261000000.0,23.09,22.73,247459.0,244186.0,244186.0,244186.0,244186.0,234905.0,244186.0,244186.0,Press after possession loss,61.0,61.0,,,,,,Long ball,Direct passing,61.0,5.0,3.0,3.0,,,,,,,,
691,/team/691/new-england/240002,24,2,2023-09-22,New England,39,Major League Soccer,1.0,95,United States,70,70,71,69,37460590.0,Stadion Hanguk,689,3,5.0,,220500000.0,28.36,26.47,210930.0,210930.0,210930.0,210930.0,210930.0,210930.0,210930.0,210930.0,Press after possession loss,41.0,61.0,,,,,,Slow build up,Possession,61.0,5.0,3.0,3.0,,,,,,,,
693,/team/693/chicago-fire/240002,24,2,2023-09-22,Chicago Fire,39,Major League Soccer,1.0,95,United States,68,68,69,68,37604884.0,El Monumento (Estadio Latino),691,1,4.0,,285500000.0,26.91,25.27,211826.0,193348.0,193348.0,193348.0,193348.0,193348.0,227772.0,193348.0,Balanced,51.0,41.0,,,,,,Balanced,Balanced,61.0,7.0,3.0,3.0,,,,,,,,
694,/team/694/colorado-rapids/240002,24,2,2023-09-22,Colorado Rapids,39,Major League Soccer,1.0,95,United States,68,67,65,67,20326070.0,Euro Arena,111065,1,4.0,,179000000.0,26.0,24.93,212287.0,204709.0,228408.0,204709.0,204709.0,204709.0,231985.0,228408.0,Balanced,41.0,41.0,,,,,,Long ball,Direct passing,61.0,4.0,3.0,3.0,,,,,,,,
695,/team/695/dallas/240002,24,2,2023-09-22,Dallas,39,Major League Soccer,1.0,95,United States,69,73,71,65,37608726.0,Crown Lane,698,2,6.0,,178000000.0,25.36,24.73,241487.0,252238.0,252238.0,252238.0,252238.0,241487.0,217714.0,217714.0,Pressure on heavy touch,41.0,71.0,,,,,,Balanced,Balanced,71.0,7.0,3.0,3.0,,,,,,,,
696,/team/696/sporting-kansas-city/240002,24,2,2023-09-22,Sporting Kansas City,39,Major League Soccer,1.0,95,United States,69,72,70,66,524398.0,Stadion Neder,698,2,7.0,,292500000.0,29.27,27.0,185068.0,185068.0,185068.0,185068.0,185068.0,185068.0,221797.0,221797.0,Press after possession loss,71.0,71.0,,,,,,Slow build up,Possession,71.0,7.0,3.0,3.0,,,,,,,,
697,/team/697/la-galaxy/240002,24,2,2023-09-22,LA Galaxy,39,Major League Soccer,1.0,95,United States,70,70,69,68,516577.0,Dignity Health Sports Park,112996,6,9.0,,432000000.0,27.09,26.83,204677.0,242816.0,201895.0,201895.0,242816.0,251105.0,242816.0,242816.0,Balanced,71.0,51.0,,,,,,Slow build up,Possession,81.0,6.0,3.0,3.0,,,,,,,,
698,/team/698/houston-dynamo/240002,24,2,2023-09-22,Houston Dynamo,39,Major League Soccer,1.0,95,United States,68,64,68,66,524083.0,Stadion Neder,695,2,4.0,,248000000.0,27.82,25.54,156519.0,156519.0,243544.0,156519.0,156519.0,238504.0,156519.0,156519.0,Pressure on heavy touch,51.0,51.0,,,,,,Slow build up,Possession,71.0,4.0,3.0,3.0,,,,,,,,
700,/team/700/elfsborg/240002,24,2,2023-09-22,Elfsborg,56,Allsvenskan,1.0,46,Sweden,66,66,63,67,457107.0,Stade Municipal,319,1,6.0,,8600000.0,25.45,23.7,198455.0,198455.0,198455.0,198455.0,198455.0,234522.0,198455.0,198455.0,Balanced,51.0,51.0,,,,,,Long ball,Direct passing,51.0,5.0,3.0,3.0,,,,,,,,
702,/team/702/norrkoping/240002,24,2,2023-09-22,Norrköping,56,Allsvenskan,1.0,46,Sweden,65,64,65,63,37296110.0,Molton Road (Sheldon Stadium),320,1,8.0,,14700000.0,25.09,24.48,202905.0,211177.0,239170.0,211177.0,239170.0,202905.0,263761.0,263761.0,Press after possession loss,51.0,71.0,,,,,,Slow build up,Possession,61.0,5.0,3.0,3.0,,,,,,,,
708,/team/708/hammarby/240002,24,2,2023-09-22,Hammarby,56,Allsvenskan,1.0,46,Sweden,65,64,63,65,18932187.0,Sanderson Park (FIFA 13 NEW generic),710,1,8.0,,27900000.0,23.45,23.82,197240.0,197240.0,197240.0,197240.0,197240.0,197240.0,197240.0,197240.0,Pressure on heavy touch,61.0,51.0,,,,,,Slow build up,Possession,61.0,4.0,3.0,3.0,,,,,,,,
710,/team/710/djurgarden/240002,24,2,2023-09-22,Djurgården,56,Allsvenskan,1.0,46,Sweden,66,66,68,66,458730.0,Sanderson Park (FIFA 13 NEW generic),433,1,9.0,,29300000.0,28.27,26.7,208437.0,208437.0,208437.0,208437.0,201967.0,242062.0,208437.0,201967.0,Press after possession loss,51.0,61.0,,,,,,Fast build up,Forward runs,61.0,5.0,3.0,3.0,,,,,,,,
711,/team/711/hacken/240002,24,2,2023-09-22,Häcken,56,Allsvenskan,1.0,46,Sweden,69,66,70,68,896740.0,Molton Road (Sheldon Stadium),319,1,7.0,,17600000.0,28.09,25.11,213614.0,234488.0,234488.0,213614.0,234488.0,234488.0,234488.0,213614.0,Press after possession loss,61.0,51.0,,,,,,Fast build up,Forward runs,61.0,6.0,3.0,3.0,,,,,,,,
718,/team/718/estrela-amadora/240002,24,2,2023-09-22,Estrela Amadora,308,Liga Portugal,1.0,38,Portugal,68,68,67,69,463840.0,Town Park,10020,1,1.0,,5000000.0,28.18,26.07,188840.0,235872.0,188840.0,235872.0,235872.0,239953.0,245250.0,235872.0,Balanced,51.0,51.0,,,,,,Slow build up,Possession,51.0,3.0,3.0,3.0,,,,,,,,
741,/team/741/antalyaspor/240002,24,2,2023-09-22,Antalyaspor,68,Super Lig,1.0,48,Turkey,69,71,69,69,4115.0,Stadion Olympik,113142,3,5.0,,31200000.0,28.64,25.5,194077.0,186651.0,186651.0,209782.0,186651.0,186651.0,186651.0,209782.0,Pressure on heavy touch,61.0,51.0,,,,,,Balanced,Balanced,61.0,4.0,3.0,3.0,,,,,,,,
744,/team/744/rio-ave/240002,24,2,2023-09-22,Rio Ave,308,Liga Portugal,1.0,38,Portugal,70,69,70,70,1553235.0,Stadion 23. Maj,1896,2,3.0,,16500000.0,27.73,26.92,186748.0,251294.0,251294.0,251294.0,251294.0,251294.0,251294.0,251294.0,Pressure on heavy touch,51.0,51.0,,,,,,Balanced,Balanced,51.0,5.0,3.0,3.0,,,,,,,,
746,/team/746/istanbulspor/240002,24,2,2023-09-22,İstanbulspor,68,Super Lig,1.0,48,Turkey,66,64,65,66,201088.0,_Oktigann Park,111117,1,2.0,,10800000.0,26.64,25.46,269860.0,269862.0,269862.0,269862.0,269862.0,269862.0,269862.0,269862.0,Balanced,51.0,51.0,,,,,,Fast build up,Forward runs,51.0,4.0,3.0,3.0,,,,,,,,
748,/team/748/samsunspor/240002,24,2,2023-09-22,Samsunspor,68,Super Lig,1.0,48,Turkey,70,70,71,67,460980.0,Stadion Europa (Generic Europe 2),436,3,4.0,,15000000.0,27.91,26.88,211287.0,218745.0,218745.0,223134.0,218745.0,218745.0,218745.0,218745.0,Balanced,61.0,51.0,,,,,,Slow build up,Possession,51.0,3.0,3.0,3.0,,,,,,,,
781,/team/781/austria-lustenau/240002,24,2,2023-09-22,Austria Lustenau,80,Bundesliga,1.0,4,Austria,65,66,64,63,1547985.0,Stadion 23. Maj,15009,1,2.0,,7800000.0,25.0,23.46,199770.0,266162.0,266162.0,266162.0,266162.0,267630.0,266162.0,266162.0,Balanced,51.0,41.0,,,,,,Fast build up,Forward runs,51.0,3.0,3.0,3.0,,,,,,,,
819,/team/819/kobenhavn/240002,24,2,2023-09-22,København,1,Superliga,1.0,13,Denmark,72,70,73,72,117955.0,Eastpoint Arena (Football Ground),269,4,10.0,,70300000.0,25.82,24.57,207554.0,231390.0,231390.0,231390.0,231390.0,231390.0,231390.0,231390.0,Press after possession loss,61.0,61.0,,,,,,Slow build up,Possession,71.0,6.0,3.0,3.0,,,,,,,,
822,/team/822/vejle/240002,24,2,2023-09-22,Vejle,1,Superliga,1.0,13,Denmark,64,63,64,64,13980935.0,Molton Road (Sheldon Stadium),271,1,1.0,,3300000.0,26.73,24.65,207997.0,256716.0,192128.0,256716.0,256716.0,260896.0,256716.0,256716.0,Balanced,61.0,41.0,,,,,,Long ball,Direct passing,51.0,3.0,3.0,3.0,,,,,,,,
834,/team/834/shelbourne/240002,24,2,2023-09-22,Shelbourne,65,Premier Division,1.0,25,Republic of Ireland,59,60,57,59,382.0,_Longville Stadium,305,1,4.0,,942000.0,24.45,22.68,208290.0,240473.0,240473.0,261861.0,240473.0,233950.0,236379.0,236379.0,Balanced,61.0,51.0,,,,,,Slow build up,Possession,71.0,3.0,3.0,3.0,,,,,,,,
837,/team/837/dundalk/240002,24,2,2023-09-22,Dundalk,65,Premier Division,1.0,25,Republic of Ireland,61,65,60,60,120666.0,Town Park,1572,2,9.0,,1100000.0,24.45,25.21,200845.0,248723.0,248723.0,248723.0,248723.0,200845.0,248723.0,248723.0,Pressure on heavy touch,51.0,61.0,,,,,,Slow build up,Possession,71.0,5.0,3.0,3.0,,,,,,,,
873,/team/873/lech-poznan/240002,24,2,2023-09-22,Lech Poznań,66,Ekstraklasa,1.0,37,Poland,69,73,69,68,523929.0,Sanderson Park (FIFA 13 NEW generic),1871,4,10.0,,14000000.0,27.0,25.0,206626.0,226518.0,213959.0,226518.0,213959.0,206626.0,238303.0,213959.0,Balanced,61.0,61.0,,,,,,Balanced,Balanced,61.0,5.0,3.0,3.0,,,,,,,,
874,/team/874/ruch-chorzow/240002,24,2,2023-09-22,Ruch Chorzów,66,Ekstraklasa,1.0,37,Poland,62,63,62,62,1552966.0,Stadion 23. Maj,111086,2,5.0,,3500000.0,26.45,26.04,185109.0,208631.0,185109.0,185109.0,208631.0,244512.0,275610.0,275610.0,Balanced,71.0,41.0,,,,,,Long ball,Direct passing,71.0,3.0,3.0,3.0,,,,,,,,
894,/team/894/zurich/240002,24,2,2023-09-22,Zürich,189,Super League,1.0,47,Switzerland,67,66,69,67,37663443.0,Euro Arena,322,3,6.0,,24700000.0,26.09,24.74,204842.0,245586.0,245586.0,245586.0,233735.0,233735.0,233735.0,233735.0,Balanced,61.0,51.0,,,,,,Slow build up,Possession,81.0,4.0,3.0,3.0,,,,,,,,
896,/team/896/basel/240002,24,2,2023-09-22,Basel,189,Super League,1.0,47,Switzerland,69,68,69,67,11298706.0,Waldstadion (Fussballstadion),900,6,8.0,,65000000.0,25.36,23.25,183346.0,183346.0,183346.0,183346.0,183346.0,183346.0,183346.0,183346.0,Press after possession loss,61.0,61.0,,,,,,Slow build up,Possession,61.0,6.0,3.0,3.0,,,,,,,,
897,/team/897/luzern/240002,24,2,2023-09-22,Luzern,189,Super League,1.0,47,Switzerland,67,64,70,66,127536.0,Molton Road (Sheldon Stadium),898,3,6.0,,34000000.0,24.18,23.63,257186.0,231077.0,231077.0,231077.0,231077.0,212150.0,231077.0,231077.0,Pressure on heavy touch,51.0,51.0,,,,,,Balanced,Balanced,61.0,4.0,3.0,3.0,,,,,,,,
898,/team/898/st-gallen/240002,24,2,2023-09-22,St. Gallen,189,Super League,1.0,47,Switzerland,68,66,69,67,455701.0,Stadion Neder,897,4,6.0,,33000000.0,24.09,24.39,228645.0,210619.0,210619.0,210619.0,210619.0,228645.0,228645.0,210619.0,Press after possession loss,51.0,51.0,,,,,,Balanced,Balanced,51.0,5.0,3.0,3.0,,,,,,,,
900,/team/900/young-boys/240002,24,2,2023-09-22,Young Boys,189,Super League,1.0,47,Switzerland,71,74,69,69,37577611.0,Waldstadion (Fussballstadion),896,5,9.0,,85000000.0,24.82,24.18,244401.0,236657.0,236657.0,236657.0,236657.0,,236657.0,236657.0,Press after possession loss,51.0,61.0,,,,,,Fast build up,Forward runs,71.0,4.0,3.0,3.0,,,,,,,,
917,/team/917/stabaek/240002,24,2,2023-09-22,Stabæk,41,Eliteserien,1.0,36,Norway,64,66,64,64,896475.0,Euro Park,920,1,3.0,,4500000.0,27.36,23.89,189544.0,202322.0,202322.0,202322.0,202322.0,190981.0,202322.0,202322.0,Balanced,61.0,41.0,,,,,,Long ball,Direct passing,51.0,4.0,3.0,3.0,,,,,,,,
918,/team/918/bodo-glimt/240002,24,2,2023-09-22,Bodø / Glimt,41,Eliteserien,1.0,36,Norway,70,69,71,71,452732.0,Town Park,418,4,9.0,,27100000.0,26.09,24.54,222227.0,224874.0,224874.0,224874.0,224874.0,224874.0,222227.0,222227.0,Press after possession loss,61.0,81.0,,,,,,Fast build up,Forward runs,71.0,5.0,3.0,3.0,,,,,,,,
919,/team/919/brann/240002,24,2,2023-09-22,Brann,41,Eliteserien,1.0,36,Norway,65,65,64,65,152235.0,Molton Road (Sheldon Stadium),920,1,5.0,,9600000.0,26.18,25.04,221552.0,209264.0,209264.0,209264.0,209264.0,221552.0,209264.0,209264.0,Balanced,51.0,41.0,,,,,,Balanced,Balanced,61.0,3.0,3.0,3.0,,,,,,,,
920,/team/920/valerenga/240002,24,2,2023-09-22,Vålerenga,41,Eliteserien,1.0,36,Norway,66,65,67,66,37457571.0,Ivy Lane,299,2,7.0,,14900000.0,26.09,23.58,190697.0,222215.0,222215.0,222215.0,222215.0,214877.0,232655.0,232655.0,Pressure on heavy touch,51.0,61.0,,,,,,Slow build up,Possession,61.0,6.0,3.0,3.0,,,,,,,,
922,/team/922/stromsgodset/240002,24,2,2023-09-22,Strømsgodset,41,Eliteserien,1.0,36,Norway,64,62,64,65,368745.0,Court Lane,920,1,5.0,,6600000.0,25.91,23.76,203363.0,205291.0,205291.0,205291.0,205291.0,205291.0,205291.0,204626.0,Pressure on heavy touch,71.0,61.0,,,,,,Fast build up,Forward runs,61.0,4.0,3.0,3.0,,,,,,,,
980,/team/980/daejeon-citizen/240002,24,2,2023-09-22,Daejeon Citizen,83,K League 1,1.0,167,Korea Republic,66,66,67,65,37563984.0,Waldstadion (Fussballstadion),983,2,6.0,,12100000.0,28.0,26.36,208063.0,238578.0,238578.0,238578.0,238578.0,267825.0,238578.0,238578.0,Balanced,51.0,61.0,,,,,,Slow build up,Possession,41.0,3.0,3.0,3.0,,,,,,,,
982,/team/982/seoul/240002,24,2,2023-09-22,Seoul,83,K League 1,1.0,167,Korea Republic,67,60,68,67,37523318.0,Sanderson Park (FIFA 13 NEW generic),983,6,7.0,,20300000.0,26.45,27.21,193847.0,180283.0,180283.0,180283.0,180283.0,244582.0,238097.0,244582.0,Press after possession loss,51.0,61.0,,,,,,Fast build up,Forward runs,51.0,8.0,3.0,3.0,,,,,,,,
983,/team/983/suwon-bluewings/240002,24,2,2023-09-22,Suwon Bluewings,83,K League 1,1.0,167,Korea Republic,66,64,69,65,22536116.0,Estadio de las Artes (Generic Stadium NG),982,3,3.0,,14100000.0,28.18,28.29,212066.0,212066.0,212066.0,212066.0,212066.0,198080.0,212066.0,212066.0,Balanced,51.0,51.0,,,,,,Fast build up,Forward runs,61.0,3.0,3.0,3.0,,,,,,,,
1013,/team/1013/san-lorenzo/240002,24,2,2023-09-22,San Lorenzo,353,Liga Profesional,1.0,52,Argentina,72,71,72,73,34492065.0,El Libertador (La Bombastico),111711,7,9.0,,107500000.0,26.09,25.29,231360.0,237994.0,231360.0,237994.0,246690.0,246690.0,237994.0,237994.0,Balanced,51.0,51.0,,,,,,Long ball,Direct passing,51.0,3.0,3.0,3.0,,,,,,,,
1035,/team/1035/atletico-mineiro/240002,24,2,2023-09-22,Atlético Mineiro,7,Serie A,1.0,54,Brazil,75,77,75,76,452916.0,O Dromo,567,7,7.0,,100000000.0,29.18,29.0,230225.0,230463.0,230463.0,230463.0,230463.0,230384.0,230463.0,230463.0,Pressure on heavy touch,61.0,51.0,,,,,,Slow build up,Possession,71.0,6.0,3.0,3.0,,,,,,,,
1039,/team/1039/athletico-paranaense/240002,24,2,2023-09-22,Athletico Paranaense,7,Serie A,1.0,54,Brazil,74,74,72,76,526223.0,Stade Municipal,1053,4,5.0,,77000000.0,28.45,28.2,230375.0,230267.0,230267.0,230267.0,230267.0,230497.0,230355.0,230355.0,Balanced,51.0,61.0,,,,,,Slow build up,Possession,51.0,3.0,3.0,3.0,,,,,,,,
1041,/team/1041/corinthians/240002,24,2,2023-09-22,Corinthians,7,Serie A,1.0,54,Brazil,73,74,73,74,784461.0,Stadio Classico,383,7,8.0,,134000000.0,29.18,28.2,230258.0,230470.0,230442.0,230470.0,230470.0,230442.0,230470.0,230470.0,Balanced,51.0,61.0,,,,,,Balanced,Balanced,51.0,3.0,3.0,3.0,,,,,,,,
1043,/team/1043/flamengo/240002,24,2,2023-09-22,Flamengo,7,Serie A,1.0,54,Brazil,76,77,76,75,9938631.0,O Dromo,567,7,10.0,,364600000.0,28.82,29.0,230430.0,230406.0,230406.0,230406.0,230406.0,230430.0,230460.0,230406.0,Pressure on heavy touch,61.0,61.0,,,,,,Balanced,Balanced,61.0,5.0,3.0,3.0,,,,,,,,
1048,/team/1048/internacional/240002,24,2,2023-09-22,Internacional,7,Serie A,1.0,54,Brazil,74,71,74,75,251872.0,O Dromo,1041,6,7.0,,35000000.0,28.09,27.8,230313.0,230431.0,230276.0,230183.0,230431.0,230183.0,230431.0,230183.0,Balanced,51.0,51.0,,,,,,Long ball,Direct passing,61.0,4.0,3.0,3.0,,,,,,,,
1053,/team/1053/santos/240002,24,2,2023-09-22,Santos,7,Serie A,1.0,54,Brazil,73,74,73,72,455809.0,Arena del Centenario (Estadio del Pueblo),1035,8,7.0,,40000000.0,29.91,28.8,230328.0,230464.0,230423.0,230464.0,230464.0,230498.0,230464.0,230464.0,Balanced,51.0,61.0,,,,,,Fast build up,Forward runs,51.0,4.0,3.0,3.0,,,,,,,,
1318,/team/1318/england/240002,24,2,2023-09-22,England,78,Friendly International,,14,England,85,86,83,83,474589.0,Wembley Stadium,1337,8,,,,27.45,26.62,202126.0,205988.0,202126.0,205988.0,205988.0,202126.0,205988.0,205988.0,Press after possession loss,61.0,61.0,,,,,,Slow build up,Possession,81.0,4.0,3.0,3.0,,,,,,,,
1325,/team/1325/belgium/240002,24,2,2023-09-22,Belgium,78,Friendly International,,7,Belgium,81,82,80,77,893655.0,O Dromo,105035,8,,,,27.73,26.23,192985.0,192985.0,192985.0,192985.0,192985.0,192505.0,192985.0,192985.0,Balanced,61.0,61.0,,,,,,Balanced,Balanced,61.0,5.0,3.0,3.0,,,,,,,,
1328,/team/1328/croatia/240002,24,2,2023-09-22,Croatia,78,Friendly International,,10,Croatia,79,78,82,78,896785.0,Stadion Hanguk,1886,6,,,,28.45,27.31,177003.0,177003.0,177003.0,177003.0,177003.0,216354.0,177003.0,177003.0,Balanced,61.0,71.0,,,,,,Slow build up,Possession,61.0,4.0,3.0,3.0,,,,,,,,
1330,/team/1330/czech-republic/240002,24,2,2023-09-22,Czech Republic,78,Friendly International,,12,Czech Republic,76,76,76,75,524176.0,Stadion Neder,1337,5,,,,27.0,26.69,236792.0,253727.0,253727.0,246919.0,253727.0,257536.0,244470.0,216860.0,Pressure on heavy touch,51.0,61.0,,,,,,Balanced,Balanced,61.0,4.0,3.0,3.0,,,,,,,,
1331,/team/1331/denmark/240002,24,2,2023-09-22,Denmark,78,Friendly International,,13,Denmark,79,76,80,79,458506.0,Eastpoint Arena (Football Ground),1363,6,,,,27.27,26.35,179645.0,190460.0,190460.0,190460.0,190460.0,190460.0,190460.0,190460.0,Balanced,51.0,61.0,,,,,,Slow build up,Possession,61.0,6.0,3.0,3.0,,,,,,,,
1334,/team/1334/finland/240002,24,2,2023-09-22,Finland,78,Friendly International,,17,Finland,70,70,70,67,474417.0,Euro Arena,1363,3,,,,28.73,26.5,190941.0,207593.0,207593.0,232446.0,207593.0,190362.0,234298.0,207593.0,Balanced,31.0,37.0,,,,,,Fast build up,Forward runs,31.0,3.0,3.0,3.0,,,,,,,,
1335,/team/1335/france/240002,24,2,2023-09-22,France,78,Friendly International,,18,France,84,85,85,83,474616.0,Orange Vélodrome,1343,10,,,,26.73,25.77,231747.0,194765.0,194765.0,194765.0,194765.0,231747.0,194765.0,194765.0,Balanced,71.0,61.0,,,,,,Balanced,Balanced,71.0,5.0,3.0,3.0,,,,,,,,
1337,/team/1337/germany/240002,24,2,2023-09-22,Germany,78,Friendly International,,21,Germany,84,84,83,83,37352367.0,Red Bull Arena (Leipzig),1318,10,,,,28.18,26.81,212622.0,212622.0,212622.0,212622.0,212622.0,186942.0,212622.0,212622.0,Pressure on heavy touch,61.0,61.0,,,,,,Fast build up,Forward runs,61.0,6.0,3.0,3.0,,,,,,,,
1341,/team/1341/iceland/240002,24,2,2023-09-22,Iceland,78,Friendly International,,24,Iceland,71,71,70,71,474444.0,Euro Arena,1331,2,,,,27.55,26.08,189167.0,246814.0,246814.0,246814.0,246814.0,195586.0,246814.0,246814.0,Balanced,51.0,51.0,,,,,,Fast build up,Forward runs,51.0,3.0,3.0,3.0,,,,,,,,
1343,/team/1343/italy/240002,24,2,2023-09-22,Italy,78,Friendly International,,27,Italy,83,82,83,82,523897.0,Stadion Olympik,1335,9,,,,26.91,25.85,192387.0,241096.0,241096.0,241096.0,241096.0,192387.0,241096.0,241096.0,Pressure on heavy touch,51.0,51.0,,,,,,Balanced,Balanced,61.0,3.0,3.0,3.0,,,,,,,,
1352,/team/1352/norway/240002,24,2,2023-09-22,Norway,78,Friendly International,,36,Norway,76,91,78,74,523962.0,Eastpoint Arena (Football Ground),1363,5,,,,26.27,25.92,222665.0,222665.0,222665.0,222665.0,222665.0,239085.0,222665.0,222665.0,Pressure on heavy touch,61.0,61.0,,,,,,Balanced,Balanced,61.0,4.0,3.0,3.0,,,,,,,,
1353,/team/1353/poland/240002,24,2,2023-09-22,Poland,78,Friendly International,,37,Poland,77,85,75,74,896314.0,Waldstadion (Fussballstadion),1337,5,,,,28.27,26.92,188545.0,188545.0,210406.0,188545.0,205175.0,188545.0,210406.0,210406.0,Balanced,51.0,41.0,,,,,,Long ball,Direct passing,61.0,4.0,3.0,3.0,,,,,,,,
1354,/team/1354/portugal/240002,24,2,2023-09-22,Portugal,78,Friendly International,,38,Portugal,84,86,84,83,474796.0,Estádio da Luz,1362,8,,,,28.82,27.04,20801.0,20801.0,212198.0,20801.0,20801.0,20801.0,212198.0,212198.0,Balanced,41.0,51.0,,,,,,Balanced,Balanced,41.0,3.0,3.0,3.0,,,,,,,,
1355,/team/1355/republic-of-ireland/240002,24,2,2023-09-22,Republic of Ireland,78,Friendly International,,25,Republic of Ireland,72,71,71,73,536978.0,Sanderson Park (FIFA 13 NEW generic),110081,5,,,,24.73,25.38,204936.0,228151.0,228151.0,228151.0,212454.0,259608.0,228151.0,228151.0,Balanced,61.0,51.0,,,,,,Fast build up,Forward runs,61.0,5.0,3.0,3.0,,,,,,,,
1356,/team/1356/romania/240002,24,2,2023-09-22,Romania,78,Friendly International,,39,Romania,71,70,72,69,883002.0,Waldstadion (Fussballstadion),1886,5,,,,26.64,25.73,212207.0,197971.0,246562.0,197971.0,212207.0,197971.0,212207.0,212207.0,Balanced,51.0,51.0,,,,,,Long ball,Direct passing,51.0,5.0,3.0,3.0,,,,,,,,
1359,/team/1359/scotland/240002,24,2,2023-09-22,Scotland,78,Friendly International,,42,Scotland,76,70,76,76,6983788.0,Stadion Olympik,1318,4,,,,26.73,26.85,216267.0,210881.0,216267.0,210881.0,210881.0,247279.0,210881.0,210881.0,Balanced,61.0,51.0,,,,,,Balanced,Balanced,61.0,3.0,3.0,3.0,,,,,,,,
1362,/team/1362/spain/240002,24,2,2023-09-22,Spain,78,Friendly International,,45,Spain,83,82,85,82,37354677.0,Wanda Metropolitano,1343,9,,,,26.45,26.15,201153.0,220834.0,220834.0,220834.0,220834.0,201153.0,220834.0,220834.0,Pressure on heavy touch,61.0,71.0,,,,,,Slow build up,Possession,71.0,7.0,3.0,3.0,,,,,,,,
1363,/team/1363/sweden/240002,24,2,2023-09-22,Sweden,78,Friendly International,,46,Sweden,76,78,77,74,474427.0,Waldstadion (Fussballstadion),1331,5,,,,27.18,26.92,221660.0,208448.0,208448.0,208448.0,208448.0,208448.0,208448.0,208448.0,Balanced,41.0,51.0,,,,,,Long ball,Direct passing,51.0,4.0,3.0,3.0,,,,,,,,
1366,/team/1366/ukraine/240002,24,2,2023-09-22,Ukraine,78,Friendly International,,49,Ukraine,75,73,77,73,204364.0,Stadion Olympik,1367,6,,,,26.64,26.73,194794.0,231969.0,231969.0,231969.0,231969.0,231969.0,231969.0,231969.0,Balanced,51.0,51.0,,,,,,Fast build up,Forward runs,61.0,3.0,3.0,3.0,,,,,,,,
1367,/team/1367/wales/240002,24,2,2023-09-22,Wales,78,Friendly International,,50,Wales,73,73,74,73,896501.0,Cardiff City Stadium,1318,4,,,,26.73,25.85,186561.0,220710.0,186561.0,220710.0,220710.0,186561.0,232104.0,232104.0,Balanced,61.0,51.0,,,,,,Balanced,Balanced,61.0,4.0,3.0,3.0,,,,,,,,
1369,/team/1369/argentina/240002,24,2,2023-09-22,Argentina,78,Friendly International,,52,Argentina,83,85,83,83,127611.0,La Bombonera,1337,9,,,,28.64,27.96,158023.0,158023.0,158023.0,158023.0,158023.0,158023.0,158023.0,158023.0,Balanced,41.0,51.0,,,,,,Slow build up,Possession,41.0,6.0,3.0,3.0,,,,,,,,
1386,/team/1386/mexico/240002,24,2,2023-09-22,Mexico,78,Friendly International,,83,Mexico,77,77,76,74,251867.0,Stadion Olympik,1387,7,,,,26.82,26.38,140233.0,233260.0,233260.0,233260.0,233260.0,245152.0,224574.0,224574.0,Pressure on heavy touch,61.0,61.0,,,,,,Balanced,Balanced,61.0,5.0,3.0,3.0,,,,,,,,
1387,/team/1387/united-states/240002,24,2,2023-09-22,United States,78,Friendly International,,95,United States,75,76,75,74,455860.0,Dignity Health Sports Park,1386,6,,,,24.45,24.31,232999.0,227796.0,232999.0,227796.0,227796.0,227796.0,227796.0,227796.0,Press after possession loss,51.0,51.0,,,,,,Balanced,Balanced,61.0,4.0,3.0,3.0,,,,,,,,
1439,/team/1439/kalmar/240002,24,2,2023-09-22,Kalmar,56,Allsvenskan,1.0,46,Sweden,64,64,65,65,17177187.0,Molton Road (Sheldon Stadium),112072,1,3.0,,5000000.0,28.82,25.17,196972.0,193358.0,193358.0,193358.0,193358.0,193358.0,193358.0,254537.0,Pressure on heavy touch,51.0,61.0,,,,,,Slow build up,Possession,61.0,4.0,3.0,3.0,,,,,,,,
1443,/team/1443/viborg/240002,24,2,2023-09-22,Viborg,1,Superliga,1.0,13,Denmark,66,64,67,66,27440829.0,Court Lane,1516,1,2.0,,8100000.0,24.45,22.31,215686.0,256741.0,256741.0,256741.0,256741.0,256741.0,256741.0,256741.0,Balanced,51.0,51.0,,,,,,Balanced,Balanced,71.0,3.0,3.0,3.0,,,,,,,,
1456,/team/1456/odd/240002,24,2,2023-09-22,Odd,41,Eliteserien,1.0,36,Norway,62,60,62,63,37430188.0,Ivy Lane,1757,1,6.0,,6500000.0,26.73,23.48,167159.0,148696.0,148696.0,148696.0,148696.0,148696.0,148696.0,148696.0,Pressure on heavy touch,61.0,61.0,,,,,,Balanced,Balanced,51.0,5.0,3.0,3.0,,,,,,,,
1463,/team/1463/haugesund/240002,24,2,2023-09-22,Haugesund,41,Eliteserien,1.0,36,Norway,63,63,64,62,6972209.0,Town Park,300,1,5.0,,3600000.0,24.45,23.22,246954.0,234365.0,234365.0,234365.0,234365.0,269414.0,234365.0,234365.0,Balanced,51.0,51.0,,,,,,Balanced,Balanced,61.0,6.0,3.0,3.0,,,,,,,,
1473,/team/1473/ulsan/240002,24,2,2023-09-22,Ulsan,83,K League 1,1.0,167,Korea Republic,70,72,69,69,452818.0,Waldstadion (Fussballstadion),1474,7,10.0,,19500000.0,28.82,28.82,227790.0,205401.0,205401.0,205401.0,205401.0,213189.0,205401.0,205401.0,Balanced,51.0,51.0,,,,,,Slow build up,Possession,61.0,6.0,3.0,3.0,,,,,,,,
1474,/team/1474/pohang-steelers/240002,24,2,2023-09-22,Pohang Steelers,83,K League 1,1.0,167,Korea Republic,67,71,67,69,319508.0,Stadion Hanguk,1473,5,7.0,,10300000.0,27.55,26.71,212791.0,207730.0,207730.0,207730.0,207730.0,268313.0,207730.0,207730.0,Balanced,41.0,51.0,,,,,,Balanced,Balanced,61.0,3.0,3.0,3.0,,,,,,,,
1477,/team/1477/jeonbuk-motors/240002,24,2,2023-09-22,Jeonbuk Motors,83,K League 1,1.0,167,Korea Republic,70,69,70,70,319820.0,Ivy Lane,983,7,9.0,,20000000.0,27.09,27.96,200588.0,237424.0,237424.0,237424.0,237424.0,237424.0,237424.0,237424.0,Press after possession loss,61.0,61.0,,,,,,Slow build up,Possession,61.0,8.0,3.0,3.0,,,,,,,,
1478,/team/1478/jeju-united/240002,24,2,2023-09-22,Jeju United,83,K League 1,1.0,167,Korea Republic,67,67,64,67,942499.0,Estadio de las Artes (Generic Stadium NG),982,2,7.0,,11700000.0,28.55,27.25,212439.0,211786.0,211786.0,211786.0,211786.0,211786.0,211786.0,211786.0,Pressure on heavy touch,41.0,51.0,,,,,,Fast build up,Forward runs,51.0,3.0,3.0,3.0,,,,,,,,
1480,/team/1480/carlisle-united/240002,24,2,2023-09-22,Carlisle United,60,League One,3.0,14,England,63,62,64,63,37354684.0,Crown Lane,381,1,2.0,,2300000.0,25.64,24.5,170342.0,269156.0,269156.0,269156.0,227878.0,212223.0,269156.0,269156.0,Balanced,51.0,51.0,,,,,,Long ball,Direct passing,61.0,5.0,3.0,3.0,,,,,,,,
1516,/team/1516/midtjylland/240002,24,2,2023-09-22,Midtjylland,1,Superliga,1.0,13,Denmark,71,69,70,72,457649.0,Stadion Neder,1443,3,9.0,,42500000.0,26.45,25.23,190633.0,206114.0,231104.0,206114.0,206114.0,247686.0,206114.0,206114.0,Pressure on heavy touch,71.0,51.0,,,,,,Fast build up,Forward runs,51.0,5.0,3.0,3.0,,,,,,,,
1530,/team/1530/angers-sco/240002,24,2,2023-09-22,Angers SCO,17,Ligue 2,2.0,18,France,69,70,70,69,97031.0,Forest Park Stadium (Square Ground),1814,1,9.0,,70000000.0,28.55,24.64,209781.0,209781.0,209781.0,209781.0,209781.0,239025.0,209781.0,209781.0,Balanced,41.0,51.0,,,,,,Balanced,Balanced,61.0,4.0,3.0,3.0,,,,,,,,
1572,/team/1572/drogheda-united/240002,24,2,2023-09-22,Drogheda United,65,Premier Division,1.0,25,Republic of Ireland,57,56,58,57,37618984.0,_Longville Stadium,837,1,3.0,,945000.0,25.18,22.32,181725.0,255621.0,255621.0,255621.0,255621.0,198990.0,227082.0,227082.0,Balanced,61.0,51.0,,,,,,Long ball,Direct passing,61.0,4.0,3.0,3.0,,,,,,,,
1704,/team/1704/yverdon-sport/240002,24,2,2023-09-22,Yverdon Sport,189,Super League,1.0,47,Switzerland,65,63,65,64,458689.0,Town Park,1862,1,3.0,,6000000.0,26.45,25.11,244442.0,244442.0,189120.0,276871.0,244442.0,252386.0,189120.0,189120.0,Balanced,61.0,51.0,,,,,,Balanced,Balanced,61.0,4.0,3.0,3.0,,,,,,,,
1713,/team/1713/winterthur/240002,24,2,2023-09-22,Winterthur,189,Super League,1.0,47,Switzerland,64,65,64,63,19616058.0,Town Park,894,1,3.0,,11400000.0,25.55,25.61,210538.0,256980.0,256980.0,256980.0,256980.0,230687.0,210538.0,210538.0,Balanced,61.0,37.0,,,,,,Fast build up,Forward runs,61.0,3.0,3.0,3.0,,,,,,,,
1738,/team/1738/le-havre/240002,24,2,2023-09-22,Le Havre,16,Ligue 1,1.0,18,France,70,70,70,71,3187813.0,Waldstadion (Fussballstadion),210,1,2.0,,65000000.0,25.73,23.75,262237.0,245364.0,245364.0,245364.0,245364.0,245364.0,245364.0,245364.0,Balanced,61.0,41.0,,,,,,Balanced,Balanced,61.0,3.0,3.0,3.0,,,,,,,,
1744,/team/1744/modena/240002,24,2,2023-09-22,Modena,32,Serie B,2.0,27,Italy,67,67,67,68,127755.0,Crown Lane,189,1,5.0,,16500000.0,28.27,25.26,268923.0,200930.0,225428.0,200930.0,200930.0,200930.0,200930.0,200930.0,Balanced,61.0,51.0,,,,,,Slow build up,Possession,61.0,3.0,3.0,3.0,,,,,,,,
1745,/team/1745/como/240002,24,2,2023-09-22,Como,32,Serie B,2.0,27,Italy,70,71,70,68,462195.0,Town Park,111811,1,5.0,,18000000.0,25.36,26.28,220933.0,254579.0,220933.0,254579.0,254579.0,237715.0,254579.0,238474.0,Balanced,41.0,51.0,,,,,,Balanced,Balanced,41.0,3.0,3.0,3.0,,,,,,,,
1746,/team/1746/empoli/240002,24,2,2023-09-22,Empoli,31,Serie A,1.0,27,Italy,73,74,74,72,10269848.0,Euro Arena,110374,1,2.0,,50000000.0,26.73,24.58,220534.0,235813.0,235813.0,235813.0,269312.0,235813.0,235813.0,224213.0,Press after possession loss,41.0,71.0,,,,,,Slow build up,Possession,51.0,7.0,3.0,3.0,,,,,,,,
1750,/team/1750/cercle-brugge/240002,24,2,2023-09-22,Cercle Brugge,4,Jupiler Pro League,1.0,7,Belgium,67,68,65,66,26328630.0,Waldstadion (Fussballstadion),231,2,4.0,,35000000.0,23.09,22.6,201438.0,259586.0,259586.0,259586.0,259586.0,237254.0,259586.0,259586.0,Press after possession loss,31.0,51.0,,,,,,Fast build up,Forward runs,61.0,6.0,3.0,3.0,,,,,,,,
1755,/team/1755/aalesund/240002,24,2,2023-09-22,Aalesund,41,Eliteserien,1.0,36,Norway,63,62,62,63,1553165.0,Court Lane,417,1,2.0,,4000000.0,25.27,24.25,207618.0,228667.0,228667.0,228667.0,228667.0,231686.0,234207.0,234207.0,Balanced,71.0,51.0,,,,,,Fast build up,Forward runs,51.0,4.0,3.0,3.0,,,,,,,,
1756,/team/1756/hamkam/240002,24,2,2023-09-22,HamKam,41,Eliteserien,1.0,36,Norway,64,64,63,64,458446.0,Stadion Neder,920,1,2.0,,3200000.0,27.91,25.11,236937.0,236937.0,236937.0,236937.0,236937.0,227866.0,236937.0,236937.0,Balanced,51.0,41.0,,,,,,Fast build up,Forward runs,61.0,4.0,3.0,3.0,,,,,,,,
1757,/team/1757/sandefjord/240002,24,2,2023-09-22,Sandefjord,41,Eliteserien,1.0,36,Norway,61,64,60,61,37555966.0,Town Park,1456,1,3.0,,2900000.0,24.0,23.59,242975.0,219558.0,219558.0,219558.0,219558.0,201993.0,219558.0,219558.0,Balanced,51.0,41.0,,,,,,Balanced,Balanced,51.0,3.0,3.0,3.0,,,,,,,,
1786,/team/1786/randers/240002,24,2,2023-09-22,Randers,1,Superliga,1.0,13,Denmark,67,66,64,66,12036309.0,Court Lane,271,1,5.0,,10500000.0,25.0,24.63,180174.0,255464.0,255464.0,255464.0,180174.0,241659.0,180174.0,180174.0,Balanced,61.0,51.0,,,,,,Balanced,Balanced,61.0,3.0,3.0,3.0,,,,,,,,
1787,/team/1787/austria-klagenfurt/240002,24,2,2023-09-22,Austria Klagenfurt,80,Bundesliga,1.0,4,Austria,65,64,65,67,463195.0,Waldstadion (Fussballstadion),111822,2,2.0,,10800000.0,27.55,24.58,229507.0,242271.0,202518.0,242271.0,242271.0,242271.0,202518.0,202518.0,Balanced,51.0,41.0,,,,,,Balanced,Balanced,61.0,4.0,3.0,3.0,,,,,,,,
1788,/team/1788/nordsjaelland/240002,24,2,2023-09-22,Nordsjælland,1,Superliga,1.0,13,Denmark,68,69,68,68,37680707.0,Stadion Neder,15001,1,6.0,,12600000.0,24.09,21.89,190942.0,262721.0,215247.0,262721.0,262721.0,215247.0,262721.0,262721.0,Balanced,51.0,61.0,,,,,,Slow build up,Possession,61.0,6.0,3.0,3.0,,,,,,,,
1790,/team/1790/portsmouth/240002,24,2,2023-09-22,Portsmouth,60,League One,3.0,14,England,65,70,64,66,3428.0,Fratton Park,17,1,9.0,,4500000.0,26.55,24.15,196916.0,196916.0,196916.0,196916.0,196916.0,221692.0,196916.0,240865.0,Pressure on heavy touch,51.0,61.0,,,,,,Balanced,Balanced,61.0,4.0,3.0,3.0,,,,,,,,
1792,/team/1792/norwich-city/240002,24,2,2023-09-22,Norwich City,14,Championship,2.0,14,England,72,70,72,71,524257.0,Carrow Road,94,1,8.0,,145000000.0,27.36,25.6,201368.0,270571.0,270571.0,270571.0,270571.0,201368.0,270571.0,270571.0,Press after possession loss,41.0,51.0,,,,,,Slow build up,Possession,71.0,4.0,3.0,3.0,,,,,,,,
1793,/team/1793/reading/240002,24,2,2023-09-22,Reading,60,League One,3.0,14,England,66,59,65,64,37684524.0,Molton Road (Sheldon Stadium),1951,1,6.0,,7000000.0,23.82,23.14,258522.0,265789.0,265789.0,265789.0,265789.0,263101.0,265789.0,265789.0,Balanced,41.0,41.0,,,,,,Long ball,Direct passing,51.0,3.0,3.0,3.0,,,,,,,,
1794,/team/1794/sheffield-united/240002,24,2,2023-09-22,Sheffield United,13,Premier League,1.0,14,England,73,72,74,72,10127.0,Bramall Lane,1807,1,1.0,,169500000.0,27.36,24.45,204936.0,186143.0,186143.0,186143.0,186143.0,186143.0,186143.0,186143.0,Balanced,61.0,61.0,,,,,,Fast build up,Forward runs,51.0,4.0,3.0,3.0,,,,,,,,
1795,/team/1795/watford/240002,24,2,2023-09-22,Watford,14,Championship,2.0,14,England,70,70,71,69,896570.0,Vicarage Road,1923,2,8.0,,152500000.0,24.64,24.27,209532.0,242794.0,242794.0,242794.0,242794.0,242794.0,242794.0,242794.0,Press after possession loss,51.0,51.0,,,,,,Fast build up,Forward runs,61.0,4.0,3.0,3.0,,,,,,,,
1796,/team/1796/burnley/240002,24,2,2023-09-22,Burnley,13,Premier League,1.0,14,England,74,69,74,73,9954.0,Turf Moor,3,1,2.0,,178500000.0,24.0,24.3,228151.0,228151.0,228151.0,228151.0,228151.0,262642.0,191076.0,191076.0,Pressure on heavy touch,51.0,61.0,,,,,,Slow build up,Possession,71.0,6.0,3.0,3.0,,,,,,,,
1797,/team/1797/rotherham-united/240002,24,2,2023-09-22,Rotherham United,14,Championship,2.0,14,England,67,67,68,65,2733.0,Molton Road (Sheldon Stadium),1807,1,1.0,,4700000.0,25.91,25.85,235496.0,218623.0,218623.0,218623.0,218623.0,218623.0,218623.0,218623.0,Balanced,41.0,41.0,,,,,,Long ball,Direct passing,61.0,3.0,3.0,3.0,,,,,,,,
1798,/team/1798/milton-keynes-dons/240002,24,2,2023-09-22,Milton Keynes Dons,61,League Two,4.0,14,England,64,65,63,63,523983.0,Molton Road (Sheldon Stadium),1938,1,9.0,,2900000.0,26.18,24.79,208302.0,239611.0,230697.0,239611.0,239611.0,239611.0,230697.0,226514.0,Balanced,51.0,61.0,,,,,,Slow build up,Possession,71.0,4.0,3.0,3.0,,,,,,,,
1799,/team/1799/crystal-palace/240002,24,2,2023-09-22,Crystal Palace,13,Premier League,1.0,14,England,76,75,76,76,1346.0,Selhurst Park,1808,2,4.0,,741500000.0,27.0,24.24,241159.0,235794.0,235794.0,235794.0,235794.0,235794.0,235794.0,235794.0,Balanced,51.0,41.0,,,,,,Balanced,Balanced,61.0,3.0,3.0,3.0,,,,,,,,
1800,/team/1800/coventry-city/240002,24,2,2023-09-22,Coventry City,14,Championship,2.0,14,England,70,71,71,70,455489.0,Molton Road (Sheldon Stadium),95,1,6.0,,16500000.0,26.18,24.13,173671.0,225441.0,225441.0,225441.0,225441.0,187157.0,225441.0,251555.0,Press after possession loss,51.0,61.0,,,,,,Fast build up,Forward runs,71.0,4.0,3.0,3.0,,,,,,,,
1801,/team/1801/preston-north-end/240002,24,2,2023-09-22,Preston North End,14,Championship,2.0,14,England,70,69,70,68,8170.0,Molton Road (Sheldon Stadium),1926,1,5.0,,20000000.0,25.73,24.83,216464.0,216464.0,216464.0,216464.0,216464.0,201911.0,216464.0,216464.0,Balanced,51.0,51.0,,,,,,Fast build up,Forward runs,61.0,3.0,3.0,3.0,,,,,,,,
1802,/team/1802/gillingham/240002,24,2,2023-09-22,Gillingham,61,League Two,4.0,14,England,63,63,64,63,3038.0,Court Lane,1934,1,8.0,,2300000.0,28.18,25.5,181681.0,198776.0,198776.0,198776.0,198776.0,204007.0,198776.0,181681.0,Balanced,41.0,51.0,,,,,,Long ball,Direct passing,51.0,3.0,3.0,3.0,,,,,,,,
1803,/team/1803/walsall/240002,24,2,2023-09-22,Walsall,61,League Two,4.0,14,England,62,62,61,62,2141.0,Court Lane,127,1,6.0,,2300000.0,24.18,24.08,209493.0,245893.0,240708.0,245893.0,245893.0,224870.0,245893.0,245893.0,Pressure on heavy touch,51.0,51.0,,,,,,Long ball,Direct passing,61.0,3.0,3.0,3.0,,,,,,,,
1804,/team/1804/bradford-city/240002,24,2,2023-09-22,Bradford City,61,League Two,4.0,14,England,63,63,63,61,455458.0,Ivy Lane,8,1,9.0,,2400000.0,25.64,26.36,200806.0,206565.0,200806.0,206565.0,206565.0,192450.0,200806.0,200806.0,Balanced,51.0,61.0,,,,,,Slow build up,Possession,61.0,5.0,3.0,3.0,,,,,,,,
1805,/team/1805/grenoble-foot-38/240002,24,2,2023-09-22,Grenoble Foot 38,17,Ligue 2,2.0,18,France,67,65,67,67,94233.0,Stadion Neder,66,1,3.0,,20000000.0,25.73,25.28,196316.0,224590.0,224590.0,224590.0,224590.0,224590.0,224590.0,224590.0,Balanced,51.0,51.0,,,,,,Fast build up,Forward runs,61.0,3.0,3.0,3.0,,,,,,,,
1806,/team/1806/stoke-city/240002,24,2,2023-09-22,Stoke City,14,Championship,2.0,14,England,70,71,70,69,173023.0,Stoke City FC Stadium,1928,1,6.0,,55000000.0,25.45,24.72,217826.0,201887.0,201887.0,201887.0,201887.0,201887.0,201887.0,201887.0,Press after possession loss,61.0,61.0,,,,,,Fast build up,Forward runs,61.0,4.0,3.0,3.0,,,,,,,,
1807,/team/1807/sheffield-wednesday/240002,24,2,2023-09-22,Sheffield Wednesday,14,Championship,2.0,14,England,68,68,69,67,106189.0,Ivy Lane,1794,1,2.0,,10500000.0,28.36,26.47,183540.0,183540.0,183540.0,219216.0,183540.0,183540.0,219216.0,183540.0,Press after possession loss,61.0,51.0,,,,,,Balanced,Balanced,81.0,4.0,3.0,3.0,,,,,,,,
1808,/team/1808/brighton-hove-albion/240002,24,2,2023-09-22,Brighton & Hove Albion,13,Premier League,1.0,14,England,77,77,77,78,127889.0,The Amex Stadium,1799,3,5.0,,425000000.0,28.45,24.66,199915.0,206594.0,190765.0,190765.0,206594.0,255565.0,206594.0,206594.0,Press after possession loss,51.0,61.0,,,,,,Balanced,Balanced,51.0,6.0,3.0,3.0,,,,,,,,
1809,/team/1809/toulouse/240002,24,2,2023-09-22,Toulouse,16,Ligue 1,1.0,18,France,71,75,71,72,37700640.0,Stadion Europa (Generic Europe 2),59,1,3.0,,98000000.0,23.73,22.55,228593.0,242534.0,242534.0,242534.0,229649.0,252021.0,242534.0,242534.0,Balanced,61.0,51.0,,,,,,Slow build up,Possession,61.0,4.0,3.0,3.0,,,,,,,,
1814,/team/1814/laval/240002,24,2,2023-09-22,Laval,17,Ligue 2,2.0,18,France,67,67,67,66,456483.0,Town Park,1530,1,2.0,,18000000.0,29.0,26.9,208865.0,208865.0,208865.0,208865.0,208865.0,240133.0,254996.0,254996.0,Balanced,51.0,41.0,,,,,,Fast build up,Forward runs,61.0,3.0,3.0,3.0,,,,,,,,
1815,/team/1815/clermont/240002,24,2,2023-09-22,Clermont,16,Ligue 1,1.0,18,France,72,71,72,71,530329.0,Euro Park,1819,1,2.0,,75000000.0,27.91,25.84,193116.0,198731.0,208861.0,208861.0,198731.0,222636.0,198731.0,198731.0,Pressure on heavy touch,61.0,51.0,,,,,,Slow build up,Possession,61.0,4.0,3.0,3.0,,,,,,,,
1816,/team/1816/amiens-sc/240002,24,2,2023-09-22,Amiens SC,17,Ligue 2,2.0,18,France,68,67,68,65,95070.0,Stadion Neder,65,1,4.0,,26000000.0,26.91,25.0,176994.0,186197.0,186197.0,186197.0,186197.0,186197.0,186197.0,186197.0,Balanced,71.0,37.0,,,,,,Fast build up,Forward runs,61.0,3.0,3.0,3.0,,,,,,,,
1819,/team/1819/saint-etienne/240002,24,2,2023-09-22,Saint-Étienne,17,Ligue 2,2.0,18,France,71,70,70,71,94064.0,Ivy Lane,66,1,9.0,,60000000.0,26.18,24.97,223138.0,245855.0,256902.0,256902.0,245855.0,244022.0,245855.0,245855.0,Balanced,41.0,41.0,,,,,,Fast build up,Forward runs,61.0,4.0,3.0,3.0,,,,,,,,
1824,/team/1824/eintracht-frankfurt/240002,24,2,2023-09-22,Eintracht Frankfurt,19,Bundesliga,1.0,21,Germany,76,76,76,75,32849.0,Deutsche Bank Park,169,6,7.0,,685800000.0,26.73,24.03,200215.0,212187.0,212187.0,192318.0,212187.0,256675.0,192318.0,192318.0,Balanced,61.0,51.0,,,,,,Balanced,Balanced,51.0,5.0,3.0,3.0,,,,,,,,
1825,/team/1825/msv-duisburg/240002,24,2,2023-09-22,MSV Duisburg,2076,3. Liga,3.0,21,Germany,64,65,64,64,460646.0,Waldstadion (Fussballstadion),526,1,6.0,,10100000.0,25.91,24.64,238559.0,210237.0,203979.0,208589.0,210237.0,208589.0,210237.0,208589.0,Balanced,51.0,51.0,,,,,,Long ball,Direct passing,61.0,4.0,3.0,3.0,,,,,,,,
1829,/team/1829/vfb-lubeck/240002,24,2,2023-09-22,VfB Lübeck,2076,3. Liga,3.0,21,Germany,64,63,64,62,37581419.0,Town Park,576,1,1.0,,3200000.0,28.45,27.3,211875.0,189490.0,189490.0,189490.0,189490.0,189490.0,189490.0,189490.0,Balanced,41.0,41.0,,,,,,Fast build up,Forward runs,61.0,3.0,3.0,3.0,,,,,,,,
1831,/team/1831/fc-union-berlin/240002,24,2,2023-09-22,FC Union Berlin,19,Bundesliga,1.0,21,Germany,77,77,75,77,455712.0,Stadion An der Alten Försterei,166,4,5.0,,135000000.0,27.45,26.54,211999.0,257771.0,257771.0,257771.0,257771.0,203030.0,257771.0,257771.0,Pressure on heavy touch,31.0,37.0,,,,,,Long ball,Direct passing,51.0,4.0,3.0,3.0,,,,,,,,
1832,/team/1832/karlsruher-sc/240002,24,2,2023-09-22,Karlsruher SC,20,2. Bundesliga,2.0,21,Germany,69,74,70,68,30044.0,Euro Arena,29,1,5.0,,9900000.0,29.82,26.48,211907.0,228245.0,228245.0,228245.0,228245.0,228245.0,228245.0,211872.0,Balanced,41.0,51.0,,,,,,Balanced,Balanced,71.0,4.0,3.0,3.0,,,,,,,,
1837,/team/1837/sampdoria/240002,24,2,2023-09-22,Sampdoria,32,Serie B,2.0,27,Italy,69,70,68,68,127989.0,Stadion Europa (Generic Europe 2),110556,3,9.0,,80000000.0,24.45,24.07,205934.0,205531.0,205531.0,205531.0,205531.0,228378.0,205531.0,205531.0,Balanced,51.0,51.0,,,,,,Long ball,Direct passing,51.0,5.0,3.0,3.0,,,,,,,,
1842,/team/1842/cagliari/240002,24,2,2023-09-22,Cagliari,31,Serie A,1.0,27,Italy,72,72,72,71,128311.0,Stadio Classico,48,1,2.0,,65000000.0,25.0,26.5,230965.0,240100.0,240100.0,240100.0,240100.0,259011.0,240100.0,240100.0,Pressure on heavy touch,51.0,61.0,,,,,,Long ball,Direct passing,61.0,4.0,3.0,3.0,,,,,,,,
1843,/team/1843/palermo/240002,24,2,2023-09-22,Palermo,32,Serie B,2.0,27,Italy,70,72,70,70,127492.0,Stadio Classico,111657,2,8.0,,24000000.0,27.91,25.96,253019.0,212381.0,212381.0,212381.0,212381.0,253019.0,220517.0,212381.0,Balanced,41.0,51.0,,,,,,Slow build up,Possession,61.0,5.0,3.0,3.0,,,,,,,,
1846,/team/1846/lecco/240002,24,2,2023-09-22,Lecco,32,Serie B,2.0,27,Italy,65,65,66,65,14011820.0,Euro Arena,1745,1,1.0,,6100000.0,28.82,25.97,276802.0,235215.0,235215.0,235215.0,235215.0,192587.0,235215.0,235215.0,Balanced,41.0,51.0,,,,,,Balanced,Balanced,51.0,3.0,3.0,3.0,,,,,,,,
1847,/team/1847/ascoli/240002,24,2,2023-09-22,Ascoli,32,Serie B,2.0,27,Italy,68,67,67,68,130460.0,Arena d'Oro,206,1,7.0,,15000000.0,26.73,25.86,203888.0,243527.0,243527.0,243527.0,243527.0,254824.0,243527.0,243527.0,Balanced,61.0,41.0,,,,,,Balanced,Balanced,51.0,3.0,3.0,3.0,,,,,,,,
1848,/team/1848/bari-1908/240002,24,2,2023-09-22,Bari 1908,32,Serie B,2.0,27,Italy,69,63,69,68,130912.0,Stadion Olympik,347,2,8.0,,28000000.0,27.09,26.92,137786.0,203782.0,198223.0,203782.0,203782.0,203782.0,198223.0,198223.0,Balanced,41.0,61.0,,,,,,Long ball,Direct passing,41.0,3.0,3.0,3.0,,,,,,,,
1853,/team/1853/levante/240002,24,2,2023-09-22,Levante,54,La Liga 2,2.0,45,Spain,71,70,70,71,185346.0,Estadio Ciutat de València,461,1,9.0,,49000000.0,26.18,24.1,214639.0,243312.0,243312.0,243312.0,243312.0,262081.0,252598.0,252598.0,Balanced,61.0,61.0,,,,,,Balanced,Balanced,71.0,4.0,3.0,3.0,,,,,,,,
1854,/team/1854/albacete/240002,24,2,2023-09-22,Albacete,54,La Liga 2,2.0,45,Spain,69,69,69,69,533871.0,Estadio Nacional (El Medio),1853,1,4.0,,2500000.0,27.55,26.44,228221.0,252079.0,252079.0,252079.0,252079.0,252079.0,252079.0,252079.0,Balanced,51.0,41.0,,,,,,Fast build up,Forward runs,51.0,4.0,3.0,3.0,,,,,,,,
1860,/team/1860/getafe/240002,24,2,2023-09-22,Getafe,53,La Liga,1.0,45,Spain,76,82,76,75,524009.0,Coliseum Alfonso Pérez,100888,4,5.0,,45000000.0,28.36,26.11,217940.0,203843.0,203843.0,203843.0,203843.0,223197.0,203843.0,203843.0,Pressure on heavy touch,41.0,71.0,,,,,,Fast build up,Forward runs,71.0,3.0,3.0,3.0,,,,,,,,
1861,/team/1861/almeria/240002,24,2,2023-09-22,Almería,53,La Liga,1.0,45,Spain,75,75,74,74,185336.0,Power Horse Stadium,110832,1,2.0,,47000000.0,24.82,24.13,235008.0,235008.0,235008.0,235008.0,235008.0,219953.0,235008.0,235008.0,Balanced,41.0,51.0,,,,,,Slow build up,Possession,71.0,4.0,3.0,3.0,,,,,,,,
1862,/team/1862/lausanne-sport/240002,24,2,2023-09-22,Lausanne Sport,189,Super League,1.0,47,Switzerland,67,67,68,65,29608.0,Stadion Neder,115201,2,6.0,,15000000.0,24.82,25.69,218887.0,218887.0,218887.0,218887.0,218887.0,218887.0,218887.0,218887.0,Balanced,61.0,41.0,,,,,,Fast build up,Forward runs,61.0,3.0,3.0,3.0,,,,,,,,
1871,/team/1871/legia-warszawa/240002,24,2,2023-09-22,Legia Warszawa,66,Ekstraklasa,1.0,37,Poland,68,68,69,67,896549.0,Waldstadion (Fussballstadion),873,4,10.0,,15000000.0,27.73,25.79,177790.0,199739.0,199739.0,199739.0,199739.0,199739.0,199739.0,199739.0,Press after possession loss,51.0,71.0,,,,,,Balanced,Balanced,71.0,5.0,3.0,3.0,,,,,,,,
1874,/team/1874/ferencvaros/240002,24,2,2023-09-22,Ferencváros,64,NB I.,1.0,23,Hungary,71,71,71,70,127597.0,Stadion Neder,254,4,10.0,,43000000.0,26.18,26.61,221610.0,205207.0,237566.0,275976.0,205207.0,245694.0,205207.0,275976.0,Balanced,51.0,51.0,,,,,,Fast build up,Forward runs,51.0,5.0,3.0,3.0,,,,,,,,
1876,/team/1876/river-plate/240002,24,2,2023-09-22,River Plate,353,Liga Profesional,1.0,52,Argentina,76,75,77,75,1398.0,El Monumento (Estadio Latino),1877,9,10.0,,240000000.0,30.82,28.82,196432.0,215998.0,215998.0,240699.0,215998.0,236007.0,240699.0,215998.0,Pressure on heavy touch,41.0,71.0,,,,,,Slow build up,Possession,51.0,6.0,3.0,3.0,,,,,,,,
1877,/team/1877/boca-juniors/240002,24,2,2023-09-22,Boca Juniors,353,Liga Profesional,1.0,52,Argentina,75,76,73,75,37646001.0,La Bombonera,1876,9,10.0,,199400000.0,29.09,27.86,201862.0,211269.0,211269.0,211269.0,211269.0,179813.0,211269.0,211269.0,Balanced,51.0,61.0,,,,,,Fast build up,Forward runs,71.0,6.0,3.0,3.0,,,,,,,,
1884,/team/1884/panathinaikos/240002,24,2,2023-09-22,Panathinaikos,63,Super League,1.0,22,Greece,74,74,75,72,11311416.0,Stadio Classico,278,4,7.0,,45000000.0,29.55,28.5,190156.0,205525.0,190156.0,205525.0,205525.0,231786.0,212715.0,212715.0,Pressure on heavy touch,41.0,51.0,,,,,,Slow build up,Possession,61.0,4.0,3.0,3.0,,,,,,,,
1886,/team/1886/hungary/240002,24,2,2023-09-22,Hungary,78,Friendly International,,23,Hungary,75,73,72,74,457036.0,Waldstadion (Fussballstadion),1356,4,,,,26.91,26.38,236772.0,236772.0,236772.0,236772.0,236772.0,236772.0,236772.0,236772.0,Balanced,51.0,41.0,,,,,,Fast build up,Forward runs,71.0,4.0,3.0,3.0,,,,,,,,
1887,/team/1887/vitoria-sc/240002,24,2,2023-09-22,Vitória SC,308,Liga Portugal,1.0,38,Portugal,71,70,72,69,37675108.0,Stade Municipal,1896,2,7.0,,40500000.0,26.18,24.48,219754.0,212474.0,212474.0,212474.0,212474.0,212474.0,212474.0,212474.0,Balanced,51.0,61.0,,,,,,Fast build up,Forward runs,71.0,3.0,3.0,3.0,,,,,,,,
1888,/team/1888/gil-vicente/240002,24,2,2023-09-22,Gil Vicente,308,Liga Portugal,1.0,38,Portugal,68,66,69,66,1552838.0,Court Lane,112809,1,4.0,,7000000.0,25.73,23.97,18115.0,257899.0,257899.0,257899.0,257899.0,264427.0,225696.0,225696.0,Balanced,41.0,51.0,,,,,,Fast build up,Forward runs,71.0,4.0,3.0,3.0,,,,,,,,
1896,/team/1896/sporting-braga/240002,24,2,2023-09-22,Sporting Braga,308,Liga Portugal,1.0,38,Portugal,76,77,77,75,37522422.0,Forest Park Stadium (Square Ground),1887,3,8.0,,100000000.0,26.91,26.36,213516.0,213516.0,226370.0,213516.0,213516.0,213516.0,213516.0,213516.0,Pressure on heavy touch,51.0,51.0,,,,,,Balanced,Balanced,61.0,4.0,3.0,3.0,,,,,,,,
1898,/team/1898/boavista/240002,24,2,2023-09-22,Boavista,308,Liga Portugal,1.0,38,Portugal,69,67,70,70,6971228.0,Stade Municipal,1887,1,5.0,,9500000.0,26.36,23.4,214606.0,204737.0,204737.0,204737.0,204737.0,271291.0,204737.0,204737.0,Pressure on heavy touch,41.0,51.0,,,,,,Long ball,Direct passing,51.0,3.0,3.0,3.0,,,,,,,,
1900,/team/1900/moreirense/240002,24,2,2023-09-22,Moreirense,308,Liga Portugal,1.0,38,Portugal,68,68,68,68,1552520.0,_Longville Stadium,1887,1,4.0,,7300000.0,25.45,24.23,246093.0,213705.0,246093.0,213705.0,213705.0,246093.0,213705.0,213705.0,Balanced,51.0,41.0,,,,,,Long ball,Direct passing,61.0,3.0,3.0,3.0,,,,,,,,
1903,/team/1903/fc-utrecht/240002,24,2,2023-09-22,FC Utrecht,10,Eredivisie,1.0,34,Netherlands,70,67,70,70,456555.0,Ivy Lane,245,2,6.0,,60800000.0,25.73,24.32,207725.0,256890.0,198006.0,198006.0,256890.0,198006.0,198006.0,256890.0,Balanced,41.0,41.0,,,,,,Balanced,Balanced,61.0,3.0,3.0,3.0,,,,,,,,
1905,/team/1905/rkc-waalwijk/240002,24,2,2023-09-22,RKC Waalwijk,10,Eredivisie,1.0,34,Netherlands,66,66,64,67,523972.0,Molton Road (Sheldon Stadium),634,1,2.0,,15100000.0,25.91,24.74,184614.0,208790.0,208790.0,208790.0,208790.0,184614.0,208790.0,208790.0,Balanced,51.0,41.0,,,,,,Balanced,Balanced,61.0,4.0,3.0,3.0,,,,,,,,
1906,/team/1906/az-alkmaar/240002,24,2,2023-09-22,AZ Alkmaar,10,Eredivisie,1.0,34,Netherlands,73,71,73,71,459182.0,Stadion Neder,245,4,8.0,,119800000.0,24.36,22.47,199422.0,242916.0,242916.0,242916.0,234671.0,239361.0,242916.0,242916.0,Press after possession loss,61.0,61.0,,,,,,Slow build up,Possession,61.0,6.0,3.0,3.0,,,,,,,,
1908,/team/1908/fc-twente/240002,24,2,2023-09-22,FC Twente,10,Eredivisie,1.0,34,Netherlands,71,70,70,73,22158402.0,Waldstadion (Fussballstadion),100634,2,7.0,,69600000.0,24.73,23.44,208462.0,257502.0,245209.0,229435.0,257502.0,229435.0,245209.0,245209.0,Press after possession loss,51.0,61.0,,,,,,Long ball,Direct passing,61.0,4.0,3.0,3.0,,,,,,,,
1909,/team/1909/vitesse/240002,24,2,2023-09-22,Vitesse,10,Eredivisie,1.0,34,Netherlands,68,67,69,67,23029.0,Stade Municipal,1910,2,5.0,,37600000.0,25.55,22.96,199767.0,199767.0,199767.0,199767.0,199767.0,199767.0,199767.0,199767.0,Balanced,61.0,51.0,,,,,,Balanced,Balanced,61.0,4.0,3.0,3.0,,,,,,,,
1910,/team/1910/nec/240002,24,2,2023-09-22,NEC,10,Eredivisie,1.0,34,Netherlands,69,70,68,68,23707.0,Molton Road (Sheldon Stadium),1909,1,4.0,,27500000.0,26.09,23.39,172143.0,172143.0,172143.0,172143.0,172143.0,172143.0,172143.0,172143.0,Balanced,61.0,51.0,,,,,,Balanced,Balanced,61.0,3.0,3.0,3.0,,,,,,,,
1913,/team/1913/sc-heerenveen/240002,24,2,2023-09-22,SC Heerenveen,10,Eredivisie,1.0,34,Netherlands,69,70,69,68,32031640.0,Waldstadion (Fussballstadion),1909,1,5.0,,41500000.0,25.55,23.38,213000.0,209316.0,209316.0,209316.0,209316.0,277558.0,209316.0,209316.0,Balanced,41.0,41.0,,,,,,Fast build up,Forward runs,61.0,4.0,3.0,3.0,,,,,,,,
1914,/team/1914/pec-zwolle/240002,24,2,2023-09-22,PEC Zwolle,10,Eredivisie,1.0,34,Netherlands,66,68,66,66,33968968.0,Molton Road (Sheldon Stadium),100632,1,3.0,,21200000.0,25.82,24.07,209371.0,226539.0,226539.0,226539.0,226539.0,242202.0,226539.0,226539.0,Balanced,51.0,51.0,,,,,,Balanced,Balanced,71.0,5.0,3.0,3.0,,,,,,,,
1917,/team/1917/wigan-athletic/240002,24,2,2023-09-22,Wigan Athletic,60,League One,3.0,14,England,65,67,63,64,1334.0,Ivy Lane,4,1,7.0,,9800000.0,24.0,23.73,240673.0,235347.0,247731.0,240673.0,235347.0,204217.0,247731.0,235347.0,Balanced,61.0,41.0,,,,,,Long ball,Direct passing,61.0,5.0,3.0,3.0,,,,,,,,
1919,/team/1919/bristol-city/240002,24,2,2023-09-22,Bristol City,14,Championship,2.0,14,England,69,67,70,69,896553.0,Stade Municipal,1962,1,6.0,,60000000.0,26.18,23.93,186139.0,186139.0,186139.0,186139.0,186139.0,202686.0,186139.0,186139.0,Balanced,71.0,41.0,,,,,,Fast build up,Forward runs,71.0,4.0,3.0,3.0,,,,,,,,
1923,/team/1923/luton-town/240002,24,2,2023-09-22,Luton Town,13,Premier League,1.0,14,England,72,72,72,72,562.0,Court Lane,1795,1,1.0,,107500000.0,26.55,26.8,211363.0,252483.0,211363.0,252483.0,199189.0,229375.0,199189.0,252483.0,Pressure on heavy touch,51.0,51.0,,,,,,Balanced,Balanced,71.0,4.0,3.0,3.0,,,,,,,,
1925,/team/1925/brentford/240002,24,2,2023-09-22,Brentford,13,Premier League,1.0,14,England,76,75,76,76,24427744.0,Stadium_450,15,2,3.0,,220500000.0,26.36,24.52,210697.0,243014.0,229723.0,243014.0,243014.0,243014.0,229723.0,243014.0,Balanced,51.0,51.0,,,,,,Balanced,Balanced,51.0,4.0,3.0,3.0,,,,,,,,
1926,/team/1926/blackpool/240002,24,2,2023-09-22,Blackpool,60,League One,3.0,14,England,66,66,65,66,2823538.0,Molton Road (Sheldon Stadium),1801,1,8.0,,8000000.0,25.27,24.71,250810.0,245761.0,245761.0,245761.0,245761.0,238990.0,245761.0,245761.0,Pressure on heavy touch,51.0,51.0,,,,,,Long ball,Direct passing,61.0,3.0,3.0,3.0,,,,,,,,
1928,/team/1928/port-vale/240002,24,2,2023-09-22,Port Vale,60,League One,3.0,14,England,63,62,63,64,37533538.0,Court Lane,1806,1,2.0,,3300000.0,26.27,25.17,222625.0,258102.0,258102.0,258102.0,216790.0,213642.0,258102.0,216790.0,Pressure on heavy touch,41.0,61.0,,,,,,Long ball,Direct passing,61.0,4.0,3.0,3.0,,,,,,,,
1929,/team/1929/plymouth-argyle/240002,24,2,2023-09-22,Plymouth Argyle,14,Championship,2.0,14,England,67,67,67,67,7101.0,Molton Road (Sheldon Stadium),143,1,1.0,,4400000.0,24.27,23.32,192231.0,252796.0,243353.0,252796.0,252796.0,226084.0,252796.0,252796.0,Balanced,61.0,41.0,,,,,,Balanced,Balanced,51.0,6.0,3.0,3.0,,,,,,,,
1930,/team/1930/northampton-town/240002,24,2,2023-09-22,Northampton Town,60,League One,3.0,14,England,63,65,64,63,37430718.0,Court Lane,1938,1,2.0,,2400000.0,24.45,24.23,208188.0,213969.0,213969.0,203328.0,213969.0,203328.0,203328.0,213969.0,Pressure on heavy touch,41.0,71.0,,,,,,Slow build up,Possession,61.0,3.0,3.0,3.0,,,,,,,,
1931,/team/1931/stockport-county/240002,24,2,2023-09-22,Stockport County,61,League Two,4.0,14,England,64,63,65,63,1467959.0,Town Park,121,1,10.0,,2800000.0,26.73,24.96,189808.0,204979.0,246249.0,189808.0,204979.0,189808.0,228781.0,246249.0,Press after possession loss,51.0,81.0,,,,,,Slow build up,Possession,61.0,6.0,3.0,3.0,,,,,,,,
1932,/team/1932/barnsley/240002,24,2,2023-09-22,Barnsley,60,League One,3.0,14,England,66,64,67,63,1752.0,Forest Park Stadium (Square Ground),1794,1,8.0,,7200000.0,24.0,23.43,237415.0,243842.0,243842.0,243842.0,243842.0,206134.0,236247.0,243842.0,Pressure on heavy touch,51.0,51.0,,,,,,Fast build up,Forward runs,71.0,3.0,3.0,3.0,,,,,,,,
1933,/team/1933/wycombe-wanderers/240002,24,2,2023-09-22,Wycombe Wanderers,60,League One,3.0,14,England,65,64,65,64,7464.0,Court Lane,1935,1,7.0,,5500000.0,26.0,25.85,205015.0,239119.0,239119.0,239119.0,239119.0,179746.0,203138.0,239119.0,Press after possession loss,61.0,51.0,,,,,,Balanced,Balanced,71.0,5.0,3.0,3.0,,,,,,,,
1934,/team/1934/swindon-town/240002,24,2,2023-09-22,Swindon Town,61,League Two,4.0,14,England,62,62,62,61,2133.0,Court Lane,1951,1,4.0,,2100000.0,24.45,22.64,195671.0,238059.0,238059.0,238059.0,238059.0,195671.0,238059.0,240248.0,Balanced,61.0,41.0,,,,,,Slow build up,Possession,71.0,3.0,3.0,3.0,,,,,,,,
1935,/team/1935/colchester-united/240002,24,2,2023-09-22,Colchester United,61,League Two,4.0,14,England,62,59,61,61,37386304.0,Court Lane,94,1,3.0,,2000000.0,23.09,23.0,257863.0,246326.0,246326.0,246326.0,236818.0,269691.0,246326.0,246326.0,Pressure on heavy touch,51.0,51.0,,,,,,Fast build up,Forward runs,61.0,6.0,3.0,3.0,,,,,,,,
1936,/team/1936/cheltenham-town/240002,24,2,2023-09-22,Cheltenham Town,60,League One,3.0,14,England,63,63,62,63,22136573.0,Court Lane,561,1,2.0,,3700000.0,25.91,23.25,218591.0,188490.0,253374.0,188490.0,188490.0,188490.0,188490.0,188490.0,Balanced,61.0,41.0,,,,,,Long ball,Direct passing,51.0,4.0,3.0,3.0,,,,,,,,
1937,/team/1937/notts-county/240002,24,2,2023-09-22,Notts County,61,League Two,4.0,14,England,62,66,63,60,524299.0,Ivy Lane,14,1,10.0,,2300000.0,27.73,26.79,232114.0,184387.0,184387.0,224956.0,184387.0,180818.0,224956.0,211228.0,Press after possession loss,51.0,81.0,,,,,,Slow build up,Possession,81.0,4.0,3.0,3.0,,,,,,,,
1938,/team/1938/peterborough-united/240002,24,2,2023-09-22,Peterborough United,60,League One,3.0,14,England,65,71,65,65,455607.0,Court Lane,1944,1,8.0,,6800000.0,22.55,21.72,236784.0,200779.0,240605.0,200779.0,200779.0,200779.0,240605.0,240605.0,Balanced,61.0,61.0,,,,,,Balanced,Balanced,61.0,6.0,3.0,3.0,,,,,,,,
1939,/team/1939/huddersfield-town/240002,24,2,2023-09-22,Huddersfield Town,14,Championship,2.0,14,England,68,68,66,67,384.0,Kirklees Stadium,8,1,3.0,,43000000.0,26.73,25.15,183546.0,251690.0,251690.0,251690.0,251690.0,233565.0,251690.0,251690.0,Balanced,61.0,61.0,,,,,,Fast build up,Forward runs,61.0,4.0,3.0,3.0,,,,,,,,
1940,/team/1940/mansfield-town/240002,24,2,2023-09-22,Mansfield Town,61,League Two,4.0,14,England,63,62,63,63,455570.0,Court Lane,149,1,9.0,,2800000.0,29.09,27.0,202408.0,173673.0,173673.0,173673.0,173673.0,236487.0,236487.0,236487.0,Press after possession loss,41.0,61.0,,,,,,Slow build up,Possession,51.0,5.0,3.0,3.0,,,,,,,,
1943,/team/1943/afc-bournemouth/240002,24,2,2023-09-22,AFC Bournemouth,13,Premier League,1.0,14,England,75,75,75,74,270.0,Vitality Stadium,17,1,2.0,,215500000.0,25.09,25.03,194404.0,220714.0,220714.0,220714.0,220714.0,225539.0,213693.0,213693.0,Press after possession loss,61.0,51.0,,,,,,Slow build up,Possession,81.0,5.0,3.0,3.0,,,,,,,,
1944,/team/1944/cambridge-united/240002,24,2,2023-09-22,Cambridge United,60,League One,3.0,14,England,63,63,63,64,27048405.0,Town Park,1938,1,2.0,,3700000.0,27.64,25.0,206535.0,190620.0,220894.0,220894.0,190620.0,248740.0,190620.0,190620.0,Balanced,41.0,41.0,,,,,,Long ball,Direct passing,51.0,4.0,3.0,3.0,,,,,,,,
1947,/team/1947/wrexham/240002,24,2,2023-09-22,Wrexham,61,League Two,4.0,50,Wales,65,59,63,65,6983785.0,Crown Lane,127,1,10.0,,2500000.0,28.82,27.18,184843.0,210108.0,210108.0,210108.0,210108.0,219550.0,202698.0,202698.0,Balanced,51.0,61.0,,,,,,Slow build up,Possession,71.0,6.0,3.0,3.0,,,,,,,,
1951,/team/1951/oxford-united/240002,24,2,2023-09-22,Oxford United,60,League One,3.0,14,England,65,65,65,65,25187743.0,Court Lane,1934,1,7.0,,5300000.0,24.91,24.14,235263.0,220940.0,220940.0,220940.0,220940.0,220940.0,220940.0,220940.0,Pressure on heavy touch,61.0,61.0,,,,,,Slow build up,Possession,71.0,5.0,3.0,3.0,,,,,,,,
1952,/team/1952/hull-city/240002,24,2,2023-09-22,Hull City,14,Championship,2.0,14,England,70,69,71,70,126.0,MKM Stadium,8,1,3.0,,15300000.0,25.45,23.6,224099.0,237619.0,237619.0,237619.0,225151.0,223154.0,237619.0,237619.0,Balanced,41.0,51.0,,,,,,Slow build up,Possession,61.0,4.0,3.0,3.0,,,,,,,,
1958,/team/1958/leyton-orient/240002,24,2,2023-09-22,Leyton Orient,60,League One,3.0,14,England,64,64,64,63,2103.0,Court Lane,19,1,3.0,,3000000.0,25.45,24.11,194759.0,201446.0,201446.0,201446.0,201446.0,201446.0,201446.0,201446.0,Balanced,51.0,51.0,,,,,,Slow build up,Possession,51.0,3.0,3.0,3.0,,,,,,,,
1960,/team/1960/swansea-city/240002,24,2,2023-09-22,Swansea City,14,Championship,2.0,50,Wales,69,70,70,67,1458.0,Swansea.com Stadium,1961,1,7.0,,98500000.0,23.36,23.93,212118.0,221890.0,212118.0,212118.0,221890.0,226507.0,212118.0,212118.0,Balanced,41.0,51.0,,,,,,Slow build up,Possession,61.0,5.0,3.0,3.0,,,,,,,,
1961,/team/1961/cardiff-city/240002,24,2,2023-09-22,Cardiff City,14,Championship,2.0,50,Wales,70,70,71,68,465167.0,Cardiff City Stadium,1960,1,4.0,,70000000.0,26.91,24.97,204464.0,204464.0,204464.0,204464.0,204464.0,204464.0,204464.0,204464.0,Balanced,51.0,41.0,,,,,,Balanced,Balanced,61.0,4.0,3.0,3.0,,,,,,,,
1962,/team/1962/bristol-rovers/240002,24,2,2023-09-22,Bristol Rovers,60,League One,3.0,14,England,64,65,65,63,658.0,Court Lane,1919,1,5.0,,3200000.0,24.36,25.41,225509.0,231580.0,235059.0,225509.0,231580.0,195126.0,244054.0,231580.0,Pressure on heavy touch,51.0,71.0,,,,,,Balanced,Balanced,51.0,3.0,3.0,3.0,,,,,,,,
1968,/team/1968/cadiz/240002,24,2,2023-09-22,Cádiz,53,La Liga,1.0,45,Spain,75,74,75,73,184794.0,Nuevo Mirandilla,481,1,4.0,,5000000.0,29.64,27.28,229628.0,229788.0,229788.0,229788.0,229788.0,229788.0,229788.0,229788.0,Balanced,41.0,41.0,,,,,,Long ball,Direct passing,81.0,5.0,3.0,3.0,,,,,,,,
1971,/team/1971/excelsior/240002,24,2,2023-09-22,Excelsior,10,Eredivisie,1.0,34,Netherlands,66,65,65,65,4187834.0,Court Lane,100646,1,1.0,,11900000.0,22.82,22.54,269436.0,269471.0,269436.0,269471.0,269436.0,269472.0,269471.0,269471.0,Balanced,41.0,41.0,,,,,,Long ball,Direct passing,41.0,3.0,3.0,3.0,,,,,,,,
2013,/team/2013/as-eupen/240002,24,2,2023-09-22,AS Eupen,4,Jupiler Pro League,1.0,7,Belgium,66,67,67,65,460266.0,Court Lane,232,1,2.0,,22000000.0,25.27,24.04,251539.0,211818.0,197831.0,211818.0,211818.0,195586.0,211818.0,211818.0,Balanced,51.0,41.0,,,,,,Balanced,Balanced,71.0,3.0,3.0,3.0,,,,,,,,
2014,/team/2014/union-saint-gilloise/240002,24,2,2023-09-22,Union Saint-Gilloise,4,Jupiler Pro League,1.0,7,Belgium,70,68,70,71,35571.0,Town Park,229,2,8.0,,55000000.0,25.91,24.36,184167.0,256688.0,210044.0,256688.0,256688.0,239323.0,244318.0,244318.0,Press after possession loss,51.0,51.0,,,,,,Long ball,Direct passing,61.0,4.0,3.0,3.0,,,,,,,,
2017,/team/2017/hartberg/240002,24,2,2023-09-22,Hartberg,80,Bundesliga,1.0,4,Austria,65,64,65,64,1552672.0,Euro Park,209,1,2.0,,8400000.0,23.91,23.93,244435.0,203615.0,203615.0,203615.0,203615.0,263464.0,232843.0,263464.0,Pressure on heavy touch,51.0,41.0,,,,,,Long ball,Direct passing,51.0,3.0,3.0,3.0,,,,,,,,
2056,/team/2056/daegu/240002,24,2,2023-09-22,Daegu,83,K League 1,1.0,167,Korea Republic,66,69,65,65,37646004.0,Stadion Neder,1474,4,7.0,,10600000.0,29.09,25.68,225733.0,225733.0,225733.0,225733.0,225733.0,225733.0,225733.0,225733.0,Balanced,51.0,51.0,,,,,,Long ball,Direct passing,61.0,3.0,3.0,3.0,,,,,,,,
8001,/team/8001/rwdm/240002,24,2,2023-09-22,RWDM,4,Jupiler Pro League,1.0,7,Belgium,68,69,66,67,60374.0,Crown Lane,229,1,4.0,,11000000.0,27.45,24.71,208214.0,204320.0,204320.0,204320.0,204320.0,245652.0,204320.0,204320.0,Balanced,51.0,61.0,,,,,,Fast build up,Forward runs,41.0,4.0,3.0,3.0,,,,,,,,
10020,/team/10020/estoril/240002,24,2,2023-09-22,Estoril,308,Liga Portugal,1.0,38,Portugal,69,69,66,69,23386218.0,_Oktigann Park,114510,1,4.0,,6800000.0,23.55,23.7,262417.0,243270.0,274465.0,243270.0,243270.0,211561.0,274465.0,274465.0,Balanced,51.0,51.0,,,,,,Fast build up,Forward runs,61.0,4.0,3.0,3.0,,,,,,,,
10029,/team/10029/tsg-hoffenheim/240002,24,2,2023-09-22,TSG Hoffenheim,19,Bundesliga,1.0,21,Germany,76,77,76,75,45305.0,PreZero Arena,36,4,5.0,,331100000.0,29.45,25.06,193698.0,216354.0,216354.0,216354.0,216354.0,216354.0,228336.0,228336.0,Balanced,61.0,51.0,,,,,,Balanced,Balanced,61.0,8.0,3.0,3.0,,,,,,,,
10030,/team/10030/paderborn/240002,24,2,2023-09-22,Paderborn,20,2. Bundesliga,2.0,21,Germany,69,71,67,69,896619.0,Benteler-Arena,159,1,6.0,,29300000.0,26.09,24.73,229692.0,239696.0,239696.0,239696.0,183574.0,183574.0,239696.0,183574.0,Pressure on heavy touch,51.0,71.0,,,,,,Fast build up,Forward runs,61.0,5.0,3.0,3.0,,,,,,,,
10031,/team/10031/portimonense/240002,24,2,2023-09-22,Portimonense,308,Liga Portugal,1.0,38,Portugal,69,69,69,67,20694532.0,_Oktigann Park,489,1,3.0,,17600000.0,25.45,23.57,184999.0,184999.0,184999.0,184999.0,184999.0,184999.0,209828.0,184999.0,Balanced,51.0,41.0,,,,,,Long ball,Direct passing,61.0,3.0,3.0,3.0,,,,,,,,
10032,/team/10032/lugano/240002,24,2,2023-09-22,Lugano,189,Super League,1.0,47,Switzerland,67,69,69,64,198883.0,Euro Park,900,2,4.0,,28500000.0,25.91,24.39,229845.0,210537.0,229845.0,229845.0,210537.0,240317.0,229845.0,229845.0,Pressure on heavy touch,51.0,51.0,,,,,,Fast build up,Forward runs,61.0,4.0,3.0,3.0,,,,,,,,
10846,/team/10846/burgos/240002,24,2,2023-09-22,Burgos,54,La Liga 2,2.0,45,Spain,69,69,70,69,524834.0,Court Lane,110069,1,1.0,,2500000.0,27.91,26.43,233588.0,231733.0,231733.0,231733.0,231733.0,231733.0,231733.0,231733.0,Balanced,41.0,41.0,,,,,,Long ball,Direct passing,61.0,4.0,3.0,3.0,,,,,,,,
15001,/team/15001/lyngby/240002,24,2,2023-09-22,Lyngby,1,Superliga,1.0,13,Denmark,65,63,66,64,37524040.0,Euro Park,1788,1,2.0,,3600000.0,25.27,24.71,198534.0,245270.0,245270.0,245270.0,245270.0,234489.0,245270.0,245270.0,Press after possession loss,51.0,61.0,,,,,,Fast build up,Forward runs,61.0,3.0,3.0,3.0,,,,,,,,
15009,/team/15009/rheindorf-altach/240002,24,2,2023-09-22,Rheindorf Altach,80,Bundesliga,1.0,4,Austria,64,64,64,64,51400.0,Molton Road (Sheldon Stadium),781,2,4.0,,9700000.0,26.73,24.33,223427.0,228058.0,228058.0,228058.0,228058.0,229477.0,243618.0,252254.0,Balanced,51.0,51.0,,,,,,Balanced,Balanced,61.0,3.0,3.0,3.0,,,,,,,,
15015,/team/15015/burton-albion/240002,24,2,2023-09-22,Burton Albion,60,League One,3.0,14,England,64,64,64,64,11018.0,Town Park,91,1,4.0,,5800000.0,27.64,25.54,190247.0,228153.0,228153.0,228153.0,228153.0,228153.0,228153.0,228153.0,Balanced,41.0,51.0,,,,,,Long ball,Direct passing,61.0,4.0,3.0,3.0,,,,,,,,
15040,/team/15040/wsg-tirol/240002,24,2,2023-09-22,WSG Tirol,80,Bundesliga,1.0,4,Austria,65,63,66,64,452862.0,_Longville Stadium,15009,1,1.0,,10400000.0,23.91,23.46,231840.0,263318.0,263318.0,266459.0,263318.0,271005.0,263318.0,263318.0,Balanced,51.0,41.0,,,,,,Long ball,Direct passing,61.0,3.0,3.0,3.0,,,,,,,,
15048,/team/15048/tranmere-rovers/240002,24,2,2023-09-22,Tranmere Rovers,61,League Two,4.0,14,England,61,62,61,60,524223.0,Ivy Lane,4,1,7.0,,2300000.0,26.91,25.27,222947.0,237731.0,237731.0,237731.0,237731.0,237731.0,227947.0,227947.0,Balanced,61.0,51.0,,,,,,Balanced,Balanced,51.0,6.0,3.0,3.0,,,,,,,,
100081,/team/100081/kortrijk/240002,24,2,2023-09-22,Kortrijk,4,Jupiler Pro League,1.0,7,Belgium,68,70,67,66,37575018.0,Court Lane,674,2,4.0,,27000000.0,24.73,24.54,264201.0,203633.0,262024.0,203633.0,264201.0,219988.0,264201.0,264201.0,Balanced,51.0,41.0,,,,,,Balanced,Balanced,51.0,3.0,3.0,3.0,,,,,,,,
100087,/team/100087/oh-leuven/240002,24,2,2023-09-22,OH Leuven,4,Jupiler Pro League,1.0,7,Belgium,69,65,69,67,1533127.0,Court Lane,110724,1,4.0,,23000000.0,23.82,24.26,220847.0,241474.0,241474.0,241474.0,241474.0,274359.0,241474.0,241474.0,Balanced,51.0,41.0,,,,,,Long ball,Direct passing,41.0,3.0,3.0,3.0,,,,,,,,
100135,/team/100135/apoel/240002,24,2,2023-09-22,APOEL,318,1. Division,1.0,11,Cyprus,69,70,68,66,459237.0,Crown Lane,1884,3,10.0,,35000000.0,27.27,27.93,193336.0,197117.0,226866.0,197117.0,197117.0,235812.0,226866.0,226866.0,Pressure on heavy touch,51.0,51.0,,,,,,Slow build up,Possession,51.0,4.0,3.0,3.0,,,,,,,,
100325,/team/100325/hjk/240002,24,2,2023-09-22,HJK,322,Veikkausliiga,1.0,17,Finland,65,63,65,64,459829.0,Court Lane,320,1,10.0,,6100000.0,27.45,27.25,254994.0,194163.0,194163.0,234293.0,194163.0,194163.0,194163.0,194163.0,Press after possession loss,61.0,51.0,,,,,,Slow build up,Possession,51.0,3.0,3.0,3.0,,,,,,,,
100409,/team/100409/fc-augsburg/240002,24,2,2023-09-22,FC Augsburg,19,Bundesliga,1.0,21,Germany,74,72,74,74,38927.0,WWK Arena,21,3,4.0,,145300000.0,24.82,24.19,238900.0,272874.0,272874.0,272874.0,272874.0,238900.0,272874.0,272874.0,Balanced,61.0,51.0,,,,,,Long ball,Direct passing,61.0,4.0,3.0,3.0,,,,,,,,
100632,/team/100632/go-ahead-eagles/240002,24,2,2023-09-22,Go Ahead Eagles,10,Eredivisie,1.0,34,Netherlands,66,67,66,67,455925.0,Molton Road (Sheldon Stadium),1914,1,2.0,,16100000.0,25.45,23.7,217585.0,270578.0,262403.0,270578.0,262403.0,270578.0,262403.0,270578.0,Balanced,41.0,41.0,,,,,,Fast build up,Forward runs,51.0,5.0,3.0,3.0,,,,,,,,
100634,/team/100634/heracles-almelo/240002,24,2,2023-09-22,Heracles Almelo,10,Eredivisie,1.0,34,Netherlands,67,67,66,66,2510291.0,Stadion Neder,1908,1,3.0,,25500000.0,26.55,23.43,231823.0,222165.0,222165.0,222165.0,222165.0,223370.0,224859.0,224859.0,Balanced,51.0,61.0,,,,,,Balanced,Balanced,51.0,4.0,3.0,3.0,,,,,,,,
100646,/team/100646/sparta-rotterdam/240002,24,2,2023-09-22,Sparta Rotterdam,10,Eredivisie,1.0,34,Netherlands,67,67,68,66,1552387.0,Stadion Neder,246,1,4.0,,26300000.0,25.82,23.77,216193.0,177569.0,177569.0,177569.0,177569.0,242531.0,276712.0,276712.0,Balanced,41.0,51.0,,,,,,Fast build up,Forward runs,51.0,5.0,3.0,3.0,,,,,,,,
100757,/team/100757/dinamo-bucuresti/240002,24,2,2023-09-22,Dinamo Bucureşti,330,Liga 1,1.0,39,Romania,64,65,65,63,31312.0,Euro Park,100761,2,4.0,,2200000.0,27.73,25.22,251065.0,248099.0,262495.0,248834.0,248099.0,248834.0,247674.0,248099.0,Balanced,61.0,51.0,,,,,,Balanced,Balanced,61.0,4.0,3.0,3.0,,,,,,,,
100761,/team/100761/fcsb/240002,24,2,2023-09-22,FCSB,330,Liga 1,1.0,39,Romania,68,70,69,68,126283.0,Waldstadion (Fussballstadion),310,4,10.0,,13000000.0,26.91,25.42,247972.0,247972.0,247972.0,247972.0,247972.0,262447.0,238274.0,238274.0,Balanced,51.0,51.0,,,,,,Fast build up,Forward runs,51.0,5.0,3.0,3.0,,,,,,,,
100804,/team/100804/st-johnstone/240002,24,2,2023-09-22,St. Johnstone,50,Premiership,1.0,42,Scotland,64,63,63,62,4724.0,Court Lane,180,1,4.0,,4000000.0,26.18,25.93,232668.0,192451.0,192451.0,192451.0,192451.0,202526.0,192451.0,192451.0,Pressure on heavy touch,51.0,51.0,,,,,,Balanced,Balanced,61.0,3.0,3.0,3.0,,,,,,,,
100805,/team/100805/st-mirren/240002,24,2,2023-09-22,St. Mirren,50,Premiership,1.0,42,Scotland,64,62,68,64,524215.0,Town Park,80,1,3.0,,3200000.0,26.09,25.95,211536.0,241244.0,241244.0,241244.0,241244.0,211536.0,241244.0,241244.0,Balanced,51.0,51.0,,,,,,Long ball,Direct passing,61.0,4.0,3.0,3.0,,,,,,,,
100831,/team/100831/alcorcon/240002,24,2,2023-09-22,Alcorcón,54,La Liga 2,2.0,45,Spain,67,69,67,67,896662.0,Town Park,480,1,5.0,,2500000.0,29.82,26.84,176693.0,193421.0,193421.0,193421.0,193421.0,224116.0,193421.0,193421.0,Balanced,61.0,41.0,,,,,,Balanced,Balanced,51.0,3.0,3.0,3.0,,,,,,,,
100851,/team/100851/fc-cartagena/240002,24,2,2023-09-22,FC Cartagena,54,La Liga 2,2.0,45,Spain,69,68,69,70,455788.0,Stadio Classico,468,1,4.0,,3000000.0,32.55,27.0,200502.0,205212.0,205212.0,205212.0,205212.0,190747.0,205212.0,205212.0,Balanced,51.0,51.0,,,,,,Balanced,Balanced,51.0,3.0,3.0,3.0,,,,,,,,
100888,/team/100888/leganes/240002,24,2,2023-09-22,Leganés,54,La Liga 2,2.0,45,Spain,68,69,68,69,526440.0,Municipal de Butarque,1860,1,7.0,,10800000.0,28.09,25.44,221652.0,229361.0,229361.0,229361.0,229361.0,241463.0,229361.0,229361.0,Balanced,51.0,61.0,,,,,,Balanced,Balanced,51.0,3.0,3.0,3.0,,,,,,,,
101007,/team/101007/ankaragucu/240002,24,2,2023-09-22,Ankaragücü,68,Super Lig,1.0,48,Turkey,70,71,70,68,37468495.0,Molton Road (Sheldon Stadium),101033,2,4.0,,24700000.0,27.27,26.22,200754.0,243914.0,273997.0,243914.0,243914.0,200754.0,243914.0,243914.0,Balanced,51.0,51.0,,,,,,Balanced,Balanced,61.0,3.0,3.0,3.0,,,,,,,,
101014,/team/101014/istanbul-basaksehir/240002,24,2,2023-09-22,İstanbul Başakşehir,68,Super Lig,1.0,48,Turkey,71,73,71,71,30462.0,Stadion Neder,325,5,8.0,,49500000.0,28.09,26.85,190593.0,208053.0,207924.0,208053.0,208053.0,223113.0,208053.0,208053.0,Balanced,61.0,61.0,,,,,,Slow build up,Possession,61.0,5.0,3.0,3.0,,,,,,,,
101016,/team/101016/adana-demirspor/240002,24,2,2023-09-22,Adana Demirspor,68,Super Lig,1.0,48,Turkey,72,71,74,73,23836.0,Stadion Europa (Generic Europe 2),741,1,2.0,,34000000.0,29.0,26.55,198200.0,193738.0,193738.0,193738.0,193738.0,204077.0,193738.0,193738.0,Balanced,51.0,51.0,,,,,,Balanced,Balanced,51.0,5.0,3.0,3.0,,,,,,,,
101020,/team/101020/kayserispor/240002,24,2,2023-09-22,Kayserispor,68,Super Lig,1.0,48,Turkey,66,66,68,66,7693712.0,Sanderson Park (FIFA 13 NEW generic),101041,2,4.0,,17000000.0,27.82,24.17,217007.0,224890.0,224890.0,224890.0,224890.0,217007.0,224890.0,224890.0,Press after possession loss,71.0,51.0,,,,,,Long ball,Direct passing,61.0,5.0,3.0,3.0,,,,,,,,
101028,/team/101028/hatayspor/240002,24,2,2023-09-22,Hatayspor,68,Super Lig,1.0,48,Turkey,67,69,67,67,200291.0,Molton Road (Sheldon Stadium),110776,1,1.0,,20600000.0,26.36,25.24,199683.0,229176.0,229176.0,232090.0,229176.0,215965.0,229176.0,229176.0,Balanced,51.0,51.0,,,,,,Fast build up,Forward runs,51.0,5.0,3.0,3.0,,,,,,,,
101033,/team/101033/konyaspor/240002,24,2,2023-09-22,Konyaspor,68,Super Lig,1.0,48,Turkey,70,68,70,70,893669.0,Stadion Europa (Generic Europe 2),101020,3,6.0,,24800000.0,28.64,26.62,224885.0,224885.0,224885.0,224885.0,224885.0,224885.0,224885.0,224885.0,Balanced,61.0,51.0,,,,,,Balanced,Balanced,61.0,5.0,3.0,3.0,,,,,,,,
101037,/team/101037/rizespor/240002,24,2,2023-09-22,Rizespor,68,Super Lig,1.0,48,Turkey,67,69,66,64,3568847.0,Stadion Neder,436,2,3.0,,13800000.0,24.55,24.28,229637.0,212045.0,212045.0,212045.0,212045.0,277626.0,275693.0,275693.0,Balanced,61.0,41.0,,,,,,Balanced,Balanced,51.0,3.0,3.0,3.0,,,,,,,,
101041,/team/101041/sivasspor/240002,24,2,2023-09-22,Sivasspor,68,Super Lig,1.0,48,Turkey,69,72,69,66,200010.0,Stadion Europa (Generic Europe 2),101020,2,5.0,,20000000.0,30.36,28.15,223313.0,198143.0,198143.0,198143.0,198143.0,198143.0,198143.0,198143.0,Balanced,61.0,51.0,,,,,,Long ball,Direct passing,71.0,3.0,3.0,3.0,,,,,,,,
101047,/team/101047/dynamo-kyiv/240002,24,2,2023-09-22,Dynamo Kyiv,332,Premier League,1.0,49,Ukraine,71,69,71,70,459149.0,Stadion Olympik,101059,6,10.0,,100000000.0,26.18,23.61,244373.0,244374.0,244374.0,244374.0,244374.0,244373.0,244374.0,244374.0,Pressure on heavy touch,61.0,51.0,,,,,,Balanced,Balanced,71.0,6.0,3.0,3.0,,,,,,,,
101059,/team/101059/shakhtar-donetsk/240002,24,2,2023-09-22,Shakhtar Donetsk,332,Premier League,1.0,49,Ukraine,71,74,71,70,37553752.0,Donbass Arena,101047,7,10.0,,160000000.0,25.36,23.54,206413.0,237055.0,206413.0,195861.0,237055.0,247122.0,277456.0,237055.0,Pressure on heavy touch,41.0,61.0,,,,,,Slow build up,Possession,51.0,7.0,3.0,3.0,,,,,,,,
101083,/team/101083/estudiantes/240002,24,2,2023-09-22,Estudiantes,353,Liga Profesional,1.0,52,Argentina,72,73,72,72,213970.0,Stadio Classico,101084,8,8.0,,90500000.0,28.55,26.79,173857.0,215155.0,215155.0,252114.0,215155.0,161938.0,252114.0,215155.0,Pressure on heavy touch,51.0,51.0,,,,,,Fast build up,Forward runs,51.0,6.0,3.0,3.0,,,,,,,,
101084,/team/101084/gimnasia-la-plata/240002,24,2,2023-09-22,Gimnasia La Plata,353,Liga Profesional,1.0,52,Argentina,68,69,68,68,896665.0,Arena del Centenario (Estadio del Pueblo),101083,1,2.0,,10000000.0,26.0,24.61,240640.0,210950.0,210950.0,210950.0,210950.0,232729.0,210950.0,210950.0,Balanced,51.0,51.0,,,,,,Fast build up,Forward runs,61.0,5.0,3.0,3.0,,,,,,,,
101085,/team/101085/racing-club/240002,24,2,2023-09-22,Racing Club,353,Liga Profesional,1.0,52,Argentina,73,74,73,73,128851.0,Estadio Presidente Perón (El Cilindro),110093,7,9.0,,78100000.0,29.09,26.25,223249.0,219670.0,236668.0,219670.0,219670.0,203872.0,211489.0,219670.0,Balanced,61.0,71.0,,,,,,Slow build up,Possession,61.0,3.0,3.0,3.0,,,,,,,,
101088,/team/101088/velez-sarsfield/240002,24,2,2023-09-22,Vélez Sarsfield,353,Liga Profesional,1.0,52,Argentina,70,73,70,71,37686837.0,Estadio Nacional (El Medio),1013,6,8.0,,70000000.0,26.82,25.07,215147.0,269292.0,221053.0,269292.0,224510.0,224510.0,269292.0,221053.0,Press after possession loss,51.0,61.0,,,,,,Balanced,Balanced,51.0,3.0,3.0,3.0,,,,,,,,
101097,/team/101097/audax-italiano/240002,24,2,2023-09-22,Audax Italiano,335,Primera Division,1.0,55,Chile,65,70,65,64,232735.0,Stadion Neder,110980,2,5.0,,12600000.0,26.27,26.18,213602.0,176930.0,176930.0,176930.0,176930.0,265641.0,176930.0,176930.0,Balanced,61.0,51.0,,,,,,Fast build up,Forward runs,81.0,3.0,3.0,3.0,,,,,,,,
101100,/team/101100/atletico-nacional/240002,24,2,2023-09-22,Atlético Nacional,336,Liga BetPlay,1.0,56,Colombia,70,69,70,70,37703266.0,El Libertador (La Bombastico),101103,7,10.0,,47500000.0,28.27,24.32,177983.0,196143.0,196143.0,196143.0,196143.0,196143.0,267430.0,241020.0,Press after possession loss,41.0,51.0,,,,,,Slow build up,Possession,71.0,6.0,3.0,3.0,,,,,,,,
101101,/team/101101/junior/240002,24,2,2023-09-22,Junior,336,Liga BetPlay,1.0,56,Colombia,69,74,69,69,1030277.0,O Dromo,101100,6,8.0,,41500000.0,28.91,27.33,214343.0,236747.0,236747.0,236747.0,236747.0,207664.0,236747.0,236747.0,Press after possession loss,51.0,51.0,,,,,,Balanced,Balanced,51.0,7.0,3.0,3.0,,,,,,,,
101103,/team/101103/independiente-medellin/240002,24,2,2023-09-22,Independiente Medellín,336,Liga BetPlay,1.0,56,Colombia,70,71,70,68,468683.0,El Libertador (La Bombastico),101100,5,7.0,,32000000.0,27.82,25.88,214332.0,242426.0,242426.0,242426.0,242426.0,244947.0,242426.0,242426.0,Balanced,51.0,51.0,,,,,,Slow build up,Possession,51.0,6.0,3.0,3.0,,,,,,,,
101104,/team/101104/santa-fe/240002,24,2,2023-09-22,Santa Fe,336,Liga BetPlay,1.0,56,Colombia,67,73,67,68,470494.0,Stadio Classico,101105,5,7.0,,25500000.0,28.36,27.11,168565.0,226419.0,168565.0,226419.0,226419.0,168565.0,226419.0,226419.0,Balanced,41.0,51.0,,,,,,Fast build up,Forward runs,61.0,4.0,3.0,3.0,,,,,,,,
101105,/team/101105/millonarios/240002,24,2,2023-09-22,Millonarios,336,Liga BetPlay,1.0,56,Colombia,71,72,70,71,3526244.0,O Dromo,101104,5,9.0,,44500000.0,29.91,26.03,214378.0,214378.0,245256.0,214378.0,214378.0,231862.0,214378.0,214378.0,Balanced,51.0,51.0,,,,,,Slow build up,Possession,51.0,5.0,3.0,3.0,,,,,,,,
101108,/team/101108/olimpia/240002,24,2,2023-09-22,Olimpia,337,Primera División,1.0,58,Paraguay,70,69,69,69,37686419.0,Arena d'Oro,112716,7,10.0,,52500000.0,26.64,25.9,216385.0,218868.0,218868.0,218868.0,218868.0,218868.0,218868.0,218868.0,Balanced,61.0,51.0,,,,,,Slow build up,Possession,61.0,4.0,3.0,3.0,,,,,,,,
101110,/team/101110/penarol/240002,24,2,2023-09-22,Peñarol,338,Primera Division,1.0,60,Uruguay,70,72,70,69,468683.0,El Libertador (La Bombastico),111325,7,9.0,,43200000.0,28.55,24.92,253271.0,205119.0,205119.0,205119.0,205119.0,205119.0,205119.0,205119.0,Press after possession loss,61.0,61.0,,,,,,Fast build up,Forward runs,71.0,5.0,3.0,3.0,,,,,,,,
101112,/team/101112/vancouver-whitecaps/240002,24,2,2023-09-22,Vancouver Whitecaps,39,Major League Soccer,1.0,70,Canada,68,70,68,68,37590075.0,BC Place Stadium,111144,2,4.0,,193500000.0,25.64,24.32,208919.0,208919.0,208919.0,208919.0,208919.0,208919.0,208919.0,208919.0,Pressure on heavy touch,31.0,37.0,,,,,,Fast build up,Forward runs,51.0,3.0,3.0,3.0,,,,,,,,
105035,/team/105035/netherlands/240002,24,2,2023-09-22,Netherlands,78,Friendly International,,34,Netherlands,82,82,81,83,455372.0,Johan Cruijff ArenA,1337,8,,,,27.45,26.35,203376.0,202556.0,202556.0,202556.0,202556.0,202556.0,202556.0,202556.0,Balanced,51.0,51.0,,,,,,Balanced,Balanced,71.0,4.0,3.0,3.0,,,,,,,,
110062,/team/110062/girona/240002,24,2,2023-09-22,Girona,53,La Liga,1.0,45,Spain,76,77,76,76,186018.0,Estadio de Montilivi,452,1,1.0,,8000000.0,28.18,25.03,186537.0,228813.0,228813.0,228813.0,228813.0,186537.0,228813.0,228813.0,Balanced,41.0,51.0,,,,,,Slow build up,Possession,51.0,6.0,3.0,3.0,,,,,,,,
110069,/team/110069/mirandes/240002,24,2,2023-09-22,Mirandés,54,La Liga 2,2.0,45,Spain,66,64,66,66,37553756.0,Town Park,463,1,3.0,,2500000.0,21.91,22.33,270987.0,265396.0,265396.0,265396.0,265396.0,265396.0,265396.0,265396.0,Press after possession loss,51.0,51.0,,,,,,Balanced,Balanced,61.0,4.0,3.0,3.0,,,,,,,,
110072,/team/110072/otelul-galati/240002,24,2,2023-09-22,Oțelul Galați,330,Liga 1,1.0,39,Romania,62,61,63,60,7688644.0,Stadion 23. Maj,310,1,3.0,,2800000.0,27.0,27.21,216800.0,275648.0,276141.0,275648.0,275648.0,213380.0,216800.0,216800.0,Balanced,51.0,51.0,,,,,,Balanced,Balanced,51.0,3.0,3.0,3.0,,,,,,,,
110075,/team/110075/ssc-farul/240002,24,2,2023-09-22,SSC Farul,330,Liga 1,1.0,39,Romania,67,65,69,65,524523.0,_Oktigann Park,113182,4,9.0,,6200000.0,24.91,24.96,247963.0,243019.0,248111.0,264633.0,243019.0,247963.0,264633.0,270867.0,Pressure on heavy touch,51.0,61.0,,,,,,Balanced,Balanced,71.0,5.0,3.0,3.0,,,,,,,,
110078,/team/110078/petrolul-52/240002,24,2,2023-09-22,Petrolul 52,330,Liga 1,1.0,39,Romania,64,63,65,64,37682967.0,Molton Road (Sheldon Stadium),310,2,5.0,,3200000.0,27.64,25.59,269412.0,260183.0,260183.0,260183.0,260183.0,273527.0,,,Balanced,51.0,41.0,,,,,,Balanced,Balanced,51.0,3.0,3.0,3.0,,,,,,,,
110081,/team/110081/northern-ireland/240002,24,2,2023-09-22,Northern Ireland,78,Friendly International,,35,Northern Ireland,69,66,71,70,474652.0,Molton Road (Sheldon Stadium),1355,2,,,,30.45,29.58,151508.0,151508.0,151508.0,151508.0,151508.0,217758.0,151508.0,151508.0,Balanced,61.0,51.0,,,,,,Balanced,Balanced,61.0,3.0,3.0,3.0,,,,,,,,
110093,/team/110093/independiente/240002,24,2,2023-09-22,Independiente,353,Liga Profesional,1.0,52,Argentina,71,71,72,71,252.0,Estadio Libertadores de América,101085,8,9.0,,182300000.0,29.73,26.57,215057.0,215292.0,215057.0,215292.0,215292.0,215057.0,215057.0,215057.0,Balanced,51.0,41.0,,,,,,Long ball,Direct passing,71.0,4.0,3.0,3.0,,,,,,,,
110176,/team/110176/ulm/240002,24,2,2023-09-22,Ulm,2076,3. Liga,3.0,21,Germany,62,62,61,62,37524250.0,Euro Park,36,1,1.0,,2900000.0,28.55,25.96,231555.0,198070.0,198070.0,198070.0,198070.0,231555.0,198070.0,198070.0,Balanced,61.0,51.0,,,,,,Long ball,Direct passing,51.0,3.0,3.0,3.0,,,,,,,,
110178,/team/110178/sandhausen/240002,24,2,2023-09-22,Sandhausen,2076,3. Liga,3.0,21,Germany,65,68,64,65,24073443.0,Court Lane,1832,1,9.0,,10200000.0,26.09,23.96,189388.0,179516.0,209485.0,209485.0,179516.0,179516.0,209485.0,209485.0,Balanced,51.0,41.0,,,,,,Long ball,Direct passing,51.0,3.0,3.0,3.0,,,,,,,,
110242,/team/110242/racing-ferrol/240002,24,2,2023-09-22,Racing Ferrol,54,La Liga 2,2.0,45,Spain,67,68,68,65,3510275.0,Town Park,450,1,1.0,,2000000.0,27.36,27.88,172716.0,172716.0,172716.0,172716.0,172716.0,227990.0,172716.0,172716.0,Balanced,61.0,41.0,,,,,,Fast build up,Forward runs,61.0,3.0,3.0,3.0,,,,,,,,
110313,/team/110313/accrington-stanley/240002,24,2,2023-09-22,Accrington Stanley,61,League Two,4.0,14,England,61,59,62,59,524572.0,Town Park,357,1,4.0,,3300000.0,25.0,23.0,187782.0,243696.0,263371.0,263371.0,243696.0,263371.0,263371.0,243696.0,Press after possession loss,61.0,41.0,,,,,,Long ball,Direct passing,61.0,3.0,3.0,3.0,,,,,,,,
110321,/team/110321/pau/240002,24,2,2023-09-22,Pau,17,Ligue 2,2.0,18,France,67,67,66,66,464864.0,_Longville Stadium,1809,1,3.0,,17000000.0,29.36,24.97,198517.0,183256.0,244736.0,183256.0,183256.0,244736.0,244736.0,244736.0,Balanced,61.0,51.0,,,,,,Fast build up,Forward runs,61.0,5.0,3.0,3.0,,,,,,,,
110329,/team/110329/st-pauli/240002,24,2,2023-09-22,St. Pauli,20,2. Bundesliga,2.0,21,Germany,69,69,69,70,37679.0,Millerntor-Stadion,28,1,8.0,,34200000.0,27.18,25.5,211378.0,233125.0,233125.0,233125.0,233125.0,211378.0,233125.0,233125.0,Balanced,61.0,41.0,,,,,,Slow build up,Possession,51.0,4.0,3.0,3.0,,,,,,,,
110373,/team/110373/salernitana/240002,24,2,2023-09-22,Salernitana,31,Serie A,1.0,27,Italy,73,74,73,71,524018.0,Stadio Classico,48,1,3.0,,70000000.0,26.91,26.5,173221.0,173221.0,173221.0,173221.0,173221.0,173221.0,173221.0,173221.0,Pressure on heavy touch,51.0,51.0,,,,,,Fast build up,Forward runs,71.0,5.0,3.0,3.0,,,,,,,,
110374,/team/110374/fiorentina/240002,24,2,2023-09-22,Fiorentina,31,Serie A,1.0,27,Italy,78,78,77,78,128261.0,Stadio Classico,45,5,6.0,,270000000.0,27.27,25.22,201389.0,189125.0,201389.0,189125.0,189125.0,240690.0,201389.0,189125.0,Balanced,41.0,51.0,,,,,,Fast build up,Forward runs,61.0,7.0,3.0,3.0,,,,,,,,
110394,/team/110394/arsenal-de-sarandi/240002,24,2,2023-09-22,Arsenal de Sarandi,353,Liga Profesional,1.0,52,Argentina,66,65,67,67,252491.0,Arena del Centenario (Estadio del Pueblo),111710,3,3.0,,7500000.0,26.82,24.71,261152.0,257549.0,223615.0,257549.0,257549.0,215020.0,223615.0,223615.0,Balanced,41.0,41.0,,,,,,Fast build up,Forward runs,51.0,3.0,3.0,3.0,,,,,,,,
110395,/team/110395/lanus/240002,24,2,2023-09-22,Lanús,353,Liga Profesional,1.0,52,Argentina,71,71,71,71,468196.0,Stadio Classico,110404,5,6.0,,54700000.0,28.82,25.96,215050.0,265766.0,265766.0,265766.0,265766.0,214777.0,265766.0,265766.0,Balanced,61.0,61.0,,,,,,Balanced,Balanced,61.0,6.0,3.0,3.0,,,,,,,,
110396,/team/110396/newells-old-boys/240002,24,2,2023-09-22,Newell's Old Boys,353,Liga Profesional,1.0,52,Argentina,69,68,70,70,3804.0,Estadio Nacional (El Medio),110580,4,7.0,,24000000.0,27.18,25.11,215079.0,241568.0,241568.0,241568.0,258289.0,255169.0,241568.0,258289.0,Balanced,51.0,51.0,,,,,,Slow build up,Possession,61.0,6.0,3.0,3.0,,,,,,,,
110404,/team/110404/banfield/240002,24,2,2023-09-22,Banfield,353,Liga Profesional,1.0,52,Argentina,69,70,69,68,765710.0,Estadio Nacional (El Medio),110395,3,5.0,,15300000.0,26.91,26.5,232645.0,215018.0,215018.0,215018.0,215018.0,215018.0,215018.0,215018.0,Balanced,61.0,51.0,,,,,,Fast build up,Forward runs,71.0,5.0,3.0,3.0,,,,,,,,
110406,/team/110406/colon/240002,24,2,2023-09-22,Colón,353,Liga Profesional,1.0,52,Argentina,71,69,71,71,468236.0,Stadio Classico,111716,3,5.0,,23500000.0,29.73,27.93,214763.0,215199.0,215199.0,215199.0,215199.0,226378.0,215199.0,215199.0,Balanced,41.0,41.0,,,,,,Fast build up,Forward runs,51.0,4.0,3.0,3.0,,,,,,,,
110456,/team/110456/valenciennes/240002,24,2,2023-09-22,Valenciennes,17,Ligue 2,2.0,18,France,66,65,65,65,227933.0,Waldstadion (Fussballstadion),65,1,3.0,,21000000.0,24.64,23.27,238056.0,254784.0,254784.0,258679.0,254784.0,254784.0,254784.0,254784.0,Balanced,41.0,51.0,,,,,,Balanced,Balanced,61.0,4.0,3.0,3.0,,,,,,,,
110468,/team/110468/viktoria-plzen/240002,24,2,2023-09-22,Viktoria Plzeň,319,Fortuna Liga,1.0,12,Czech Republic,73,72,73,72,458543.0,Court Lane,266,4,9.0,,40000000.0,28.09,27.42,199244.0,251221.0,251221.0,251221.0,251221.0,255699.0,251221.0,251221.0,Balanced,61.0,51.0,,,,,,Balanced,Balanced,71.0,5.0,3.0,3.0,,,,,,,,
110482,/team/110482/hallescher-fc/240002,24,2,2023-09-22,Hallescher FC,2076,3. Liga,3.0,21,Germany,64,64,63,64,35513.0,Stadion Neder,110588,1,5.0,,4900000.0,25.82,24.5,238642.0,270014.0,270014.0,270014.0,270014.0,270014.0,270014.0,270014.0,Press after possession loss,51.0,71.0,,,,,,Slow build up,Possession,61.0,5.0,3.0,3.0,,,,,,,,
110500,/team/110500/eintracht-braunschweig/240002,24,2,2023-09-22,Eintracht Braunschweig,20,2. Bundesliga,2.0,21,Germany,67,67,68,67,460205.0,Euro Arena,485,1,2.0,,9400000.0,27.73,25.33,238619.0,229175.0,229175.0,229175.0,229175.0,198554.0,229175.0,229175.0,Balanced,51.0,37.0,,,,,,Long ball,Direct passing,71.0,3.0,3.0,3.0,,,,,,,,
110501,/team/110501/verl/240002,24,2,2023-09-22,Verl,2076,3. Liga,3.0,21,Germany,64,64,64,64,417286.0,Town Park,487,1,2.0,,2300000.0,25.27,23.81,231897.0,238953.0,244091.0,244091.0,238953.0,258547.0,231897.0,231897.0,Press after possession loss,61.0,61.0,,,,,,Slow build up,Possession,51.0,3.0,3.0,3.0,,,,,,,,
110502,/team/110502/darmstadt-98/240002,24,2,2023-09-22,Darmstadt 98,19,Bundesliga,1.0,21,Germany,71,69,71,71,460255.0,Forest Park Stadium (Square Ground),1824,1,1.0,,50000000.0,26.18,25.43,208470.0,251287.0,251287.0,251287.0,251287.0,251287.0,251287.0,251287.0,Pressure on heavy touch,51.0,61.0,,,,,,Balanced,Balanced,61.0,3.0,3.0,3.0,,,,,,,,
110532,/team/110532/waldhof-mannheim/240002,24,2,2023-09-22,Waldhof Mannheim,2076,3. Liga,3.0,21,Germany,64,64,64,65,460156.0,Stadion Neder,29,1,8.0,,3800000.0,26.18,24.28,224395.0,224395.0,276606.0,224395.0,224395.0,224395.0,224395.0,276606.0,Balanced,51.0,51.0,,,,,,Fast build up,Forward runs,51.0,4.0,3.0,3.0,,,,,,,,
110556,/team/110556/genoa/240002,24,2,2023-09-22,Genoa,31,Serie A,1.0,27,Italy,73,76,73,71,127771.0,Stadion Europa (Generic Europe 2),1837,2,2.0,,75000000.0,27.09,26.46,201144.0,201144.0,201144.0,201144.0,201144.0,238004.0,201144.0,201144.0,Press after possession loss,51.0,61.0,,,,,,Slow build up,Possession,61.0,3.0,3.0,3.0,,,,,,,,
110580,/team/110580/rosario-central/240002,24,2,2023-09-22,Rosario Central,353,Liga Profesional,1.0,52,Argentina,70,64,71,70,465612.0,Stadio Classico,110396,4,7.0,,30000000.0,27.55,24.82,216033.0,226797.0,226797.0,226797.0,226797.0,226797.0,226797.0,226797.0,Pressure on heavy touch,71.0,51.0,,,,,,Balanced,Balanced,71.0,7.0,3.0,3.0,,,,,,,,
110581,/team/110581/patronato/240002,24,2,2023-09-22,Patronato,353,Liga Profesional,1.0,52,Argentina,63,61,65,63,37326181.0,Arena del Centenario (Estadio del Pueblo),111716,1,1.0,,4800000.0,31.73,27.73,214940.0,214774.0,214774.0,214774.0,214774.0,232515.0,214774.0,214774.0,Press after possession loss,51.0,51.0,,,,,,Fast build up,Forward runs,61.0,3.0,3.0,3.0,,,,,,,,
110588,/team/110588/magdeburg/240002,24,2,2023-09-22,Magdeburg,20,2. Bundesliga,2.0,21,Germany,68,68,68,68,2206526.0,Stadion Neder,110482,1,2.0,,9600000.0,26.18,24.93,234860.0,233520.0,233520.0,233520.0,233520.0,233520.0,233520.0,233520.0,Balanced,61.0,71.0,,,,,,Slow build up,Possession,71.0,8.0,3.0,3.0,,,,,,,,
110636,/team/110636/fortuna-dusseldorf/240002,24,2,2023-09-22,Fortuna Düsseldorf,20,2. Bundesliga,2.0,21,Germany,70,69,70,70,33212.0,Düsseldorf-Arena,31,1,7.0,,54300000.0,27.73,24.58,199779.0,236764.0,252903.0,236764.0,236764.0,192445.0,252903.0,202088.0,Balanced,41.0,37.0,,,,,,Fast build up,Forward runs,51.0,3.0,3.0,3.0,,,,,,,,
110645,/team/110645/viktoria-koln/240002,24,2,2023-09-22,Viktoria Köln,2076,3. Liga,3.0,21,Germany,65,63,65,65,896532.0,Town Park,31,1,7.0,,4400000.0,25.55,24.54,239182.0,240156.0,240156.0,240156.0,240156.0,239182.0,259272.0,251500.0,Balanced,51.0,51.0,,,,,,Fast build up,Forward runs,61.0,4.0,3.0,3.0,,,,,,,,
110676,/team/110676/borussia-dortmund-ii/240002,24,2,2023-09-22,Borussia Dortmund II,2076,3. Liga,3.0,21,Germany,63,63,63,62,39105.0,Stadion 23. Maj,1825,1,2.0,,5500000.0,22.82,21.19,262635.0,211825.0,211825.0,211825.0,224597.0,224597.0,211825.0,211825.0,Press after possession loss,41.0,71.0,,,,,,Fast build up,Forward runs,41.0,4.0,3.0,3.0,,,,,,,,
110691,/team/110691/freiburg-ii/240002,24,2,2023-09-22,Freiburg II,2076,3. Liga,3.0,21,Germany,62,63,62,61,198296.0,Town Park,1832,1,1.0,,4900000.0,23.27,21.5,270083.0,251286.0,251286.0,251286.0,251286.0,239121.0,251317.0,263841.0,Pressure on heavy touch,51.0,61.0,,,,,,Slow build up,Possession,61.0,4.0,3.0,3.0,,,,,,,,
110720,/team/110720/blau-weiss-linz/240002,24,2,2023-09-22,Blau-Weiß Linz,80,Bundesliga,1.0,4,Austria,62,64,62,61,1552550.0,Stadion Neder,252,1,2.0,,6500000.0,25.0,24.84,224267.0,275633.0,275633.0,275633.0,275633.0,226958.0,244783.0,244783.0,Balanced,51.0,51.0,,,,,,Balanced,Balanced,51.0,3.0,3.0,3.0,,,,,,,,
110724,/team/110724/mechelen/240002,24,2,2023-09-22,Mechelen,4,Jupiler Pro League,1.0,7,Belgium,68,67,69,68,4665.0,Stadion Europa (Generic Europe 2),100087,4,5.0,,33000000.0,26.27,23.81,205369.0,205369.0,205369.0,205369.0,205369.0,205369.0,205369.0,205369.0,Balanced,61.0,41.0,,,,,,Balanced,Balanced,61.0,4.0,3.0,3.0,,,,,,,,
110738,/team/110738/pisa/240002,24,2,2023-09-22,Pisa,32,Serie B,2.0,27,Italy,70,66,70,67,727.0,Stadion 23. Maj,110374,1,7.0,,36000000.0,27.36,26.8,252313.0,178007.0,178007.0,178007.0,178007.0,205089.0,178007.0,178007.0,Balanced,61.0,51.0,,,,,,Fast build up,Forward runs,51.0,3.0,3.0,3.0,,,,,,,,
110740,/team/110740/reggiana/240002,24,2,2023-09-22,Reggiana,32,Serie B,2.0,27,Italy,67,66,67,64,128120.0,Forest Park Stadium (Square Ground),50,1,2.0,,5800000.0,27.0,25.55,173146.0,173146.0,173146.0,173146.0,173146.0,173146.0,173146.0,173146.0,Balanced,41.0,37.0,,,,,,Slow build up,Possession,51.0,3.0,3.0,3.0,,,,,,,,
110741,/team/110741/spezia/240002,24,2,2023-09-22,Spezia,32,Serie B,2.0,27,Italy,70,69,72,70,1553203.0,,110556,1,8.0,,76000000.0,25.09,23.96,234760.0,252290.0,252290.0,252290.0,252290.0,225844.0,252290.0,252290.0,Pressure on heavy touch,51.0,61.0,,,,,,Fast build up,Forward runs,61.0,5.0,3.0,3.0,,,,,,,,
110745,/team/110745/jagiellonia-bialystok/240002,24,2,2023-09-22,Jagiellonia Białystok,66,Ekstraklasa,1.0,37,Poland,65,70,64,64,37691812.0,Waldstadion (Fussballstadion),1871,3,8.0,,6200000.0,25.82,24.67,224336.0,255760.0,255760.0,224146.0,255760.0,224146.0,223307.0,255760.0,Balanced,51.0,51.0,,,,,,Balanced,Balanced,71.0,5.0,3.0,3.0,,,,,,,,
110746,/team/110746/pogon-szczecin/240002,24,2,2023-09-22,Pogoń Szczecin,66,Ekstraklasa,1.0,37,Poland,68,68,67,67,460391.0,Stadion Neder,110747,3,7.0,,7900000.0,27.27,26.04,177922.0,177922.0,199215.0,177922.0,177922.0,177922.0,177922.0,177922.0,Pressure on heavy touch,51.0,61.0,,,,,,Slow build up,Possession,81.0,6.0,3.0,3.0,,,,,,,,
110747,/team/110747/cracovia-krakow/240002,24,2,2023-09-22,Cracovia Kraków,66,Ekstraklasa,1.0,37,Poland,65,65,66,65,456647.0,Stade Municipal,110746,3,7.0,,6400000.0,26.09,25.39,248105.0,248568.0,245429.0,245429.0,248568.0,248568.0,270638.0,270638.0,Balanced,61.0,41.0,,,,,,Long ball,Direct passing,71.0,4.0,3.0,3.0,,,,,,,,
110749,/team/110749/zaglebie-lubin/240002,24,2,2023-09-22,Zagłębie Lubin,66,Ekstraklasa,1.0,37,Poland,66,66,66,65,4977578.0,Molton Road (Sheldon Stadium),111092,3,7.0,,6900000.0,25.82,25.75,201081.0,225445.0,198046.0,198046.0,225445.0,255779.0,225445.0,225445.0,Balanced,51.0,51.0,,,,,,Balanced,Balanced,71.0,4.0,3.0,3.0,,,,,,,,
110750,/team/110750/uta-arad/240002,24,2,2023-09-22,UTA Arad,330,Liga 1,1.0,39,Romania,64,64,64,64,1030209.0,Stadion Neder,113378,1,5.0,,3600000.0,26.0,24.77,257794.0,276259.0,276699.0,276259.0,276259.0,276259.0,276259.0,276259.0,Balanced,51.0,51.0,,,,,,Balanced,Balanced,51.0,6.0,3.0,3.0,,,,,,,,
110751,/team/110751/universitatea-cluj/240002,24,2,2023-09-22,Universitatea Cluj,330,Liga 1,1.0,39,Romania,65,66,65,65,37468473.0,Stadion Hanguk,110816,1,4.0,,2400000.0,29.82,26.25,212048.0,212048.0,212048.0,247955.0,212048.0,212048.0,212048.0,212048.0,Balanced,51.0,51.0,,,,,,Long ball,Direct passing,51.0,3.0,3.0,3.0,,,,,,,,
110752,/team/110752/botosani/240002,24,2,2023-09-22,Botoşani,330,Liga 1,1.0,39,Romania,63,61,64,64,77126.0,Stadion 23. Maj,308,2,5.0,,4600000.0,26.27,24.18,251635.0,251634.0,251634.0,251634.0,251634.0,251634.0,251634.0,243919.0,Balanced,51.0,41.0,,,,,,Fast build up,Forward runs,61.0,4.0,3.0,3.0,,,,,,,,
110765,/team/110765/incheon-united/240002,24,2,2023-09-22,Incheon United,83,K League 1,1.0,167,Korea Republic,67,68,70,66,465969.0,Estadio de las Artes (Generic Stadium NG),982,2,4.0,,11400000.0,30.36,27.54,207753.0,187858.0,187858.0,187858.0,208636.0,223994.0,208636.0,187858.0,Balanced,71.0,41.0,,,,,,Balanced,Balanced,61.0,3.0,3.0,3.0,,,,,,,,
110776,/team/110776/gaziantep-fk/240002,24,2,2023-09-22,Gaziantep F.K.,68,Super Lig,1.0,48,Turkey,69,68,70,68,456665.0,Stade Municipal,101028,1,3.0,,16200000.0,28.18,26.43,197937.0,211061.0,211061.0,211061.0,211061.0,211061.0,211061.0,211061.0,Balanced,51.0,41.0,,,,,,Fast build up,Forward runs,61.0,3.0,3.0,3.0,,,,,,,,
110799,/team/110799/sutton-united/240002,24,2,2023-09-22,Sutton United,61,League Two,4.0,14,England,61,61,61,62,34455769.0,Town Park,112259,1,2.0,,2400000.0,28.64,28.18,186157.0,176442.0,176442.0,176442.0,176442.0,236025.0,176442.0,176442.0,Press after possession loss,51.0,81.0,,,,,,Fast build up,Forward runs,51.0,6.0,3.0,3.0,,,,,,,,
110815,/team/110815/csm-politehnica-iasi/240002,24,2,2023-09-22,CSM Politehnica Iași,330,Liga 1,1.0,39,Romania,63,61,63,63,459363.0,Euro Park,110752,1,2.0,,2100000.0,26.55,26.61,242555.0,222419.0,244474.0,222419.0,222419.0,244474.0,251999.0,251999.0,Balanced,61.0,51.0,,,,,,Balanced,Balanced,61.0,4.0,3.0,3.0,,,,,,,,
110816,/team/110816/cfr-cluj/240002,24,2,2023-09-22,CFR Cluj,330,Liga 1,1.0,39,Romania,67,66,68,66,896647.0,,110751,4,10.0,,7200000.0,27.64,26.73,191058.0,191058.0,191058.0,250952.0,191058.0,266728.0,191058.0,191058.0,Balanced,41.0,51.0,,,,,,Balanced,Balanced,51.0,5.0,3.0,3.0,,,,,,,,
110827,/team/110827/real-oviedo/240002,24,2,2023-09-22,Real Oviedo,54,La Liga 2,2.0,45,Spain,70,69,71,70,456409.0,Stadion Europa (Generic Europe 2),459,1,6.0,,3900000.0,26.64,25.1,194996.0,219571.0,219571.0,219571.0,219571.0,219571.0,219571.0,219571.0,Pressure on heavy touch,41.0,51.0,,,,,,Long ball,Direct passing,81.0,3.0,3.0,3.0,,,,,,,,
110832,/team/110832/granada/240002,24,2,2023-09-22,Granada,53,La Liga,1.0,45,Spain,73,76,72,72,533904.0,Estadio Nuevo Los Cármenes,449,1,2.0,,50000000.0,28.0,26.71,243431.0,185020.0,185020.0,185020.0,185020.0,261204.0,185020.0,185020.0,Balanced,41.0,51.0,,,,,,Fast build up,Forward runs,71.0,3.0,3.0,3.0,,,,,,,,
110839,/team/110839/huesca/240002,24,2,2023-09-22,Huesca,54,La Liga 2,2.0,45,Spain,69,68,68,69,533879.0,El Alcoraz,244,1,6.0,,4500000.0,26.36,24.1,200519.0,190199.0,190199.0,190199.0,190199.0,190199.0,190199.0,229654.0,Balanced,51.0,41.0,,,,,,Fast build up,Forward runs,61.0,4.0,3.0,3.0,,,,,,,,
110890,/team/110890/crawley-town/240002,24,2,2023-09-22,Crawley Town,61,League Two,4.0,14,England,60,58,60,60,15322.0,Town Park,112259,1,1.0,,2100000.0,25.09,24.26,246243.0,221279.0,221279.0,221279.0,221279.0,262831.0,221279.0,221279.0,Press after possession loss,61.0,61.0,,,,,,Slow build up,Possession,71.0,4.0,3.0,3.0,,,,,,,,
110902,/team/110902/villarreal-ii/240002,24,2,2023-09-22,Villarreal II,54,La Liga 2,2.0,45,Spain,65,65,66,65,5967966.0,Estadio de la Cerámica,1853,1,1.0,,2500000.0,21.55,20.8,269638.0,231640.0,231640.0,231640.0,231640.0,231640.0,231640.0,231640.0,Balanced,51.0,51.0,,,,,,Balanced,Balanced,61.0,5.0,3.0,3.0,,,,,,,,
110908,/team/110908/catanzaro/240002,24,2,2023-09-22,Catanzaro,32,Serie B,2.0,27,Italy,66,68,65,66,465900.0,Stadio Classico,112168,1,2.0,,10300000.0,27.27,25.48,209613.0,217338.0,217338.0,217338.0,217338.0,209613.0,217338.0,217338.0,Balanced,51.0,51.0,,,,,,Fast build up,Forward runs,51.0,3.0,3.0,3.0,,,,,,,,
110953,/team/110953/instituto/240002,24,2,2023-09-22,Instituto,353,Liga Profesional,1.0,52,Argentina,69,71,68,67,212163.0,Estadio Nacional (El Medio),111022,1,1.0,,6000000.0,27.27,28.32,228959.0,215351.0,215351.0,215351.0,215351.0,215351.0,215351.0,215351.0,Balanced,51.0,51.0,,,,,,Slow build up,Possession,51.0,3.0,3.0,3.0,,,,,,,,
110955,/team/110955/shanghai-shenhua/240002,24,2,2023-09-22,Shanghai Shenhua,2012,Super League,1.0,155,China PR,66,70,65,64,4916358.0,Stadion Olympik,112540,3,6.0,,13100000.0,28.36,26.11,222204.0,222204.0,222204.0,222204.0,222204.0,212601.0,222204.0,222204.0,Balanced,51.0,51.0,,,,,,Long ball,Direct passing,51.0,4.0,3.0,3.0,,,,,,,,
110967,/team/110967/blooming/240002,24,2,2023-09-22,Blooming,2017,Liga De Futbol Prof,1.0,53,Bolivia,65,67,65,62,10302689.0,Arena d'Oro,110970,2,3.0,,10400000.0,28.73,27.48,226148.0,175393.0,175393.0,175393.0,175393.0,253274.0,175393.0,175393.0,Balanced,51.0,51.0,,,,,,Balanced,Balanced,61.0,3.0,3.0,3.0,,,,,,,,
110968,/team/110968/bolivar/240002,24,2,2023-09-22,Bolívar,2017,Liga De Futbol Prof,1.0,53,Bolivia,67,68,66,66,527267.0,Estadio Nacional (El Medio),110969,5,10.0,,16400000.0,28.82,26.46,216751.0,241131.0,241131.0,241131.0,241131.0,214835.0,216751.0,216751.0,Balanced,61.0,51.0,,,,,,Fast build up,Forward runs,51.0,5.0,3.0,3.0,,,,,,,,
110969,/team/110969/the-strongest/240002,24,2,2023-09-22,The Strongest,2017,Liga De Futbol Prof,1.0,53,Bolivia,67,69,66,65,471459.0,El Monumento (Estadio Latino),110968,4,9.0,,14600000.0,28.45,26.76,236241.0,259961.0,259961.0,259961.0,259961.0,217201.0,200120.0,200120.0,Balanced,51.0,41.0,,,,,,Fast build up,Forward runs,51.0,4.0,3.0,3.0,,,,,,,,
110970,/team/110970/oriente-petrolero/240002,24,2,2023-09-22,Oriente Petrolero,2017,Liga De Futbol Prof,1.0,53,Bolivia,64,67,64,64,16488543.0,Arena d'Oro,110967,2,6.0,,11200000.0,28.55,24.88,254375.0,211273.0,254375.0,211273.0,211273.0,220128.0,211273.0,211273.0,Balanced,51.0,51.0,,,,,,Slow build up,Possession,51.0,4.0,3.0,3.0,,,,,,,,
110975,/team/110975/universidad-catolica/240002,24,2,2023-09-22,Universidad Católica,335,Primera Division,1.0,55,Chile,69,72,69,70,233202.0,Arena del Centenario (Estadio del Pueblo),110980,6,9.0,,36500000.0,27.91,24.93,232670.0,225812.0,225812.0,225812.0,225812.0,232670.0,209744.0,247856.0,Press after possession loss,61.0,41.0,,,,,,Slow build up,Possession,81.0,4.0,3.0,3.0,,,,,,,,
110978,/team/110978/cobresal/240002,24,2,2023-09-22,Cobresal,335,Primera Division,1.0,55,Chile,67,71,67,65,5666333.0,Arena d'Oro,110980,2,4.0,,15000000.0,29.82,27.36,229201.0,214429.0,214429.0,214429.0,214429.0,220409.0,214429.0,214429.0,Balanced,51.0,41.0,,,,,,Fast build up,Forward runs,61.0,3.0,3.0,3.0,,,,,,,,
110980,/team/110980/colo-colo/240002,24,2,2023-09-22,Colo-Colo,335,Primera Division,1.0,55,Chile,70,68,72,68,474441.0,Estadio Nacional (El Medio),110975,6,10.0,,44200000.0,26.27,25.93,214294.0,242971.0,242971.0,242971.0,242971.0,242971.0,242971.0,242971.0,Balanced,61.0,41.0,,,,,,Balanced,Balanced,71.0,5.0,3.0,3.0,,,,,,,,
110981,/team/110981/barcelona-guayaquil/240002,24,2,2023-09-22,Barcelona Guayaquil,2018,Liga Pro,1.0,57,Ecuador,71,73,71,70,127886.0,Stadion Hanguk,110984,7,10.0,,35500000.0,29.91,28.0,215048.0,241992.0,241992.0,241992.0,241992.0,222585.0,241992.0,241992.0,Press after possession loss,51.0,61.0,,,,,,Balanced,Balanced,51.0,3.0,3.0,3.0,,,,,,,,
110982,/team/110982/deportivo-cuenca/240002,24,2,2023-09-22,Deportivo Cuenca,2018,Liga Pro,1.0,57,Ecuador,67,67,67,66,7690603.0,Arena d'Oro,110986,1,4.0,,11500000.0,29.45,27.26,219678.0,219678.0,219678.0,219678.0,219678.0,219678.0,219678.0,219678.0,Balanced,41.0,41.0,,,,,,Balanced,Balanced,51.0,3.0,3.0,3.0,,,,,,,,
110984,/team/110984/emelec/240002,24,2,2023-09-22,Emelec,2018,Liga Pro,1.0,57,Ecuador,69,70,68,68,467441.0,Eastpoint Arena (Football Ground),110981,6,8.0,,30000000.0,26.55,25.39,250797.0,212944.0,212944.0,225681.0,212944.0,212944.0,212944.0,212944.0,Pressure on heavy touch,61.0,61.0,,,,,,Fast build up,Forward runs,61.0,3.0,3.0,3.0,,,,,,,,
110986,/team/110986/ldu-quito/240002,24,2,2023-09-22,LDU Quito,2018,Liga Pro,1.0,57,Ecuador,70,71,71,70,524431.0,Estadio de las Artes (Generic Stadium NG),110981,6,9.0,,28900000.0,30.36,27.52,251132.0,254206.0,254206.0,254206.0,254206.0,254206.0,254206.0,254206.0,Balanced,51.0,71.0,,,,,,Balanced,Balanced,61.0,4.0,3.0,3.0,,,,,,,,
110987,/team/110987/aucas/240002,24,2,2023-09-22,Aucas,2018,Liga Pro,1.0,57,Ecuador,67,68,66,66,466572.0,Arena del Centenario (Estadio del Pueblo),110986,2,6.0,,19000000.0,29.55,27.44,253354.0,217097.0,225679.0,217097.0,217097.0,246404.0,217097.0,217097.0,Balanced,51.0,51.0,,,,,,Fast build up,Forward runs,61.0,4.0,3.0,3.0,,,,,,,,
110989,/team/110989/caracas/240002,24,2,2023-09-22,Caracas,2019,Primera Division,1.0,61,Venezuela,66,67,66,66,467533.0,Euro Arena,110990,3,9.0,,13000000.0,26.27,22.86,209073.0,253867.0,253867.0,253867.0,253867.0,258290.0,253867.0,253867.0,Balanced,41.0,51.0,,,,,,Long ball,Direct passing,51.0,4.0,3.0,3.0,,,,,,,,
110990,/team/110990/deportivo-tachira/240002,24,2,2023-09-22,Deportivo Táchira,2019,Primera Division,1.0,61,Venezuela,66,67,66,66,1548557.0,El Monumento (Estadio Latino),110989,4,10.0,,13200000.0,27.64,25.71,261648.0,261648.0,261648.0,261648.0,261648.0,261648.0,261648.0,261648.0,Balanced,61.0,51.0,,,,,,Long ball,Direct passing,51.0,3.0,3.0,3.0,,,,,,,,
110993,/team/110993/monagas/240002,24,2,2023-09-22,Monagas,2019,Primera Division,1.0,61,Venezuela,65,65,65,66,468239.0,Stadion Neder,112914,1,6.0,,11200000.0,23.45,23.3,264769.0,253905.0,253905.0,253905.0,253905.0,253905.0,253905.0,253905.0,Balanced,51.0,51.0,,,,,,Balanced,Balanced,51.0,3.0,3.0,3.0,,,,,,,,
110998,/team/110998/danubio/240002,24,2,2023-09-22,Danubio,338,Primera Division,1.0,60,Uruguay,67,67,66,67,232710.0,Arena del Centenario (Estadio del Pueblo),101109,2,6.0,,16200000.0,27.36,25.26,235111.0,235111.0,235111.0,235111.0,235111.0,186408.0,235111.0,235111.0,Press after possession loss,51.0,51.0,,,,,,Slow build up,Possession,61.0,3.0,3.0,3.0,,,,,,,,
111004,/team/111004/tacuary/240002,24,2,2023-09-22,Tacuary,337,Primera División,1.0,58,Paraguay,63,61,64,62,37490282.0,Aloha Park (Generic Oceania 2),116295,2,1.0,,8000000.0,26.27,25.65,273686.0,226037.0,226037.0,226037.0,226037.0,226037.0,226037.0,226037.0,Balanced,41.0,51.0,,,,,,Long ball,Direct passing,51.0,3.0,3.0,3.0,,,,,,,,
111008,/team/111008/libertad/240002,24,2,2023-09-22,Libertad,337,Primera División,1.0,58,Paraguay,71,71,68,70,472575.0,Arena del Centenario (Estadio del Pueblo),101108,7,9.0,,45500000.0,30.45,28.59,198653.0,204699.0,204699.0,204699.0,204699.0,179752.0,204977.0,204977.0,Balanced,51.0,37.0,,,,,,Slow build up,Possession,61.0,6.0,3.0,3.0,,,,,,,,
111010,/team/111010/alianza-lima/240002,24,2,2023-09-22,Alianza Lima,2020,Primera Division,1.0,59,Peru,70,72,70,71,258416.0,Estadio de las Artes (Generic Stadium NG),111013,4,10.0,,30000000.0,29.0,27.32,196434.0,264796.0,233078.0,264796.0,264796.0,233078.0,259776.0,264796.0,Balanced,61.0,41.0,,,,,,Fast build up,Forward runs,51.0,3.0,3.0,3.0,,,,,,,,
111011,/team/111011/cienciano/240002,24,2,2023-09-22,Cienciano,2020,Primera Division,1.0,59,Peru,67,69,68,66,1477253.0,Estadio de las Artes (Generic Stadium NG),111334,2,6.0,,17000000.0,29.09,27.8,253584.0,253653.0,253653.0,253653.0,253653.0,241499.0,253653.0,253653.0,Balanced,51.0,51.0,,,,,,Fast build up,Forward runs,51.0,3.0,3.0,3.0,,,,,,,,
111013,/team/111013/sporting-cristal/240002,24,2,2023-09-22,Sporting Cristal,2020,Primera Division,1.0,59,Peru,69,69,70,70,526182.0,Arena del Centenario (Estadio del Pueblo),111010,5,9.0,,31300000.0,26.82,24.24,204542.0,234180.0,204542.0,234180.0,234180.0,204542.0,234180.0,234180.0,Pressure on heavy touch,51.0,71.0,,,,,,Slow build up,Possession,61.0,3.0,3.0,3.0,,,,,,,,
111014,/team/111014/universitario/240002,24,2,2023-09-22,Universitario,2020,Primera Division,1.0,59,Peru,69,69,70,69,474327.0,El Libertador (La Bombastico),111010,4,9.0,,27500000.0,29.09,27.5,186655.0,211274.0,211274.0,211274.0,253902.0,259251.0,253902.0,211274.0,Balanced,51.0,51.0,,,,,,Fast build up,Forward runs,51.0,4.0,3.0,3.0,,,,,,,,
111019,/team/111019/argentinos-juniors/240002,24,2,2023-09-22,Argentinos Juniors,353,Liga Profesional,1.0,52,Argentina,71,72,71,71,465797.0,Arena del Centenario (Estadio del Pueblo),112689,6,6.0,,16500000.0,26.45,25.54,176920.0,246770.0,269622.0,176920.0,246770.0,176920.0,224317.0,224317.0,Press after possession loss,41.0,61.0,,,,,,Balanced,Balanced,61.0,5.0,3.0,3.0,,,,,,,,
111022,/team/111022/belgrano/240002,24,2,2023-09-22,Belgrano,353,Liga Profesional,1.0,52,Argentina,69,69,69,68,211391.0,Stadio Classico,112670,1,3.0,,10500000.0,27.18,27.93,273768.0,273764.0,273764.0,273764.0,211265.0,224854.0,273764.0,273764.0,Balanced,61.0,41.0,,,,,,Long ball,Direct passing,71.0,3.0,3.0,3.0,,,,,,,,
111042,/team/111042/goias/240002,24,2,2023-09-22,Goiás,7,Serie A,1.0,54,Brazil,69,70,68,69,532733.0,O Dromo,1035,3,4.0,,12500000.0,29.91,29.0,230400.0,230257.0,230334.0,230334.0,230257.0,230356.0,230473.0,230473.0,Balanced,51.0,41.0,,,,,,Balanced,Balanced,51.0,3.0,3.0,3.0,,,,,,,,
111052,/team/111052/fortaleza/240002,24,2,2023-09-22,Fortaleza,7,Serie A,1.0,54,Brazil,71,71,71,72,212007.0,O Dromo,1043,1,2.0,,4400000.0,27.36,27.0,230227.0,230227.0,230227.0,230227.0,230227.0,230433.0,230340.0,230340.0,Pressure on heavy touch,51.0,61.0,,,,,,Fast build up,Forward runs,61.0,3.0,3.0,3.0,,,,,,,,
111065,/team/111065/real-salt-lake/240002,24,2,2023-09-22,Real Salt Lake,39,Major League Soccer,1.0,95,United States,69,72,69,66,524071.0,Crown Lane,694,4,6.0,,211500000.0,26.09,25.47,215886.0,215886.0,215886.0,215886.0,215886.0,215886.0,215886.0,215886.0,Balanced,61.0,51.0,,,,,,Fast build up,Forward runs,61.0,4.0,3.0,3.0,,,,,,,,
111083,/team/111083/korona-kielce/240002,24,2,2023-09-22,Korona Kielce,66,Ekstraklasa,1.0,37,Poland,64,64,64,63,154708.0,Stadion Neder,111088,1,2.0,,3400000.0,27.0,25.42,220616.0,252484.0,252484.0,252484.0,252484.0,252484.0,252484.0,252484.0,Balanced,51.0,41.0,,,,,,Long ball,Direct passing,61.0,5.0,3.0,3.0,,,,,,,,
111085,/team/111085/lks-lodz/240002,24,2,2023-09-22,ŁKS Łódź,66,Ekstraklasa,1.0,37,Poland,64,63,64,64,456170.0,Stadion 23. Maj,1871,1,3.0,,3000000.0,27.55,24.89,219702.0,251004.0,224358.0,251004.0,224358.0,251004.0,251004.0,224358.0,Balanced,51.0,51.0,,,,,,Balanced,Balanced,61.0,4.0,3.0,3.0,,,,,,,,
111086,/team/111086/piast-gliwice/240002,24,2,2023-09-22,Piast Gliwice,66,Ekstraklasa,1.0,37,Poland,66,67,65,65,108499.0,Molton Road (Sheldon Stadium),420,3,7.0,,6300000.0,26.73,25.89,214882.0,194059.0,234883.0,194059.0,194059.0,224062.0,257886.0,240501.0,Balanced,51.0,51.0,,,,,,Balanced,Balanced,51.0,4.0,3.0,3.0,,,,,,,,
111088,/team/111088/radomiak-radom/240002,24,2,2023-09-22,Radomiak Radom,66,Ekstraklasa,1.0,37,Poland,66,66,66,66,1565617.0,Euro Park,111083,1,5.0,,4500000.0,28.18,26.44,211622.0,203575.0,203575.0,203575.0,203575.0,203575.0,203575.0,203575.0,Balanced,51.0,51.0,,,,,,Balanced,Balanced,61.0,3.0,3.0,3.0,,,,,,,,
111092,/team/111092/slask-wroclaw/240002,24,2,2023-09-22,Śląsk Wrocław,66,Ekstraklasa,1.0,37,Poland,64,67,64,64,524496.0,Waldstadion (Fussballstadion),110749,3,7.0,,6200000.0,25.36,23.39,237438.0,237438.0,251026.0,251026.0,237438.0,237438.0,220479.0,220479.0,Press after possession loss,51.0,51.0,,,,,,Balanced,Balanced,61.0,4.0,3.0,3.0,,,,,,,,
111111,/team/111111/morocco/240002,24,2,2023-09-22,Morocco,78,Friendly International,,129,Morocco,78,79,75,79,37593553.0,Stadion 23. Maj,111527,3,,,,26.73,26.69,208295.0,235212.0,235212.0,235212.0,235212.0,235410.0,235212.0,235212.0,Pressure on heavy touch,61.0,71.0,,,,,,Fast build up,Forward runs,61.0,4.0,3.0,3.0,,,,,,,,
111117,/team/111117/fatih-karagumruk/240002,24,2,2023-09-22,Fatih Karagümrük,68,Super Lig,1.0,48,Turkey,70,71,69,70,35468.0,Stadion Neder,111339,1,1.0,,18200000.0,28.55,26.0,252544.0,194847.0,184881.0,194847.0,194847.0,224933.0,194847.0,184881.0,Balanced,61.0,51.0,,,,,,Balanced,Balanced,61.0,4.0,3.0,3.0,,,,,,,,
111132,/team/111132/ucd/240002,24,2,2023-09-22,UCD,65,Premier Division,1.0,25,Republic of Ireland,55,54,55,55,120550.0,_Longville Stadium,306,1,1.0,,915000.0,20.55,20.43,237889.0,274392.0,274392.0,274392.0,274392.0,237889.0,274392.0,274392.0,Balanced,51.0,41.0,,,,,,Long ball,Direct passing,61.0,3.0,3.0,3.0,,,,,,,,
111138,/team/111138/minnesota-united/240002,24,2,2023-09-22,Minnesota United,39,Major League Soccer,1.0,95,United States,70,75,70,67,429940.0,Stadion Hanguk,696,1,3.0,,250000000.0,27.45,26.3,234468.0,234468.0,234468.0,234468.0,234468.0,234468.0,234468.0,234468.0,Balanced,41.0,37.0,,,,,,Balanced,Balanced,61.0,4.0,3.0,3.0,,,,,,,,
111139,/team/111139/cf-montreal/240002,24,2,2023-09-22,CF Montréal,39,Major League Soccer,1.0,70,Canada,67,67,67,66,24118.0,Molton Road (Sheldon Stadium),111651,4,4.0,,199000000.0,23.36,23.89,213092.0,255411.0,255411.0,255411.0,255411.0,259288.0,255411.0,255411.0,Balanced,51.0,51.0,,,,,,Slow build up,Possession,71.0,3.0,3.0,3.0,,,,,,,,
111140,/team/111140/portland-timbers/240002,24,2,2023-09-22,Portland Timbers,39,Major League Soccer,1.0,95,United States,70,68,71,67,37715426.0,Providence Park,111144,3,7.0,,351000000.0,28.73,26.87,203067.0,234505.0,234505.0,234505.0,234505.0,234505.0,234505.0,234505.0,Pressure on heavy touch,51.0,51.0,,,,,,Fast build up,Forward runs,61.0,4.0,3.0,3.0,,,,,,,,
111144,/team/111144/seattle-sounders/240002,24,2,2023-09-22,Seattle Sounders,39,Major League Soccer,1.0,95,United States,70,71,73,69,429937.0,Lumen Field,111140,7,7.0,,364500000.0,29.64,26.14,197225.0,197225.0,197225.0,197225.0,197225.0,197225.0,197225.0,197225.0,Balanced,41.0,51.0,,,,,,Balanced,Balanced,51.0,3.0,3.0,3.0,,,,,,,,
111235,/team/111235/heidenheim/240002,24,2,2023-09-22,Heidenheim,19,Bundesliga,1.0,21,Germany,71,72,70,71,458978.0,Molton Road (Sheldon Stadium),110178,1,1.0,,34400000.0,25.64,25.03,216199.0,240451.0,240451.0,240451.0,240451.0,240451.0,240451.0,224980.0,Balanced,61.0,41.0,,,,,,Long ball,Direct passing,61.0,3.0,3.0,3.0,,,,,,,,
111239,/team/111239/ingolstadt/240002,24,2,2023-09-22,Ingolstadt,2076,3. Liga,3.0,21,Germany,65,64,64,66,456450.0,Stadion Neder,33,1,9.0,,12500000.0,25.64,23.64,227932.0,241967.0,241967.0,241967.0,241967.0,198019.0,241967.0,241967.0,Balanced,51.0,51.0,,,,,,Long ball,Direct passing,51.0,5.0,3.0,3.0,,,,,,,,
111276,/team/111276/dunkerque/240002,24,2,2023-09-22,Dunkerque,17,Ligue 2,2.0,18,France,63,63,65,63,2510462.0,Stadion 23. Maj,64,1,1.0,,13000000.0,27.82,24.89,256730.0,250868.0,250868.0,250868.0,276027.0,276027.0,250868.0,276027.0,Balanced,41.0,41.0,,,,,,Balanced,Balanced,61.0,3.0,3.0,3.0,,,,,,,,
111325,/team/111325/nacional/240002,24,2,2023-09-22,Nacional,338,Primera Division,1.0,60,Uruguay,70,70,70,69,896664.0,El Libertador (La Bombastico),101110,8,10.0,,47000000.0,30.36,26.42,188485.0,253268.0,232546.0,253268.0,253268.0,253718.0,253268.0,253268.0,Balanced,61.0,61.0,,,,,,Fast build up,Forward runs,61.0,4.0,3.0,3.0,,,,,,,,
111326,/team/111326/liverpool/240002,24,2,2023-09-22,Liverpool,338,Primera Division,1.0,60,Uruguay,67,69,68,66,212901.0,Arena del Centenario (Estadio del Pueblo),112184,2,8.0,,25200000.0,24.55,22.9,255882.0,253259.0,253259.0,253259.0,253259.0,253259.0,253259.0,253259.0,Balanced,51.0,51.0,,,,,,Slow build up,Possession,81.0,8.0,3.0,3.0,,,,,,,,
111328,/team/111328/palestino/240002,24,2,2023-09-22,Palestino,335,Primera Division,1.0,55,Chile,67,70,66,68,471810.0,Arena d'Oro,110975,4,6.0,,16500000.0,30.82,26.23,207641.0,215129.0,215129.0,215129.0,215129.0,207641.0,215129.0,215129.0,Balanced,61.0,51.0,,,,,,Fast build up,Forward runs,51.0,3.0,3.0,3.0,,,,,,,,
111329,/team/111329/guarani/240002,24,2,2023-09-22,Guaraní,337,Primera División,1.0,58,Paraguay,67,71,65,64,257693.0,Aloha Park (Generic Oceania 2),101108,4,7.0,,19500000.0,28.55,26.44,218867.0,219835.0,219835.0,219835.0,219835.0,219835.0,219835.0,219835.0,Balanced,51.0,51.0,,,,,,Fast build up,Forward runs,61.0,5.0,3.0,3.0,,,,,,,,
111332,/team/111332/estudiantes-merida/240002,24,2,2023-09-22,Estudiantes Mérida,2019,Primera Division,1.0,61,Venezuela,65,65,65,65,4192460.0,Estadio de las Artes (Generic Stadium NG),110990,1,5.0,,9100000.0,27.73,25.12,205205.0,205205.0,205205.0,205205.0,205205.0,205205.0,205205.0,205205.0,Balanced,71.0,51.0,,,,,,Long ball,Direct passing,71.0,4.0,3.0,3.0,,,,,,,,
111334,/team/111334/melgar/240002,24,2,2023-09-22,Melgar,2020,Primera Division,1.0,59,Peru,68,69,68,68,468645.0,El Monumento (Estadio Latino),111011,4,8.0,,22800000.0,27.64,25.5,237031.0,212747.0,215074.0,212747.0,212747.0,237031.0,212747.0,212747.0,Press after possession loss,51.0,51.0,,,,,,Fast build up,Forward runs,61.0,4.0,3.0,3.0,,,,,,,,
111339,/team/111339/kasimpasa/240002,24,2,2023-09-22,Kasımpaşa,68,Super Lig,1.0,48,Turkey,67,69,67,66,456648.0,Stadio Classico,101014,3,4.0,,20200000.0,26.82,25.46,226517.0,226517.0,226517.0,226517.0,226517.0,226517.0,226517.0,226517.0,Balanced,41.0,51.0,,,,,,Balanced,Balanced,61.0,4.0,3.0,3.0,,,,,,,,
111380,/team/111380/almere-city/240002,24,2,2023-09-22,Almere City,10,Eredivisie,1.0,34,Netherlands,65,65,65,65,456391.0,Court Lane,645,1,1.0,,15200000.0,25.18,24.07,223813.0,260076.0,216836.0,260076.0,188540.0,275858.0,188540.0,188540.0,Balanced,61.0,41.0,,,,,,Balanced,Balanced,51.0,4.0,3.0,3.0,,,,,,,,
111393,/team/111393/adelaide-united/240002,24,2,2023-09-22,Adelaide United,351,A-League,1.0,195,Australia,63,63,62,63,23302395.0,Arena del Centenario (Estadio del Pueblo),111397,3,6.0,,8000000.0,28.18,23.68,203024.0,212803.0,203024.0,212803.0,212803.0,212803.0,212803.0,212803.0,Balanced,61.0,61.0,,,,,,Balanced,Balanced,71.0,3.0,3.0,3.0,,,,,,,,
111395,/team/111395/brisbane-roar/240002,24,2,2023-09-22,Brisbane Roar,351,A-League,1.0,195,Australia,62,61,63,63,37486374.0,Court Lane,111400,3,5.0,,11000000.0,28.27,26.0,190962.0,180903.0,180903.0,180903.0,180903.0,180903.0,180903.0,180903.0,Balanced,41.0,37.0,,,,,,Long ball,Direct passing,61.0,4.0,3.0,3.0,,,,,,,,
111396,/team/111396/central-coast-mariners/240002,24,2,2023-09-22,Central Coast Mariners,351,A-League,1.0,195,Australia,62,60,63,62,684.0,Crown Lane,111398,3,6.0,,5500000.0,25.09,22.3,181481.0,247822.0,247822.0,247822.0,247822.0,256392.0,247822.0,247822.0,Balanced,61.0,51.0,,,,,,Balanced,Balanced,61.0,4.0,3.0,3.0,,,,,,,,
111397,/team/111397/melbourne-victory/240002,24,2,2023-09-22,Melbourne Victory,351,A-League,1.0,195,Australia,65,67,65,64,896782.0,Stade Municipal,111400,4,6.0,,11500000.0,27.91,25.73,193143.0,228171.0,228171.0,228171.0,228171.0,189225.0,228171.0,228171.0,Balanced,41.0,41.0,,,,,,Balanced,Balanced,61.0,3.0,3.0,3.0,,,,,,,,
111398,/team/111398/newcastle-jets/240002,24,2,2023-09-22,Newcastle Jets,351,A-League,1.0,195,Australia,62,58,64,61,37524058.0,Forest Park Stadium (Square Ground),111396,1,2.0,,7000000.0,24.91,23.92,200841.0,209359.0,209359.0,252974.0,209359.0,262648.0,209359.0,209359.0,Balanced,61.0,51.0,,,,,,Slow build up,Possession,61.0,5.0,3.0,3.0,,,,,,,,
111399,/team/111399/perth-glory/240002,24,2,2023-09-22,Perth Glory,351,A-League,1.0,195,Australia,63,66,62,63,32405384.0,Forest Park Stadium (Square Ground),111766,2,5.0,,8700000.0,29.55,24.78,199002.0,204701.0,204701.0,204701.0,204701.0,225998.0,204701.0,204701.0,Balanced,51.0,41.0,,,,,,Balanced,Balanced,61.0,3.0,3.0,3.0,,,,,,,,
111400,/team/111400/sydney/240002,24,2,2023-09-22,Sydney,351,A-League,1.0,195,Australia,63,65,62,63,17159485.0,Sanderson Park (FIFA 13 NEW generic),112427,5,9.0,,12500000.0,29.09,24.1,199159.0,209886.0,209886.0,209886.0,209886.0,221587.0,209886.0,209886.0,Pressure on heavy touch,51.0,51.0,,,,,,Slow build up,Possession,61.0,4.0,3.0,3.0,,,,,,,,
111434,/team/111434/cremonese/240002,24,2,2023-09-22,Cremonese,32,Serie B,2.0,27,Italy,71,72,72,70,1553204.0,Stadio Classico,1745,1,8.0,,50000000.0,27.82,26.29,178475.0,207471.0,258714.0,207471.0,207471.0,178475.0,258714.0,258714.0,Balanced,51.0,51.0,,,,,,Long ball,Direct passing,51.0,6.0,3.0,3.0,,,,,,,,
111462,/team/111462/ghana/240002,24,2,2023-09-22,Ghana,78,Friendly International,,117,Ghana,76,77,77,75,523946.0,Stadio Classico,1387,5,,,,26.0,25.58,176571.0,176571.0,176571.0,176571.0,176571.0,176571.0,176571.0,176571.0,Press after possession loss,51.0,61.0,,,,,,Balanced,Balanced,61.0,4.0,3.0,3.0,,,,,,,,
111473,/team/111473/new-zealand/240002,24,2,2023-09-22,New Zealand,78,Friendly International,,198,New Zealand,67,67,66,66,1552328.0,O Dromo,1318,2,,,,25.36,25.73,192123.0,255360.0,254142.0,255360.0,255360.0,192123.0,254142.0,254142.0,Balanced,71.0,41.0,,,,,,Slow build up,Possession,71.0,4.0,3.0,3.0,,,,,,,,
111527,/team/111527/qatar/240002,24,2,2023-09-22,Qatar,78,Friendly International,,182,Qatar,68,68,69,68,474615.0,Stadion Hanguk,111111,3,,,,28.73,27.81,180561.0,268782.0,215911.0,268782.0,268782.0,180561.0,234051.0,215911.0,Balanced,51.0,71.0,,,,,,Long ball,Direct passing,41.0,4.0,3.0,3.0,,,,,,,,
111539,/team/111539/vizela/240002,24,2,2023-09-22,Vizela,308,Liga Portugal,1.0,38,Portugal,68,67,69,69,37600730.0,_Longville Stadium,112513,1,2.0,,5600000.0,25.0,24.42,223302.0,223302.0,223302.0,223302.0,223302.0,223302.0,223302.0,223302.0,Balanced,51.0,61.0,,,,,,Slow build up,Possession,61.0,3.0,3.0,3.0,,,,,,,,
111629,/team/111629/east-bengal/240002,24,2,2023-09-22,East Bengal,2149,Super League,1.0,159,India,59,66,60,58,22504273.0,O Dromo,113146,3,7.0,,3400000.0,27.64,27.08,217232.0,256998.0,256998.0,235754.0,256998.0,256998.0,228194.0,235754.0,Balanced,51.0,51.0,,,,,,Long ball,Direct passing,61.0,3.0,3.0,3.0,,,,,,,,
111651,/team/111651/toronto/240002,24,2,2023-09-22,Toronto,39,Major League Soccer,1.0,70,Canada,68,73,67,65,9054.0,Crown Lane,111139,4,7.0,,350000000.0,27.55,25.93,155887.0,198219.0,212404.0,198219.0,198219.0,212404.0,212404.0,198219.0,Balanced,51.0,51.0,,,,,,Balanced,Balanced,61.0,3.0,3.0,3.0,,,,,,,,
111657,/team/111657/frosinone/240002,24,2,2023-09-22,Frosinone,31,Serie A,1.0,27,Italy,70,70,70,67,458783.0,Stadion Neder,189,1,1.0,,30000000.0,25.18,24.48,221331.0,221331.0,221331.0,221331.0,221331.0,231050.0,231050.0,231050.0,Balanced,61.0,51.0,,,,,,Fast build up,Forward runs,71.0,4.0,3.0,3.0,,,,,,,,
111659,/team/111659/rodez/240002,24,2,2023-09-22,Rodez,17,Ligue 2,2.0,18,France,65,65,64,65,456991.0,Molton Road (Sheldon Stadium),1809,1,2.0,,16000000.0,24.27,23.56,243412.0,240729.0,240729.0,240729.0,240729.0,243412.0,240729.0,240729.0,Balanced,41.0,51.0,,,,,,Long ball,Direct passing,71.0,3.0,3.0,3.0,,,,,,,,
111674,/team/111674/al-shabab/240002,24,2,2023-09-22,Al Shabab,350,Pro League,1.0,183,Saudi Arabia,71,74,70,70,185336.0,Stade Kokoto (Generic Africa 2),112139,4,7.0,,75500000.0,29.36,26.68,178562.0,178562.0,178562.0,178562.0,178562.0,208418.0,178562.0,178562.0,Balanced,51.0,51.0,,,,,,Fast build up,Forward runs,61.0,4.0,3.0,3.0,,,,,,,,
111701,/team/111701/al-ain/240002,24,2,2023-09-22,Al Ain,2013,Pro League,1.0,190,United Arab Emirates,69,78,70,68,335781.0,Estadio de las Artes (Generic Stadium NG),605,6,9.0,,76000000.0,27.55,25.48,247671.0,226376.0,226376.0,226376.0,226376.0,251353.0,226376.0,226376.0,Balanced,51.0,51.0,,,,,,Balanced,Balanced,61.0,4.0,3.0,3.0,,,,,,,,
111705,/team/111705/brommapojkarna/240002,24,2,2023-09-22,Brommapojkarna,56,Allsvenskan,1.0,46,Sweden,63,61,63,64,469.0,_Longville Stadium,710,1,1.0,,3200000.0,24.73,24.73,272913.0,227882.0,227882.0,227882.0,227882.0,246777.0,227882.0,227882.0,Balanced,51.0,41.0,,,,,,Slow build up,Possession,61.0,6.0,3.0,3.0,,,,,,,,
111706,/team/111706/godoy-cruz/240002,24,2,2023-09-22,Godoy Cruz,353,Liga Profesional,1.0,52,Argentina,69,69,69,70,31264237.0,El Libertador (La Bombastico),111708,1,2.0,,22000000.0,26.36,24.0,214933.0,259579.0,259579.0,259579.0,259579.0,259579.0,253304.0,248231.0,Balanced,61.0,61.0,,,,,,Slow build up,Possession,51.0,6.0,3.0,3.0,,,,,,,,
111708,/team/111708/atletico-tucuman/240002,24,2,2023-09-22,Atlético Tucumán,353,Liga Profesional,1.0,52,Argentina,70,69,71,69,7690084.0,Estadio Nacional (El Medio),111716,2,4.0,,10000000.0,25.64,25.46,259273.0,233092.0,233092.0,233092.0,233092.0,269619.0,233092.0,233092.0,Balanced,51.0,41.0,,,,,,Long ball,Direct passing,41.0,3.0,3.0,3.0,,,,,,,,
111710,/team/111710/defensa-y-justicia/240002,24,2,2023-09-22,Defensa y Justicia,353,Liga Profesional,1.0,52,Argentina,71,72,71,70,37625768.0,Arena del Centenario (Estadio del Pueblo),110394,5,6.0,,18100000.0,27.45,26.43,229537.0,224403.0,224403.0,224403.0,241833.0,225289.0,224403.0,224403.0,Press after possession loss,51.0,71.0,,,,,,Balanced,Balanced,61.0,8.0,3.0,3.0,,,,,,,,
111711,/team/111711/huracan/240002,24,2,2023-09-22,Huracán,353,Liga Profesional,1.0,52,Argentina,70,70,71,69,109688.0,El Libertador (La Bombastico),1013,2,3.0,,18300000.0,27.27,25.68,213433.0,235719.0,222693.0,235719.0,235719.0,259977.0,235719.0,222693.0,Balanced,51.0,37.0,,,,,,Fast build up,Forward runs,61.0,3.0,3.0,3.0,,,,,,,,
111715,/team/111715/tigre/240002,24,2,2023-09-22,Tigre,353,Liga Profesional,1.0,52,Argentina,70,70,71,70,438064.0,Crown Lane,112689,3,4.0,,12000000.0,28.09,25.54,188968.0,228179.0,228179.0,228179.0,228179.0,228179.0,256502.0,228179.0,Balanced,51.0,51.0,,,,,,Fast build up,Forward runs,51.0,4.0,3.0,3.0,,,,,,,,
111716,/team/111716/union-santa-fe/240002,24,2,2023-09-22,Unión Santa Fe,353,Liga Profesional,1.0,52,Argentina,68,67,68,68,212873.0,Estadio Nacional (El Medio),110406,1,3.0,,11000000.0,24.0,23.29,211272.0,259789.0,259789.0,259789.0,259789.0,253908.0,259789.0,259789.0,Balanced,61.0,61.0,,,,,,Balanced,Balanced,61.0,3.0,3.0,3.0,,,,,,,,
111722,/team/111722/deportes-tolima/240002,24,2,2023-09-22,Deportes Tolima,336,Liga BetPlay,1.0,56,Colombia,69,69,69,68,37324872.0,Arena d'Oro,101101,4,6.0,,35700000.0,27.09,26.03,214135.0,237982.0,232195.0,252990.0,237982.0,229842.0,237982.0,237982.0,Balanced,71.0,51.0,,,,,,Fast build up,Forward runs,71.0,3.0,3.0,3.0,,,,,,,,
111724,/team/111724/shandong-taishan/240002,24,2,2023-09-22,Shandong Taishan,2012,Super League,1.0,155,China PR,68,73,67,68,1452433.0,Stadion Hanguk,111768,3,9.0,,10500000.0,30.55,28.79,176944.0,195412.0,195412.0,195412.0,195412.0,176944.0,211108.0,211108.0,Balanced,51.0,51.0,,,,,,Balanced,Balanced,51.0,6.0,3.0,3.0,,,,,,,,
111766,/team/111766/wellington-phoenix/240002,24,2,2023-09-22,Wellington Phoenix,351,A-League,1.0,198,New Zealand,61,62,62,61,37356457.0,O Dromo,114023,2,4.0,,5900000.0,25.27,23.76,219392.0,239458.0,209361.0,239458.0,239458.0,224324.0,239458.0,239458.0,Balanced,61.0,41.0,,,,,,Fast build up,Forward runs,61.0,3.0,3.0,3.0,,,,,,,,
111768,/team/111768/beijing-guoan/240002,24,2,2023-09-22,Beijing Guoan,2012,Super League,1.0,155,China PR,66,71,65,67,1021678.0,Stadion Hanguk,110955,4,8.0,,11900000.0,29.82,27.46,183997.0,222734.0,222734.0,222734.0,222734.0,199088.0,222734.0,222734.0,Balanced,41.0,51.0,,,,,,Slow build up,Possession,51.0,3.0,3.0,3.0,,,,,,,,
111769,/team/111769/changchun-yatai/240002,24,2,2023-09-22,Changchun Yatai,2012,Super League,1.0,155,China PR,64,72,64,62,13225192.0,Euro Arena,112985,2,7.0,,11200000.0,29.64,27.25,202855.0,225478.0,225478.0,221931.0,225478.0,202855.0,225478.0,225478.0,Balanced,51.0,37.0,,,,,,Long ball,Direct passing,51.0,3.0,3.0,3.0,,,,,,,,
111773,/team/111773/shenzhen/240002,24,2,2023-09-22,Shenzhen,2012,Super League,1.0,155,China PR,61,61,62,59,311753.0,Estadio de las Artes (Generic Stadium NG),111779,1,3.0,,6100000.0,28.82,24.14,222277.0,184575.0,184575.0,184575.0,184575.0,213013.0,184575.0,184575.0,Balanced,51.0,51.0,,,,,,Slow build up,Possession,51.0,6.0,3.0,3.0,,,,,,,,
111774,/team/111774/tianjin-jinmen-tiger/240002,24,2,2023-09-22,Tianjin Jinmen Tiger,2012,Super League,1.0,155,China PR,63,70,65,62,37566900.0,Stadion Olympik,111768,2,3.0,,6100000.0,30.0,27.71,228077.0,224466.0,224466.0,224466.0,224466.0,212023.0,224466.0,224466.0,Pressure on heavy touch,51.0,51.0,,,,,,Balanced,Balanced,61.0,3.0,3.0,3.0,,,,,,,,
111779,/team/111779/henan/240002,24,2,2023-09-22,Henan,2012,Super League,1.0,155,China PR,64,68,65,63,37607674.0,Stadion Olympik,111768,2,4.0,,5200000.0,30.45,26.93,216736.0,162280.0,162280.0,162280.0,162280.0,216736.0,162280.0,162280.0,Balanced,41.0,41.0,,,,,,Fast build up,Forward runs,61.0,3.0,3.0,3.0,,,,,,,,
111811,/team/111811/monza/240002,24,2,2023-09-22,Monza,31,Serie A,1.0,27,Italy,75,75,75,74,128295.0,Court Lane,1745,2,3.0,,47500000.0,27.73,25.54,239613.0,202848.0,239613.0,202848.0,202848.0,202848.0,219812.0,219812.0,Balanced,61.0,51.0,,,,,,Slow build up,Possession,61.0,4.0,3.0,3.0,,,,,,,,
111817,/team/111817/paris/240002,24,2,2023-09-22,Paris,17,Ligue 2,2.0,18,France,67,68,68,67,37524603.0,Euro Arena,73,1,5.0,,38000000.0,27.73,24.15,240057.0,257118.0,211240.0,211240.0,257118.0,257118.0,211240.0,211240.0,Balanced,61.0,51.0,,,,,,Slow build up,Possession,61.0,5.0,3.0,3.0,,,,,,,,
111822,/team/111822/wolfsberger-ac/240002,24,2,2023-09-22,Wolfsberger AC,80,Bundesliga,1.0,4,Austria,66,67,66,67,37575021.0,Euro Park,209,4,5.0,,15000000.0,25.27,24.56,216182.0,216182.0,216182.0,216182.0,216182.0,267864.0,216182.0,216182.0,Pressure on heavy touch,41.0,51.0,,,,,,Fast build up,Forward runs,41.0,3.0,3.0,3.0,,,,,,,,
111928,/team/111928/san-jose-earthquakes/240002,24,2,2023-09-22,San Jose Earthquakes,39,Major League Soccer,1.0,95,United States,70,72,71,68,31238816.0,Crown Lane,697,2,4.0,,240000000.0,26.91,25.13,237257.0,231150.0,237257.0,231150.0,231150.0,237256.0,226385.0,226385.0,Press after possession loss,81.0,61.0,,,,,,Slow build up,Possession,81.0,3.0,3.0,3.0,,,,,,,,
111974,/team/111974/sassuolo/240002,24,2,2023-09-22,Sassuolo,31,Serie A,1.0,27,Italy,75,78,73,72,367568.0,Forest Park Stadium (Square Ground),189,3,4.0,,110000000.0,26.09,25.7,163489.0,210935.0,210935.0,210935.0,210935.0,210935.0,210935.0,210935.0,Press after possession loss,51.0,61.0,,,,,,Slow build up,Possession,61.0,5.0,3.0,3.0,,,,,,,,
111993,/team/111993/cittadella/240002,24,2,2023-09-22,Cittadella,32,Serie B,2.0,27,Italy,65,64,65,64,131125.0,Aloha Park (Generic Oceania 2),205,1,3.0,,14500000.0,27.0,25.27,244229.0,227223.0,227223.0,227223.0,227223.0,275912.0,227223.0,227223.0,Balanced,61.0,51.0,,,,,,Long ball,Direct passing,61.0,4.0,3.0,3.0,,,,,,,,
112001,/team/112001/america-mineiro/240002,24,2,2023-09-22,América Mineiro,7,Serie A,1.0,54,Brazil,70,67,69,71,893783.0,Estadio Nacional (El Medio),1035,2,2.0,,3300000.0,30.64,30.8,230208.0,236071.0,230393.0,236071.0,236071.0,230300.0,236071.0,230422.0,Balanced,51.0,51.0,,,,,,Fast build up,Forward runs,51.0,3.0,3.0,3.0,,,,,,,,
112072,/team/112072/mjallby/240002,24,2,2023-09-22,Mjällby,56,Allsvenskan,1.0,46,Sweden,62,62,60,63,1452787.0,Court Lane,1439,1,2.0,,3200000.0,26.09,23.71,199080.0,199080.0,242055.0,199080.0,199080.0,199080.0,254469.0,199080.0,Balanced,61.0,51.0,,,,,,Balanced,Balanced,61.0,3.0,3.0,3.0,,,,,,,,
112096,/team/112096/al-ettifaq/240002,24,2,2023-09-22,Al Ettifaq,350,Pro League,1.0,183,Saudi Arabia,70,73,73,64,37685707.0,Stade Kokoto (Generic Africa 2),112883,3,6.0,,25500000.0,28.91,25.62,183711.0,208008.0,224962.0,224962.0,208008.0,211591.0,224962.0,208008.0,Pressure on heavy touch,51.0,51.0,,,,,,Slow build up,Possession,51.0,3.0,3.0,3.0,,,,,,,,
112115,/team/112115/gangwon/240002,24,2,2023-09-22,Gangwon,83,K League 1,1.0,167,Korea Republic,66,66,66,65,453032.0,Euro Arena,1474,1,5.0,,11200000.0,28.73,26.75,211004.0,233018.0,233018.0,233018.0,233018.0,233018.0,233018.0,191980.0,Pressure on heavy touch,71.0,51.0,,,,,,Long ball,Direct passing,61.0,4.0,3.0,3.0,,,,,,,,
112126,/team/112126/varnamo/240002,24,2,2023-09-22,Värnamo,56,Allsvenskan,1.0,46,Sweden,63,68,63,62,17281534.0,Euro Park,700,1,1.0,,3100000.0,25.73,25.04,223379.0,223379.0,223379.0,223379.0,223379.0,201965.0,223379.0,223379.0,Balanced,41.0,51.0,,,,,,Fast build up,Forward runs,51.0,5.0,3.0,3.0,,,,,,,,
112134,/team/112134/philadelphia-union/240002,24,2,2023-09-22,Philadelphia Union,39,Major League Soccer,1.0,95,United States,71,71,71,71,524291.0,Forest Park Stadium (Square Ground),112828,3,7.0,,266000000.0,27.55,25.24,191173.0,191173.0,191173.0,191173.0,191173.0,191173.0,191173.0,239704.0,Press after possession loss,41.0,51.0,,,,,,Slow build up,Possession,41.0,3.0,3.0,3.0,,,,,,,,
112139,/team/112139/al-nassr/240002,24,2,2023-09-22,Al Nassr,350,Pro League,1.0,183,Saudi Arabia,76,86,77,74,464141.0,Stade Municipal,605,6,9.0,,295800000.0,29.27,27.03,20801.0,20801.0,20801.0,20801.0,212523.0,20801.0,216352.0,212462.0,Pressure on heavy touch,41.0,61.0,,,,,,Fast build up,Forward runs,51.0,4.0,3.0,3.0,,,,,,,,
112163,/team/112163/zhejiang/240002,24,2,2023-09-22,Zhejiang,2012,Super League,1.0,155,China PR,64,72,64,62,13991808.0,Stadion Olympik,110955,1,4.0,,8100000.0,29.91,26.79,239148.0,239148.0,239148.0,239148.0,239148.0,211292.0,239148.0,239148.0,Balanced,61.0,41.0,,,,,,Balanced,Balanced,51.0,3.0,3.0,3.0,,,,,,,,
112168,/team/112168/cosenza/240002,24,2,2023-09-22,Cosenza,32,Serie B,2.0,27,Italy,67,69,67,67,127840.0,Euro Arena,110908,1,2.0,,9500000.0,26.45,24.11,229750.0,220528.0,220528.0,220528.0,220528.0,220528.0,220528.0,220528.0,Balanced,51.0,51.0,,,,,,Long ball,Direct passing,61.0,5.0,3.0,3.0,,,,,,,,
112172,/team/112172/rb-leipzig/240002,24,2,2023-09-22,RB Leipzig,19,Bundesliga,1.0,21,Germany,80,82,79,79,29710.0,Red Bull Arena (Leipzig),22,7,8.0,,569100000.0,26.27,25.0,204638.0,244260.0,233195.0,244260.0,244260.0,212188.0,244260.0,245367.0,Press after possession loss,51.0,71.0,,,,,,Balanced,Balanced,51.0,4.0,3.0,3.0,,,,,,,,
112184,/team/112184/river-plate/240002,24,2,2023-09-22,River Plate,338,Primera Division,1.0,60,Uruguay,67,66,67,67,2876007.0,Arena del Centenario (Estadio del Pueblo),111326,3,5.0,,15500000.0,24.09,24.81,259322.0,257189.0,257189.0,257189.0,257189.0,257189.0,257189.0,257189.0,Balanced,61.0,51.0,,,,,,Balanced,Balanced,71.0,4.0,3.0,3.0,,,,,,,,
112199,/team/112199/sarpsborg-08/240002,24,2,2023-09-22,Sarpsborg 08,41,Eliteserien,1.0,36,Norway,65,60,66,62,10626699.0,Court Lane,920,1,5.0,,8100000.0,26.18,25.46,213864.0,222216.0,235670.0,235670.0,222216.0,222081.0,235670.0,235670.0,Balanced,41.0,61.0,,,,,,Slow build up,Possession,51.0,4.0,3.0,3.0,,,,,,,,
112222,/team/112222/harrogate-town/240002,24,2,2023-09-22,Harrogate Town,61,League Two,4.0,14,England,62,64,61,62,1552186.0,Town Park,1804,1,3.0,,2500000.0,25.73,25.43,186494.0,244673.0,244673.0,244673.0,244673.0,226950.0,244673.0,244673.0,Balanced,51.0,61.0,,,,,,Balanced,Balanced,51.0,4.0,3.0,3.0,,,,,,,,
112224,/team/112224/melbourne-city/240002,24,2,2023-09-22,Melbourne City,351,A-League,1.0,195,Australia,66,73,68,65,27814431.0,Stade Municipal,111397,5,10.0,,12900000.0,30.82,26.09,212232.0,190761.0,190761.0,190761.0,190761.0,212232.0,190761.0,190761.0,Balanced,61.0,61.0,,,,,,Slow build up,Possession,61.0,4.0,3.0,3.0,,,,,,,,
112254,/team/112254/newport-county/240002,24,2,2023-09-22,Newport County,61,League Two,4.0,50,Wales,60,61,60,60,9882.0,Town Park,1961,1,1.0,,2000000.0,27.0,24.67,231284.0,193771.0,193771.0,193771.0,193771.0,193771.0,193771.0,193771.0,Balanced,41.0,51.0,,,,,,Long ball,Direct passing,81.0,4.0,3.0,3.0,,,,,,,,
112258,/team/112258/gwangju/240002,24,2,2023-09-22,Gwangju,83,K League 1,1.0,167,Korea Republic,65,64,67,66,37620993.0,Town Park,1477,1,3.0,,10800000.0,27.36,26.61,208073.0,260492.0,260492.0,260492.0,260492.0,254886.0,260492.0,260492.0,Balanced,51.0,51.0,,,,,,Fast build up,Forward runs,61.0,5.0,3.0,3.0,,,,,,,,
112259,/team/112259/afc-wimbledon/240002,24,2,2023-09-22,AFC Wimbledon,61,League Two,4.0,14,England,62,62,62,60,2003.0,Molton Road (Sheldon Stadium),1798,1,5.0,,2500000.0,25.36,23.93,203415.0,228642.0,203415.0,203415.0,228642.0,263376.0,203415.0,228642.0,Press after possession loss,41.0,51.0,,,,,,Balanced,Balanced,41.0,3.0,3.0,3.0,,,,,,,,
112260,/team/112260/fleetwood-town/240002,24,2,2023-09-22,Fleetwood Town,60,League One,3.0,14,England,64,63,63,65,1600.0,Town Park,1926,1,5.0,,5500000.0,26.18,23.57,203060.0,203060.0,203060.0,203060.0,203060.0,214876.0,203060.0,203060.0,Pressure on heavy touch,61.0,61.0,,,,,,Balanced,Balanced,61.0,3.0,3.0,3.0,,,,,,,,
112378,/team/112378/dalian-professional/240002,24,2,2023-09-22,Dalian Professional,2012,Super League,1.0,155,China PR,61,64,61,59,37533057.0,Stadion Olympik,116360,1,5.0,,4400000.0,28.18,27.79,269516.0,245978.0,245978.0,245978.0,245978.0,271589.0,245978.0,245978.0,Press after possession loss,61.0,51.0,,,,,,Balanced,Balanced,61.0,3.0,3.0,3.0,,,,,,,,
112387,/team/112387/al-ahli-jeddah/240002,24,2,2023-09-22,Al Ahli Jeddah,350,Pro League,1.0,183,Saudi Arabia,74,76,76,70,30314.0,King Abdullah Sports City,607,5,7.0,,250700000.0,27.55,25.77,230938.0,188388.0,188388.0,204485.0,188388.0,188388.0,188388.0,188388.0,Pressure on heavy touch,71.0,61.0,,,,,,Balanced,Balanced,71.0,5.0,3.0,3.0,,,,,,,,
112390,/team/112390/al-fateh/240002,24,2,2023-09-22,Al Fateh,350,Pro League,1.0,183,Saudi Arabia,69,73,69,66,2511114.0,Stade Kokoto (Generic Africa 2),112096,3,6.0,,18000000.0,31.36,27.4,259265.0,215270.0,215270.0,215270.0,215270.0,259265.0,259265.0,259265.0,Balanced,51.0,51.0,,,,,,Fast build up,Forward runs,61.0,4.0,3.0,3.0,,,,,,,,
112392,/team/112392/al-raed/240002,24,2,2023-09-22,Al Raed,350,Pro League,1.0,183,Saudi Arabia,66,68,67,62,456680.0,Stade Kokoto (Generic Africa 2),112393,2,4.0,,18700000.0,27.73,25.13,210898.0,263893.0,240526.0,240526.0,263893.0,240526.0,240526.0,263893.0,Balanced,61.0,51.0,,,,,,Fast build up,Forward runs,71.0,3.0,3.0,3.0,,,,,,,,
112393,/team/112393/al-taawon/240002,24,2,2023-09-22,Al Taawon,350,Pro League,1.0,183,Saudi Arabia,66,68,71,61,24445026.0,Stade Kokoto (Generic Africa 2),112392,4,6.0,,32100000.0,26.0,24.5,234200.0,212476.0,212476.0,232787.0,212476.0,232787.0,212476.0,212476.0,Pressure on heavy touch,61.0,61.0,,,,,,Slow build up,Possession,61.0,4.0,3.0,3.0,,,,,,,,
112408,/team/112408/al-wahda/240002,24,2,2023-09-22,Al Wahda,350,Pro League,1.0,183,Saudi Arabia,68,74,68,67,455743.0,Stade Kokoto (Generic Africa 2),607,3,5.0,,15200000.0,30.27,27.97,210028.0,205083.0,205083.0,205083.0,205083.0,205083.0,205083.0,205083.0,Balanced,51.0,51.0,,,,,,Fast build up,Forward runs,71.0,3.0,3.0,3.0,,,,,,,,
112427,/team/112427/western-sydney-wanderers/240002,24,2,2023-09-22,Western Sydney Wanderers,351,A-League,1.0,195,Australia,64,69,63,63,197728.0,Waldstadion (Fussballstadion),111400,4,7.0,,6300000.0,28.27,24.48,180334.0,195088.0,203308.0,195088.0,195088.0,220708.0,195088.0,195088.0,Balanced,41.0,41.0,,,,,,Fast build up,Forward runs,61.0,4.0,3.0,3.0,,,,,,,,
112472,/team/112472/bragantino/240002,24,2,2023-09-22,Bragantino,7,Serie A,1.0,54,Brazil,74,74,73,75,216863.0,Arena del Centenario (Estadio del Pueblo),1041,1,1.0,,18000000.0,27.36,27.8,230294.0,230281.0,230294.0,230281.0,230281.0,230294.0,230256.0,230360.0,Press after possession loss,61.0,61.0,,,,,,Balanced,Balanced,71.0,3.0,3.0,3.0,,,,,,,,
112494,/team/112494/sudtirol/240002,24,2,2023-09-22,Südtirol,32,Serie B,2.0,27,Italy,66,68,65,64,896634.0,_Longville Stadium,55,1,4.0,,14000000.0,28.18,26.28,268753.0,268753.0,268753.0,268753.0,268753.0,268758.0,268753.0,169115.0,Pressure on heavy touch,51.0,41.0,,,,,,Long ball,Direct passing,61.0,3.0,3.0,3.0,,,,,,,,
112499,/team/112499/feralpisalo/240002,24,2,2023-09-22,FeralpiSalò,32,Serie B,2.0,27,Italy,67,64,66,67,608328.0,Euro Arena,111434,1,2.0,,5000000.0,27.0,26.25,197690.0,197690.0,197690.0,197690.0,197690.0,197690.0,197690.0,197690.0,Balanced,51.0,51.0,,,,,,Long ball,Direct passing,51.0,3.0,3.0,3.0,,,,,,,,
112511,/team/112511/warta-poznan/240002,24,2,2023-09-22,Warta Poznań,66,Ekstraklasa,1.0,37,Poland,65,66,64,65,37529254.0,_Oktigann Park,873,1,1.0,,2500000.0,26.45,23.92,219275.0,246309.0,256578.0,246309.0,257646.0,256578.0,256578.0,246309.0,Press after possession loss,51.0,51.0,,,,,,Fast build up,Forward runs,61.0,4.0,3.0,3.0,,,,,,,,
112513,/team/112513/arouca/240002,24,2,2023-09-22,Arouca,308,Liga Portugal,1.0,38,Portugal,70,70,69,70,463146.0,Aloha Park (Generic Oceania 2),111539,1,2.0,,5700000.0,27.18,25.25,192636.0,192636.0,192636.0,192636.0,192636.0,192636.0,192636.0,192636.0,Balanced,41.0,51.0,,,,,,Balanced,Balanced,51.0,3.0,3.0,3.0,,,,,,,,
112540,/team/112540/shanghai-port/240002,24,2,2023-09-22,Shanghai Port,2012,Super League,1.0,155,China PR,68,69,69,68,37675694.0,Stadion Olympik,110955,5,9.0,,22900000.0,31.36,28.68,188152.0,188152.0,188152.0,188152.0,188152.0,221445.0,188152.0,188152.0,Press after possession loss,51.0,71.0,,,,,,Slow build up,Possession,61.0,5.0,3.0,3.0,,,,,,,,
112552,/team/112552/quevilly-rouen/240002,24,2,2023-09-22,Quevilly Rouen,17,Ligue 2,2.0,18,France,66,64,66,65,94389.0,Town Park,1738,1,2.0,,14000000.0,25.18,24.88,173040.0,173040.0,256843.0,173040.0,173040.0,257978.0,256843.0,256843.0,Balanced,41.0,41.0,,,,,,Long ball,Direct passing,61.0,3.0,3.0,3.0,,,,,,,,
112558,/team/112558/suwon/240002,24,2,2023-09-22,Suwon,83,K League 1,1.0,167,Korea Republic,67,68,67,65,37476493.0,Stadion 23. Maj,983,1,6.0,,9800000.0,30.55,29.5,228007.0,200601.0,200601.0,200601.0,200601.0,200601.0,200601.0,200601.0,Balanced,51.0,51.0,,,,,,Fast build up,Forward runs,61.0,5.0,3.0,3.0,,,,,,,,
112572,/team/112572/al-tai/240002,24,2,2023-09-22,Al Tai,350,Pro League,1.0,183,Saudi Arabia,65,65,67,64,163743.0,Stade Kokoto (Generic Africa 2),112392,1,2.0,,7400000.0,27.91,26.38,239641.0,222457.0,222457.0,222457.0,222457.0,222457.0,222457.0,222457.0,Balanced,51.0,41.0,,,,,,Long ball,Direct passing,51.0,3.0,3.0,3.0,,,,,,,,
112578,/team/112578/rionegro-aguilas/240002,24,2,2023-09-22,Rionegro Águilas,336,Liga BetPlay,1.0,56,Colombia,68,68,69,69,531488.0,Arena del Centenario (Estadio del Pueblo),101100,1,5.0,,19000000.0,26.45,24.55,245781.0,226228.0,226228.0,226228.0,226228.0,199964.0,226228.0,226228.0,Balanced,61.0,41.0,,,,,,Fast build up,Forward runs,71.0,3.0,3.0,3.0,,,,,,,,
112585,/team/112585/nublense/240002,24,2,2023-09-22,Ñublense,335,Primera Division,1.0,55,Chile,67,70,66,66,233380.0,Stadion Neder,110980,1,6.0,,17500000.0,29.64,27.5,263526.0,228672.0,214717.0,228672.0,228672.0,214685.0,228672.0,228672.0,Balanced,41.0,37.0,,,,,,Fast build up,Forward runs,61.0,3.0,3.0,3.0,,,,,,,,
112606,/team/112606/orlando-city/240002,24,2,2023-09-22,Orlando City,39,Major League Soccer,1.0,95,United States,69,65,71,64,429917.0,Ivy Lane,112885,5,6.0,,275500000.0,26.36,24.7,203137.0,256136.0,259874.0,256136.0,256136.0,204691.0,256136.0,256136.0,Balanced,61.0,51.0,,,,,,Balanced,Balanced,61.0,5.0,3.0,3.0,,,,,,,,
112670,/team/112670/talleres-cordoba/240002,24,2,2023-09-22,Talleres Córdoba,353,Liga Profesional,1.0,52,Argentina,72,71,72,71,252450.0,O Dromo,111022,3,6.0,,20000000.0,25.36,22.86,215251.0,267629.0,267629.0,267629.0,267629.0,238194.0,267629.0,267629.0,Balanced,71.0,51.0,,,,,,Balanced,Balanced,71.0,3.0,3.0,3.0,,,,,,,,
112689,/team/112689/platense/240002,24,2,2023-09-22,Platense,353,Liga Profesional,1.0,52,Argentina,69,68,69,69,468348.0,Crown Lane,111019,1,1.0,,5500000.0,28.09,26.43,235004.0,200826.0,258325.0,200826.0,200826.0,200826.0,258325.0,258325.0,Balanced,61.0,41.0,,,,,,Long ball,Direct passing,61.0,3.0,3.0,3.0,,,,,,,,
112707,/team/112707/magallanes/240002,24,2,2023-09-22,Magallanes,335,Primera Division,1.0,55,Chile,66,66,67,65,233202.0,Aloha Park (Generic Oceania 2),110980,1,2.0,,14000000.0,27.45,28.13,273862.0,273862.0,273862.0,273862.0,273862.0,273862.0,273862.0,273862.0,Balanced,61.0,61.0,,,,,,Fast build up,Forward runs,51.0,3.0,3.0,3.0,,,,,,,,
112713,/team/112713/sarmiento/240002,24,2,2023-09-22,Sarmiento,353,Liga Profesional,1.0,52,Argentina,68,69,65,69,37709521.0,Arena d'Oro,112689,1,1.0,,5000000.0,29.64,27.61,142707.0,215162.0,215162.0,215162.0,215162.0,142707.0,223240.0,269132.0,Pressure on heavy touch,51.0,51.0,,,,,,Fast build up,Forward runs,61.0,4.0,3.0,3.0,,,,,,,,
112716,/team/112716/cerro-porteno/240002,24,2,2023-09-22,Cerro Porteño,337,Primera División,1.0,58,Paraguay,66,69,65,64,412537.0,Estadio Nacional (El Medio),101108,7,9.0,,44500000.0,27.18,23.7,223099.0,216055.0,216055.0,216055.0,216055.0,223099.0,216055.0,216055.0,Balanced,51.0,51.0,,,,,,Fast build up,Forward runs,61.0,4.0,3.0,3.0,,,,,,,,
112744,/team/112744/deportivo-pereira/240002,24,2,2023-09-22,Deportivo Pereira,336,Liga BetPlay,1.0,56,Colombia,69,70,69,70,36084458.0,Arena d'Oro,111722,1,4.0,,18000000.0,29.0,26.56,214488.0,214200.0,221378.0,221378.0,214200.0,226576.0,214200.0,214200.0,Balanced,51.0,51.0,,,,,,Balanced,Balanced,51.0,3.0,3.0,3.0,,,,,,,,
112809,/team/112809/famalicao/240002,24,2,2023-09-22,Famalicão,308,Liga Portugal,1.0,38,Portugal,70,71,69,70,37257773.0,_Longville Stadium,1888,1,4.0,,15000000.0,23.27,22.82,252095.0,237378.0,236830.0,251615.0,237378.0,229319.0,251615.0,237378.0,Pressure on heavy touch,51.0,51.0,,,,,,Balanced,Balanced,51.0,4.0,3.0,3.0,,,,,,,,
112828,/team/112828/new-york-city/240002,24,2,2023-09-22,New York City,39,Major League Soccer,1.0,95,United States,69,67,69,69,32431130.0,Stadion Europa (Generic Europe 2),689,5,9.0,,326500000.0,24.73,23.96,183895.0,183895.0,183895.0,183895.0,183895.0,183895.0,183895.0,183895.0,Pressure on heavy touch,41.0,61.0,,,,,,Slow build up,Possession,41.0,5.0,3.0,3.0,,,,,,,,
112883,/team/112883/al-khaleej/240002,24,2,2023-09-22,Al Khaleej,350,Pro League,1.0,183,Saudi Arabia,66,65,66,66,1533122.0,Stade Kokoto (Generic Africa 2),112096,2,3.0,,9100000.0,28.64,26.37,224394.0,226877.0,234930.0,226877.0,226877.0,224394.0,226877.0,226877.0,Balanced,61.0,51.0,,,,,,Long ball,Direct passing,61.0,3.0,3.0,3.0,,,,,,,,
112885,/team/112885/atlanta-united/240002,24,2,2023-09-22,Atlanta United,39,Major League Soccer,1.0,95,United States,69,74,69,68,252596.0,Mercedes-Benz Stadium,112606,4,7.0,,40000000.0,26.45,25.75,164505.0,245371.0,245371.0,245371.0,245371.0,245371.0,237662.0,245371.0,Pressure on heavy touch,51.0,61.0,,,,,,Fast build up,Forward runs,61.0,7.0,3.0,3.0,,,,,,,,
112893,/team/112893/inter-miami/240002,24,2,2023-09-22,Inter Miami,39,Major League Soccer,1.0,95,United States,73,77,71,72,37699904.0,Crown Lane,112606,2,4.0,,330000000.0,26.45,25.83,158023.0,158023.0,189511.0,158023.0,158023.0,207877.0,189332.0,158023.0,Balanced,61.0,51.0,,,,,,Slow build up,Possession,71.0,3.0,3.0,3.0,,,,,,,,
112908,/team/112908/independiente-del-valle/240002,24,2,2023-09-22,Independiente del Valle,2018,Liga Pro,1.0,57,Ecuador,71,71,73,69,37614914.0,Stade Municipal,110986,7,9.0,,45000000.0,27.45,26.08,220739.0,220739.0,220739.0,220739.0,220739.0,220739.0,220739.0,220739.0,Press after possession loss,51.0,71.0,,,,,,Fast build up,Forward runs,61.0,4.0,3.0,3.0,,,,,,,,
112914,/team/112914/metropolitanos/240002,24,2,2023-09-22,Metropolitanos,2019,Primera Division,1.0,61,Venezuela,65,65,66,64,282308.0,Aloha Park (Generic Oceania 2),110989,1,6.0,,12500000.0,27.09,26.44,245740.0,231597.0,253816.0,231597.0,231597.0,245740.0,231597.0,231597.0,Balanced,51.0,51.0,,,,,,Fast build up,Forward runs,51.0,4.0,3.0,3.0,,,,,,,,
112965,/team/112965/central-cordoba-sde/240002,24,2,2023-09-22,Central Cordoba SdE,353,Liga Profesional,1.0,52,Argentina,69,71,68,69,467951.0,Sanderson Park (FIFA 13 NEW generic),111708,1,1.0,,7300000.0,29.55,27.46,263204.0,223241.0,223241.0,223241.0,223241.0,226765.0,254222.0,254222.0,Balanced,61.0,41.0,,,,,,Long ball,Direct passing,61.0,3.0,3.0,3.0,,,,,,,,
112979,/team/112979/nantong-zhiyun/240002,24,2,2023-09-22,Nantong Zhiyun,2012,Super League,1.0,155,China PR,61,63,62,60,22909.0,Stadion 23. Maj,116360,1,2.0,,4100000.0,30.55,27.59,233405.0,275185.0,252105.0,275185.0,275185.0,275185.0,275185.0,275185.0,Balanced,51.0,51.0,,,,,,Balanced,Balanced,51.0,3.0,3.0,3.0,,,,,,,,
112985,/team/112985/cangzhou-mighty-lions/240002,24,2,2023-09-22,Cangzhou Mighty Lions,2012,Super League,1.0,155,China PR,63,69,61,63,311397.0,Stadion Hanguk,116360,1,2.0,,6800000.0,29.55,27.96,268777.0,204366.0,204366.0,204366.0,204366.0,257518.0,210870.0,224544.0,Balanced,41.0,51.0,,,,,,Fast build up,Forward runs,51.0,4.0,3.0,3.0,,,,,,,,
112996,/team/112996/los-angeles-fc/240002,24,2,2023-09-22,Los Angeles FC,39,Major League Soccer,1.0,95,United States,72,75,71,72,29838.0,BMO Stadium,697,5,8.0,,427500000.0,29.09,25.47,169416.0,169416.0,169416.0,169416.0,169416.0,169416.0,169416.0,169416.0,Press after possession loss,41.0,61.0,,,,,,Balanced,Balanced,51.0,6.0,3.0,3.0,,,,,,,,
113018,/team/113018/saint-louis-city/240002,24,2,2023-09-22,Saint Louis City,39,Major League Soccer,1.0,95,United States,68,71,69,67,30333.0,Stadion Neder,696,1,2.0,,185000000.0,26.27,24.66,189117.0,238072.0,238072.0,238072.0,238072.0,238072.0,238072.0,238072.0,Press after possession loss,61.0,71.0,,,,,,Fast build up,Forward runs,51.0,5.0,3.0,3.0,,,,,,,,
113029,/team/113029/cesar-vallejo/240002,24,2,2023-09-22,César Vallejo,2020,Primera Division,1.0,59,Peru,66,68,66,67,107528.0,Euro Arena,111014,3,5.0,,18000000.0,31.55,26.87,161635.0,222065.0,222065.0,222065.0,222065.0,221569.0,222065.0,222065.0,Balanced,51.0,51.0,,,,,,Fast build up,Forward runs,51.0,3.0,3.0,3.0,,,,,,,,
113037,/team/113037/al-riyadh/240002,24,2,2023-09-22,Al Riyadh,350,Pro League,1.0,183,Saudi Arabia,65,70,69,62,37571970.0,Stade Kokoto (Generic Africa 2),605,1,4.0,,10500000.0,30.64,27.47,194171.0,194171.0,194171.0,194171.0,194171.0,194171.0,194171.0,194171.0,Balanced,51.0,51.0,,,,,,Long ball,Direct passing,51.0,3.0,3.0,3.0,,,,,,,,
113040,/team/113040/northeast-united/240002,24,2,2023-09-22,NorthEast United,2149,Super League,1.0,159,India,57,57,61,57,37410430.0,Stade Kokoto (Generic Africa 2),113146,1,2.0,,1500000.0,29.09,25.65,253670.0,212519.0,212519.0,212519.0,212519.0,240035.0,212519.0,212519.0,Balanced,61.0,61.0,,,,,,Long ball,Direct passing,51.0,3.0,3.0,3.0,,,,,,,,
113044,/team/113044/barracas-central/240002,24,2,2023-09-22,Barracas Central,353,Liga Profesional,1.0,52,Argentina,68,69,69,68,470859.0,_Longville Stadium,111711,1,1.0,,6000000.0,26.36,26.14,266867.0,266867.0,266867.0,266867.0,266867.0,266867.0,266867.0,266867.0,Pressure on heavy touch,61.0,41.0,,,,,,Balanced,Balanced,61.0,5.0,3.0,3.0,,,,,,,,
113057,/team/113057/al-fayha/240002,24,2,2023-09-22,Al Fayha,350,Pro League,1.0,183,Saudi Arabia,68,72,69,65,1552604.0,Stade Kokoto (Generic Africa 2),112392,2,4.0,,13100000.0,29.91,27.59,238902.0,230850.0,230850.0,230850.0,230850.0,241771.0,241771.0,241771.0,Balanced,41.0,41.0,,,,,,Balanced,Balanced,51.0,4.0,3.0,3.0,,,,,,,,
113058,/team/113058/abha/240002,24,2,2023-09-22,Abha,350,Pro League,1.0,183,Saudi Arabia,67,66,69,64,37621959.0,Stade Kokoto (Generic Africa 2),113217,1,2.0,,11600000.0,30.55,27.73,241750.0,241750.0,241750.0,241750.0,241750.0,224069.0,241750.0,241750.0,Balanced,51.0,51.0,,,,,,Balanced,Balanced,51.0,4.0,3.0,3.0,,,,,,,,
113060,/team/113060/al-okhdood/240002,24,2,2023-09-22,Al Okhdood,350,Pro League,1.0,183,Saudi Arabia,66,72,66,65,37709925.0,Stade Kokoto (Generic Africa 2),113217,1,1.0,,6500000.0,28.91,26.29,275557.0,242999.0,242999.0,242999.0,242999.0,223231.0,242999.0,242999.0,Balanced,51.0,51.0,,,,,,Long ball,Direct passing,51.0,3.0,3.0,3.0,,,,,,,,
113142,/team/113142/alanyaspor/240002,24,2,2023-09-22,Alanyaspor,68,Super Lig,1.0,48,Turkey,68,69,70,66,199825.0,Stadion Neder,741,1,2.0,,36100000.0,26.91,25.39,234870.0,229406.0,229406.0,229406.0,229406.0,234870.0,229406.0,229406.0,Balanced,51.0,51.0,,,,,,Slow build up,Possession,61.0,6.0,3.0,3.0,,,,,,,,
113146,/team/113146/atk-mohun-bagan/240002,24,2,2023-09-22,ATK Mohun Bagan,2149,Super League,1.0,159,India,63,65,64,63,528418.0,O Dromo,111629,4,9.0,,7100000.0,26.82,25.11,245165.0,223618.0,223618.0,223618.0,223618.0,223618.0,223618.0,223618.0,Pressure on heavy touch,51.0,61.0,,,,,,Fast build up,Forward runs,71.0,4.0,3.0,3.0,,,,,,,,
113149,/team/113149/cincinnati/240002,24,2,2023-09-22,Cincinnati,39,Major League Soccer,1.0,95,United States,70,70,72,67,261421.0,Stadion Europa (Generic Europe 2),687,4,5.0,,226500000.0,26.45,25.04,221634.0,221634.0,221634.0,221634.0,221634.0,221634.0,221634.0,221634.0,Balanced,41.0,41.0,,,,,,Balanced,Balanced,41.0,3.0,3.0,3.0,,,,,,,,
113182,/team/113182/voluntari/240002,24,2,2023-09-22,Voluntari,330,Liga 1,1.0,39,Romania,65,64,64,65,16112171.0,_Longville Stadium,310,1,6.0,,3300000.0,29.18,26.68,190637.0,213106.0,213106.0,213106.0,251045.0,184433.0,251045.0,251045.0,Balanced,61.0,41.0,,,,,,Long ball,Direct passing,51.0,4.0,3.0,3.0,,,,,,,,
113217,/team/113217/damac/240002,24,2,2023-09-22,Damac,350,Pro League,1.0,183,Saudi Arabia,68,67,71,65,456580.0,Stade Kokoto (Generic Africa 2),113058,1,3.0,,11900000.0,30.45,27.87,254895.0,216351.0,216351.0,216351.0,216351.0,220306.0,216351.0,216351.0,Balanced,41.0,41.0,,,,,,Balanced,Balanced,51.0,3.0,3.0,3.0,,,,,,,,
113222,/team/113222/al-hazem/240002,24,2,2023-09-22,Al Hazem,350,Pro League,1.0,183,Saudi Arabia,65,71,63,63,37621959.0,Stade Kokoto (Generic Africa 2),112392,1,1.0,,6700000.0,26.82,26.0,245574.0,212729.0,212729.0,212729.0,212729.0,212729.0,212729.0,212729.0,Balanced,51.0,51.0,,,,,,Fast build up,Forward runs,51.0,3.0,3.0,3.0,,,,,,,,
113257,/team/113257/odisha-fc/240002,24,2,2023-09-22,Odisha FC,2149,Super League,1.0,159,India,59,60,59,59,1553061.0,O Dromo,114168,1,4.0,,2500000.0,29.36,25.82,200727.0,248297.0,248297.0,248297.0,248297.0,195620.0,248315.0,248315.0,Balanced,51.0,51.0,,,,,,Slow build up,Possession,51.0,4.0,3.0,3.0,,,,,,,,
113297,/team/113297/chennaiyin/240002,24,2,2023-09-22,Chennaiyin,2149,Super League,1.0,159,India,57,62,57,54,896550.0,O Dromo,113302,2,5.0,,3000000.0,26.55,24.79,248246.0,195838.0,195838.0,195838.0,195838.0,195838.0,195838.0,195838.0,Balanced,61.0,51.0,,,,,,Fast build up,Forward runs,51.0,3.0,3.0,3.0,,,,,,,,
113298,/team/113298/goa/240002,24,2,2023-09-22,Goa,2149,Super League,1.0,159,India,61,65,62,60,186298.0,O Dromo,113300,3,6.0,,2500000.0,29.09,26.96,248298.0,248298.0,248298.0,248298.0,248298.0,269221.0,248298.0,248298.0,Pressure on heavy touch,61.0,61.0,,,,,,Slow build up,Possession,61.0,4.0,3.0,3.0,,,,,,,,
113299,/team/113299/kerala-blasters/240002,24,2,2023-09-22,Kerala Blasters,2149,Super League,1.0,159,India,61,64,60,60,60393.0,O Dromo,113297,2,6.0,,4000000.0,28.18,25.42,203902.0,203902.0,203902.0,203902.0,203902.0,210380.0,203902.0,203902.0,Pressure on heavy touch,51.0,51.0,,,,,,Slow build up,Possession,61.0,3.0,3.0,3.0,,,,,,,,
113300,/team/113300/mumbai-city/240002,24,2,2023-09-22,Mumbai City,2149,Super League,1.0,159,India,62,62,64,61,37524407.0,Court Lane,113298,3,8.0,,6000000.0,28.09,25.93,248265.0,223746.0,223746.0,223746.0,223746.0,223746.0,223746.0,223746.0,Pressure on heavy touch,51.0,61.0,,,,,,Balanced,Balanced,61.0,4.0,3.0,3.0,,,,,,,,
113301,/team/113301/hyderabad/240002,24,2,2023-09-22,Hyderabad,2149,Super League,1.0,159,India,58,58,60,56,37404937.0,Euro Arena,113300,1,5.0,,2000000.0,28.09,25.56,191294.0,191294.0,191294.0,191294.0,191294.0,191294.0,248251.0,248251.0,Balanced,61.0,51.0,,,,,,Slow build up,Possession,71.0,4.0,3.0,3.0,,,,,,,,
113302,/team/113302/bengaluru/240002,24,2,2023-09-22,Bengaluru,2149,Super League,1.0,159,India,60,62,60,61,523984.0,Arena d'Oro,113299,3,7.0,,4000000.0,29.73,27.23,190939.0,202589.0,202589.0,202589.0,202589.0,190939.0,260147.0,202589.0,Pressure on heavy touch,51.0,51.0,,,,,,Fast build up,Forward runs,51.0,3.0,3.0,3.0,,,,,,,,
113356,/team/113356/amorebieta/240002,24,2,2023-09-22,Amorebieta,54,La Liga 2,2.0,45,Spain,66,65,66,67,188253.0,Town Park,467,1,1.0,,2500000.0,27.0,25.38,262491.0,240529.0,240529.0,240529.0,240529.0,242333.0,240529.0,240529.0,Balanced,51.0,37.0,,,,,,Long ball,Direct passing,51.0,3.0,3.0,3.0,,,,,,,,
113378,/team/113378/sepsi/240002,24,2,2023-09-22,Sepsi,330,Liga 1,1.0,39,Romania,66,65,66,65,25567014.0,Stadion Neder,110750,3,7.0,,5800000.0,26.64,26.69,236963.0,220521.0,220521.0,220521.0,220521.0,240999.0,208739.0,251842.0,Balanced,51.0,51.0,,,,,,Balanced,Balanced,51.0,4.0,3.0,3.0,,,,,,,,
113458,/team/113458/sirius/240002,24,2,2023-09-22,Sirius,56,Allsvenskan,1.0,46,Sweden,63,61,65,61,1453115.0,Town Park,433,1,3.0,,3200000.0,25.09,23.48,266029.0,266029.0,266029.0,266029.0,266029.0,266029.0,231500.0,231500.0,Pressure on heavy touch,51.0,61.0,,,,,,Slow build up,Possession,51.0,4.0,3.0,3.0,,,,,,,,
113742,/team/113742/concarneau/240002,24,2,2023-09-22,Concarneau,17,Ligue 2,2.0,18,France,64,62,62,64,455827.0,Town Park,378,1,1.0,,9000000.0,25.18,25.96,276015.0,242116.0,242116.0,242116.0,242116.0,242116.0,242116.0,242116.0,Balanced,61.0,51.0,,,,,,Fast build up,Forward runs,51.0,4.0,3.0,3.0,,,,,,,,
113743,/team/113743/varberg-bois/240002,24,2,2023-09-22,Varberg BoIS,56,Allsvenskan,1.0,46,Sweden,61,58,60,62,896261.0,Euro Park,700,1,1.0,,2800000.0,27.09,24.89,213483.0,251024.0,251024.0,251024.0,251024.0,270533.0,251024.0,251024.0,Balanced,71.0,41.0,,,,,,Long ball,Direct passing,71.0,3.0,3.0,3.0,,,,,,,,
113892,/team/113892/degerfors/240002,24,2,2023-09-22,Degerfors,56,Allsvenskan,1.0,46,Sweden,63,62,63,63,191444.0,Town Park,433,1,1.0,,2500000.0,27.0,24.92,222145.0,226633.0,243111.0,243111.0,226633.0,243111.0,243111.0,226633.0,Balanced,61.0,51.0,,,,,,Fast build up,Forward runs,51.0,4.0,3.0,3.0,,,,,,,,
113926,/team/113926/salford-city/240002,24,2,2023-09-22,Salford City,61,League Two,4.0,14,England,63,63,63,64,37336557.0,Town Park,1931,1,9.0,,2400000.0,28.73,25.15,203215.0,225847.0,225847.0,225847.0,225847.0,240599.0,225847.0,225847.0,Balanced,61.0,61.0,,,,,,Slow build up,Possession,71.0,4.0,3.0,3.0,,,,,,,,
114004,/team/114004/stal-mielec/240002,24,2,2023-09-22,Stal Mielec,66,Ekstraklasa,1.0,37,Poland,64,66,65,63,13185391.0,Euro Park,111083,1,1.0,,3200000.0,26.18,25.58,188062.0,251089.0,251089.0,251089.0,188062.0,251089.0,251089.0,251089.0,Balanced,61.0,41.0,,,,,,Long ball,Direct passing,71.0,5.0,3.0,3.0,,,,,,,,
114023,/team/114023/western-united/240002,24,2,2023-09-22,Western United,351,A-League,1.0,195,Australia,64,64,65,64,896783.0,Stade Municipal,112224,2,5.0,,6000000.0,26.55,24.95,202678.0,238360.0,242154.0,238360.0,238360.0,263844.0,242154.0,242154.0,Balanced,51.0,51.0,,,,,,Balanced,Balanced,61.0,4.0,3.0,3.0,,,,,,,,
114147,/team/114147/hermannstadt/240002,24,2,2023-09-22,Hermannstadt,330,Liga 1,1.0,39,Romania,65,63,65,64,163560.0,Stadion 23. Maj,113378,2,4.0,,2700000.0,27.0,25.81,247978.0,235345.0,235318.0,235318.0,235345.0,262728.0,235345.0,235345.0,Balanced,61.0,51.0,,,,,,Fast build up,Forward runs,61.0,5.0,3.0,3.0,,,,,,,,
114161,/team/114161/austin/240002,24,2,2023-09-22,Austin,39,Major League Soccer,1.0,95,United States,68,68,70,65,261512.0,Molton Road (Sheldon Stadium),698,1,4.0,,200000000.0,28.36,26.62,221125.0,215259.0,215259.0,215259.0,215259.0,221125.0,215259.0,215259.0,Balanced,71.0,81.0,,,,,,Slow build up,Possession,81.0,5.0,3.0,3.0,,,,,,,,
114162,/team/114162/nashville-sc/240002,24,2,2023-09-22,Nashville SC,39,Major League Soccer,1.0,95,United States,69,71,70,69,12562146.0,Stadio Classico,112885,2,6.0,,210000000.0,28.36,27.11,210021.0,210021.0,210021.0,210021.0,210021.0,210021.0,210021.0,210021.0,Balanced,51.0,41.0,,,,,,Fast build up,Forward runs,41.0,3.0,3.0,3.0,,,,,,,,
114168,/team/114168/jamshedpur/240002,24,2,2023-09-22,Jamshedpur,2149,Super League,1.0,159,India,58,64,58,55,1068539.0,Arena d'Oro,113146,1,3.0,,1600000.0,29.0,26.62,248325.0,197925.0,197925.0,197925.0,197925.0,198195.0,204035.0,204035.0,Balanced,61.0,51.0,,,,,,Fast build up,Forward runs,61.0,3.0,3.0,3.0,,,,,,,,
114326,/team/114326/rakow-czestochowa/240002,24,2,2023-09-22,Raków Częstochowa,66,Ekstraklasa,1.0,37,Poland,69,69,69,67,37700791.0,_Longville Stadium,301,3,9.0,,11000000.0,26.91,25.25,254822.0,235471.0,254822.0,254822.0,235471.0,209456.0,235471.0,235471.0,Pressure on heavy touch,51.0,81.0,,,,,,Balanced,Balanced,61.0,4.0,3.0,3.0,,,,,,,,
114393,/team/114393/puszcza-niepolomice/240002,24,2,2023-09-22,Puszcza Niepołomice,66,Ekstraklasa,1.0,37,Poland,61,61,62,61,532846.0,Stadion Neder,110747,1,1.0,,3000000.0,27.82,25.42,226025.0,226025.0,226025.0,226025.0,226025.0,276727.0,226025.0,226025.0,Balanced,51.0,41.0,,,,,,Long ball,Direct passing,61.0,4.0,3.0,3.0,,,,,,,,
114510,/team/114510/casa-pia/240002,24,2,2023-09-22,Casa Pia,308,Liga Portugal,1.0,38,Portugal,69,69,66,70,1552127.0,Euro Arena,10020,1,1.0,,5500000.0,28.0,25.95,185200.0,246316.0,246316.0,246316.0,246316.0,270983.0,251025.0,269420.0,Balanced,51.0,51.0,,,,,,Long ball,Direct passing,51.0,3.0,3.0,3.0,,,,,,,,
114554,/team/114554/fc-andorra/240002,24,2,2023-09-22,FC Andorra,54,La Liga 2,2.0,45,Spain,68,65,67,67,10293491.0,Town Park,110062,1,1.0,,2500000.0,25.0,24.1,204887.0,204887.0,204887.0,204887.0,204887.0,254507.0,204887.0,204887.0,Balanced,61.0,41.0,,,,,,Slow build up,Possession,51.0,3.0,3.0,3.0,,,,,,,,
114580,/team/114580/delfin/240002,24,2,2023-09-22,Delfin,2018,Liga Pro,1.0,57,Ecuador,65,67,66,63,531536.0,Stadion Neder,110986,2,5.0,,13000000.0,25.36,25.67,268070.0,272990.0,265665.0,272990.0,272990.0,272990.0,272990.0,272990.0,Balanced,61.0,51.0,,,,,,Long ball,Direct passing,51.0,4.0,3.0,3.0,,,,,,,,
114582,/team/114582/deportivo-binacional/240002,24,2,2023-09-22,Deportivo Binacional,2020,Primera Division,1.0,59,Peru,65,64,67,64,459399.0,Stadio Classico,111010,1,1.0,,13000000.0,26.82,26.63,253603.0,253542.0,253542.0,253542.0,253542.0,242398.0,253542.0,253542.0,Balanced,51.0,41.0,,,,,,Fast build up,Forward runs,61.0,3.0,3.0,3.0,,,,,,,,
114600,/team/114600/guabira/240002,24,2,2023-09-22,Guabirá,2017,Liga De Futbol Prof,1.0,53,Bolivia,64,61,64,64,785611.0,Arena del Centenario (Estadio del Pueblo),110970,1,2.0,,7000000.0,26.0,25.63,226447.0,260966.0,260966.0,260966.0,260966.0,260273.0,260966.0,260966.0,Balanced,51.0,51.0,,,,,,Balanced,Balanced,51.0,3.0,3.0,3.0,,,,,,,,
114604,/team/114604/macarthur/240002,24,2,2023-09-22,Macarthur,351,A-League,1.0,195,Australia,63,72,62,62,4043.0,Arena d'Oro,111400,1,1.0,,8600000.0,28.55,24.71,190581.0,231063.0,212013.0,231063.0,231063.0,190581.0,231063.0,231063.0,Balanced,41.0,41.0,,,,,,Fast build up,Forward runs,61.0,5.0,3.0,3.0,,,,,,,,
114611,/team/114611/academia-puerto-cabello/240002,24,2,2023-09-22,Academia Puerto Cabello,2019,Primera Division,1.0,61,Venezuela,67,68,66,67,470310.0,Arena d'Oro,110990,1,7.0,,14000000.0,27.91,25.4,209072.0,259856.0,259856.0,259856.0,259856.0,244209.0,260336.0,260336.0,Balanced,61.0,51.0,,,,,,Long ball,Direct passing,41.0,3.0,3.0,3.0,,,,,,,,
114628,/team/114628/meizhou-hakka/240002,24,2,2023-09-22,Meizhou Hakka,2012,Super League,1.0,155,China PR,61,59,61,63,1846934.0,Stadion Olympik,116361,1,4.0,,5800000.0,28.45,27.71,222175.0,221888.0,221888.0,221888.0,221888.0,221888.0,239581.0,221888.0,Balanced,51.0,51.0,,,,,,Balanced,Balanced,51.0,3.0,3.0,3.0,,,,,,,,
114640,/team/114640/charlotte/240002,24,2,2023-09-22,Charlotte,39,Major League Soccer,1.0,95,United States,68,73,69,67,37639917.0,Stadio Classico,112885,1,2.0,,190000000.0,28.27,25.83,189280.0,189280.0,189280.0,189280.0,189280.0,224301.0,189280.0,189280.0,Balanced,41.0,41.0,,,,,,Fast build up,Forward runs,51.0,4.0,3.0,3.0,,,,,,,,
115201,/team/115201/stade-lausanne-ouchy/240002,24,2,2023-09-22,Stade Lausanne-Ouchy,189,Super League,1.0,47,Switzerland,64,65,64,63,198279.0,Euro Arena,1862,1,2.0,,8000000.0,26.27,24.89,275713.0,275732.0,275732.0,275732.0,275732.0,257692.0,275732.0,275732.0,Balanced,61.0,61.0,,,,,,Fast build up,Forward runs,61.0,4.0,3.0,3.0,,,,,,,,
115202,/team/115202/punjab/240002,24,2,2023-09-22,Punjab,2149,Super League,1.0,159,India,55,60,56,52,,Stadion Olympik,113146,1,2.0,,1400000.0,26.82,24.75,276752.0,204133.0,204133.0,204133.0,204133.0,276752.0,204133.0,204133.0,Balanced,51.0,51.0,,,,,,Long ball,Direct passing,51.0,4.0,3.0,3.0,,,,,,,,
115358,/team/115358/palmaflor-del-tropico/240002,24,2,2023-09-22,Palmaflor del Trópico,2017,Liga De Futbol Prof,1.0,53,Bolivia,63,60,63,63,37679561.0,Stadio Classico,110967,1,1.0,,9000000.0,26.55,25.58,225881.0,267457.0,267457.0,267457.0,267457.0,230023.0,260514.0,260514.0,Balanced,51.0,41.0,,,,,,Balanced,Balanced,71.0,4.0,3.0,3.0,,,,,,,,
115494,/team/115494/annecy/240002,24,2,2023-09-22,Annecy,17,Ligue 2,2.0,18,France,65,66,65,63,1552334.0,Euro Arena,1805,1,1.0,,14000000.0,28.0,25.54,188825.0,188825.0,188825.0,188825.0,188825.0,207994.0,207994.0,207994.0,Balanced,51.0,51.0,,,,,,Balanced,Balanced,51.0,4.0,3.0,3.0,,,,,,,,
115716,/team/115716/u-craiova-1948/240002,24,2,2023-09-22,U Craiova 1948,330,Liga 1,1.0,39,Romania,66,65,66,65,37659678.0,Sanderson Park (FIFA 13 NEW generic),308,2,6.0,,3500000.0,26.73,24.85,225376.0,262443.0,225376.0,262443.0,262443.0,236633.0,228715.0,228715.0,Balanced,51.0,51.0,,,,,,Balanced,Balanced,61.0,6.0,3.0,3.0,,,,,,,,
116007,/team/116007/general-caballero-jlm/240002,24,2,2023-09-22,General Caballero JLM,337,Primera División,1.0,58,Paraguay,64,63,65,64,257375.0,Aloha Park (Generic Oceania 2),111008,1,2.0,,7500000.0,29.73,26.45,265472.0,221007.0,254958.0,254958.0,221007.0,221007.0,254958.0,221007.0,Balanced,51.0,51.0,,,,,,Fast build up,Forward runs,51.0,3.0,3.0,3.0,,,,,,,,
116295,/team/116295/sportivo-ameliano/240002,24,2,2023-09-22,Sportivo Ameliano,337,Primera División,1.0,58,Paraguay,64,61,65,63,37609245.0,Aloha Park (Generic Oceania 2),111004,1,2.0,,9500000.0,25.64,25.26,254711.0,256163.0,256163.0,256163.0,256163.0,242952.0,256163.0,256163.0,Balanced,41.0,41.0,,,,,,Balanced,Balanced,61.0,3.0,3.0,3.0,,,,,,,,
116360,/team/116360/chengdu-rongcheng/240002,24,2,2023-09-22,Chengdu Rongcheng,2012,Super League,1.0,155,China PR,65,70,63,66,896791.0,Crown Lane,116361,2,6.0,,9600000.0,30.45,29.14,218471.0,192598.0,192598.0,192598.0,192598.0,192598.0,232710.0,232710.0,Balanced,51.0,51.0,,,,,,Balanced,Balanced,51.0,3.0,3.0,3.0,,,,,,,,
116361,/team/116361/wuhan-three-towns/240002,24,2,2023-09-22,Wuhan Three Towns,2012,Super League,1.0,155,China PR,68,74,67,68,37694861.0,Euro Arena,111724,1,3.0,,17000000.0,28.91,27.61,237135.0,237135.0,237135.0,237135.0,237135.0,238224.0,222350.0,222350.0,Balanced,51.0,51.0,,,,,,Balanced,Balanced,51.0,3.0,3.0,3.0,,,,,,,,
131110,/team/131110/eldense/240002,24,2,2023-09-22,Eldense,54,La Liga 2,2.0,45,Spain,68,68,66,67,2823359.0,Town Park,468,1,1.0,,1700000.0,28.27,26.64,276085.0,199829.0,199829.0,199829.0,199829.0,225018.0,199829.0,199829.0,Balanced,61.0,51.0,,,,,,Slow build up,Possession,61.0,3.0,3.0,3.0,,,,,,,,
131173,/team/131173/qingdao-hainiu/240002,24,2,2023-09-22,Qingdao Hainiu,2012,Super League,1.0,155,China PR,62,70,62,62,37600729.0,Stadion Olympik,111724,1,1.0,,3800000.0,30.36,30.32,244517.0,244517.0,261491.0,244517.0,244517.0,244517.0,244517.0,244517.0,Balanced,51.0,51.0,,,,,,Long ball,Direct passing,51.0,3.0,3.0,3.0,,,,,,,,
131389,/team/131389/pendikspor/240002,24,2,2023-09-22,Pendikspor,68,Super Lig,1.0,48,Turkey,69,70,70,68,452761.0,_Longville Stadium,111117,1,1.0,,11200000.0,27.82,28.14,212551.0,220334.0,217546.0,220334.0,220334.0,220334.0,220334.0,220334.0,Balanced,51.0,51.0,,,,,,Long ball,Direct passing,51.0,3.0,3.0,3.0,,,,,,,,
