entity_id,club_id,club,match_id,date,source_url,shirt_number,match_name,passes_attempted,passes_completed,pass_completion_pct,switches,crosses_attempted,crosses_completed,line_breaks_attempted,line_breaks_completed,line_break_completion_pct,ball_progressions,take_ons,step_ins,shots,goals,distribution_page,tackles_attempted,tackles_won,blocks,interceptions,direct_pressures,indirect_pressures,aerial_duels_won,physical_duels_won,possession_contests_won,clearances,loose_ball_receptions,pushing_on,pushing_on_pressing,regains,interruptions,defence_page,distance_m,zone1_m,zone2_m,zone3_m,zone4_m,zone5_m,high_speed_runs,sprints,top_speed_kmh,physical_page
alahlyfc:1,alahlyfc,Al Ahly FC,1,2025-06-14,https://www.fifatrainingcentre.com/media/native/tournaments/fcwc/2025/M01%20AHL%20V%20MIA%20POST%20MATCH%20REPORT.pdf,1,MOHAMED ELSHENAWY,34.0,29.0,85.0,0.0,0.0,0.0,8.0,6.0,75.0,0.0,0.0,0.0,0.0,0.0,42,0.0,0.0,0.0,0.0,0.0,0.0,0.0,0.0,0.0,1.0,1.0,0.0,0.0,10.0,0.0,47,5479.2,4319.5,977.6,137.3,37.3,7.6,14.0,5.0,26.7,50
alahlyfc:5,alahlyfc,Al Ahly FC,1,2025-06-14,https://www.fifatrainingcentre.com/media/native/tournaments/fcwc/2025/M01%20AHL%20V%20MIA%20POST%20MATCH%20REPORT.pdf,5,Mohamed Ali BEN ROMDHANE,19.0,19.0,100.0,0.0,0.0,0.0,5.0,5.0,100.0,4.0,3.0,1.0,1.0,0.0,42,2.0,0.0,1.0,0.0,2.0,9.0,0.0,0.0,1.0,0.0,2.0,10.0,4.0,1.0,1.0,47,7541.9,2606.0,3421.8,961.6,413.3,139.2,81.0,32.0,34.6,50
alahlyfc:6,alahlyfc,Al Ahly FC,1,2025-06-14,https://www.fifatrainingcentre.com/media/native/tournaments/fcwc/2025/M01%20AHL%20V%20MIA%20POST%20MATCH%20REPORT.pdf,6,YASSER IBRAHIM,51.0,48.0,94.0,1.0,0.0,0.0,3.0,1.0,33.0,0.0,0.0,0.0,0.0,0.0,42,1.0,0.0,2.0,0.0,1.0,6.0,0.0,0.0,0.0,11.0,6.0,12.0,3.0,0.0,9.0,47,9231.5,4069.6,3477.4,1076.8,480.2,127.5,90.0,43.0,28.9,50
alahlyfc:7,alahlyfc,Al Ahly FC,1,2025-06-14,https://www.fifatrainingcentre.com/media/native/tournaments/fcwc/2025/M01%20AHL%20V%20MIA%20POST%20MATCH%20REPORT.pdf,7,TREZEGUET,30.0,29.0,97.0,1.0,1.0,0.0,9.0,7.0,78.0,6.0,4.0,2.0,4.0,0.0,42,3.0,1.0,0.0,0.0,2.0,10.0,1.0,0.0,2.0,0.0,4.0,15.0,8.0,1.0,2.0,47,7088.6,3075.2,2362.0,917.8,451.3,282.4,87.0,43.0,35.4,50
alahlyfc:8,alahlyfc,Al Ahly FC,1,2025-06-14,https://www.fifatrainingcentre.com/media/native/tournaments/fcwc/2025/M01%20AHL%20V%20MIA%20POST%20MATCH%20REPORT.pdf,8,HAMDY FATHY,28.0,22.0,79.0,1.0,0.0,0.0,12.0,9.0,75.0,0.0,0.0,0.0,1.0,0.0,42,3.0,0.0,3.0,0.0,6.0,20.0,0.0,0.0,0.0,2.0,6.0,36.0,9.0,1.0,2.0,47,10752.5,3938.6,4783.3,1455.4,470.3,104.8,148.0,37.0,37.1,50
alahlyfc:9,alahlyfc,Al Ahly FC,1,2025-06-14,https://www.fifatrainingcentre.com/media/native/tournaments/fcwc/2025/M01%20AHL%20V%20MIA%20POST%20MATCH%20REPORT.pdf,9,WESSAM ABOU ALI,9.0,7.0,78.0,0.0,0.0,0.0,3.0,3.0,100.0,0.0,0.0,0.0,1.0,0.0,42,2.0,1.0,1.0,0.0,4.0,28.0,1.0,0.0,1.0,1.0,2.0,22.0,16.0,3.0,0.0,47,8025.4,3449.3,2465.5,1258.1,600.8,251.6,113.0,50.0,34.0,50
alahlyfc:13,alahlyfc,Al Ahly FC,1,2025-06-14,https://www.fifatrainingcentre.com/media/native/tournaments/fcwc/2025/M01%20AHL%20V%20MIA%20POST%20MATCH%20REPORT.pdf,13,MARAWAN ATTIA,49.0,46.0,94.0,3.0,1.0,0.0,18.0,15.0,83.0,1.0,0.0,1.0,0.0,0.0,42,19.0,6.0,3.0,2.0,21.0,27.0,0.0,0.0,0.0,2.0,4.0,28.0,9.0,10.0,5.0,47,10304.8,4118.7,4392.1,1322.2,318.2,153.5,113.0,31.0,43.5,50
alahlyfc:15,alahlyfc,Al Ahly FC,1,2025-06-14,https://www.fifatrainingcentre.com/media/native/tournaments/fcwc/2025/M01%20AHL%20V%20MIA%20POST%20MATCH%20REPORT.pdf,15,Achraf DARI,37.0,34.0,92.0,1.0,0.0,0.0,8.0,5.0,62.0,0.0,0.0,0.0,1.0,0.0,42,2.0,1.0,2.0,1.0,2.0,3.0,1.0,0.0,1.0,5.0,2.0,13.0,2.0,4.0,4.0,47,9267.2,4048.6,3938.4,846.4,318.9,114.9,78.0,29.0,33.0,50
alahlyfc:22,alahlyfc,Al Ahly FC,1,2025-06-14,https://www.fifatrainingcentre.com/media/native/tournaments/fcwc/2025/M01%20AHL%20V%20MIA%20POST%20MATCH%20REPORT.pdf,22,EMAM ASHOUR,5.0,4.0,80.0,0.0,0.0,0.0,1.0,1.0,100.0,0.0,0.0,0.0,2.0,0.0,42,1.0,0.0,0.0,0.0,0.0,1.0,0.0,0.0,0.0,0.0,1.0,3.0,0.0,0.0,1.0,47,1569.2,463.3,695.0,269.9,100.8,40.2,26.0,9.0,30.0,50
alahlyfc:30,alahlyfc,Al Ahly FC,1,2025-06-14,https://www.fifatrainingcentre.com/media/native/tournaments/fcwc/2025/M01%20AHL%20V%20MIA%20POST%20MATCH%20REPORT.pdf,30,MOHAMED HANY,37.0,25.0,68.0,0.0,2.0,0.0,19.0,10.0,53.0,3.0,2.0,1.0,0.0,0.0,42,3.0,1.0,1.0,1.0,2.0,7.0,0.0,0.0,0.0,2.0,7.0,18.0,3.0,2.0,2.0,47,9650.4,4190.5,3834.7,1010.4,430.9,184.0,80.0,39.0,31.4,50
alahlyfc:36,alahlyfc,Al Ahly FC,1,2025-06-14,https://www.fifatrainingcentre.com/media/native/tournaments/fcwc/2025/M01%20AHL%20V%20MIA%20POST%20MATCH%20REPORT.pdf,36,AHMED KOKA,57.0,52.0,91.0,1.0,0.0,0.0,20.0,17.0,85.0,1.0,1.0,0.0,0.0,0.0,42,8.0,3.0,9.0,0.0,7.0,11.0,1.0,0.0,1.0,2.0,5.0,10.0,6.0,7.0,6.0,47,9262.7,4260.4,3560.6,969.3,353.0,119.4,82.0,38.0,31.0,50
alahlyfc:10,alahlyfc,Al Ahly FC,1,2025-06-14,https://www.fifatrainingcentre.com/media/native/tournaments/fcwc/2025/M01%20AHL%20V%20MIA%20POST%20MATCH%20REPORT.pdf,10,Nejc GRADISAR,4.0,4.0,100.0,1.0,0.0,0.0,1.0,1.0,100.0,0.0,0.0,0.0,0.0,0.0,42,1.0,0.0,0.0,0.0,2.0,12.0,1.0,0.0,1.0,0.0,0.0,10.0,6.0,1.0,1.0,47,2011.5,581.8,874.5,367.0,122.4,65.9,28.0,11.0,33.0,50
alahlyfc:14,alahlyfc,Al Ahly FC,1,2025-06-14,https://www.fifatrainingcentre.com/media/native/tournaments/fcwc/2025/M01%20AHL%20V%20MIA%20POST%20MATCH%20REPORT.pdf,14,HUSSEIN ELSHAHAT,12.0,10.0,83.0,0.0,1.0,0.0,4.0,3.0,75.0,2.0,2.0,0.0,1.0,0.0,42,2.0,1.0,1.0,0.0,1.0,3.0,0.0,0.0,0.0,0.0,3.0,0.0,0.0,2.0,0.0,47,3166.6,1508.1,1054.1,411.0,142.9,50.6,41.0,15.0,31.5,50
alahlyfc:19,alahlyfc,Al Ahly FC,1,2025-06-14,https://www.fifatrainingcentre.com/media/native/tournaments/fcwc/2025/M01%20AHL%20V%20MIA%20POST%20MATCH%20REPORT.pdf,19,MOHAMED AFSHA,13.0,10.0,77.0,0.0,0.0,0.0,1.0,0.0,0.0,0.0,0.0,0.0,0.0,0.0,42,0.0,0.0,0.0,0.0,0.0,6.0,0.0,0.0,0.0,0.0,3.0,7.0,3.0,0.0,0.0,47,1947.2,680.6,819.5,276.4,117.5,53.2,26.0,9.0,34.7,50
alahlyfc:25,alahlyfc,Al Ahly FC,1,2025-06-14,https://www.fifatrainingcentre.com/media/native/tournaments/fcwc/2025/M01%20AHL%20V%20MIA%20POST%20MATCH%20REPORT.pdf,25,ZIZO,25.0,22.0,88.0,1.0,6.0,2.0,6.0,3.0,50.0,4.0,2.0,2.0,0.0,0.0,42,0.0,0.0,0.0,0.0,1.0,16.0,0.0,0.0,0.0,0.0,0.0,17.0,10.0,0.0,0.0,47,6962.4,2600.4,2987.4,823.1,341.6,209.9,73.0,32.0,44.3,50
alahlyfc:29,alahlyfc,Al Ahly FC,1,2025-06-14,https://www.fifatrainingcentre.com/media/native/tournaments/fcwc/2025/M01%20AHL%20V%20MIA%20POST%20MATCH%20REPORT.pdf,29,TAHER MOHAMED,13.0,9.0,69.0,0.0,0.0,0.0,2.0,2.0,100.0,0.0,0.0,0.0,0.0,0.0,42,0.0,0.0,1.0,0.0,0.0,6.0,2.0,0.0,2.0,1.0,2.0,3.0,2.0,0.0,1.0,47,3344.0,1389.6,1019.8,426.6,318.0,190.0,40.0,28.0,35.0,50
intermiamicf:19,intermiamicf,Inter Miami CF,1,2025-06-14,https://www.fifatrainingcentre.com/media/native/tournaments/fcwc/2025/M01%20AHL%20V%20MIA%20POST%20MATCH%20REPORT.pdf,19,Oscar USTARI,29.0,27.0,93.0,0.0,0.0,0.0,10.0,8.0,80.0,0.0,0.0,0.0,0.0,0.0,44,0.0,0.0,0.0,0.0,0.0,0.0,0.0,0.0,0.0,1.0,4.0,0.0,0.0,9.0,0.0,48,5185.4,4239.0,846.1,90.4,9.9,0.0,9.0,1.0,21.4,51
intermiamicf:5,intermiamicf,Inter Miami CF,1,2025-06-14,https://www.fifatrainingcentre.com/media/native/tournaments/fcwc/2025/M01%20AHL%20V%20MIA%20POST%20MATCH%20REPORT.pdf,5,Sergio BUSQUETS,65.0,53.0,82.0,0.0,0.0,0.0,21.0,14.0,67.0,0.0,0.0,0.0,0.0,0.0,44,3.0,2.0,3.0,1.0,5.0,15.0,1.0,0.0,2.0,1.0,5.0,20.0,6.0,5.0,3.0,48,10337.7,4136.7,4584.2,1180.1,323.0,113.8,118.0,26.0,35.5,51
intermiamicf:6,intermiamicf,Inter Miami CF,1,2025-06-14,https://www.fifatrainingcentre.com/media/native/tournaments/fcwc/2025/M01%20AHL%20V%20MIA%20POST%20MATCH%20REPORT.pdf,6,Tomas AVILES,49.0,46.0,94.0,0.0,0.0,0.0,14.0,12.0,86.0,0.0,0.0,0.0,0.0,0.0,44,3.0,0.0,0.0,0.0,3.0,3.0,1.0,0.0,1.0,2.0,2.0,12.0,3.0,0.0,2.0,48,4755.7,2093.4,1818.4,443.1,210.6,190.2,38.0,20.0,35.3,51
intermiamicf:8,intermiamicf,Inter Miami CF,1,2025-06-14,https://www.fifatrainingcentre.com/media/native/tournaments/fcwc/2025/M01%20AHL%20V%20MIA%20POST%20MATCH%20REPORT.pdf,8,Telasco SEGOVIA,27.0,26.0,96.0,0.0,4.0,1.0,2.0,1.0,50.0,1.0,1.0,0.0,1.0,0.0,44,0.0,0.0,0.0,0.0,1.0,22.0,0.0,0.0,1.0,1.0,5.0,24.0,12.0,1.0,0.0,48,8479.5,3200.6,3218.6,1352.1,559.0,149.2,120.0,45.0,38.9,51
intermiamicf:9,intermiamicf,Inter Miami CF,1,2025-06-14,https://www.fifatrainingcentre.com/media/native/tournaments/fcwc/2025/M01%20AHL%20V%20MIA%20POST%20MATCH%20REPORT.pdf,9,Luis SUAREZ,27.0,22.0,81.0,1.0,4.0,2.0,5.0,4.0,80.0,2.0,2.0,0.0,1.0,0.0,44,2.0,1.0,1.0,1.0,0.0,17.0,0.0,0.0,0.0,1.0,3.0,24.0,8.0,2.0,3.0,48,9859.9,3876.1,4058.4,1326.0,470.0,129.5,113.0,40.0,30.4,51
intermiamicf:10,intermiamicf,Inter Miami CF,1,2025-06-14,https://www.fifatrainingcentre.com/media/native/tournaments/fcwc/2025/M01%20AHL%20V%20MIA%20POST%20MATCH%20REPORT.pdf,10,Lionel MESSI,42.0,30.0,71.0,0.0,9.0,4.0,18.0,11.0,61.0,2.0,2.0,0.0,5.0,0.0,44,5.0,2.0,3.0,0.0,4.0,8.0,0.0,0.0,0.0,1.0,4.0,12.0,6.0,2.0,5.0,48,7429.2,4891.8,1430.8,727.4,280.5,98.7,66.0,27.0,35.4,51
intermiamicf:17,intermiamicf,Inter Miami CF,1,2025-06-14,https://www.fifatrainingcentre.com/media/native/tournaments/fcwc/2025/M01%20AHL%20V%20MIA%20POST%20MATCH%20REPORT.pdf,17,Ian FRAY,55.0,52.0,95.0,0.0,1.0,0.0,13.0,12.0,92.0,3.0,3.0,0.0,1.0,0.0,44,4.0,3.0,1.0,0.0,5.0,12.0,0.0,0.0,0.0,0.0,4.0,13.0,4.0,4.0,0.0,48,10352.0,4083.5,4359.6,1123.4,439.5,346.0,86.0,44.0,35.5,51
intermiamicf:21,intermiamicf,Inter Miami CF,1,2025-06-14,https://www.fifatrainingcentre.com/media/native/tournaments/fcwc/2025/M01%20AHL%20V%20MIA%20POST%20MATCH%20REPORT.pdf,21,Tadeo ALLENDE,17.0,13.0,76.0,0.0,0.0,0.0,4.0,3.0,75.0,3.0,3.0,0.0,1.0,0.0,44,1.0,0.0,0.0,0.0,2.0,14.0,2.0,0.0,2.0,0.0,4.0,7.0,3.0,1.0,0.0,48,8564.0,3417.3,3392.4,1044.2,498.9,211.2,100.0,42.0,41.7,51
intermiamicf:32,intermiamicf,Inter Miami CF,1,2025-06-14,https://www.fifatrainingcentre.com/media/native/tournaments/fcwc/2025/M01%20AHL%20V%20MIA%20POST%20MATCH%20REPORT.pdf,32,Noah ALLEN,37.0,34.0,92.0,1.0,0.0,0.0,9.0,8.0,89.0,1.0,0.0,1.0,0.0,0.0,44,1.0,0.0,1.0,3.0,1.0,8.0,0.0,0.0,0.0,2.0,2.0,17.0,5.0,4.0,2.0,48,10636.8,3894.3,4409.8,1268.3,651.4,413.0,109.0,58.0,41.1,51
intermiamicf:37,intermiamicf,Inter Miami CF,1,2025-06-14,https://www.fifatrainingcentre.com/media/native/tournaments/fcwc/2025/M01%20AHL%20V%20MIA%20POST%20MATCH%20REPORT.pdf,37,Maximiliano FALCON,56.0,54.0,96.0,0.0,0.0,0.0,11.0,9.0,82.0,0.0,0.0,0.0,1.0,0.0,44,0.0,0.0,2.0,1.0,2.0,4.0,3.0,0.0,4.0,6.0,2.0,3.0,2.0,5.0,4.0,48,9395.7,4247.6,3669.7,794.8,445.9,237.7,67.0,42.0,41.9,51
intermiamicf:55,intermiamicf,Inter Miami CF,1,2025-06-14,https://www.fifatrainingcentre.com/media/native/tournaments/fcwc/2025/M01%20AHL%20V%20MIA%20POST%20MATCH%20REPORT.pdf,55,Federico REDONDO,58.0,53.0,91.0,0.0,0.0,0.0,11.0,9.0,82.0,1.0,1.0,0.0,1.0,0.0,44,5.0,1.0,2.0,1.0,6.0,12.0,0.0,0.0,2.0,1.0,13.0,17.0,8.0,3.0,3.0,48,9881.1,4120.3,4159.6,1016.5,447.9,136.9,88.0,34.0,35.0,51
intermiamicf:7,intermiamicf,Inter Miami CF,1,2025-06-14,https://www.fifatrainingcentre.com/media/native/tournaments/fcwc/2025/M01%20AHL%20V%20MIA%20POST%20MATCH%20REPORT.pdf,7,Fafa PICAULT,1.0,0.0,0.0,0.0,1.0,0.0,0.0,0.0,0.0,0.0,0.0,0.0,1.0,0.0,44,1.0,0.0,1.0,0.0,2.0,2.0,1.0,0.0,1.0,0.0,0.0,3.0,2.0,1.0,0.0,48,1934.3,608.7,830.9,247.3,162.7,84.7,20.0,13.0,31.4,51
intermiamicf:30,intermiamicf,Inter Miami CF,1,2025-06-14,https://www.fifatrainingcentre.com/media/native/tournaments/fcwc/2025/M01%20AHL%20V%20MIA%20POST%20MATCH%20REPORT.pdf,30,Benjamin CREMASCHI,10.0,9.0,90.0,0.0,0.0,0.0,2.0,2.0,100.0,0.0,0.0,0.0,0.0,0.0,44,0.0,0.0,0.0,0.0,0.0,8.0,0.0,0.0,0.0,1.0,1.0,6.0,2.0,0.0,1.0,48,3071.4,914.9,1258.3,609.3,193.4,95.5,42.0,19.0,30.2,51
intermiamicf:57,intermiamicf,Inter Miami CF,1,2025-06-14,https://www.fifatrainingcentre.com/media/native/tournaments/fcwc/2025/M01%20AHL%20V%20MIA%20POST%20MATCH%20REPORT.pdf,57,Marcelo WEIGANDT,26.0,24.0,92.0,0.0,0.0,0.0,9.0,5.0,56.0,1.0,1.0,0.0,1.0,0.0,44,5.0,3.0,0.0,0.0,3.0,5.0,0.0,0.0,0.0,1.0,5.0,15.0,5.0,3.0,1.0,48,5297.9,2102.2,1946.6,705.4,310.5,233.2,61.0,33.0,32.8,51
fcbayernmunchen:1,fcbayernmunchen,FC Bayern München,2,2025-06-15,https://www.fifatrainingcentre.com/media/native/tournaments/fcwc/2025/M02%20BAY%20V%20AKL%20POST%20MATCH%20REPORT.pdf,1,Manuel NEUER,28.0,28.0,100.0,0.0,0.0,0.0,3.0,3.0,100.0,0.0,0.0,0.0,0.0,0.0,43,0.0,0.0,0.0,0.0,0.0,0.0,0.0,0.0,0.0,0.0,9.0,0.0,0.0,5.0,0.0,48,6280.8,4579.0,1401.7,234.6,65.5,0.0,29.0,4.0,23.8,51
fcbayernmunchen:4,fcbayernmunchen,FC Bayern München,2,2025-06-15,https://www.fifatrainingcentre.com/media/native/tournaments/fcwc/2025/M02%20BAY%20V%20AKL%20POST%20MATCH%20REPORT.pdf,4,Jonathan TAH,88.0,85.0,97.0,0.0,0.0,0.0,9.0,8.0,89.0,0.0,0.0,0.0,0.0,0.0,43,0.0,0.0,4.0,4.0,0.0,3.0,4.0,0.0,4.0,6.0,7.0,14.0,2.0,10.0,5.0,48,10950.9,4450.3,4702.8,1232.4,449.3,116.2,120.0,34.0,32.0,51
fcbayernmunchen:6,fcbayernmunchen,FC Bayern München,2,2025-06-15,https://www.fifatrainingcentre.com/media/native/tournaments/fcwc/2025/M02%20BAY%20V%20AKL%20POST%20MATCH%20REPORT.pdf,6,Joshua KIMMICH,125.0,108.0,86.0,5.0,4.0,2.0,39.0,27.0,69.0,0.0,0.0,0.0,1.0,0.0,43,1.0,1.0,0.0,0.0,1.0,8.0,0.0,0.0,0.0,0.0,16.0,18.0,4.0,2.0,0.0,48,11626.2,4105.8,5388.4,1514.8,433.1,184.1,127.0,32.0,31.1,51
fcbayernmunchen:9,fcbayernmunchen,FC Bayern München,2,2025-06-15,https://www.fifatrainingcentre.com/media/native/tournaments/fcwc/2025/M02%20BAY%20V%20AKL%20POST%20MATCH%20REPORT.pdf,9,Harry KANE,9.0,6.0,67.0,1.0,0.0,0.0,3.0,3.0,100.0,2.0,2.0,0.0,1.0,0.0,43,1.0,0.0,0.0,0.0,2.0,19.0,0.0,0.0,0.0,0.0,2.0,14.0,6.0,0.0,0.0,48,7127.4,2864.4,3212.9,739.3,235.6,75.3,69.0,20.0,29.4,51
fcbayernmunchen:11,fcbayernmunchen,FC Bayern München,2,2025-06-15,https://www.fifatrainingcentre.com/media/native/tournaments/fcwc/2025/M02%20BAY%20V%20AKL%20POST%20MATCH%20REPORT.pdf,11,Kingsley COMAN,35.0,32.0,91.0,0.0,3.0,1.0,5.0,4.0,80.0,2.0,2.0,0.0,5.0,2.0,43,0.0,0.0,1.0,0.0,1.0,15.0,1.0,0.0,1.0,0.0,3.0,8.0,5.0,0.0,1.0,48,5802.6,1912.0,2746.4,763.9,292.5,87.8,63.0,26.0,29.1,51
fcbayernmunchen:17,fcbayernmunchen,FC Bayern München,2,2025-06-15,https://www.fifatrainingcentre.com/media/native/tournaments/fcwc/2025/M02%20BAY%20V%20AKL%20POST%20MATCH%20REPORT.pdf,17,Michael OLISE,41.0,34.0,83.0,0.0,3.0,1.0,14.0,10.0,71.0,10.0,7.0,3.0,2.0,2.0,43,0.0,0.0,2.0,0.0,0.0,13.0,0.0,0.0,0.0,0.0,5.0,9.0,4.0,1.0,0.0,48,5720.2,1942.4,2671.5,772.1,260.2,73.8,74.0,23.0,28.9,51
fcbayernmunchen:22,fcbayernmunchen,FC Bayern München,2,2025-06-15,https://www.fifatrainingcentre.com/media/native/tournaments/fcwc/2025/M02%20BAY%20V%20AKL%20POST%20MATCH%20REPORT.pdf,22,RAPHAEL GUERREIRO,44.0,40.0,91.0,0.0,4.0,0.0,8.0,6.0,75.0,0.0,0.0,0.0,1.0,0.0,43,1.0,1.0,0.0,0.0,1.0,15.0,1.0,0.0,2.0,1.0,3.0,19.0,10.0,2.0,1.0,48,7698.5,2541.7,3535.8,1055.5,457.1,108.3,92.0,37.0,28.9,51
fcbayernmunchen:23,fcbayernmunchen,FC Bayern München,2,2025-06-15,https://www.fifatrainingcentre.com/media/native/tournaments/fcwc/2025/M02%20BAY%20V%20AKL%20POST%20MATCH%20REPORT.pdf,23,Sacha BOEY,90.0,88.0,98.0,0.0,4.0,1.0,18.0,17.0,94.0,0.0,0.0,0.0,3.0,1.0,43,5.0,2.0,4.0,1.0,7.0,9.0,3.0,1.0,4.0,0.0,12.0,19.0,9.0,4.0,1.0,48,11519.8,4209.7,4667.0,1380.3,781.3,481.5,121.0,71.0,32.3,51
fcbayernmunchen:25,fcbayernmunchen,FC Bayern München,2,2025-06-15,https://www.fifatrainingcentre.com/media/native/tournaments/fcwc/2025/M02%20BAY%20V%20AKL%20POST%20MATCH%20REPORT.pdf,25,Thomas MUELLER,42.0,32.0,76.0,0.0,4.0,1.0,10.0,6.0,60.0,1.0,1.0,0.0,3.0,2.0,43,3.0,1.0,3.0,1.0,3.0,21.0,2.0,0.0,2.0,0.0,9.0,22.0,8.0,4.0,0.0,48,11261.1,4415.2,5182.6,1245.9,393.6,23.9,119.0,31.0,28.1,51
fcbayernmunchen:44,fcbayernmunchen,FC Bayern München,2,2025-06-15,https://www.fifatrainingcentre.com/media/native/tournaments/fcwc/2025/M02%20BAY%20V%20AKL%20POST%20MATCH%20REPORT.pdf,44,Josip STANISIC,69.0,68.0,99.0,0.0,1.0,1.0,13.0,13.0,100.0,1.0,1.0,0.0,2.0,0.0,43,2.0,2.0,0.0,2.0,3.0,3.0,1.0,0.0,1.0,2.0,9.0,8.0,4.0,4.0,2.0,48,9361.0,3689.9,4008.8,1165.9,417.9,78.6,110.0,31.0,30.3,51
fcbayernmunchen:45,fcbayernmunchen,FC Bayern München,2,2025-06-15,https://www.fifatrainingcentre.com/media/native/tournaments/fcwc/2025/M02%20BAY%20V%20AKL%20POST%20MATCH%20REPORT.pdf,45,Aleksandar PAVLOVIC,104.0,95.0,91.0,2.0,1.0,0.0,27.0,25.0,93.0,2.0,1.0,1.0,1.0,0.0,43,5.0,1.0,3.0,3.0,3.0,11.0,0.0,0.0,0.0,0.0,9.0,36.0,3.0,5.0,2.0,48,12328.9,3894.7,6050.5,1844.9,507.5,31.3,176.0,35.0,27.7,51
fcbayernmunchen:2,fcbayernmunchen,FC Bayern München,2,2025-06-15,https://www.fifatrainingcentre.com/media/native/tournaments/fcwc/2025/M02%20BAY%20V%20AKL%20POST%20MATCH%20REPORT.pdf,2,Dayot UPAMECANO,29.0,29.0,100.0,0.0,0.0,0.0,4.0,4.0,100.0,0.0,0.0,0.0,0.0,0.0,43,0.0,0.0,0.0,0.0,0.0,4.0,0.0,0.0,0.0,0.0,3.0,6.0,3.0,0.0,0.0,48,3837.2,1451.4,1708.9,436.4,162.4,78.1,42.0,13.0,31.7,51
fcbayernmunchen:7,fcbayernmunchen,FC Bayern München,2,2025-06-15,https://www.fifatrainingcentre.com/media/native/tournaments/fcwc/2025/M02%20BAY%20V%20AKL%20POST%20MATCH%20REPORT.pdf,7,Serge GNABRY,27.0,24.0,89.0,0.0,1.0,0.0,6.0,5.0,83.0,3.0,2.0,1.0,2.0,0.0,43,1.0,0.0,1.0,0.0,1.0,21.0,0.0,0.0,0.0,1.0,3.0,11.0,5.0,0.0,2.0,48,5508.9,2216.7,1976.4,825.3,370.3,120.2,78.0,27.0,31.3,51
fcbayernmunchen:42,fcbayernmunchen,FC Bayern München,2,2025-06-15,https://www.fifatrainingcentre.com/media/native/tournaments/fcwc/2025/M02%20BAY%20V%20AKL%20POST%20MATCH%20REPORT.pdf,42,Jamal MUSIALA,23.0,20.0,87.0,0.0,0.0,0.0,7.0,6.0,86.0,2.0,2.0,0.0,5.0,3.0,43,2.0,2.0,1.0,1.0,2.0,9.0,0.0,0.0,0.0,0.0,4.0,3.0,2.0,3.0,1.0,48,3808.8,1426.9,1497.0,550.1,188.6,146.2,49.0,17.0,32.0,51
fcbayernmunchen:46,fcbayernmunchen,FC Bayern München,2,2025-06-15,https://www.fifatrainingcentre.com/media/native/tournaments/fcwc/2025/M02%20BAY%20V%20AKL%20POST%20MATCH%20REPORT.pdf,46,Lennart KARL,33.0,29.0,88.0,1.0,4.0,1.0,7.0,3.0,43.0,3.0,3.0,0.0,5.0,0.0,43,4.0,3.0,0.0,0.0,3.0,15.0,0.0,0.0,1.0,0.0,2.0,18.0,12.0,3.0,0.0,48,5755.2,2023.7,2494.1,699.3,356.1,182.0,68.0,30.0,31.2,51
fcbayernmunchen:49,fcbayernmunchen,FC Bayern München,2,2025-06-15,https://www.fifatrainingcentre.com/media/native/tournaments/fcwc/2025/M02%20BAY%20V%20AKL%20POST%20MATCH%20REPORT.pdf,49,Adam AZNOU,10.0,10.0,100.0,0.0,2.0,0.0,1.0,1.0,100.0,0.0,0.0,0.0,0.0,0.0,43,0.0,0.0,0.0,0.0,1.0,1.0,0.0,0.0,0.0,0.0,0.0,1.0,0.0,1.0,0.0,48,1817.4,566.2,851.8,263.6,98.9,36.9,27.0,8.0,29.2,51
aucklandcityfc:1,aucklandcityfc,Auckland City FC,2,2025-06-15,https://www.fifatrainingcentre.com/media/native/tournaments/fcwc/2025/M02%20BAY%20V%20AKL%20POST%20MATCH%20REPORT.pdf,1,Conor TRACEY,43.0,16.0,37.0,0.0,0.0,0.0,28.0,4.0,14.0,0.0,0.0,0.0,0.0,0.0,45,0.0,0.0,0.0,0.0,0.0,0.0,0.0,0.0,0.0,0.0,1.0,0.0,0.0,8.0,0.0,49,4833.2,4013.1,771.3,47.7,1.1,0.0,2.0,0.0,20.3,52
aucklandcityfc:2,aucklandcityfc,Auckland City FC,2,2025-06-15,https://www.fifatrainingcentre.com/media/native/tournaments/fcwc/2025/M02%20BAY%20V%20AKL%20POST%20MATCH%20REPORT.pdf,2,Mario ILICH,38.0,27.0,71.0,0.0,0.0,0.0,9.0,3.0,33.0,0.0,0.0,0.0,0.0,0.0,45,7.0,2.0,5.0,2.0,5.0,60.0,2.0,0.0,2.0,4.0,9.0,34.0,26.0,8.0,6.0,49,12110.5,3495.2,6263.6,2079.7,266.0,5.9,197.0,23.0,25.4,52
aucklandcityfc:3,aucklandcityfc,Auckland City FC,2,2025-06-15,https://www.fifatrainingcentre.com/media/native/tournaments/fcwc/2025/M02%20BAY%20V%20AKL%20POST%20MATCH%20REPORT.pdf,3,Adam MITCHELL,36.0,26.0,72.0,0.0,0.0,0.0,13.0,7.0,54.0,0.0,0.0,0.0,0.0,0.0,45,4.0,1.0,5.0,0.0,3.0,4.0,0.0,0.0,1.0,11.0,2.0,19.0,1.0,6.0,12.0,49,10063.7,4330.9,4309.7,1174.4,241.9,6.9,101.0,19.0,26.5,52
aucklandcityfc:5,aucklandcityfc,Auckland City FC,2,2025-06-15,https://www.fifatrainingcentre.com/media/native/tournaments/fcwc/2025/M02%20BAY%20V%20AKL%20POST%20MATCH%20REPORT.pdf,5,Nikko BOXALL,53.0,47.0,89.0,0.0,0.0,0.0,10.0,7.0,70.0,1.0,0.0,1.0,0.0,0.0,45,4.0,0.0,5.0,2.0,5.0,8.0,0.0,0.0,1.0,7.0,5.0,8.0,1.0,5.0,12.0,49,8919.8,3852.2,4061.3,846.9,149.9,9.5,70.0,12.0,28.1,52
aucklandcityfc:7,aucklandcityfc,Auckland City FC,2,2025-06-15,https://www.fifatrainingcentre.com/media/native/tournaments/fcwc/2025/M02%20BAY%20V%20AKL%20POST%20MATCH%20REPORT.pdf,7,Myer BEVAN,15.0,13.0,87.0,0.0,0.0,0.0,0.0,0.0,0.0,1.0,1.0,0.0,0.0,0.0,45,3.0,0.0,2.0,0.0,2.0,16.0,2.0,0.0,3.0,0.0,2.0,16.0,5.0,2.0,2.0,49,11608.8,4300.9,5050.5,1505.3,618.9,133.3,118.0,49.0,32.4,52
aucklandcityfc:8,aucklandcityfc,Auckland City FC,2,2025-06-15,https://www.fifatrainingcentre.com/media/native/tournaments/fcwc/2025/M02%20BAY%20V%20AKL%20POST%20MATCH%20REPORT.pdf,8,Gerard GARRIGA,17.0,11.0,65.0,0.0,1.0,0.0,1.0,0.0,0.0,0.0,0.0,0.0,0.0,0.0,45,1.0,0.0,5.0,2.0,1.0,40.0,0.0,0.0,0.0,3.0,9.0,11.0,6.0,4.0,7.0,49,9312.2,2369.7,4957.2,1671.5,287.5,26.3,154.0,24.0,26.7,52
aucklandcityfc:10,aucklandcityfc,Auckland City FC,2,2025-06-15,https://www.fifatrainingcentre.com/media/native/tournaments/fcwc/2025/M02%20BAY%20V%20AKL%20POST%20MATCH%20REPORT.pdf,10,Dylan MANICKUM,12.0,8.0,67.0,0.0,0.0,0.0,2.0,1.0,50.0,3.0,2.0,1.0,0.0,0.0,45,4.0,0.0,1.0,0.0,6.0,12.0,0.0,0.0,1.0,3.0,4.0,6.0,2.0,1.0,4.0,49,9127.4,2755.1,4005.7,1697.2,467.9,201.5,154.0,38.0,30.4,52
aucklandcityfc:12,aucklandcityfc,Auckland City FC,2,2025-06-15,https://www.fifatrainingcentre.com/media/native/tournaments/fcwc/2025/M02%20BAY%20V%20AKL%20POST%20MATCH%20REPORT.pdf,12,Regont MURATI,25.0,23.0,92.0,1.0,0.0,0.0,6.0,4.0,67.0,1.0,1.0,0.0,0.0,0.0,45,1.0,1.0,2.0,1.0,6.0,39.0,1.0,0.0,1.0,4.0,2.0,42.0,31.0,3.0,4.0,49,10440.1,4465.2,4210.0,1135.8,501.7,127.4,100.0,40.0,28.8,52
aucklandcityfc:13,aucklandcityfc,Auckland City FC,2,2025-06-15,https://www.fifatrainingcentre.com/media/native/tournaments/fcwc/2025/M02%20BAY%20V%20AKL%20POST%20MATCH%20REPORT.pdf,13,Nathan LOBO,16.0,10.0,62.0,0.0,1.0,0.0,6.0,5.0,83.0,4.0,3.0,1.0,0.0,0.0,45,3.0,1.0,1.0,1.0,6.0,32.0,0.0,0.0,0.0,3.0,2.0,22.0,15.0,4.0,3.0,49,7866.2,2979.3,3420.8,933.4,384.8,147.8,73.0,30.0,30.0,52
aucklandcityfc:25,aucklandcityfc,Auckland City FC,2,2025-06-15,https://www.fifatrainingcentre.com/media/native/tournaments/fcwc/2025/M02%20BAY%20V%20AKL%20POST%20MATCH%20REPORT.pdf,25,Michael DEN HEIJER,27.0,23.0,85.0,0.0,0.0,0.0,5.0,1.0,20.0,0.0,0.0,0.0,0.0,0.0,45,3.0,0.0,4.0,1.0,3.0,8.0,0.0,0.0,0.0,1.0,6.0,10.0,1.0,2.0,4.0,49,7910.4,3984.6,3243.4,511.7,156.4,14.3,50.0,12.0,26.9,52
aucklandcityfc:26,aucklandcityfc,Auckland City FC,2,2025-06-15,https://www.fifatrainingcentre.com/media/native/tournaments/fcwc/2025/M02%20BAY%20V%20AKL%20POST%20MATCH%20REPORT.pdf,26,David YOO,11.0,5.0,45.0,0.0,0.0,0.0,5.0,1.0,20.0,5.0,2.0,3.0,0.0,0.0,45,3.0,1.0,1.0,1.0,2.0,17.0,1.0,0.0,1.0,0.0,2.0,9.0,4.0,2.0,1.0,49,9277.6,2743.5,4611.4,1254.3,607.0,61.4,120.0,47.0,28.6,52
aucklandcityfc:9,aucklandcityfc,Auckland City FC,2,2025-06-15,https://www.fifatrainingcentre.com/media/native/tournaments/fcwc/2025/M02%20BAY%20V%20AKL%20POST%20MATCH%20REPORT.pdf,9,Angus KILKOLLY,5.0,4.0,80.0,0.0,2.0,0.0,1.0,1.0,100.0,0.0,0.0,0.0,1.0,0.0,45,1.0,0.0,2.0,0.0,2.0,3.0,0.0,0.0,0.0,0.0,2.0,2.0,1.0,1.0,0.0,49,3017.3,930.9,1315.0,433.7,214.5,123.3,43.0,17.0,30.0,52
aucklandcityfc:11,aucklandcityfc,Auckland City FC,2,2025-06-15,https://www.fifatrainingcentre.com/media/native/tournaments/fcwc/2025/M02%20BAY%20V%20AKL%20POST%20MATCH%20REPORT.pdf,11,Ryan DE VRIES,6.0,4.0,67.0,0.0,0.0,0.0,0.0,0.0,0.0,0.0,0.0,0.0,0.0,0.0,45,0.0,0.0,1.0,1.0,1.0,9.0,1.0,0.0,1.0,0.0,0.0,3.0,3.0,2.0,0.0,49,2852.4,924.2,1369.5,350.4,164.0,44.5,23.0,10.0,32.2,52
aucklandcityfc:17,aucklandcityfc,Auckland City FC,2,2025-06-15,https://www.fifatrainingcentre.com/media/native/tournaments/fcwc/2025/M02%20BAY%20V%20AKL%20POST%20MATCH%20REPORT.pdf,17,Jerson LAGOS,16.0,14.0,88.0,0.0,0.0,0.0,7.0,6.0,86.0,4.0,2.0,2.0,0.0,0.0,45,2.0,1.0,1.0,1.0,2.0,13.0,0.0,0.0,1.0,1.0,0.0,9.0,6.0,2.0,1.0,49,3410.2,1245.1,1392.3,413.4,166.1,193.4,33.0,14.0,34.1,52
aucklandcityfc:22,aucklandcityfc,Auckland City FC,2,2025-06-15,https://www.fifatrainingcentre.com/media/native/tournaments/fcwc/2025/M02%20BAY%20V%20AKL%20POST%20MATCH%20REPORT.pdf,22,ZHOU Tong,14.0,12.0,86.0,1.0,1.0,0.0,2.0,1.0,50.0,0.0,0.0,0.0,0.0,0.0,45,0.0,0.0,0.0,0.0,1.0,11.0,0.0,0.0,0.0,1.0,2.0,5.0,2.0,0.0,1.0,49,3455.5,1168.8,1504.0,635.8,137.8,9.1,53.0,11.0,27.0,52
aucklandcityfc:23,aucklandcityfc,Auckland City FC,2,2025-06-15,https://www.fifatrainingcentre.com/media/native/tournaments/fcwc/2025/M02%20BAY%20V%20AKL%20POST%20MATCH%20REPORT.pdf,23,Alfie ROGERS,10.0,10.0,100.0,0.0,0.0,0.0,0.0,0.0,0.0,0.0,0.0,0.0,0.0,0.0,45,1.0,0.0,1.0,0.0,0.0,6.0,0.0,0.0,0.0,0.0,0.0,7.0,3.0,0.0,2.0,49,1690.2,528.8,871.1,230.4,51.3,8.6,15.0,4.0,27.2,52
parissaintgermain:1,parissaintgermain,Paris Saint-Germain,3,2025-06-15,https://www.fifatrainingcentre.com/media/native/tournaments/fcwc/2025/M03%20PSG%20V%20ATM%20POST%20MATCH%20REPORT.pdf,1,Gianluigi DONNARUMMA,25.0,24.0,96.0,0.0,0.0,0.0,3.0,2.0,67.0,0.0,0.0,0.0,0.0,0.0,42,0.0,0.0,0.0,0.0,0.0,0.0,0.0,0.0,0.0,0.0,2.0,0.0,0.0,4.0,0.0,47,4314.4,3520.2,701.9,75.8,16.5,0.0,7.0,2.0,25.0,50
parissaintgermain:2,parissaintgermain,Paris Saint-Germain,3,2025-06-15,https://www.fifatrainingcentre.com/media/native/tournaments/fcwc/2025/M03%20PSG%20V%20ATM%20POST%20MATCH%20REPORT.pdf,2,Achraf HAKIMI,97.0,91.0,94.0,2.0,2.0,1.0,18.0,17.0,94.0,6.0,3.0,3.0,0.0,0.0,42,2.0,0.0,3.0,0.0,1.0,3.0,0.0,0.0,0.0,0.0,3.0,4.0,1.0,3.0,2.0,47,9682.3,4424.1,3170.0,1014.5,660.5,413.2,91.0,56.0,33.7,50
parissaintgermain:5,parissaintgermain,Paris Saint-Germain,3,2025-06-15,https://www.fifatrainingcentre.com/media/native/tournaments/fcwc/2025/M03%20PSG%20V%20ATM%20POST%20MATCH%20REPORT.pdf,5,MARQUINHOS,89.0,86.0,97.0,3.0,0.0,0.0,20.0,20.0,100.0,4.0,0.0,4.0,0.0,0.0,42,1.0,0.0,1.0,1.0,1.0,3.0,0.0,0.0,0.0,3.0,4.0,16.0,4.0,2.0,2.0,47,9612.3,4135.0,3624.1,1128.6,489.5,235.2,99.0,41.0,35.2,50
parissaintgermain:7,parissaintgermain,Paris Saint-Germain,3,2025-06-15,https://www.fifatrainingcentre.com/media/native/tournaments/fcwc/2025/M03%20PSG%20V%20ATM%20POST%20MATCH%20REPORT.pdf,7,Khvicha KVARATSKHELIA,42.0,39.0,93.0,0.0,0.0,0.0,5.0,4.0,80.0,3.0,3.0,0.0,3.0,0.0,42,2.0,1.0,0.0,0.0,2.0,8.0,0.0,0.0,0.0,0.0,4.0,9.0,4.0,1.0,0.0,47,7112.8,3416.9,2157.2,932.8,423.7,182.2,78.0,38.0,34.8,50
parissaintgermain:8,parissaintgermain,Paris Saint-Germain,3,2025-06-15,https://www.fifatrainingcentre.com/media/native/tournaments/fcwc/2025/M03%20PSG%20V%20ATM%20POST%20MATCH%20REPORT.pdf,8,Fabian RUIZ,80.0,75.0,94.0,2.0,0.0,0.0,16.0,16.0,100.0,0.0,0.0,0.0,1.0,1.0,42,1.0,0.0,0.0,0.0,0.0,8.0,1.0,0.0,1.0,2.0,1.0,4.0,2.0,1.0,2.0,47,8516.8,2931.1,3693.2,1275.8,423.4,193.2,103.0,35.0,38.1,50
parissaintgermain:9,parissaintgermain,Paris Saint-Germain,3,2025-06-15,https://www.fifatrainingcentre.com/media/native/tournaments/fcwc/2025/M03%20PSG%20V%20ATM%20POST%20MATCH%20REPORT.pdf,9,GONCALO RAMOS,13.0,11.0,85.0,1.0,0.0,0.0,2.0,0.0,0.0,1.0,1.0,0.0,3.0,0.0,42,1.0,0.0,0.0,0.0,2.0,32.0,2.0,0.0,2.0,0.0,1.0,14.0,12.0,0.0,1.0,47,7595.4,2807.7,2781.8,1306.3,561.1,138.4,118.0,47.0,36.2,50
parissaintgermain:14,parissaintgermain,Paris Saint-Germain,3,2025-06-15,https://www.fifatrainingcentre.com/media/native/tournaments/fcwc/2025/M03%20PSG%20V%20ATM%20POST%20MATCH%20REPORT.pdf,14,Desire DOUE,35.0,30.0,86.0,1.0,4.0,1.0,9.0,8.0,89.0,8.0,7.0,1.0,1.0,0.0,42,2.0,0.0,3.0,0.0,4.0,22.0,1.0,0.0,4.0,1.0,3.0,18.0,10.0,2.0,4.0,47,8914.6,3172.1,3550.2,1420.7,519.8,251.9,126.0,45.0,35.0,50
parissaintgermain:17,parissaintgermain,Paris Saint-Germain,3,2025-06-15,https://www.fifatrainingcentre.com/media/native/tournaments/fcwc/2025/M03%20PSG%20V%20ATM%20POST%20MATCH%20REPORT.pdf,17,VITINHA,113.0,112.0,99.0,5.0,1.0,0.0,29.0,28.0,97.0,5.0,2.0,3.0,2.0,1.0,42,0.0,0.0,2.0,1.0,1.0,13.0,0.0,0.0,0.0,0.0,6.0,7.0,2.0,2.0,0.0,47,11085.8,3669.8,5203.6,1430.2,595.5,186.6,131.0,54.0,29.3,50
parissaintgermain:25,parissaintgermain,Paris Saint-Germain,3,2025-06-15,https://www.fifatrainingcentre.com/media/native/tournaments/fcwc/2025/M03%20PSG%20V%20ATM%20POST%20MATCH%20REPORT.pdf,25,NUNO MENDES,62.0,57.0,92.0,1.0,4.0,1.0,18.0,17.0,94.0,1.0,0.0,1.0,0.0,0.0,42,3.0,1.0,3.0,1.0,4.0,6.0,0.0,0.0,1.0,1.0,9.0,8.0,6.0,3.0,3.0,47,7338.9,3090.8,2868.2,646.4,408.9,324.6,59.0,38.0,36.6,50
parissaintgermain:51,parissaintgermain,Paris Saint-Germain,3,2025-06-15,https://www.fifatrainingcentre.com/media/native/tournaments/fcwc/2025/M03%20PSG%20V%20ATM%20POST%20MATCH%20REPORT.pdf,51,Willian PACHO,83.0,83.0,100.0,1.0,0.0,0.0,9.0,9.0,100.0,2.0,0.0,2.0,0.0,0.0,42,3.0,1.0,2.0,1.0,3.0,7.0,2.0,0.0,2.0,2.0,1.0,14.0,8.0,3.0,1.0,47,8530.4,4028.6,3076.7,856.7,402.1,166.4,71.0,31.0,33.4,50
parissaintgermain:87,parissaintgermain,Paris Saint-Germain,3,2025-06-15,https://www.fifatrainingcentre.com/media/native/tournaments/fcwc/2025/M03%20PSG%20V%20ATM%20POST%20MATCH%20REPORT.pdf,87,JOAO NEVES,98.0,96.0,98.0,0.0,0.0,0.0,16.0,15.0,94.0,2.0,0.0,2.0,0.0,0.0,42,4.0,3.0,3.0,1.0,9.0,11.0,0.0,0.0,1.0,0.0,5.0,15.0,5.0,7.0,1.0,47,11674.9,3786.8,5191.0,1794.7,681.4,221.1,157.0,53.0,31.5,50
parissaintgermain:19,parissaintgermain,Paris Saint-Germain,3,2025-06-15,https://www.fifatrainingcentre.com/media/native/tournaments/fcwc/2025/M03%20PSG%20V%20ATM%20POST%20MATCH%20REPORT.pdf,19,LEE Kangin,26.0,24.0,92.0,0.0,0.0,0.0,6.0,4.0,67.0,1.0,0.0,1.0,1.0,1.0,42,1.0,1.0,0.0,0.0,1.0,5.0,0.0,0.0,0.0,0.0,0.0,4.0,3.0,1.0,0.0,47,2348.6,1019.3,787.3,334.8,145.6,61.6,30.0,11.0,26.8,50
parissaintgermain:21,parissaintgermain,Paris Saint-Germain,3,2025-06-15,https://www.fifatrainingcentre.com/media/native/tournaments/fcwc/2025/M03%20PSG%20V%20ATM%20POST%20MATCH%20REPORT.pdf,21,Lucas HERNANDEZ,15.0,15.0,100.0,0.0,0.0,0.0,2.0,2.0,100.0,0.0,0.0,0.0,0.0,0.0,42,0.0,0.0,0.0,0.0,1.0,0.0,0.0,0.0,0.0,1.0,1.0,1.0,1.0,0.0,1.0,47,1481.1,721.3,554.2,130.1,36.2,39.3,16.0,4.0,30.8,50
parissaintgermain:24,parissaintgermain,Paris Saint-Germain,3,2025-06-15,https://www.fifatrainingcentre.com/media/native/tournaments/fcwc/2025/M03%20PSG%20V%20ATM%20POST%20MATCH%20REPORT.pdf,24,Senny MAYULU,21.0,17.0,81.0,0.0,0.0,0.0,2.0,2.0,100.0,0.0,0.0,0.0,2.0,1.0,42,0.0,0.0,1.0,0.0,2.0,14.0,0.0,0.0,0.0,0.0,4.0,12.0,9.0,1.0,0.0,47,3446.1,1262.0,1373.2,466.4,259.8,84.8,43.0,17.0,30.5,50
parissaintgermain:33,parissaintgermain,Paris Saint-Germain,3,2025-06-15,https://www.fifatrainingcentre.com/media/native/tournaments/fcwc/2025/M03%20PSG%20V%20ATM%20POST%20MATCH%20REPORT.pdf,33,Warren ZAIREEMERY,22.0,22.0,100.0,0.0,0.0,0.0,7.0,7.0,100.0,0.0,0.0,0.0,0.0,0.0,42,2.0,1.0,0.0,1.0,3.0,1.0,0.0,0.0,0.0,0.0,6.0,4.0,1.0,2.0,0.0,47,3037.5,998.8,1321.2,561.2,128.7,27.5,45.0,8.0,31.7,50
parissaintgermain:49,parissaintgermain,Paris Saint-Germain,3,2025-06-15,https://www.fifatrainingcentre.com/media/native/tournaments/fcwc/2025/M03%20PSG%20V%20ATM%20POST%20MATCH%20REPORT.pdf,49,Ibrahim MBAYE,11.0,10.0,91.0,0.0,1.0,0.0,4.0,4.0,100.0,2.0,2.0,0.0,2.0,0.0,42,0.0,0.0,0.0,0.0,0.0,1.0,0.0,0.0,0.0,0.0,1.0,2.0,1.0,0.0,0.0,47,1502.4,726.3,483.9,183.6,80.7,27.9,14.0,7.0,27.9,50
atleticodemadrid:13,atleticodemadrid,Atlético De Madrid,3,2025-06-15,https://www.fifatrainingcentre.com/media/native/tournaments/fcwc/2025/M03%20PSG%20V%20ATM%20POST%20MATCH%20REPORT.pdf,13,Jan OBLAK,27.0,19.0,70.0,0.0,0.0,0.0,16.0,9.0,56.0,0.0,0.0,0.0,0.0,0.0,44,0.0,0.0,0.0,0.0,0.0,0.0,0.0,0.0,0.0,0.0,3.0,0.0,0.0,9.0,0.0,48,5531.3,4461.6,1000.6,50.2,14.1,4.8,4.0,1.0,25.5,51
atleticodemadrid:5,atleticodemadrid,Atlético De Madrid,3,2025-06-15,https://www.fifatrainingcentre.com/media/native/tournaments/fcwc/2025/M03%20PSG%20V%20ATM%20POST%20MATCH%20REPORT.pdf,5,Rodrigo DE PAUL,24.0,21.0,88.0,0.0,0.0,0.0,6.0,5.0,83.0,0.0,0.0,0.0,2.0,0.0,44,4.0,1.0,0.0,0.0,4.0,15.0,0.0,0.0,0.0,0.0,3.0,30.0,10.0,1.0,0.0,48,7154.4,2493.5,2896.4,1100.0,554.2,110.3,92.0,36.0,29.9,51
atleticodemadrid:7,atleticodemadrid,Atlético De Madrid,3,2025-06-15,https://www.fifatrainingcentre.com/media/native/tournaments/fcwc/2025/M03%20PSG%20V%20ATM%20POST%20MATCH%20REPORT.pdf,7,Antoine GRIEZMANN,23.0,21.0,91.0,1.0,1.0,1.0,10.0,9.0,90.0,0.0,0.0,0.0,1.0,0.0,44,4.0,0.0,1.0,0.0,1.0,34.0,0.0,0.0,0.0,0.0,6.0,20.0,14.0,0.0,2.0,48,10803.1,4355.8,3688.3,1746.8,812.9,199.1,149.0,55.0,29.3,51
atleticodemadrid:8,atleticodemadrid,Atlético De Madrid,3,2025-06-15,https://www.fifatrainingcentre.com/media/native/tournaments/fcwc/2025/M03%20PSG%20V%20ATM%20POST%20MATCH%20REPORT.pdf,8,Pablo BARRIOS,21.0,19.0,90.0,0.0,0.0,0.0,9.0,7.0,78.0,1.0,0.0,1.0,0.0,0.0,44,2.0,0.0,1.0,0.0,3.0,22.0,0.0,0.0,2.0,0.0,2.0,39.0,16.0,1.0,0.0,48,8710.9,2739.6,3759.5,1460.1,567.2,184.6,125.0,41.0,33.3,51
atleticodemadrid:12,atleticodemadrid,Atlético De Madrid,3,2025-06-15,https://www.fifatrainingcentre.com/media/native/tournaments/fcwc/2025/M03%20PSG%20V%20ATM%20POST%20MATCH%20REPORT.pdf,12,SAMUEL LINO,15.0,11.0,73.0,0.0,0.0,0.0,2.0,1.0,50.0,3.0,3.0,0.0,0.0,0.0,44,2.0,0.0,4.0,0.0,5.0,26.0,0.0,0.0,0.0,0.0,2.0,30.0,18.0,0.0,4.0,48,5486.2,1905.1,2060.2,879.6,423.8,217.6,67.0,37.0,30.8,51
atleticodemadrid:14,atleticodemadrid,Atlético De Madrid,3,2025-06-15,https://www.fifatrainingcentre.com/media/native/tournaments/fcwc/2025/M03%20PSG%20V%20ATM%20POST%20MATCH%20REPORT.pdf,14,Marcos LLORENTE,25.0,21.0,84.0,0.0,4.0,2.0,13.0,11.0,85.0,2.0,0.0,2.0,0.0,0.0,44,8.0,3.0,0.0,1.0,16.0,34.0,0.0,0.0,0.0,4.0,1.0,35.0,19.0,4.0,6.0,48,10017.6,4126.3,3715.8,1276.5,563.2,335.8,116.0,47.0,34.0,51
atleticodemadrid:15,atleticodemadrid,Atlético De Madrid,3,2025-06-15,https://www.fifatrainingcentre.com/media/native/tournaments/fcwc/2025/M03%20PSG%20V%20ATM%20POST%20MATCH%20REPORT.pdf,15,Clement LENGLET,32.0,28.0,88.0,2.0,0.0,0.0,10.0,8.0,80.0,3.0,0.0,3.0,0.0,0.0,44,3.0,1.0,2.0,2.0,2.0,8.0,0.0,0.0,0.0,3.0,2.0,15.0,1.0,6.0,3.0,48,8328.0,3019.0,3633.5,1234.0,353.3,88.2,109.0,28.0,30.6,51
atleticodemadrid:19,atleticodemadrid,Atlético De Madrid,3,2025-06-15,https://www.fifatrainingcentre.com/media/native/tournaments/fcwc/2025/M03%20PSG%20V%20ATM%20POST%20MATCH%20REPORT.pdf,19,Julian ALVAREZ,21.0,17.0,81.0,0.0,0.0,0.0,6.0,4.0,67.0,1.0,0.0,1.0,1.0,0.0,44,9.0,2.0,1.0,0.0,9.0,42.0,1.0,0.0,2.0,0.0,2.0,38.0,23.0,2.0,0.0,48,9878.9,3963.5,3803.2,1185.8,678.6,247.9,119.0,56.0,32.6,51
atleticodemadrid:21,atleticodemadrid,Atlético De Madrid,3,2025-06-15,https://www.fifatrainingcentre.com/media/native/tournaments/fcwc/2025/M03%20PSG%20V%20ATM%20POST%20MATCH%20REPORT.pdf,21,Javi GALAN,20.0,17.0,85.0,0.0,1.0,0.0,5.0,5.0,100.0,1.0,1.0,0.0,0.0,0.0,44,7.0,2.0,0.0,0.0,5.0,18.0,0.0,0.0,1.0,0.0,1.0,34.0,13.0,4.0,0.0,48,6866.4,2620.1,2867.8,888.8,353.5,136.2,78.0,25.0,31.6,51
atleticodemadrid:22,atleticodemadrid,Atlético De Madrid,3,2025-06-15,https://www.fifatrainingcentre.com/media/native/tournaments/fcwc/2025/M03%20PSG%20V%20ATM%20POST%20MATCH%20REPORT.pdf,22,Giuliano SIMEONE,16.0,12.0,75.0,0.0,1.0,0.0,6.0,5.0,83.0,2.0,1.0,1.0,0.0,0.0,44,1.0,0.0,3.0,0.0,2.0,21.0,0.0,0.0,0.0,0.0,3.0,33.0,13.0,1.0,1.0,48,7697.6,2502.3,3188.3,1173.1,576.3,257.7,94.0,41.0,33.8,51
atleticodemadrid:24,atleticodemadrid,Atlético De Madrid,3,2025-06-15,https://www.fifatrainingcentre.com/media/native/tournaments/fcwc/2025/M03%20PSG%20V%20ATM%20POST%20MATCH%20REPORT.pdf,24,Robin LE NORMAND,22.0,18.0,82.0,0.0,0.0,0.0,6.0,3.0,50.0,0.0,0.0,0.0,0.0,0.0,44,1.0,1.0,1.0,0.0,5.0,4.0,1.0,0.0,1.0,2.0,0.0,25.0,7.0,3.0,1.0,48,9889.1,3899.1,4040.2,1391.4,432.9,125.5,117.0,30.0,33.1,51
atleticodemadrid:4,atleticodemadrid,Atlético De Madrid,3,2025-06-15,https://www.fifatrainingcentre.com/media/native/tournaments/fcwc/2025/M03%20PSG%20V%20ATM%20POST%20MATCH%20REPORT.pdf,4,Conor GALLAGHER,5.0,5.0,100.0,0.0,1.0,0.0,0.0,0.0,0.0,0.0,0.0,0.0,0.0,0.0,44,1.0,0.0,1.0,0.0,4.0,11.0,0.0,0.0,1.0,1.0,0.0,8.0,3.0,0.0,2.0,48,3967.7,1329.2,1496.0,598.1,343.3,201.1,48.0,26.0,30.7,51
atleticodemadrid:6,atleticodemadrid,Atlético De Madrid,3,2025-06-15,https://www.fifatrainingcentre.com/media/native/tournaments/fcwc/2025/M03%20PSG%20V%20ATM%20POST%20MATCH%20REPORT.pdf,6,KOKE,16.0,15.0,94.0,0.0,0.0,0.0,4.0,3.0,75.0,0.0,0.0,0.0,0.0,0.0,44,2.0,0.0,4.0,0.0,4.0,15.0,0.0,0.0,0.0,0.0,3.0,21.0,5.0,5.0,0.0,48,6153.8,1915.1,2506.2,1145.1,548.4,39.0,98.0,33.0,27.3,51
atleticodemadrid:9,atleticodemadrid,Atlético De Madrid,3,2025-06-15,https://www.fifatrainingcentre.com/media/native/tournaments/fcwc/2025/M03%20PSG%20V%20ATM%20POST%20MATCH%20REPORT.pdf,9,Alexander SORLOTH,4.0,3.0,75.0,0.0,0.0,0.0,0.0,0.0,0.0,0.0,0.0,0.0,1.0,0.0,44,0.0,0.0,0.0,0.0,1.0,15.0,2.0,0.0,2.0,0.0,0.0,12.0,11.0,0.0,0.0,48,2412.6,968.3,1008.8,219.4,141.6,74.5,21.0,12.0,30.4,51
atleticodemadrid:10,atleticodemadrid,Atlético De Madrid,3,2025-06-15,https://www.fifatrainingcentre.com/media/native/tournaments/fcwc/2025/M03%20PSG%20V%20ATM%20POST%20MATCH%20REPORT.pdf,10,Angel CORREA,5.0,4.0,80.0,0.0,0.0,0.0,4.0,2.0,50.0,2.0,2.0,0.0,0.0,0.0,44,1.0,1.0,0.0,0.0,2.0,17.0,0.0,0.0,0.0,0.0,1.0,11.0,7.0,1.0,0.0,48,3234.8,1306.0,1175.5,359.3,245.7,148.2,32.0,20.0,31.2,51
atleticodemadrid:23,atleticodemadrid,Atlético De Madrid,3,2025-06-15,https://www.fifatrainingcentre.com/media/native/tournaments/fcwc/2025/M03%20PSG%20V%20ATM%20POST%20MATCH%20REPORT.pdf,23,REINILDO MANDAVA,11.0,9.0,82.0,0.0,0.0,0.0,1.0,1.0,100.0,0.0,0.0,0.0,0.0,0.0,44,1.0,0.0,0.0,0.0,1.0,3.0,0.0,0.0,0.0,0.0,4.0,7.0,1.0,0.0,0.0,48,3265.2,1644.1,1105.2,283.5,172.8,59.5,27.0,13.0,29.3,51
palmeiras:21,palmeiras,Palmeiras,4,2025-06-15,https://www.fifatrainingcentre.com/media/native/tournaments/fcwc/2025/M04%20PAL%20V%20POR%20POST%20MATCH%20REPORT.pdf,21,WEVERTON,26.0,19.0,73.0,0.0,0.0,0.0,8.0,2.0,25.0,0.0,0.0,0.0,0.0,0.0,42,0.0,0.0,0.0,0.0,0.0,0.0,0.0,0.0,0.0,0.0,3.0,0.0,0.0,4.0,0.0,47,5416.2,4205.4,1106.3,75.2,29.3,0.0,7.0,3.0,23.9,50
palmeiras:4,palmeiras,Palmeiras,4,2025-06-15,https://www.fifatrainingcentre.com/media/native/tournaments/fcwc/2025/M04%20PAL%20V%20POR%20POST%20MATCH%20REPORT.pdf,4,Agustin GIAY,58.0,48.0,83.0,0.0,0.0,0.0,20.0,16.0,80.0,2.0,0.0,2.0,0.0,0.0,42,2.0,0.0,2.0,1.0,6.0,5.0,0.0,0.0,0.0,1.0,10.0,16.0,0.0,2.0,3.0,47,9809.1,3477.3,4272.5,1361.6,507.0,190.8,108.0,41.0,30.9,50
palmeiras:5,palmeiras,Palmeiras,4,2025-06-15,https://www.fifatrainingcentre.com/media/native/tournaments/fcwc/2025/M04%20PAL%20V%20POR%20POST%20MATCH%20REPORT.pdf,5,Anibal MORENO,41.0,37.0,90.0,2.0,1.0,0.0,7.0,6.0,86.0,1.0,0.0,1.0,1.0,0.0,42,3.0,1.0,5.0,1.0,6.0,19.0,0.0,0.0,1.0,4.0,12.0,26.0,10.0,7.0,4.0,47,10456.4,3769.3,4546.8,1545.3,410.1,184.9,137.0,39.0,31.5,50
palmeiras:7,palmeiras,Palmeiras,4,2025-06-15,https://www.fifatrainingcentre.com/media/native/tournaments/fcwc/2025/M04%20PAL%20V%20POR%20POST%20MATCH%20REPORT.pdf,7,FELIPE ANDERSON,24.0,21.0,88.0,1.0,6.0,0.0,9.0,7.0,78.0,1.0,0.0,1.0,0.0,0.0,42,3.0,1.0,1.0,0.0,2.0,4.0,2.0,0.0,2.0,3.0,5.0,3.0,3.0,1.0,2.0,47,7153.2,2482.9,2868.3,1133.8,438.8,229.5,98.0,40.0,31.5,50
palmeiras:8,palmeiras,Palmeiras,4,2025-06-15,https://www.fifatrainingcentre.com/media/native/tournaments/fcwc/2025/M04%20PAL%20V%20POR%20POST%20MATCH%20REPORT.pdf,8,Richard RIOS,30.0,24.0,80.0,1.0,2.0,0.0,7.0,6.0,86.0,2.0,2.0,0.0,4.0,0.0,42,3.0,0.0,3.0,1.0,10.0,13.0,0.0,0.0,0.0,2.0,6.0,32.0,8.0,2.0,2.0,47,9497.5,3444.5,3065.1,1785.8,882.2,319.9,143.0,67.0,30.8,50
palmeiras:9,palmeiras,Palmeiras,4,2025-06-15,https://www.fifatrainingcentre.com/media/native/tournaments/fcwc/2025/M04%20PAL%20V%20POR%20POST%20MATCH%20REPORT.pdf,9,VITOR ROQUE,10.0,6.0,60.0,0.0,1.0,1.0,1.0,0.0,0.0,1.0,1.0,0.0,0.0,0.0,42,1.0,0.0,0.0,0.0,3.0,27.0,0.0,0.0,0.0,0.0,4.0,21.0,14.0,0.0,0.0,47,8086.5,3268.2,3019.7,966.3,524.3,308.0,81.0,50.0,33.7,50
palmeiras:15,palmeiras,Palmeiras,4,2025-06-15,https://www.fifatrainingcentre.com/media/native/tournaments/fcwc/2025/M04%20PAL%20V%20POR%20POST%20MATCH%20REPORT.pdf,15,Gustavo GOMEZ,39.0,34.0,87.0,0.0,2.0,0.0,6.0,3.0,50.0,0.0,0.0,0.0,0.0,0.0,42,3.0,0.0,4.0,0.0,5.0,3.0,2.0,1.0,3.0,11.0,5.0,10.0,2.0,7.0,9.0,47,8972.7,4154.6,3300.9,1029.9,398.5,88.7,94.0,31.0,29.4,50
palmeiras:18,palmeiras,Palmeiras,4,2025-06-15,https://www.fifatrainingcentre.com/media/native/tournaments/fcwc/2025/M04%20PAL%20V%20POR%20POST%20MATCH%20REPORT.pdf,18,MAURICIO,28.0,20.0,71.0,1.0,0.0,0.0,7.0,6.0,86.0,1.0,1.0,0.0,2.0,0.0,42,0.0,0.0,3.0,0.0,1.0,16.0,0.0,0.0,0.0,0.0,7.0,10.0,6.0,2.0,0.0,47,7512.0,2591.4,2892.1,1335.0,532.3,161.1,128.0,44.0,30.6,50
palmeiras:22,palmeiras,Palmeiras,4,2025-06-15,https://www.fifatrainingcentre.com/media/native/tournaments/fcwc/2025/M04%20PAL%20V%20POR%20POST%20MATCH%20REPORT.pdf,22,Joaquin PIQUEREZ,46.0,42.0,91.0,0.0,8.0,4.0,12.0,10.0,83.0,1.0,1.0,0.0,1.0,0.0,42,2.0,0.0,2.0,0.0,4.0,23.0,2.0,0.0,3.0,1.0,6.0,12.0,10.0,3.0,2.0,47,10014.0,4086.8,3282.9,1499.1,806.2,339.1,129.0,61.0,32.4,50
palmeiras:26,palmeiras,Palmeiras,4,2025-06-15,https://www.fifatrainingcentre.com/media/native/tournaments/fcwc/2025/M04%20PAL%20V%20POR%20POST%20MATCH%20REPORT.pdf,26,MURILO,47.0,42.0,89.0,0.0,1.0,0.0,21.0,18.0,86.0,4.0,0.0,4.0,1.0,0.0,42,1.0,0.0,1.0,1.0,2.0,4.0,4.0,1.0,5.0,1.0,5.0,9.0,2.0,5.0,2.0,47,8506.5,3487.0,3389.7,1075.5,437.3,117.0,99.0,36.0,30.0,50
palmeiras:41,palmeiras,Palmeiras,4,2025-06-15,https://www.fifatrainingcentre.com/media/native/tournaments/fcwc/2025/M04%20PAL%20V%20POR%20POST%20MATCH%20REPORT.pdf,41,ESTEVAO,17.0,13.0,76.0,0.0,2.0,0.0,7.0,5.0,71.0,2.0,2.0,0.0,3.0,0.0,42,1.0,0.0,2.0,0.0,3.0,21.0,0.0,0.0,0.0,0.0,3.0,14.0,13.0,0.0,1.0,47,6938.5,2599.7,2654.0,1075.0,440.3,169.5,92.0,36.0,30.9,50
palmeiras:10,palmeiras,Palmeiras,4,2025-06-15,https://www.fifatrainingcentre.com/media/native/tournaments/fcwc/2025/M04%20PAL%20V%20POR%20POST%20MATCH%20REPORT.pdf,10,PAULINHO,14.0,12.0,86.0,0.0,0.0,0.0,6.0,6.0,100.0,1.0,1.0,0.0,1.0,0.0,42,0.0,0.0,1.0,0.0,1.0,2.0,0.0,0.0,0.0,0.0,0.0,2.0,2.0,0.0,0.0,47,3180.4,1172.1,1061.6,496.5,320.1,130.1,38.0,26.0,30.2,50
palmeiras:23,palmeiras,Palmeiras,4,2025-06-15,https://www.fifatrainingcentre.com/media/native/tournaments/fcwc/2025/M04%20PAL%20V%20POR%20POST%20MATCH%20REPORT.pdf,23,RAPHAEL VEIGA,18.0,14.0,78.0,0.0,6.0,3.0,7.0,3.0,43.0,0.0,0.0,0.0,1.0,0.0,42,0.0,0.0,0.0,0.0,0.0,3.0,0.0,0.0,0.0,0.0,3.0,2.0,0.0,0.0,0.0,47,3438.7,1159.5,1265.8,680.1,282.0,51.3,63.0,24.0,31.4,50
palmeiras:30,palmeiras,Palmeiras,4,2025-06-15,https://www.fifatrainingcentre.com/media/native/tournaments/fcwc/2025/M04%20PAL%20V%20POR%20POST%20MATCH%20REPORT.pdf,30,LUCAS EVANGELISTA,3.0,3.0,100.0,0.0,0.0,0.0,0.0,0.0,0.0,0.0,0.0,0.0,1.0,0.0,42,0.0,0.0,0.0,0.0,1.0,2.0,2.0,0.0,2.0,1.0,0.0,0.0,0.0,1.0,0.0,47,1001.1,265.9,466.2,169.3,86.1,13.5,16.0,9.0,26.9,50
palmeiras:40,palmeiras,Palmeiras,4,2025-06-15,https://www.fifatrainingcentre.com/media/native/tournaments/fcwc/2025/M04%20PAL%20V%20POR%20POST%20MATCH%20REPORT.pdf,40,ALLAN,6.0,4.0,67.0,0.0,1.0,0.0,4.0,2.0,50.0,1.0,0.0,1.0,0.0,0.0,42,1.0,1.0,0.0,0.0,1.0,4.0,1.0,0.0,1.0,1.0,0.0,0.0,0.0,1.0,1.0,47,3174.0,1221.4,1013.3,584.7,263.4,91.2,51.0,23.0,31.6,50
palmeiras:42,palmeiras,Palmeiras,4,2025-06-15,https://www.fifatrainingcentre.com/media/native/tournaments/fcwc/2025/M04%20PAL%20V%20POR%20POST%20MATCH%20REPORT.pdf,42,Jose Manuel LOPEZ,2.0,1.0,50.0,0.0,0.0,0.0,0.0,0.0,0.0,1.0,1.0,0.0,2.0,0.0,42,1.0,1.0,0.0,0.0,0.0,0.0,3.0,0.0,3.0,0.0,0.0,0.0,0.0,1.0,0.0,47,1733.1,633.7,702.2,249.6,114.1,33.5,23.0,10.0,29.4,50
fcporto:14,fcporto,FC Porto,4,2025-06-15,https://www.fifatrainingcentre.com/media/native/tournaments/fcwc/2025/M04%20PAL%20V%20POR%20POST%20MATCH%20REPORT.pdf,14,CLAUDIO RAMOS,41.0,25.0,61.0,0.0,0.0,0.0,15.0,3.0,20.0,0.0,0.0,0.0,0.0,0.0,44,0.0,0.0,0.0,0.0,0.0,0.0,0.0,0.0,0.0,0.0,5.0,0.0,0.0,6.0,0.0,48,4647.8,3655.6,843.8,95.7,49.0,3.7,7.0,4.0,25.5,51
fcporto:5,fcporto,FC Porto,4,2025-06-15,https://www.fifatrainingcentre.com/media/native/tournaments/fcwc/2025/M04%20PAL%20V%20POR%20POST%20MATCH%20REPORT.pdf,5,Ivan MARCANO,41.0,37.0,90.0,1.0,0.0,0.0,12.0,9.0,75.0,1.0,1.0,0.0,2.0,0.0,44,1.0,1.0,5.0,1.0,2.0,3.0,5.0,0.0,5.0,7.0,7.0,8.0,1.0,7.0,6.0,48,9824.0,3792.3,4002.0,1464.1,415.5,150.2,138.0,36.0,31.8,51
fcporto:9,fcporto,FC Porto,4,2025-06-15,https://www.fifatrainingcentre.com/media/native/tournaments/fcwc/2025/M04%20PAL%20V%20POR%20POST%20MATCH%20REPORT.pdf,9,Samu AGHEHOWA,12.0,9.0,75.0,0.0,0.0,0.0,4.0,3.0,75.0,4.0,4.0,0.0,1.0,0.0,44,0.0,0.0,3.0,0.0,2.0,14.0,0.0,1.0,1.0,0.0,2.0,20.0,8.0,1.0,2.0,48,9720.8,4445.3,3755.7,773.7,437.6,308.5,69.0,45.0,33.8,51
fcporto:10,fcporto,FC Porto,4,2025-06-15,https://www.fifatrainingcentre.com/media/native/tournaments/fcwc/2025/M04%20PAL%20V%20POR%20POST%20MATCH%20REPORT.pdf,10,FABIO VIEIRA,21.0,18.0,86.0,2.0,5.0,3.0,4.0,4.0,100.0,0.0,0.0,0.0,2.0,0.0,44,2.0,0.0,3.0,0.0,4.0,16.0,1.0,0.0,1.0,2.0,2.0,6.0,5.0,4.0,1.0,48,8630.4,3557.6,3293.3,1147.0,543.0,89.5,102.0,41.0,31.2,51
fcporto:17,fcporto,FC Porto,4,2025-06-15,https://www.fifatrainingcentre.com/media/native/tournaments/fcwc/2025/M04%20PAL%20V%20POR%20POST%20MATCH%20REPORT.pdf,17,Gabri VEIGA,20.0,14.0,70.0,0.0,2.0,0.0,7.0,5.0,71.0,2.0,2.0,0.0,1.0,0.0,44,5.0,1.0,6.0,1.0,10.0,20.0,0.0,0.0,1.0,1.0,5.0,18.0,10.0,5.0,5.0,48,7178.7,2787.4,2814.4,997.2,471.1,108.6,78.0,38.0,32.7,51
fcporto:22,fcporto,FC Porto,4,2025-06-15,https://www.fifatrainingcentre.com/media/native/tournaments/fcwc/2025/M04%20PAL%20V%20POR%20POST%20MATCH%20REPORT.pdf,22,Alan VARELA,34.0,28.0,82.0,0.0,2.0,2.0,10.0,9.0,90.0,0.0,0.0,0.0,1.0,0.0,44,3.0,1.0,3.0,3.0,3.0,8.0,1.0,0.0,1.0,1.0,6.0,7.0,4.0,6.0,2.0,48,9405.6,2962.5,4005.6,1726.0,569.0,142.5,157.0,42.0,29.7,51
fcporto:23,fcporto,FC Porto,4,2025-06-15,https://www.fifatrainingcentre.com/media/native/tournaments/fcwc/2025/M04%20PAL%20V%20POR%20POST%20MATCH%20REPORT.pdf,23,JOAO MARIO,23.0,21.0,91.0,0.0,2.0,0.0,6.0,5.0,83.0,2.0,1.0,1.0,0.0,0.0,44,1.0,0.0,1.0,1.0,2.0,22.0,0.0,0.0,1.0,0.0,2.0,18.0,16.0,2.0,1.0,48,8400.1,3095.9,3252.4,1180.9,722.0,148.8,114.0,60.0,33.4,51
fcporto:52,fcporto,FC Porto,4,2025-06-15,https://www.fifatrainingcentre.com/media/native/tournaments/fcwc/2025/M04%20PAL%20V%20POR%20POST%20MATCH%20REPORT.pdf,52,MARTIM FERNANDES,39.0,34.0,87.0,0.0,1.0,0.0,13.0,12.0,92.0,0.0,0.0,0.0,1.0,0.0,44,3.0,1.0,6.0,0.0,4.0,5.0,1.0,0.0,1.0,6.0,4.0,8.0,4.0,4.0,8.0,48,9809.9,3523.4,4152.7,1319.1,542.5,272.2,117.0,49.0,32.7,51
fcporto:74,fcporto,FC Porto,4,2025-06-15,https://www.fifatrainingcentre.com/media/native/tournaments/fcwc/2025/M04%20PAL%20V%20POR%20POST%20MATCH%20REPORT.pdf,74,FRANCISCO MOURA,26.0,17.0,65.0,0.0,2.0,1.0,13.0,10.0,77.0,1.0,0.0,1.0,0.0,0.0,44,2.0,1.0,3.0,0.0,4.0,21.0,2.0,0.0,2.0,9.0,4.0,36.0,13.0,5.0,6.0,48,10466.9,3566.9,3956.2,1460.8,1018.7,464.2,141.0,73.0,33.6,51
fcporto:86,fcporto,FC Porto,4,2025-06-15,https://www.fifatrainingcentre.com/media/native/tournaments/fcwc/2025/M04%20PAL%20V%20POR%20POST%20MATCH%20REPORT.pdf,86,RODRIGO MORA,13.0,6.0,46.0,1.0,0.0,0.0,9.0,5.0,56.0,8.0,4.0,4.0,2.0,0.0,44,1.0,1.0,1.0,0.0,1.0,19.0,0.0,0.0,0.0,0.0,4.0,5.0,4.0,1.0,1.0,48,8422.4,2954.9,3705.7,1079.6,535.8,146.3,92.0,44.0,30.3,51
fcporto:97,fcporto,FC Porto,4,2025-06-15,https://www.fifatrainingcentre.com/media/native/tournaments/fcwc/2025/M04%20PAL%20V%20POR%20POST%20MATCH%20REPORT.pdf,97,ZE PEDRO,45.0,42.0,93.0,0.0,0.0,0.0,8.0,6.0,75.0,0.0,0.0,0.0,1.0,0.0,44,2.0,0.0,1.0,4.0,4.0,4.0,0.0,0.0,0.0,6.0,2.0,11.0,0.0,6.0,5.0,48,9028.3,3327.6,3933.7,1151.1,423.3,192.6,100.0,42.0,33.4,51
fcporto:6,fcporto,FC Porto,4,2025-06-15,https://www.fifatrainingcentre.com/media/native/tournaments/fcwc/2025/M04%20PAL%20V%20POR%20POST%20MATCH%20REPORT.pdf,6,Stephen EUSTAQUIO,7.0,7.0,100.0,0.0,0.0,0.0,2.0,2.0,100.0,0.0,0.0,0.0,0.0,0.0,44,0.0,0.0,2.0,0.0,0.0,7.0,0.0,0.0,2.0,2.0,1.0,2.0,0.0,0.0,4.0,48,2017.0,663.7,838.6,341.2,129.0,44.4,34.0,9.0,27.7,51
fcporto:11,fcporto,FC Porto,4,2025-06-15,https://www.fifatrainingcentre.com/media/native/tournaments/fcwc/2025/M04%20PAL%20V%20POR%20POST%20MATCH%20REPORT.pdf,11,PEPE,9.0,8.0,89.0,0.0,1.0,0.0,6.0,5.0,83.0,1.0,0.0,1.0,0.0,0.0,44,2.0,0.0,0.0,0.0,3.0,11.0,0.0,0.0,1.0,0.0,0.0,14.0,9.0,0.0,0.0,48,3131.5,998.3,1266.3,549.8,246.7,70.4,49.0,22.0,30.0,51
fcporto:20,fcporto,FC Porto,4,2025-06-15,https://www.fifatrainingcentre.com/media/native/tournaments/fcwc/2025/M04%20PAL%20V%20POR%20POST%20MATCH%20REPORT.pdf,20,ANDRE FRANCO,3.0,3.0,100.0,0.0,0.0,0.0,0.0,0.0,0.0,1.0,0.0,1.0,1.0,0.0,44,0.0,0.0,0.0,0.0,1.0,5.0,0.0,0.0,1.0,0.0,1.0,0.0,0.0,0.0,0.0,48,1797.7,440.8,796.2,319.3,209.2,32.3,25.0,15.0,29.4,51
fcporto:24,fcporto,FC Porto,4,2025-06-15,https://www.fifatrainingcentre.com/media/native/tournaments/fcwc/2025/M04%20PAL%20V%20POR%20POST%20MATCH%20REPORT.pdf,24,Nehuen PEREZ,1.0,1.0,100.0,0.0,0.0,0.0,1.0,1.0,100.0,0.0,0.0,0.0,0.0,0.0,44,1.0,0.0,2.0,0.0,0.0,2.0,0.0,0.0,0.0,4.0,0.0,1.0,0.0,1.0,4.0,48,1823.0,762.9,636.8,260.1,97.3,66.0,24.0,11.0,30.1,51
fcporto:25,fcporto,FC Porto,4,2025-06-15,https://www.fifatrainingcentre.com/media/native/tournaments/fcwc/2025/M04%20PAL%20V%20POR%20POST%20MATCH%20REPORT.pdf,25,Tomas PEREZ,2.0,2.0,100.0,0.0,0.0,0.0,0.0,0.0,0.0,0.0,0.0,0.0,0.0,0.0,44,0.0,0.0,0.0,0.0,0.0,1.0,0.0,0.0,0.0,0.0,1.0,0.0,0.0,0.0,0.0,48,1720.8,407.3,912.7,304.0,51.8,44.9,27.0,5.0,29.2,51
botafogo:12,botafogo,Botafogo,5,2025-06-15,https://www.fifatrainingcentre.com/media/native/tournaments/fcwc/2025/M05%20BOT%20V%20SEA%20POST%20MATCH%20REPORT.pdf,12,JOHN,29.0,18.0,62.0,0.0,0.0,0.0,16.0,7.0,44.0,0.0,0.0,0.0,0.0,0.0,43,0.0,0.0,0.0,0.0,0.0,0.0,0.0,0.0,0.0,1.0,3.0,0.0,0.0,8.0,1.0,48,5186.8,4123.3,930.4,113.4,19.8,0.0,13.0,2.0,23.2,51
botafogo:2,botafogo,Botafogo,5,2025-06-15,https://www.fifatrainingcentre.com/media/native/tournaments/fcwc/2025/M05%20BOT%20V%20SEA%20POST%20MATCH%20REPORT.pdf,2,VITINHO,28.0,22.0,79.0,0.0,4.0,1.0,8.0,3.0,38.0,0.0,0.0,0.0,0.0,0.0,43,9.0,3.0,2.0,1.0,13.0,13.0,2.0,0.0,3.0,2.0,5.0,27.0,17.0,4.0,5.0,48,11025.0,3584.5,4764.3,1689.6,701.3,285.1,137.0,51.0,33.7,51
botafogo:7,botafogo,Botafogo,5,2025-06-15,https://www.fifatrainingcentre.com/media/native/tournaments/fcwc/2025/M05%20BOT%20V%20SEA%20POST%20MATCH%20REPORT.pdf,7,ARTUR,22.0,20.0,91.0,0.0,0.0,0.0,5.0,4.0,80.0,3.0,3.0,0.0,2.0,0.0,43,5.0,1.0,3.0,2.0,8.0,31.0,2.0,0.0,2.0,1.0,5.0,28.0,22.0,6.0,4.0,48,10844.9,3907.3,4295.7,1620.0,747.9,274.1,143.0,61.0,33.3,51
botafogo:10,botafogo,Botafogo,5,2025-06-15,https://www.fifatrainingcentre.com/media/native/tournaments/fcwc/2025/M05%20BOT%20V%20SEA%20POST%20MATCH%20REPORT.pdf,10,Jefferson SAVARINO,33.0,29.0,88.0,0.0,2.0,1.0,10.0,9.0,90.0,0.0,0.0,0.0,1.0,0.0,43,0.0,0.0,0.0,1.0,3.0,17.0,0.0,0.0,0.0,0.0,3.0,15.0,10.0,1.0,0.0,48,8406.1,3273.7,3166.6,1309.3,500.4,156.1,108.0,37.0,30.8,51
botafogo:13,botafogo,Botafogo,5,2025-06-15,https://www.fifatrainingcentre.com/media/native/tournaments/fcwc/2025/M05%20BOT%20V%20SEA%20POST%20MATCH%20REPORT.pdf,13,ALEX TELLES,29.0,27.0,93.0,0.0,3.0,2.0,3.0,3.0,100.0,1.0,0.0,1.0,2.0,0.0,43,2.0,2.0,4.0,1.0,2.0,28.0,0.0,0.0,0.0,2.0,3.0,25.0,18.0,3.0,3.0,48,7783.3,2899.2,3132.7,1219.2,414.4,117.7,107.0,34.0,30.1,51
botafogo:17,botafogo,Botafogo,5,2025-06-15,https://www.fifatrainingcentre.com/media/native/tournaments/fcwc/2025/M05%20BOT%20V%20SEA%20POST%20MATCH%20REPORT.pdf,17,MARLON FREITAS,53.0,43.0,81.0,1.0,0.0,0.0,14.0,7.0,50.0,0.0,0.0,0.0,0.0,0.0,43,6.0,2.0,6.0,0.0,6.0,30.0,1.0,0.0,1.0,3.0,3.0,26.0,5.0,5.0,9.0,48,10908.2,2985.1,5493.1,1959.6,386.7,83.8,166.0,27.0,26.7,51
botafogo:20,botafogo,Botafogo,5,2025-06-15,https://www.fifatrainingcentre.com/media/native/tournaments/fcwc/2025/M05%20BOT%20V%20SEA%20POST%20MATCH%20REPORT.pdf,20,Alexander BARBOZA,52.0,41.0,79.0,0.0,0.0,0.0,23.0,18.0,78.0,2.0,0.0,2.0,0.0,0.0,43,4.0,3.0,5.0,2.0,3.0,4.0,6.0,0.0,6.0,8.0,3.0,20.0,1.0,14.0,7.0,48,10171.3,3459.5,5198.3,1207.2,300.3,6.0,106.0,24.0,25.2,51
botafogo:26,botafogo,Botafogo,5,2025-06-15,https://www.fifatrainingcentre.com/media/native/tournaments/fcwc/2025/M05%20BOT%20V%20SEA%20POST%20MATCH%20REPORT.pdf,26,GREGORE,53.0,45.0,85.0,0.0,0.0,0.0,12.0,9.0,75.0,0.0,0.0,0.0,0.0,0.0,43,15.0,2.0,5.0,0.0,10.0,36.0,4.0,0.0,6.0,7.0,8.0,16.0,7.0,2.0,16.0,48,11171.5,3371.2,5103.7,2051.9,541.3,103.4,178.0,46.0,29.4,51
botafogo:32,botafogo,Botafogo,5,2025-06-15,https://www.fifatrainingcentre.com/media/native/tournaments/fcwc/2025/M05%20BOT%20V%20SEA%20POST%20MATCH%20REPORT.pdf,32,JAIR CUNHA,51.0,46.0,90.0,0.0,0.0,0.0,10.0,9.0,90.0,1.0,1.0,0.0,1.0,1.0,43,1.0,0.0,5.0,2.0,0.0,7.0,3.0,0.0,3.0,8.0,4.0,19.0,5.0,7.0,8.0,48,9789.8,3752.4,4602.1,1114.0,246.6,74.7,97.0,19.0,30.5,51
botafogo:39,botafogo,Botafogo,5,2025-06-15,https://www.fifatrainingcentre.com/media/native/tournaments/fcwc/2025/M05%20BOT%20V%20SEA%20POST%20MATCH%20REPORT.pdf,39,Gonzalo MASTRIANI,6.0,6.0,100.0,1.0,0.0,0.0,0.0,0.0,0.0,1.0,1.0,0.0,0.0,0.0,43,2.0,0.0,0.0,0.0,3.0,16.0,0.0,0.0,0.0,0.0,1.0,28.0,16.0,0.0,1.0,48,5307.1,1992.7,2218.0,822.5,221.9,52.0,79.0,18.0,28.6,51
botafogo:99,botafogo,Botafogo,5,2025-06-15,https://www.fifatrainingcentre.com/media/native/tournaments/fcwc/2025/M05%20BOT%20V%20SEA%20POST%20MATCH%20REPORT.pdf,99,IGOR JESUS,29.0,23.0,79.0,1.0,0.0,0.0,3.0,2.0,67.0,0.0,0.0,0.0,4.0,1.0,43,3.0,2.0,1.0,0.0,4.0,34.0,5.0,1.0,6.0,0.0,2.0,34.0,20.0,2.0,1.0,48,9936.5,3458.6,4288.3,1180.9,626.1,382.6,110.0,56.0,31.4,51
botafogo:5,botafogo,Botafogo,5,2025-06-15,https://www.fifatrainingcentre.com/media/native/tournaments/fcwc/2025/M05%20BOT%20V%20SEA%20POST%20MATCH%20REPORT.pdf,5,DANILO,1.0,0.0,0.0,0.0,0.0,0.0,0.0,0.0,0.0,0.0,0.0,0.0,0.0,0.0,43,1.0,0.0,0.0,0.0,1.0,1.0,0.0,0.0,0.0,0.0,1.0,4.0,1.0,0.0,0.0,48,1132.6,340.7,548.0,160.8,83.2,0.0,18.0,7.0,23.4,51
botafogo:23,botafogo,Botafogo,5,2025-06-15,https://www.fifatrainingcentre.com/media/native/tournaments/fcwc/2025/M05%20BOT%20V%20SEA%20POST%20MATCH%20REPORT.pdf,23,Santiago RODRIGUEZ,3.0,2.0,67.0,0.0,0.0,0.0,2.0,1.0,50.0,0.0,0.0,0.0,0.0,0.0,43,1.0,1.0,1.0,0.0,2.0,5.0,0.0,0.0,0.0,0.0,0.0,5.0,4.0,1.0,1.0,48,1211.3,269.0,541.4,240.3,133.3,27.4,19.0,10.0,26.0,51
botafogo:30,botafogo,Botafogo,5,2025-06-15,https://www.fifatrainingcentre.com/media/native/tournaments/fcwc/2025/M05%20BOT%20V%20SEA%20POST%20MATCH%20REPORT.pdf,30,Joaquin CORREA,20.0,17.0,85.0,0.0,0.0,0.0,2.0,1.0,50.0,1.0,1.0,0.0,1.0,0.0,43,0.0,0.0,2.0,2.0,2.0,17.0,0.0,1.0,1.0,1.0,4.0,16.0,8.0,3.0,2.0,48,5837.2,1999.3,2417.2,808.2,445.5,166.8,74.0,28.0,28.9,51
botafogo:66,botafogo,Botafogo,5,2025-06-15,https://www.fifatrainingcentre.com/media/native/tournaments/fcwc/2025/M05%20BOT%20V%20SEA%20POST%20MATCH%20REPORT.pdf,66,CUIABANO,5.0,4.0,80.0,0.0,0.0,0.0,2.0,1.0,50.0,1.0,1.0,0.0,0.0,0.0,43,3.0,0.0,0.0,0.0,2.0,9.0,0.0,0.0,0.0,1.0,0.0,4.0,2.0,1.0,1.0,48,3041.7,997.8,1269.2,509.0,221.4,44.4,41.0,16.0,29.3,51
botafogo:98,botafogo,Botafogo,5,2025-06-15,https://www.fifatrainingcentre.com/media/native/tournaments/fcwc/2025/M05%20BOT%20V%20SEA%20POST%20MATCH%20REPORT.pdf,98,ARTHUR CABRAL,2.0,2.0,100.0,0.0,0.0,0.0,1.0,0.0,0.0,1.0,1.0,0.0,0.0,0.0,43,0.0,0.0,2.0,0.0,3.0,9.0,1.0,0.0,1.0,2.0,0.0,3.0,2.0,1.0,3.0,48,3019.5,1047.8,1267.0,491.1,121.9,91.6,39.0,12.0,33.1,51
seattlesoundersfc:24,seattlesoundersfc,Seattle Sounders FC,5,2025-06-15,https://www.fifatrainingcentre.com/media/native/tournaments/fcwc/2025/M05%20BOT%20V%20SEA%20POST%20MATCH%20REPORT.pdf,24,Stefan FREI,31.0,28.0,90.0,0.0,0.0,0.0,12.0,9.0,75.0,0.0,0.0,0.0,0.0,0.0,45,0.0,0.0,0.0,0.0,0.0,0.0,0.0,0.0,0.0,0.0,5.0,0.0,0.0,6.0,0.0,49,5695.0,4635.5,997.8,45.9,15.9,0.0,4.0,2.0,22.6,52
seattlesoundersfc:5,seattlesoundersfc,Seattle Sounders FC,5,2025-06-15,https://www.fifatrainingcentre.com/media/native/tournaments/fcwc/2025/M05%20BOT%20V%20SEA%20POST%20MATCH%20REPORT.pdf,5,Nouhou TOLO,38.0,35.0,92.0,0.0,1.0,0.0,10.0,9.0,90.0,3.0,2.0,1.0,0.0,0.0,45,1.0,0.0,1.0,2.0,2.0,6.0,1.0,0.0,1.0,0.0,7.0,17.0,6.0,3.0,0.0,49,5079.7,1899.9,2042.7,704.1,313.6,119.4,65.0,29.0,29.6,52
seattlesoundersfc:7,seattlesoundersfc,Seattle Sounders FC,5,2025-06-15,https://www.fifatrainingcentre.com/media/native/tournaments/fcwc/2025/M05%20BOT%20V%20SEA%20POST%20MATCH%20REPORT.pdf,7,Cristian ROLDAN,72.0,66.0,92.0,3.0,2.0,1.0,27.0,25.0,93.0,3.0,1.0,2.0,4.0,1.0,45,3.0,2.0,4.0,0.0,6.0,21.0,4.0,0.0,6.0,1.0,16.0,11.0,3.0,4.0,4.0,49,11865.2,3244.9,5892.7,1897.2,561.3,269.1,149.0,43.0,32.0,52
seattlesoundersfc:9,seattlesoundersfc,Seattle Sounders FC,5,2025-06-15,https://www.fifatrainingcentre.com/media/native/tournaments/fcwc/2025/M05%20BOT%20V%20SEA%20POST%20MATCH%20REPORT.pdf,9,Jesus FERREIRA,36.0,32.0,89.0,1.0,1.0,0.0,7.0,5.0,71.0,1.0,1.0,0.0,2.0,0.0,45,3.0,0.0,2.0,1.0,3.0,18.0,0.0,0.0,0.0,0.0,5.0,19.0,7.0,2.0,2.0,49,8396.6,2651.6,3694.6,1341.0,544.8,164.6,119.0,39.0,30.5,52
seattlesoundersfc:11,seattlesoundersfc,Seattle Sounders FC,5,2025-06-15,https://www.fifatrainingcentre.com/media/native/tournaments/fcwc/2025/M05%20BOT%20V%20SEA%20POST%20MATCH%20REPORT.pdf,11,Albert RUSNAK,51.0,45.0,88.0,0.0,9.0,1.0,25.0,17.0,68.0,1.0,0.0,1.0,8.0,0.0,45,0.0,0.0,2.0,1.0,1.0,27.0,0.0,0.0,0.0,0.0,4.0,22.0,9.0,3.0,2.0,49,11119.3,3782.7,5305.7,1534.1,459.0,37.8,135.0,39.0,28.9,52
seattlesoundersfc:16,seattlesoundersfc,Seattle Sounders FC,5,2025-06-15,https://www.fifatrainingcentre.com/media/native/tournaments/fcwc/2025/M05%20BOT%20V%20SEA%20POST%20MATCH%20REPORT.pdf,16,Alex ROLDAN,68.0,59.0,87.0,0.0,6.0,0.0,20.0,18.0,90.0,2.0,0.0,2.0,2.0,0.0,45,2.0,2.0,2.0,1.0,5.0,12.0,0.0,0.0,0.0,1.0,4.0,14.0,6.0,4.0,0.0,49,12061.8,3385.5,5870.5,1693.9,760.8,351.2,149.0,59.0,32.7,52
seattlesoundersfc:18,seattlesoundersfc,Seattle Sounders FC,5,2025-06-15,https://www.fifatrainingcentre.com/media/native/tournaments/fcwc/2025/M05%20BOT%20V%20SEA%20POST%20MATCH%20REPORT.pdf,18,Obed VARGAS,77.0,72.0,94.0,2.0,0.0,0.0,21.0,18.0,86.0,7.0,5.0,2.0,2.0,0.0,45,2.0,0.0,3.0,5.0,3.0,20.0,0.0,0.0,0.0,2.0,11.0,13.0,4.0,6.0,3.0,49,12533.5,3010.3,5912.6,2832.2,657.0,121.5,220.0,47.0,30.5,52
seattlesoundersfc:19,seattlesoundersfc,Seattle Sounders FC,5,2025-06-15,https://www.fifatrainingcentre.com/media/native/tournaments/fcwc/2025/M05%20BOT%20V%20SEA%20POST%20MATCH%20REPORT.pdf,19,Danny MUSOVSKI,12.0,10.0,83.0,0.0,0.0,0.0,0.0,0.0,0.0,0.0,0.0,0.0,0.0,0.0,45,1.0,0.0,0.0,0.0,1.0,38.0,3.0,0.0,4.0,0.0,1.0,18.0,11.0,1.0,0.0,49,9896.1,2659.8,5141.4,1583.2,446.9,64.8,135.0,33.0,29.6,52
seattlesoundersfc:20,seattlesoundersfc,Seattle Sounders FC,5,2025-06-15,https://www.fifatrainingcentre.com/media/native/tournaments/fcwc/2025/M05%20BOT%20V%20SEA%20POST%20MATCH%20REPORT.pdf,20,KIM Keehee,31.0,29.0,94.0,0.0,0.0,0.0,10.0,8.0,80.0,0.0,0.0,0.0,0.0,0.0,45,1.0,0.0,1.0,1.0,1.0,0.0,1.0,0.0,1.0,0.0,4.0,4.0,0.0,1.0,1.0,49,4913.0,2069.8,2111.4,574.9,132.4,24.6,45.0,12.0,27.8,52
seattlesoundersfc:25,seattlesoundersfc,Seattle Sounders FC,5,2025-06-15,https://www.fifatrainingcentre.com/media/native/tournaments/fcwc/2025/M05%20BOT%20V%20SEA%20POST%20MATCH%20REPORT.pdf,25,Jackson RAGEN,87.0,78.0,90.0,1.0,0.0,0.0,36.0,29.0,81.0,1.0,1.0,0.0,1.0,0.0,45,3.0,2.0,0.0,4.0,3.0,1.0,1.0,0.0,1.0,4.0,9.0,2.0,1.0,9.0,2.0,49,10661.4,3603.1,5301.1,1256.9,389.5,110.9,115.0,27.0,29.7,52
seattlesoundersfc:77,seattlesoundersfc,Seattle Sounders FC,5,2025-06-15,https://www.fifatrainingcentre.com/media/native/tournaments/fcwc/2025/M05%20BOT%20V%20SEA%20POST%20MATCH%20REPORT.pdf,77,Ryan KENT,24.0,20.0,83.0,0.0,3.0,0.0,12.0,8.0,67.0,9.0,8.0,1.0,0.0,0.0,45,2.0,1.0,1.0,1.0,2.0,15.0,0.0,0.0,0.0,0.0,5.0,7.0,4.0,2.0,1.0,49,8319.0,2860.7,3284.3,1527.4,481.3,165.3,119.0,36.0,31.6,52
seattlesoundersfc:10,seattlesoundersfc,Seattle Sounders FC,5,2025-06-15,https://www.fifatrainingcentre.com/media/native/tournaments/fcwc/2025/M05%20BOT%20V%20SEA%20POST%20MATCH%20REPORT.pdf,10,Pedro DE LA VEGA,9.0,9.0,100.0,0.0,3.0,1.0,1.0,1.0,100.0,2.0,1.0,1.0,2.0,0.0,45,1.0,0.0,0.0,0.0,0.0,5.0,0.0,0.0,0.0,0.0,3.0,4.0,2.0,0.0,0.0,49,2841.0,839.3,1228.6,463.5,225.7,83.9,36.0,22.0,30.0,52
seattlesoundersfc:14,seattlesoundersfc,Seattle Sounders FC,5,2025-06-15,https://www.fifatrainingcentre.com/media/native/tournaments/fcwc/2025/M05%20BOT%20V%20SEA%20POST%20MATCH%20REPORT.pdf,14,Paul ROTHROCK,7.0,6.0,86.0,1.0,4.0,3.0,1.0,1.0,100.0,1.0,1.0,0.0,2.0,0.0,45,1.0,1.0,0.0,0.0,1.0,0.0,0.0,0.0,0.0,1.0,5.0,2.0,0.0,1.0,1.0,49,2877.6,914.8,1157.2,513.8,182.5,109.2,38.0,16.0,32.1,52
seattlesoundersfc:15,seattlesoundersfc,Seattle Sounders FC,5,2025-06-15,https://www.fifatrainingcentre.com/media/native/tournaments/fcwc/2025/M05%20BOT%20V%20SEA%20POST%20MATCH%20REPORT.pdf,15,Jon BELL,29.0,24.0,83.0,0.0,0.0,0.0,9.0,5.0,56.0,0.0,0.0,0.0,0.0,0.0,45,2.0,0.0,0.0,0.0,5.0,5.0,1.0,0.0,1.0,1.0,4.0,6.0,2.0,2.0,1.0,49,5579.3,2017.2,2240.2,890.3,238.4,193.2,66.0,18.0,33.1,52
seattlesoundersfc:21,seattlesoundersfc,Seattle Sounders FC,5,2025-06-15,https://www.fifatrainingcentre.com/media/native/tournaments/fcwc/2025/M05%20BOT%20V%20SEA%20POST%20MATCH%20REPORT.pdf,21,Reed BAKERWHITING,27.0,25.0,93.0,0.0,2.0,0.0,8.0,6.0,75.0,1.0,1.0,0.0,2.0,0.0,45,4.0,2.0,0.0,1.0,3.0,11.0,0.0,0.0,0.0,3.0,3.0,15.0,11.0,4.0,1.0,49,6341.3,1756.4,2709.3,1003.9,573.6,298.1,90.0,40.0,32.4,52
seattlesoundersfc:95,seattlesoundersfc,Seattle Sounders FC,5,2025-06-15,https://www.fifatrainingcentre.com/media/native/tournaments/fcwc/2025/M05%20BOT%20V%20SEA%20POST%20MATCH%20REPORT.pdf,95,Osaze DE ROSARIO,0.0,0.0,0.0,0.0,0.0,0.0,0.0,0.0,0.0,0.0,0.0,0.0,0.0,0.0,45,0.0,0.0,0.0,0.0,0.0,2.0,0.0,0.0,0.0,0.0,0.0,1.0,1.0,0.0,0.0,49,1288.9,402.8,597.8,161.4,117.5,9.3,15.0,10.0,26.6,52
chelseafc:1,chelseafc,Chelsea FC,6,2025-06-16,https://www.fifatrainingcentre.com/media/native/tournaments/fcwc/2025/M06%20CHE%20V%20LAF%20POST%20MATCH%20REPORT.pdf,1,Robert SANCHEZ,26.0,20.0,77.0,1.0,0.0,0.0,11.0,6.0,55.0,0.0,0.0,0.0,0.0,0.0,42,0.0,0.0,0.0,0.0,0.0,0.0,0.0,0.0,0.0,1.0,4.0,0.0,0.0,7.0,1.0,47,4158.9,3265.1,732.0,140.4,18.5,2.8,15.0,2.0,25.4,50
chelseafc:3,chelseafc,Chelsea FC,6,2025-06-16,https://www.fifatrainingcentre.com/media/native/tournaments/fcwc/2025/M06%20CHE%20V%20LAF%20POST%20MATCH%20REPORT.pdf,3,Marc CUCURELLA,61.0,59.0,97.0,0.0,2.0,0.0,15.0,14.0,93.0,2.0,1.0,1.0,0.0,0.0,42,1.0,0.0,3.0,0.0,2.0,15.0,0.0,0.0,0.0,1.0,8.0,24.0,6.0,3.0,2.0,47,10884.7,3780.6,4663.2,1399.2,650.2,391.3,116.0,56.0,32.1,50
chelseafc:4,chelseafc,Chelsea FC,6,2025-06-16,https://www.fifatrainingcentre.com/media/native/tournaments/fcwc/2025/M06%20CHE%20V%20LAF%20POST%20MATCH%20REPORT.pdf,4,Tosin ADARABIOYO,111.0,107.0,96.0,1.0,0.0,0.0,21.0,19.0,90.0,0.0,0.0,0.0,1.0,0.0,42,5.0,0.0,1.0,2.0,3.0,2.0,2.0,0.0,2.0,4.0,6.0,4.0,3.0,5.0,4.0,47,8803.8,4350.7,3328.8,764.4,314.1,45.8,68.0,18.0,29.9,50
chelseafc:6,chelseafc,Chelsea FC,6,2025-06-16,https://www.fifatrainingcentre.com/media/native/tournaments/fcwc/2025/M06%20CHE%20V%20LAF%20POST%20MATCH%20REPORT.pdf,6,Levi COLWILL,88.0,83.0,94.0,0.0,0.0,0.0,19.0,16.0,84.0,1.0,0.0,1.0,0.0,0.0,42,1.0,0.0,2.0,1.0,5.0,4.0,0.0,0.0,0.0,3.0,5.0,18.0,4.0,4.0,3.0,47,9381.6,3873.7,3899.2,1026.4,422.3,160.1,95.0,39.0,30.3,50
chelseafc:7,chelseafc,Chelsea FC,6,2025-06-16,https://www.fifatrainingcentre.com/media/native/tournaments/fcwc/2025/M06%20CHE%20V%20LAF%20POST%20MATCH%20REPORT.pdf,7,PEDRO NETO,54.0,51.0,94.0,0.0,8.0,3.0,8.0,6.0,75.0,5.0,4.0,1.0,2.0,1.0,42,0.0,0.0,1.0,0.0,4.0,17.0,0.0,0.0,0.0,2.0,10.0,8.0,7.0,0.0,2.0,47,10207.5,4141.2,3595.4,1325.4,779.8,365.7,98.0,65.0,33.2,50
chelseafc:10,chelseafc,Chelsea FC,6,2025-06-16,https://www.fifatrainingcentre.com/media/native/tournaments/fcwc/2025/M06%20CHE%20V%20LAF%20POST%20MATCH%20REPORT.pdf,10,Cole PALMER,54.0,47.0,87.0,2.0,2.0,0.0,16.0,13.0,81.0,4.0,2.0,2.0,6.0,0.0,42,2.0,1.0,0.0,0.0,2.0,26.0,0.0,0.0,0.0,0.0,3.0,26.0,17.0,1.0,1.0,47,9281.1,3814.4,3442.0,1279.0,473.6,272.1,110.0,40.0,31.6,50
chelseafc:11,chelseafc,Chelsea FC,6,2025-06-16,https://www.fifatrainingcentre.com/media/native/tournaments/fcwc/2025/M06%20CHE%20V%20LAF%20POST%20MATCH%20REPORT.pdf,11,Noni MADUEKE,26.0,25.0,96.0,2.0,3.0,1.0,5.0,3.0,60.0,5.0,5.0,0.0,2.0,0.0,42,3.0,2.0,0.0,0.0,2.0,8.0,1.0,0.0,1.0,0.0,5.0,7.0,5.0,2.0,0.0,47,6632.7,2919.1,2069.2,870.4,514.3,259.7,73.0,38.0,31.9,50
chelseafc:15,chelseafc,Chelsea FC,6,2025-06-16,https://www.fifatrainingcentre.com/media/native/tournaments/fcwc/2025/M06%20CHE%20V%20LAF%20POST%20MATCH%20REPORT.pdf,15,Nicolas JACKSON,14.0,13.0,93.0,0.0,0.0,0.0,4.0,4.0,100.0,2.0,2.0,0.0,2.0,0.0,42,1.0,0.0,1.0,0.0,4.0,18.0,1.0,0.0,1.0,0.0,2.0,21.0,12.0,1.0,0.0,47,7368.8,2747.7,3064.0,816.5,463.7,276.8,66.0,47.0,35.4,50
chelseafc:24,chelseafc,Chelsea FC,6,2025-06-16,https://www.fifatrainingcentre.com/media/native/tournaments/fcwc/2025/M06%20CHE%20V%20LAF%20POST%20MATCH%20REPORT.pdf,24,Reece JAMES,44.0,42.0,95.0,1.0,0.0,0.0,11.0,9.0,82.0,1.0,0.0,1.0,1.0,0.0,42,5.0,2.0,2.0,1.0,1.0,2.0,1.0,0.0,1.0,2.0,4.0,5.0,1.0,5.0,0.0,47,4541.6,2200.3,1638.1,362.8,242.4,98.1,35.0,21.0,34.8,50
chelseafc:25,chelseafc,Chelsea FC,6,2025-06-16,https://www.fifatrainingcentre.com/media/native/tournaments/fcwc/2025/M06%20CHE%20V%20LAF%20POST%20MATCH%20REPORT.pdf,25,Moises CAICEDO,88.0,79.0,90.0,1.0,0.0,0.0,17.0,15.0,88.0,1.0,0.0,1.0,0.0,0.0,42,12.0,5.0,1.0,3.0,9.0,16.0,1.0,0.0,1.0,2.0,6.0,25.0,9.0,9.0,3.0,47,9121.0,3333.8,3915.0,1308.7,428.8,134.7,110.0,33.0,30.8,50
chelseafc:45,chelseafc,Chelsea FC,6,2025-06-16,https://www.fifatrainingcentre.com/media/native/tournaments/fcwc/2025/M06%20CHE%20V%20LAF%20POST%20MATCH%20REPORT.pdf,45,Romeo LAVIA,59.0,58.0,98.0,0.0,0.0,0.0,16.0,16.0,100.0,0.0,0.0,0.0,0.0,0.0,42,3.0,1.0,0.0,0.0,1.0,11.0,0.0,0.0,0.0,1.0,1.0,11.0,6.0,1.0,1.0,47,5093.7,1745.1,2365.7,614.8,294.5,73.6,62.0,21.0,30.3,50
chelseafc:8,chelseafc,Chelsea FC,6,2025-06-16,https://www.fifatrainingcentre.com/media/native/tournaments/fcwc/2025/M06%20CHE%20V%20LAF%20POST%20MATCH%20REPORT.pdf,8,Enzo FERNANDEZ,38.0,32.0,84.0,3.0,1.0,1.0,11.0,8.0,73.0,0.0,0.0,0.0,3.0,1.0,42,1.0,1.0,1.0,0.0,2.0,9.0,0.0,0.0,0.0,1.0,4.0,16.0,7.0,2.0,1.0,47,5832.9,1797.8,2389.9,1019.5,461.8,164.0,89.0,38.0,30.0,50
chelseafc:9,chelseafc,Chelsea FC,6,2025-06-16,https://www.fifatrainingcentre.com/media/native/tournaments/fcwc/2025/M06%20CHE%20V%20LAF%20POST%20MATCH%20REPORT.pdf,9,Liam DELAP,8.0,7.0,88.0,0.0,1.0,1.0,1.0,1.0,100.0,0.0,0.0,0.0,0.0,0.0,42,0.0,0.0,1.0,0.0,2.0,8.0,0.0,0.0,0.0,0.0,3.0,6.0,5.0,0.0,1.0,47,3655.8,1128.9,1446.3,714.5,317.2,49.0,58.0,24.0,28.6,50
chelseafc:14,chelseafc,Chelsea FC,6,2025-06-16,https://www.fifatrainingcentre.com/media/native/tournaments/fcwc/2025/M06%20CHE%20V%20LAF%20POST%20MATCH%20REPORT.pdf,14,DARIO ESSUGO,8.0,7.0,88.0,0.0,0.0,0.0,1.0,1.0,100.0,0.0,0.0,0.0,0.0,0.0,42,1.0,0.0,0.0,0.0,3.0,3.0,0.0,0.0,0.0,0.0,2.0,3.0,2.0,0.0,1.0,47,1372.1,300.1,556.2,274.6,133.5,107.7,18.0,10.0,32.3,50
chelseafc:18,chelseafc,Chelsea FC,6,2025-06-16,https://www.fifatrainingcentre.com/media/native/tournaments/fcwc/2025/M06%20CHE%20V%20LAF%20POST%20MATCH%20REPORT.pdf,18,Christopher NKUNKU,7.0,7.0,100.0,0.0,0.0,0.0,0.0,0.0,0.0,0.0,0.0,0.0,0.0,0.0,42,1.0,0.0,0.0,0.0,0.0,3.0,0.0,0.0,0.0,0.0,0.0,0.0,0.0,0.0,0.0,47,1302.2,288.7,520.4,373.7,86.8,32.6,25.0,6.0,28.0,50
chelseafc:27,chelseafc,Chelsea FC,6,2025-06-16,https://www.fifatrainingcentre.com/media/native/tournaments/fcwc/2025/M06%20CHE%20V%20LAF%20POST%20MATCH%20REPORT.pdf,27,Malo GUSTO,46.0,43.0,93.0,0.0,1.0,1.0,11.0,10.0,91.0,1.0,0.0,1.0,0.0,0.0,42,3.0,1.0,1.0,1.0,6.0,3.0,1.0,0.0,1.0,1.0,2.0,10.0,4.0,4.0,0.0,47,5082.2,1963.8,1892.1,787.4,345.6,93.3,70.0,33.0,30.1,50
chelseafc:32,chelseafc,Chelsea FC,6,2025-06-16,https://www.fifatrainingcentre.com/media/native/tournaments/fcwc/2025/M06%20CHE%20V%20LAF%20POST%20MATCH%20REPORT.pdf,32,Tyrique GEORGE,5.0,3.0,60.0,0.0,0.0,0.0,0.0,0.0,0.0,1.0,1.0,0.0,0.0,0.0,42,1.0,0.0,1.0,0.0,0.0,4.0,0.0,0.0,0.0,0.0,1.0,5.0,3.0,0.0,1.0,47,3280.4,1156.2,1181.7,471.4,277.2,194.0,41.0,24.0,31.9,50
lafc:1,lafc,LAFC,6,2025-06-16,https://www.fifatrainingcentre.com/media/native/tournaments/fcwc/2025/M06%20CHE%20V%20LAF%20POST%20MATCH%20REPORT.pdf,1,Hugo LLORIS,29.0,19.0,66.0,1.0,0.0,0.0,15.0,7.0,47.0,0.0,0.0,0.0,0.0,0.0,44,0.0,0.0,0.0,0.0,0.0,0.0,0.0,0.0,0.0,0.0,3.0,0.0,0.0,7.0,0.0,48,5170.3,3912.4,1135.6,97.7,18.1,6.4,10.0,1.0,26.7,51
lafc:4,lafc,LAFC,6,2025-06-16,https://www.fifatrainingcentre.com/media/native/tournaments/fcwc/2025/M06%20CHE%20V%20LAF%20POST%20MATCH%20REPORT.pdf,4,Eddie SEGURA,49.0,45.0,92.0,0.0,0.0,0.0,11.0,10.0,91.0,0.0,0.0,0.0,1.0,0.0,44,5.0,3.0,7.0,0.0,7.0,18.0,0.0,0.0,0.0,2.0,7.0,13.0,5.0,7.0,3.0,48,10202.4,3798.5,4324.5,1548.1,430.1,101.2,135.0,32.0,29.3,51
lafc:6,lafc,LAFC,6,2025-06-16,https://www.fifatrainingcentre.com/media/native/tournaments/fcwc/2025/M06%20CHE%20V%20LAF%20POST%20MATCH%20REPORT.pdf,6,IGOR JESUS,50.0,44.0,88.0,0.0,0.0,0.0,18.0,14.0,78.0,2.0,0.0,2.0,0.0,0.0,44,2.0,1.0,4.0,1.0,5.0,28.0,0.0,0.0,0.0,0.0,8.0,42.0,15.0,3.0,3.0,48,9540.2,2655.1,4562.7,1815.2,413.8,93.4,155.0,36.0,30.0,51
lafc:8,lafc,LAFC,6,2025-06-16,https://www.fifatrainingcentre.com/media/native/tournaments/fcwc/2025/M06%20CHE%20V%20LAF%20POST%20MATCH%20REPORT.pdf,8,Marky DELGADO,41.0,31.0,76.0,1.0,0.0,0.0,15.0,11.0,73.0,1.0,1.0,0.0,0.0,0.0,44,1.0,0.0,4.0,0.0,4.0,53.0,0.0,0.0,0.0,0.0,6.0,44.0,29.0,2.0,3.0,48,10938.2,2879.6,5315.9,1811.1,802.9,128.7,161.0,58.0,28.2,51
lafc:11,lafc,LAFC,6,2025-06-16,https://www.fifatrainingcentre.com/media/native/tournaments/fcwc/2025/M06%20CHE%20V%20LAF%20POST%20MATCH%20REPORT.pdf,11,Timothy TILLMAN,40.0,35.0,88.0,0.0,2.0,0.0,15.0,14.0,93.0,6.0,4.0,2.0,0.0,0.0,44,4.0,2.0,3.0,1.0,5.0,26.0,0.0,0.0,0.0,0.0,7.0,37.0,13.0,4.0,3.0,48,10247.5,3402.0,4411.9,1640.6,584.5,208.6,141.0,51.0,31.2,51
lafc:14,lafc,LAFC,6,2025-06-16,https://www.fifatrainingcentre.com/media/native/tournaments/fcwc/2025/M06%20CHE%20V%20LAF%20POST%20MATCH%20REPORT.pdf,14,Sergi PALENCIA,38.0,36.0,95.0,0.0,1.0,1.0,11.0,10.0,91.0,2.0,1.0,1.0,0.0,0.0,44,8.0,3.0,4.0,0.0,8.0,20.0,0.0,0.0,0.0,5.0,6.0,10.0,8.0,6.0,5.0,48,10423.7,3514.0,4722.2,1330.6,523.2,333.6,105.0,43.0,31.4,51
lafc:17,lafc,LAFC,6,2025-06-16,https://www.fifatrainingcentre.com/media/native/tournaments/fcwc/2025/M06%20CHE%20V%20LAF%20POST%20MATCH%20REPORT.pdf,17,Jeremy EBOBISSE,7.0,5.0,71.0,0.0,0.0,0.0,1.0,1.0,100.0,0.0,0.0,0.0,0.0,0.0,44,2.0,0.0,0.0,0.0,3.0,35.0,0.0,0.0,1.0,0.0,0.0,33.0,27.0,0.0,0.0,48,5299.5,1895.1,2232.1,832.6,269.1,70.5,68.0,24.0,29.1,51
lafc:24,lafc,LAFC,6,2025-06-16,https://www.fifatrainingcentre.com/media/native/tournaments/fcwc/2025/M06%20CHE%20V%20LAF%20POST%20MATCH%20REPORT.pdf,24,Ryan HOLLINGSHEAD,38.0,35.0,92.0,1.0,0.0,0.0,11.0,9.0,82.0,2.0,1.0,1.0,1.0,0.0,44,5.0,1.0,3.0,0.0,1.0,17.0,0.0,0.0,0.0,3.0,7.0,24.0,13.0,3.0,3.0,48,10488.6,3523.7,4681.2,1278.5,689.4,315.8,103.0,49.0,31.4,51
lafc:27,lafc,LAFC,6,2025-06-16,https://www.fifatrainingcentre.com/media/native/tournaments/fcwc/2025/M06%20CHE%20V%20LAF%20POST%20MATCH%20REPORT.pdf,27,Nathan ORDAZ,9.0,8.0,89.0,0.0,1.0,0.0,0.0,0.0,0.0,0.0,0.0,0.0,0.0,0.0,44,2.0,1.0,1.0,0.0,3.0,17.0,0.0,0.0,0.0,0.0,0.0,5.0,4.0,1.0,0.0,48,4735.1,1441.0,2147.0,686.1,283.5,177.5,60.0,29.0,32.1,51
lafc:33,lafc,LAFC,6,2025-06-16,https://www.fifatrainingcentre.com/media/native/tournaments/fcwc/2025/M06%20CHE%20V%20LAF%20POST%20MATCH%20REPORT.pdf,33,Aaron LONG,41.0,38.0,93.0,0.0,0.0,0.0,9.0,8.0,89.0,0.0,0.0,0.0,0.0,0.0,44,3.0,1.0,1.0,2.0,6.0,5.0,2.0,0.0,2.0,5.0,6.0,7.0,3.0,4.0,4.0,48,9349.0,3918.0,4070.3,949.7,307.3,103.7,82.0,23.0,34.5,51
lafc:99,lafc,LAFC,6,2025-06-16,https://www.fifatrainingcentre.com/media/native/tournaments/fcwc/2025/M06%20CHE%20V%20LAF%20POST%20MATCH%20REPORT.pdf,99,Denis BOUANGA,18.0,10.0,56.0,1.0,3.0,0.0,6.0,1.0,17.0,6.0,5.0,1.0,3.0,0.0,44,4.0,1.0,1.0,0.0,7.0,40.0,2.0,0.0,2.0,0.0,2.0,17.0,8.0,2.0,0.0,48,10502.6,4129.3,4426.5,1112.7,535.4,298.6,100.0,40.0,34.6,51
lafc:5,lafc,LAFC,6,2025-06-16,https://www.fifatrainingcentre.com/media/native/tournaments/fcwc/2025/M06%20CHE%20V%20LAF%20POST%20MATCH%20REPORT.pdf,5,MARLON,4.0,4.0,100.0,0.0,0.0,0.0,1.0,1.0,100.0,0.0,0.0,0.0,0.0,0.0,44,0.0,0.0,0.0,0.0,0.0,2.0,0.0,0.0,0.0,1.0,0.0,1.0,1.0,0.0,1.0,48,774.0,208.4,409.3,100.6,31.1,24.6,10.0,2.0,27.3,51
lafc:9,lafc,LAFC,6,2025-06-16,https://www.fifatrainingcentre.com/media/native/tournaments/fcwc/2025/M06%20CHE%20V%20LAF%20POST%20MATCH%20REPORT.pdf,9,Olivier GIROUD,6.0,5.0,83.0,0.0,0.0,0.0,0.0,0.0,0.0,0.0,0.0,0.0,0.0,0.0,44,0.0,0.0,0.0,0.0,1.0,40.0,1.0,0.0,1.0,0.0,1.0,27.0,19.0,0.0,0.0,48,5234.9,1929.4,2032.3,753.6,401.1,118.4,66.0,31.0,29.5,51
lafc:20,lafc,LAFC,6,2025-06-16,https://www.fifatrainingcentre.com/media/native/tournaments/fcwc/2025/M06%20CHE%20V%20LAF%20POST%20MATCH%20REPORT.pdf,20,Yaw YEBOAH,4.0,4.0,100.0,1.0,0.0,0.0,1.0,1.0,100.0,0.0,0.0,0.0,0.0,0.0,44,0.0,0.0,0.0,0.0,2.0,2.0,0.0,0.0,0.0,0.0,0.0,3.0,1.0,0.0,0.0,48,916.7,212.2,416.6,182.7,73.0,32.2,19.0,6.0,28.1,51
lafc:23,lafc,LAFC,6,2025-06-16,https://www.fifatrainingcentre.com/media/native/tournaments/fcwc/2025/M06%20CHE%20V%20LAF%20POST%20MATCH%20REPORT.pdf,23,Frankie AMAYA,7.0,6.0,86.0,0.0,0.0,0.0,1.0,1.0,100.0,0.0,0.0,0.0,0.0,0.0,44,0.0,0.0,1.0,0.0,3.0,7.0,0.0,0.0,0.0,0.0,1.0,6.0,2.0,0.0,0.0,48,1656.4,413.6,712.2,302.8,128.1,99.7,28.0,8.0,30.9,51
lafc:30,lafc,LAFC,6,2025-06-16,https://www.fifatrainingcentre.com/media/native/tournaments/fcwc/2025/M06%20CHE%20V%20LAF%20POST%20MATCH%20REPORT.pdf,30,David MARTINEZ,21.0,18.0,86.0,0.0,2.0,1.0,8.0,7.0,88.0,3.0,0.0,3.0,3.0,0.0,44,3.0,0.0,1.0,0.0,4.0,20.0,0.0,0.0,1.0,0.0,8.0,12.0,9.0,0.0,1.0,48,6626.5,2162.2,2920.4,964.1,401.7,178.0,76.0,34.0,31.3,51
cabocajuniors:25,cabocajuniors,CA Boca Juniors,7,2025-06-16,https://www.fifatrainingcentre.com/media/native/tournaments/fcwc/2025/M07%20BOC%20V%20SLB%20POST%20MATCH%20REPORT.pdf,25,Agustin MARCHESIN,29.0,13.0,45.0,1.0,0.0,0.0,21.0,7.0,33.0,0.0,0.0,0.0,0.0,0.0,42,0.0,0.0,0.0,0.0,0.0,0.0,0.0,0.0,0.0,0.0,1.0,0.0,0.0,4.0,0.0,47,4202.0,3548.4,582.7,51.8,19.1,0.0,5.0,1.0,24.7,50
cabocajuniors:4,cabocajuniors,CA Boca Juniors,7,2025-06-16,https://www.fifatrainingcentre.com/media/native/tournaments/fcwc/2025/M07%20BOC%20V%20SLB%20POST%20MATCH%20REPORT.pdf,4,Nicolas FIGAL,26.0,23.0,88.0,1.0,0.0,0.0,8.0,6.0,75.0,2.0,1.0,1.0,0.0,0.0,42,3.0,1.0,3.0,1.0,3.0,1.0,0.0,0.0,1.0,2.0,1.0,1.0,0.0,4.0,3.0,47,9028.9,4488.8,3375.7,854.3,247.8,62.4,77.0,18.0,30.1,50
cabocajuniors:5,cabocajuniors,CA Boca Juniors,7,2025-06-16,https://www.fifatrainingcentre.com/media/native/tournaments/fcwc/2025/M07%20BOC%20V%20SLB%20POST%20MATCH%20REPORT.pdf,5,Rodrigo BATTAGLIA,27.0,23.0,85.0,0.0,0.0,0.0,8.0,4.0,50.0,2.0,0.0,2.0,2.0,1.0,42,5.0,1.0,2.0,0.0,5.0,21.0,4.0,0.0,4.0,3.0,5.0,17.0,12.0,5.0,4.0,47,10124.9,4264.5,4386.0,1158.6,308.9,6.9,105.0,23.0,25.5,50
cabocajuniors:8,cabocajuniors,CA Boca Juniors,7,2025-06-16,https://www.fifatrainingcentre.com/media/native/tournaments/fcwc/2025/M07%20BOC%20V%20SLB%20POST%20MATCH%20REPORT.pdf,8,Carlos PALACIOS,18.0,16.0,89.0,1.0,0.0,0.0,5.0,4.0,80.0,1.0,0.0,1.0,1.0,0.0,42,4.0,1.0,0.0,1.0,4.0,15.0,1.0,0.0,2.0,1.0,2.0,13.0,7.0,3.0,2.0,47,8094.0,3270.4,3126.3,1124.6,396.3,176.5,111.0,29.0,29.9,50
cabocajuniors:16,cabocajuniors,CA Boca Juniors,7,2025-06-16,https://www.fifatrainingcentre.com/media/native/tournaments/fcwc/2025/M07%20BOC%20V%20SLB%20POST%20MATCH%20REPORT.pdf,16,Miguel MERENTIEL,12.0,8.0,67.0,0.0,1.0,0.0,2.0,1.0,50.0,3.0,1.0,2.0,1.0,1.0,42,2.0,1.0,0.0,0.0,4.0,7.0,0.0,0.0,0.0,0.0,2.0,7.0,2.0,1.0,1.0,47,7134.7,3163.0,2587.5,806.2,435.1,142.9,70.0,30.0,32.9,50
cabocajuniors:17,cabocajuniors,CA Boca Juniors,7,2025-06-16,https://www.fifatrainingcentre.com/media/native/tournaments/fcwc/2025/M07%20BOC%20V%20SLB%20POST%20MATCH%20REPORT.pdf,17,Luis ADVINCULA,39.0,26.0,67.0,2.0,1.0,1.0,14.0,8.0,57.0,2.0,1.0,1.0,1.0,0.0,42,2.0,2.0,2.0,1.0,9.0,11.0,1.0,0.0,1.0,4.0,5.0,14.0,9.0,4.0,5.0,47,8375.7,4413.7,2680.4,810.0,376.0,95.6,78.0,36.0,32.9,50
cabocajuniors:20,cabocajuniors,CA Boca Juniors,7,2025-06-16,https://www.fifatrainingcentre.com/media/native/tournaments/fcwc/2025/M07%20BOC%20V%20SLB%20POST%20MATCH%20REPORT.pdf,20,Alan VELASCO,16.0,7.0,44.0,2.0,1.0,0.0,2.0,0.0,0.0,3.0,3.0,0.0,2.0,0.0,42,4.0,1.0,1.0,0.0,10.0,10.0,1.0,0.0,1.0,0.0,8.0,9.0,3.0,1.0,0.0,47,7576.9,2882.2,3410.2,929.0,311.4,44.1,93.0,26.0,27.8,50
cabocajuniors:21,cabocajuniors,CA Boca Juniors,7,2025-06-16,https://www.fifatrainingcentre.com/media/native/tournaments/fcwc/2025/M07%20BOC%20V%20SLB%20POST%20MATCH%20REPORT.pdf,21,Ander HERRERA,7.0,6.0,86.0,0.0,0.0,0.0,1.0,1.0,100.0,0.0,0.0,0.0,0.0,0.0,42,2.0,0.0,1.0,0.0,1.0,2.0,0.0,0.0,0.0,2.0,1.0,5.0,3.0,1.0,3.0,47,2535.2,745.4,1289.0,419.4,81.4,0.0,38.0,8.0,24.4,50
cabocajuniors:22,cabocajuniors,CA Boca Juniors,7,2025-06-16,https://www.fifatrainingcentre.com/media/native/tournaments/fcwc/2025/M07%20BOC%20V%20SLB%20POST%20MATCH%20REPORT.pdf,22,Kevin ZENON,22.0,12.0,55.0,0.0,5.0,1.0,8.0,3.0,38.0,2.0,2.0,0.0,1.0,0.0,42,1.0,0.0,2.0,1.0,9.0,33.0,0.0,0.0,0.0,3.0,6.0,26.0,22.0,1.0,3.0,47,10773.3,4716.2,3756.1,1286.6,705.5,308.9,112.0,63.0,31.4,50
cabocajuniors:23,cabocajuniors,CA Boca Juniors,7,2025-06-16,https://www.fifatrainingcentre.com/media/native/tournaments/fcwc/2025/M07%20BOC%20V%20SLB%20POST%20MATCH%20REPORT.pdf,23,Lautaro BLANCO,35.0,19.0,54.0,1.0,2.0,1.0,20.0,10.0,50.0,6.0,5.0,1.0,0.0,0.0,42,2.0,0.0,1.0,2.0,10.0,17.0,0.0,0.0,0.0,3.0,7.0,29.0,21.0,4.0,1.0,47,9924.5,5136.9,3231.6,1086.0,357.2,112.9,100.0,36.0,33.6,50
cabocajuniors:32,cabocajuniors,CA Boca Juniors,7,2025-06-16,https://www.fifatrainingcentre.com/media/native/tournaments/fcwc/2025/M07%20BOC%20V%20SLB%20POST%20MATCH%20REPORT.pdf,32,Ayrton COSTA,21.0,18.0,86.0,0.0,2.0,0.0,7.0,3.0,43.0,0.0,0.0,0.0,0.0,0.0,42,8.0,3.0,2.0,1.0,6.0,4.0,1.0,0.0,1.0,10.0,5.0,8.0,3.0,8.0,7.0,47,9011.7,4676.6,3269.2,738.1,255.4,72.4,67.0,25.0,30.1,50
cabocajuniors:7,cabocajuniors,CA Boca Juniors,7,2025-06-16,https://www.fifatrainingcentre.com/media/native/tournaments/fcwc/2025/M07%20BOC%20V%20SLB%20POST%20MATCH%20REPORT.pdf,7,Exequiel ZEBALLOS,4.0,4.0,100.0,0.0,0.0,0.0,1.0,1.0,100.0,3.0,3.0,0.0,0.0,0.0,42,1.0,0.0,0.0,1.0,2.0,5.0,0.0,0.0,1.0,0.0,1.0,4.0,3.0,1.0,1.0,47,3251.2,1353.7,1182.7,453.2,198.1,63.5,41.0,21.0,28.9,50
cabocajuniors:9,cabocajuniors,CA Boca Juniors,7,2025-06-16,https://www.fifatrainingcentre.com/media/native/tournaments/fcwc/2025/M07%20BOC%20V%20SLB%20POST%20MATCH%20REPORT.pdf,9,Milton GIMENEZ,3.0,2.0,67.0,0.0,0.0,0.0,1.0,0.0,0.0,0.0,0.0,0.0,1.0,0.0,42,0.0,0.0,0.0,0.0,0.0,10.0,1.0,0.0,1.0,0.0,1.0,9.0,6.0,0.0,0.0,47,3491.6,1645.3,1192.3,410.0,124.1,119.9,34.0,11.0,29.6,50
cabocajuniors:15,cabocajuniors,CA Boca Juniors,7,2025-06-16,https://www.fifatrainingcentre.com/media/native/tournaments/fcwc/2025/M07%20BOC%20V%20SLB%20POST%20MATCH%20REPORT.pdf,15,Williams ALARCON,3.0,3.0,100.0,0.0,0.0,0.0,0.0,0.0,0.0,1.0,1.0,0.0,1.0,0.0,42,0.0,0.0,1.0,0.0,0.0,12.0,0.0,0.0,0.0,1.0,2.0,8.0,6.0,0.0,2.0,47,3204.4,1177.5,1368.7,510.3,127.3,20.5,46.0,11.0,26.6,50
cabocajuniors:30,cabocajuniors,CA Boca Juniors,7,2025-06-16,https://www.fifatrainingcentre.com/media/native/tournaments/fcwc/2025/M07%20BOC%20V%20SLB%20POST%20MATCH%20REPORT.pdf,30,Tomas BELMONTE,30.0,25.0,83.0,0.0,0.0,0.0,6.0,4.0,67.0,1.0,0.0,1.0,0.0,0.0,42,3.0,3.0,0.0,1.0,1.0,11.0,1.0,0.0,2.0,4.0,9.0,6.0,2.0,4.0,2.0,47,9111.8,2978.6,4444.7,1364.9,314.1,9.5,110.0,18.0,25.6,50
slbenfica:1,slbenfica,SL Benfica,7,2025-06-16,https://www.fifatrainingcentre.com/media/native/tournaments/fcwc/2025/M07%20BOC%20V%20SLB%20POST%20MATCH%20REPORT.pdf,1,Anatoliy TRUBIN,17.0,15.0,88.0,0.0,0.0,0.0,2.0,2.0,100.0,0.0,0.0,0.0,0.0,0.0,44,0.0,0.0,0.0,0.0,0.0,0.0,0.0,0.0,0.0,0.0,3.0,0.0,0.0,2.0,0.0,48,4741.2,3899.9,738.5,75.6,27.2,0.0,8.0,3.0,24.9,51
slbenfica:3,slbenfica,SL Benfica,7,2025-06-16,https://www.fifatrainingcentre.com/media/native/tournaments/fcwc/2025/M07%20BOC%20V%20SLB%20POST%20MATCH%20REPORT.pdf,3,Alvaro FERNANDEZ,41.0,37.0,90.0,0.0,7.0,1.0,12.0,10.0,83.0,5.0,4.0,1.0,1.0,0.0,44,4.0,1.0,3.0,2.0,1.0,1.0,0.0,0.0,0.0,2.0,4.0,1.0,1.0,5.0,3.0,48,9966.2,4510.0,3465.9,1162.8,660.1,167.4,96.0,54.0,31.7,51
slbenfica:4,slbenfica,SL Benfica,7,2025-06-16,https://www.fifatrainingcentre.com/media/native/tournaments/fcwc/2025/M07%20BOC%20V%20SLB%20POST%20MATCH%20REPORT.pdf,4,ANTONIO SILVA,52.0,48.0,92.0,2.0,0.0,0.0,15.0,12.0,80.0,3.0,0.0,3.0,0.0,0.0,44,2.0,0.0,1.0,4.0,1.0,2.0,7.0,0.0,7.0,7.0,5.0,4.0,1.0,8.0,6.0,48,9432.9,4193.1,3963.0,875.7,350.6,50.5,82.0,27.0,27.0,51
slbenfica:8,slbenfica,SL Benfica,7,2025-06-16,https://www.fifatrainingcentre.com/media/native/tournaments/fcwc/2025/M07%20BOC%20V%20SLB%20POST%20MATCH%20REPORT.pdf,8,Fredrik AURSNES,38.0,33.0,87.0,0.0,4.0,1.0,5.0,3.0,60.0,1.0,1.0,0.0,0.0,0.0,44,5.0,1.0,2.0,0.0,7.0,18.0,1.0,0.0,1.0,3.0,7.0,26.0,11.0,3.0,4.0,48,11442.5,4117.8,5097.2,1663.9,479.8,83.9,158.0,46.0,30.4,51
slbenfica:11,slbenfica,SL Benfica,7,2025-06-16,https://www.fifatrainingcentre.com/media/native/tournaments/fcwc/2025/M07%20BOC%20V%20SLB%20POST%20MATCH%20REPORT.pdf,11,Angel DI MARIA,42.0,28.0,67.0,0.0,9.0,2.0,19.0,10.0,53.0,3.0,3.0,0.0,2.0,1.0,44,3.0,1.0,0.0,1.0,4.0,11.0,0.0,0.0,1.0,1.0,2.0,11.0,8.0,3.0,1.0,48,7403.9,3613.2,2897.4,727.1,142.2,23.9,71.0,15.0,29.4,51
slbenfica:14,slbenfica,SL Benfica,7,2025-06-16,https://www.fifatrainingcentre.com/media/native/tournaments/fcwc/2025/M07%20BOC%20V%20SLB%20POST%20MATCH%20REPORT.pdf,14,Evangelos PAVLIDIS,12.0,10.0,83.0,0.0,0.0,0.0,1.0,0.0,0.0,5.0,5.0,0.0,0.0,0.0,44,0.0,0.0,1.0,0.0,1.0,26.0,0.0,0.0,0.0,0.0,1.0,16.0,11.0,0.0,1.0,48,10592.8,4124.7,4326.3,1557.3,423.1,161.3,138.0,40.0,30.5,51
slbenfica:26,slbenfica,SL Benfica,7,2025-06-16,https://www.fifatrainingcentre.com/media/native/tournaments/fcwc/2025/M07%20BOC%20V%20SLB%20POST%20MATCH%20REPORT.pdf,26,Samuel DAHL,32.0,27.0,84.0,0.0,2.0,0.0,6.0,3.0,50.0,1.0,0.0,1.0,0.0,0.0,44,2.0,1.0,1.0,0.0,1.0,6.0,0.0,0.0,0.0,1.0,4.0,6.0,3.0,1.0,3.0,48,5396.4,2111.0,2072.2,850.9,307.5,54.8,76.0,27.0,29.5,51
slbenfica:27,slbenfica,SL Benfica,7,2025-06-16,https://www.fifatrainingcentre.com/media/native/tournaments/fcwc/2025/M07%20BOC%20V%20SLB%20POST%20MATCH%20REPORT.pdf,27,BRUMA,22.0,16.0,73.0,0.0,0.0,0.0,7.0,3.0,43.0,1.0,1.0,0.0,0.0,0.0,44,1.0,1.0,1.0,2.0,0.0,13.0,0.0,0.0,0.0,1.0,4.0,10.0,6.0,4.0,1.0,48,7111.3,3178.1,2522.3,964.6,363.2,83.0,75.0,26.0,29.4,51
slbenfica:30,slbenfica,SL Benfica,7,2025-06-16,https://www.fifatrainingcentre.com/media/native/tournaments/fcwc/2025/M07%20BOC%20V%20SLB%20POST%20MATCH%20REPORT.pdf,30,Nicolas OTAMENDI,60.0,56.0,93.0,4.0,0.0,0.0,13.0,12.0,92.0,1.0,0.0,1.0,2.0,1.0,44,1.0,1.0,3.0,3.0,0.0,1.0,5.0,0.0,6.0,12.0,6.0,1.0,0.0,8.0,12.0,48,8924.0,4027.4,3498.7,879.2,379.0,139.7,69.0,35.0,30.9,51
slbenfica:61,slbenfica,SL Benfica,7,2025-06-16,https://www.fifatrainingcentre.com/media/native/tournaments/fcwc/2025/M07%20BOC%20V%20SLB%20POST%20MATCH%20REPORT.pdf,61,FLORENTINO LUIS,38.0,33.0,87.0,2.0,0.0,0.0,12.0,9.0,75.0,3.0,2.0,1.0,0.0,0.0,44,9.0,2.0,3.0,3.0,12.0,8.0,2.0,0.0,4.0,5.0,10.0,4.0,3.0,9.0,6.0,48,10742.4,3315.1,5514.7,1340.9,510.3,61.5,110.0,33.0,28.2,51
slbenfica:85,slbenfica,SL Benfica,7,2025-06-16,https://www.fifatrainingcentre.com/media/native/tournaments/fcwc/2025/M07%20BOC%20V%20SLB%20POST%20MATCH%20REPORT.pdf,85,RENATO SANCHES,41.0,36.0,88.0,3.0,0.0,0.0,22.0,21.0,95.0,3.0,1.0,2.0,1.0,0.0,44,3.0,0.0,1.0,1.0,3.0,7.0,0.0,0.0,0.0,2.0,4.0,11.0,2.0,1.0,3.0,48,7357.0,2945.6,2801.1,1249.0,346.5,14.9,102.0,22.0,25.5,51
slbenfica:10,slbenfica,SL Benfica,7,2025-06-16,https://www.fifatrainingcentre.com/media/native/tournaments/fcwc/2025/M07%20BOC%20V%20SLB%20POST%20MATCH%20REPORT.pdf,10,Orkun KOKCU,26.0,22.0,85.0,3.0,1.0,1.0,10.0,7.0,70.0,0.0,0.0,0.0,0.0,0.0,44,2.0,0.0,0.0,0.0,2.0,1.0,0.0,0.0,0.0,0.0,2.0,0.0,0.0,0.0,1.0,48,3245.4,1308.9,1410.3,416.6,91.6,18.0,37.0,8.0,27.3,51
slbenfica:17,slbenfica,SL Benfica,7,2025-06-16,https://www.fifatrainingcentre.com/media/native/tournaments/fcwc/2025/M07%20BOC%20V%20SLB%20POST%20MATCH%20REPORT.pdf,17,Kerem AKTURKOGLU,1.0,1.0,100.0,0.0,2.0,0.0,0.0,0.0,0.0,1.0,1.0,0.0,0.0,0.0,44,1.0,0.0,1.0,0.0,1.0,7.0,0.0,0.0,0.0,0.0,0.0,5.0,2.0,0.0,0.0,48,3508.9,1602.4,1232.1,379.9,218.9,75.5,36.0,17.0,30.4,51
slbenfica:18,slbenfica,SL Benfica,7,2025-06-16,https://www.fifatrainingcentre.com/media/native/tournaments/fcwc/2025/M07%20BOC%20V%20SLB%20POST%20MATCH%20REPORT.pdf,18,Leandro BARREIRO,3.0,3.0,100.0,0.0,0.0,0.0,0.0,0.0,0.0,0.0,0.0,0.0,0.0,0.0,44,0.0,0.0,0.0,0.0,0.0,0.0,0.0,0.0,0.0,0.0,1.0,0.0,0.0,0.0,0.0,48,653.1,220.5,271.8,128.7,32.1,0.0,10.0,3.0,24.0,51
slbenfica:19,slbenfica,SL Benfica,7,2025-06-16,https://www.fifatrainingcentre.com/media/native/tournaments/fcwc/2025/M07%20BOC%20V%20SLB%20POST%20MATCH%20REPORT.pdf,19,Andrea BELOTTI,2.0,2.0,100.0,0.0,0.0,0.0,0.0,0.0,0.0,0.0,0.0,0.0,0.0,0.0,44,0.0,0.0,0.0,0.0,0.0,3.0,0.0,0.0,0.0,0.0,2.0,3.0,2.0,0.0,0.0,48,2272.9,1191.8,723.9,196.2,86.5,74.5,13.0,8.0,31.1,51
slbenfica:25,slbenfica,SL Benfica,7,2025-06-16,https://www.fifatrainingcentre.com/media/native/tournaments/fcwc/2025/M07%20BOC%20V%20SLB%20POST%20MATCH%20REPORT.pdf,25,Gianluca PRESTIANNI,4.0,4.0,100.0,0.0,1.0,0.0,2.0,1.0,50.0,1.0,1.0,0.0,1.0,0.0,44,0.0,0.0,0.0,0.0,0.0,6.0,0.0,0.0,0.0,0.0,1.0,5.0,4.0,0.0,0.0,48,1910.5,664.0,855.8,281.3,91.3,18.1,20.0,8.0,28.2,51
crflamengo:1,crflamengo,CR Flamengo,8,2025-06-16,https://www.fifatrainingcentre.com/media/native/tournaments/fcwc/2025/M08%20FLA%20V%20EST%20POST%20MATCH%20REPORT.pdf,1,Agustin ROSSI,34.0,30.0,88.0,0.0,0.0,0.0,8.0,4.0,50.0,0.0,0.0,0.0,0.0,0.0,42,0.0,0.0,0.0,0.0,0.0,0.0,0.0,0.0,0.0,0.0,1.0,0.0,0.0,3.0,0.0,47,4700.6,3708.6,889.8,73.8,28.4,0.0,6.0,4.0,22.8,50
crflamengo:2,crflamengo,CR Flamengo,8,2025-06-16,https://www.fifatrainingcentre.com/media/native/tournaments/fcwc/2025/M08%20FLA%20V%20EST%20POST%20MATCH%20REPORT.pdf,2,Guillermo VARELA,48.0,44.0,92.0,0.0,4.0,1.0,3.0,3.0,100.0,1.0,1.0,0.0,0.0,0.0,42,10.0,3.0,2.0,0.0,11.0,7.0,1.0,0.0,1.0,2.0,3.0,5.0,2.0,5.0,7.0,47,10408.7,3797.9,4106.6,1360.3,829.4,314.5,127.0,69.0,32.1,50
crflamengo:3,crflamengo,CR Flamengo,8,2025-06-16,https://www.fifatrainingcentre.com/media/native/tournaments/fcwc/2025/M08%20FLA%20V%20EST%20POST%20MATCH%20REPORT.pdf,3,LEO ORTIZ,80.0,72.0,90.0,0.0,1.0,1.0,27.0,22.0,81.0,0.0,0.0,0.0,1.0,0.0,42,1.0,0.0,1.0,4.0,3.0,4.0,1.0,0.0,1.0,1.0,3.0,3.0,1.0,6.0,1.0,47,8864.1,3830.5,3504.3,936.0,440.3,153.0,74.0,34.0,31.2,50
crflamengo:4,crflamengo,CR Flamengo,8,2025-06-16,https://www.fifatrainingcentre.com/media/native/tournaments/fcwc/2025/M08%20FLA%20V%20EST%20POST%20MATCH%20REPORT.pdf,4,LEO PEREIRA,119.0,113.0,95.0,0.0,0.0,0.0,26.0,23.0,88.0,1.0,0.0,1.0,0.0,0.0,42,1.0,1.0,2.0,3.0,0.0,0.0,4.0,0.0,4.0,3.0,6.0,3.0,0.0,9.0,1.0,47,9701.2,3740.7,4097.2,1181.8,438.7,242.7,97.0,36.0,31.2,50
crflamengo:5,crflamengo,CR Flamengo,8,2025-06-16,https://www.fifatrainingcentre.com/media/native/tournaments/fcwc/2025/M08%20FLA%20V%20EST%20POST%20MATCH%20REPORT.pdf,5,Erick PULGAR,104.0,100.0,96.0,0.0,0.0,0.0,17.0,15.0,88.0,0.0,0.0,0.0,0.0,0.0,42,6.0,2.0,3.0,1.0,5.0,7.0,1.0,0.0,1.0,2.0,8.0,11.0,2.0,5.0,2.0,47,11108.5,3088.2,5699.9,1733.0,452.0,135.3,159.0,36.0,30.4,50
crflamengo:6,crflamengo,CR Flamengo,8,2025-06-16,https://www.fifatrainingcentre.com/media/native/tournaments/fcwc/2025/M08%20FLA%20V%20EST%20POST%20MATCH%20REPORT.pdf,6,AYRTON LUCAS,65.0,62.0,95.0,1.0,2.0,1.0,10.0,10.0,100.0,4.0,1.0,3.0,2.0,0.0,42,3.0,0.0,1.0,2.0,8.0,5.0,3.0,0.0,3.0,3.0,3.0,22.0,7.0,4.0,6.0,47,10383.0,3839.0,4260.9,1268.9,708.8,305.4,111.0,59.0,34.8,50
crflamengo:7,crflamengo,CR Flamengo,8,2025-06-16,https://www.fifatrainingcentre.com/media/native/tournaments/fcwc/2025/M08%20FLA%20V%20EST%20POST%20MATCH%20REPORT.pdf,7,LUIZ ARAUJO,43.0,39.0,91.0,0.0,7.0,3.0,8.0,2.0,25.0,2.0,2.0,0.0,2.0,1.0,42,5.0,1.0,1.0,1.0,6.0,20.0,1.0,0.0,1.0,0.0,6.0,13.0,10.0,3.0,2.0,47,10714.3,4196.2,4002.7,1607.4,590.4,317.5,129.0,51.0,33.7,50
crflamengo:8,crflamengo,CR Flamengo,8,2025-06-16,https://www.fifatrainingcentre.com/media/native/tournaments/fcwc/2025/M08%20FLA%20V%20EST%20POST%20MATCH%20REPORT.pdf,8,GERSON,40.0,34.0,85.0,0.0,1.0,0.0,13.0,10.0,77.0,3.0,2.0,1.0,1.0,0.0,42,0.0,0.0,0.0,0.0,3.0,10.0,2.0,1.0,3.0,0.0,4.0,10.0,8.0,1.0,0.0,47,7184.9,2823.4,2750.7,1010.5,439.9,160.4,87.0,42.0,31.7,50
crflamengo:9,crflamengo,CR Flamengo,8,2025-06-16,https://www.fifatrainingcentre.com/media/native/tournaments/fcwc/2025/M08%20FLA%20V%20EST%20POST%20MATCH%20REPORT.pdf,9,PEDRO,10.0,9.0,90.0,0.0,0.0,0.0,1.0,1.0,100.0,1.0,1.0,0.0,3.0,0.0,42,2.0,0.0,1.0,0.0,4.0,10.0,1.0,0.0,1.0,0.0,2.0,17.0,8.0,0.0,2.0,47,7180.2,3113.8,2772.6,858.8,362.4,72.5,88.0,28.0,28.1,50
crflamengo:10,crflamengo,CR Flamengo,8,2025-06-16,https://www.fifatrainingcentre.com/media/native/tournaments/fcwc/2025/M08%20FLA%20V%20EST%20POST%20MATCH%20REPORT.pdf,10,Giorgian DE ARRASCAETA,24.0,19.0,79.0,0.0,1.0,1.0,8.0,6.0,75.0,1.0,1.0,0.0,2.0,1.0,42,2.0,1.0,1.0,0.0,2.0,18.0,0.0,1.0,1.0,0.0,3.0,18.0,10.0,3.0,0.0,47,8726.9,3011.1,4075.3,1140.4,417.8,82.3,103.0,34.0,32.0,50
crflamengo:21,crflamengo,CR Flamengo,8,2025-06-16,https://www.fifatrainingcentre.com/media/native/tournaments/fcwc/2025/M08%20FLA%20V%20EST%20POST%20MATCH%20REPORT.pdf,21,JORGINHO,101.0,96.0,95.0,0.0,0.0,0.0,35.0,31.0,89.0,1.0,0.0,1.0,1.0,0.0,42,1.0,1.0,1.0,2.0,3.0,11.0,0.0,0.0,0.0,0.0,4.0,9.0,8.0,3.0,1.0,47,9280.3,2514.0,4738.6,1744.6,272.4,10.6,145.0,22.0,26.3,50
crflamengo:11,crflamengo,CR Flamengo,8,2025-06-16,https://www.fifatrainingcentre.com/media/native/tournaments/fcwc/2025/M08%20FLA%20V%20EST%20POST%20MATCH%20REPORT.pdf,11,EVERTON,1.0,0.0,0.0,0.0,0.0,0.0,0.0,0.0,0.0,0.0,0.0,0.0,0.0,0.0,42,0.0,0.0,0.0,0.0,0.0,1.0,0.0,0.0,0.0,0.0,0.0,1.0,1.0,0.0,0.0,47,328.3,98.8,103.2,89.2,37.1,0.0,10.0,3.0,22.9,50
crflamengo:27,crflamengo,CR Flamengo,8,2025-06-16,https://www.fifatrainingcentre.com/media/native/tournaments/fcwc/2025/M08%20FLA%20V%20EST%20POST%20MATCH%20REPORT.pdf,27,BRUNO HENRIQUE,8.0,7.0,88.0,0.0,0.0,0.0,1.0,1.0,100.0,1.0,1.0,0.0,0.0,0.0,42,0.0,0.0,1.0,0.0,2.0,10.0,2.0,0.0,2.0,1.0,1.0,8.0,6.0,0.0,1.0,47,2859.8,1138.4,1014.9,337.7,224.6,144.2,31.0,21.0,35.2,50
crflamengo:29,crflamengo,CR Flamengo,8,2025-06-16,https://www.fifatrainingcentre.com/media/native/tournaments/fcwc/2025/M08%20FLA%20V%20EST%20POST%20MATCH%20REPORT.pdf,29,ALLAN,19.0,18.0,95.0,0.0,0.0,0.0,4.0,4.0,100.0,2.0,0.0,2.0,0.0,0.0,42,0.0,0.0,0.0,1.0,0.0,4.0,0.0,0.0,0.0,1.0,0.0,2.0,1.0,2.0,0.0,47,2408.4,563.3,1093.4,563.0,188.6,0.0,53.0,13.0,24.8,50
crflamengo:30,crflamengo,CR Flamengo,8,2025-06-16,https://www.fifatrainingcentre.com/media/native/tournaments/fcwc/2025/M08%20FLA%20V%20EST%20POST%20MATCH%20REPORT.pdf,30,MICHAEL,6.0,4.0,67.0,0.0,0.0,0.0,1.0,0.0,0.0,0.0,0.0,0.0,0.0,0.0,42,0.0,0.0,0.0,1.0,2.0,10.0,0.0,0.0,0.0,1.0,1.0,10.0,7.0,1.0,1.0,47,2349.2,797.5,879.1,318.1,188.8,165.7,28.0,15.0,30.4,50
crflamengo:50,crflamengo,CR Flamengo,8,2025-06-16,https://www.fifatrainingcentre.com/media/native/tournaments/fcwc/2025/M08%20FLA%20V%20EST%20POST%20MATCH%20REPORT.pdf,50,Gonzalo PLATA,8.0,7.0,88.0,0.0,0.0,0.0,3.0,2.0,67.0,2.0,2.0,0.0,0.0,0.0,42,3.0,0.0,0.0,0.0,3.0,4.0,1.0,0.0,1.0,2.0,1.0,10.0,5.0,0.0,4.0,47,3178.1,1049.5,1433.1,442.1,209.0,44.4,40.0,16.0,29.2,50
esperancedetunisie:32,esperancedetunisie,Espérance De Tunisie,8,2025-06-16,https://www.fifatrainingcentre.com/media/native/tournaments/fcwc/2025/M08%20FLA%20V%20EST%20POST%20MATCH%20REPORT.pdf,32,Bechir BEN SAID,24.0,17.0,71.0,0.0,0.0,0.0,9.0,3.0,33.0,0.0,0.0,0.0,0.0,0.0,44,0.0,0.0,0.0,0.0,0.0,0.0,0.0,0.0,0.0,0.0,3.0,0.0,0.0,6.0,0.0,48,4843.1,4070.9,695.6,53.3,23.2,0.0,6.0,2.0,22.7,51
esperancedetunisie:2,esperancedetunisie,Espérance De Tunisie,8,2025-06-16,https://www.fifatrainingcentre.com/media/native/tournaments/fcwc/2025/M08%20FLA%20V%20EST%20POST%20MATCH%20REPORT.pdf,2,Mohamed BEN ALI,29.0,18.0,62.0,0.0,1.0,0.0,9.0,3.0,33.0,0.0,0.0,0.0,0.0,0.0,44,6.0,2.0,4.0,1.0,9.0,18.0,0.0,0.0,0.0,2.0,6.0,38.0,18.0,5.0,3.0,48,8712.6,3431.5,3522.6,1016.7,505.9,235.9,89.0,41.0,31.9,51
esperancedetunisie:5,esperancedetunisie,Espérance De Tunisie,8,2025-06-16,https://www.fifatrainingcentre.com/media/native/tournaments/fcwc/2025/M08%20FLA%20V%20EST%20POST%20MATCH%20REPORT.pdf,5,Yassine MERIAH,47.0,39.0,83.0,1.0,0.0,0.0,17.0,12.0,71.0,1.0,1.0,0.0,0.0,0.0,44,3.0,1.0,2.0,3.0,3.0,3.0,3.0,0.0,3.0,7.0,6.0,21.0,3.0,12.0,5.0,48,9289.1,3583.5,4497.4,791.5,334.0,82.6,74.0,24.0,29.4,51
esperancedetunisie:9,esperancedetunisie,Espérance De Tunisie,8,2025-06-16,https://www.fifatrainingcentre.com/media/native/tournaments/fcwc/2025/M08%20FLA%20V%20EST%20POST%20MATCH%20REPORT.pdf,9,RODRIGO RODRIGUES,11.0,9.0,82.0,0.0,1.0,0.0,0.0,0.0,0.0,0.0,0.0,0.0,1.0,0.0,44,0.0,0.0,0.0,0.0,2.0,49.0,1.0,0.0,1.0,1.0,3.0,25.0,18.0,1.0,0.0,48,8708.3,2814.8,3904.8,1359.3,515.8,113.6,117.0,37.0,30.6,51
esperancedetunisie:10,esperancedetunisie,Espérance De Tunisie,8,2025-06-16,https://www.fifatrainingcentre.com/media/native/tournaments/fcwc/2025/M08%20FLA%20V%20EST%20POST%20MATCH%20REPORT.pdf,10,YAN SASSE,9.0,9.0,100.0,0.0,0.0,0.0,1.0,1.0,100.0,1.0,1.0,0.0,0.0,0.0,44,2.0,0.0,1.0,1.0,1.0,9.0,1.0,0.0,1.0,1.0,2.0,9.0,6.0,1.0,0.0,48,5305.8,2197.0,1618.1,926.1,438.7,125.9,81.0,37.0,30.5,51
esperancedetunisie:11,esperancedetunisie,Espérance De Tunisie,8,2025-06-16,https://www.fifatrainingcentre.com/media/native/tournaments/fcwc/2025/M08%20FLA%20V%20EST%20POST%20MATCH%20REPORT.pdf,11,Youcef BELAILI,32.0,24.0,75.0,1.0,3.0,0.0,8.0,4.0,50.0,7.0,5.0,2.0,4.0,0.0,44,4.0,0.0,3.0,0.0,5.0,31.0,1.0,0.0,2.0,0.0,5.0,12.0,10.0,0.0,2.0,48,8352.0,3772.1,2568.3,1095.7,573.8,342.0,89.0,54.0,32.6,51
esperancedetunisie:14,esperancedetunisie,Espérance De Tunisie,8,2025-06-16,https://www.fifatrainingcentre.com/media/native/tournaments/fcwc/2025/M08%20FLA%20V%20EST%20POST%20MATCH%20REPORT.pdf,14,Onuche OGBELU,33.0,26.0,79.0,2.0,0.0,0.0,9.0,7.0,78.0,0.0,0.0,0.0,0.0,0.0,44,10.0,0.0,2.0,1.0,10.0,34.0,0.0,0.0,0.0,3.0,11.0,44.0,17.0,1.0,7.0,48,10107.7,3739.3,4411.4,1322.0,528.8,106.2,117.0,41.0,31.0,51
esperancedetunisie:15,esperancedetunisie,Espérance De Tunisie,8,2025-06-16,https://www.fifatrainingcentre.com/media/native/tournaments/fcwc/2025/M08%20FLA%20V%20EST%20POST%20MATCH%20REPORT.pdf,15,Mohamed Amine TOUGAI,31.0,28.0,90.0,0.0,0.0,0.0,7.0,5.0,71.0,0.0,0.0,0.0,0.0,0.0,44,2.0,0.0,1.0,2.0,1.0,7.0,0.0,0.0,1.0,1.0,2.0,7.0,3.0,4.0,2.0,48,9200.8,3724.1,4120.9,988.3,317.6,50.0,83.0,25.0,30.8,51
esperancedetunisie:20,esperancedetunisie,Espérance De Tunisie,8,2025-06-16,https://www.fifatrainingcentre.com/media/native/tournaments/fcwc/2025/M08%20FLA%20V%20EST%20POST%20MATCH%20REPORT.pdf,20,Mohamed Amine BEN HMIDA,39.0,30.0,77.0,0.0,2.0,0.0,21.0,16.0,76.0,2.0,0.0,2.0,1.0,0.0,44,2.0,1.0,4.0,2.0,3.0,19.0,0.0,0.0,0.0,1.0,4.0,28.0,11.0,4.0,2.0,48,10242.1,4113.2,4113.3,1218.6,546.2,250.7,110.0,46.0,31.5,51
esperancedetunisie:36,esperancedetunisie,Espérance De Tunisie,8,2025-06-16,https://www.fifatrainingcentre.com/media/native/tournaments/fcwc/2025/M08%20FLA%20V%20EST%20POST%20MATCH%20REPORT.pdf,36,Chiheb JBELI,11.0,10.0,91.0,0.0,0.0,0.0,2.0,2.0,100.0,2.0,2.0,0.0,0.0,0.0,44,0.0,0.0,0.0,1.0,5.0,41.0,1.0,0.0,1.0,0.0,2.0,16.0,6.0,0.0,1.0,48,6594.2,1425.4,3272.7,1361.3,463.2,71.5,118.0,30.0,27.8,51
esperancedetunisie:38,esperancedetunisie,Espérance De Tunisie,8,2025-06-16,https://www.fifatrainingcentre.com/media/native/tournaments/fcwc/2025/M08%20FLA%20V%20EST%20POST%20MATCH%20REPORT.pdf,38,Khalil GUENICHI,9.0,7.0,78.0,0.0,1.0,0.0,3.0,2.0,67.0,2.0,1.0,1.0,0.0,0.0,44,2.0,2.0,3.0,0.0,5.0,15.0,1.0,0.0,1.0,0.0,4.0,22.0,11.0,4.0,0.0,48,9893.1,2838.5,4790.9,1800.4,412.3,50.9,157.0,32.0,28.0,51
esperancedetunisie:4,esperancedetunisie,Espérance De Tunisie,8,2025-06-16,https://www.fifatrainingcentre.com/media/native/tournaments/fcwc/2025/M08%20FLA%20V%20EST%20POST%20MATCH%20REPORT.pdf,4,Mohamed Wael DERBALI,12.0,10.0,83.0,1.0,0.0,0.0,1.0,0.0,0.0,0.0,0.0,0.0,0.0,0.0,44,0.0,0.0,0.0,0.0,2.0,4.0,0.0,0.0,0.0,0.0,2.0,8.0,3.0,1.0,0.0,48,2562.5,638.7,1131.9,494.4,187.3,110.2,44.0,13.0,32.3,51
esperancedetunisie:13,esperancedetunisie,Espérance De Tunisie,8,2025-06-16,https://www.fifatrainingcentre.com/media/native/tournaments/fcwc/2025/M08%20FLA%20V%20EST%20POST%20MATCH%20REPORT.pdf,13,Raed BOUCHNIBA,8.0,7.0,88.0,0.0,0.0,0.0,2.0,1.0,50.0,0.0,0.0,0.0,0.0,0.0,44,1.0,0.0,0.0,0.0,0.0,0.0,0.0,0.0,0.0,0.0,0.0,1.0,0.0,0.0,0.0,48,1122.5,327.3,494.0,197.6,64.0,39.5,16.0,5.0,28.9,51
esperancedetunisie:19,esperancedetunisie,Espérance De Tunisie,8,2025-06-16,https://www.fifatrainingcentre.com/media/native/tournaments/fcwc/2025/M08%20FLA%20V%20EST%20POST%20MATCH%20REPORT.pdf,19,Achraf JABRI,6.0,5.0,83.0,0.0,0.0,0.0,1.0,1.0,100.0,0.0,0.0,0.0,0.0,0.0,44,0.0,0.0,2.0,0.0,0.0,13.0,0.0,0.0,0.0,0.0,1.0,10.0,4.0,1.0,0.0,48,2193.2,695.8,945.7,371.2,172.0,8.4,36.0,11.0,27.2,51
esperancedetunisie:21,esperancedetunisie,Espérance De Tunisie,8,2025-06-16,https://www.fifatrainingcentre.com/media/native/tournaments/fcwc/2025/M08%20FLA%20V%20EST%20POST%20MATCH%20REPORT.pdf,21,Abdramane KONATE,17.0,16.0,94.0,0.0,1.0,0.0,3.0,3.0,100.0,1.0,0.0,1.0,0.0,0.0,44,1.0,0.0,1.0,1.0,4.0,14.0,0.0,0.0,0.0,0.0,2.0,10.0,6.0,2.0,1.0,48,5011.4,1868.4,1806.5,781.5,344.7,210.3,74.0,30.0,31.5,51
esperancedetunisie:24,esperancedetunisie,Espérance De Tunisie,8,2025-06-16,https://www.fifatrainingcentre.com/media/native/tournaments/fcwc/2025/M08%20FLA%20V%20EST%20POST%20MATCH%20REPORT.pdf,24,Elias MOKWANA,7.0,6.0,86.0,0.0,0.0,0.0,1.0,1.0,100.0,1.0,1.0,0.0,0.0,0.0,44,2.0,0.0,0.0,0.0,4.0,19.0,0.0,0.0,0.0,1.0,4.0,21.0,13.0,2.0,1.0,48,5288.1,1669.1,2074.6,844.3,496.4,203.8,67.0,44.0,31.1,51
fluminensefc:1,fluminensefc,Fluminense FC,9,2025-06-17,https://www.fifatrainingcentre.com/media/native/tournaments/fcwc/2025/M09%20FLU%20v%20BVB%20POST%20MATCH%20REPORT.pdf,1,FABIO,26.0,14.0,54.0,0.0,0.0,0.0,13.0,4.0,31.0,0.0,0.0,0.0,0.0,0.0,42,0.0,0.0,0.0,0.0,0.0,0.0,0.0,0.0,0.0,0.0,3.0,0.0,0.0,7.0,0.0,47,4113.8,3577.9,504.9,31.0,0.0,0.0,4.0,0.0,19.8,50
fluminensefc:2,fluminensefc,Fluminense FC,9,2025-06-17,https://www.fifatrainingcentre.com/media/native/tournaments/fcwc/2025/M09%20FLU%20v%20BVB%20POST%20MATCH%20REPORT.pdf,2,SAMUEL XAVIER,57.0,47.0,82.0,0.0,1.0,1.0,16.0,10.0,62.0,1.0,0.0,1.0,0.0,0.0,42,3.0,1.0,0.0,0.0,4.0,15.0,0.0,0.0,1.0,5.0,7.0,29.0,12.0,1.0,3.0,47,9846.0,3983.7,3975.4,1258.6,511.1,117.2,113.0,44.0,30.2,50
fluminensefc:3,fluminensefc,Fluminense FC,9,2025-06-17,https://www.fifatrainingcentre.com/media/native/tournaments/fcwc/2025/M09%20FLU%20v%20BVB%20POST%20MATCH%20REPORT.pdf,3,THIAGO SILVA,50.0,40.0,80.0,1.0,0.0,0.0,15.0,8.0,53.0,0.0,0.0,0.0,0.0,0.0,42,4.0,1.0,1.0,3.0,2.0,0.0,9.0,0.0,9.0,4.0,7.0,4.0,0.0,7.0,5.0,47,7961.8,4156.9,2753.1,672.8,290.5,88.6,65.0,31.0,30.0,50
fluminensefc:6,fluminensefc,Fluminense FC,9,2025-06-17,https://www.fifatrainingcentre.com/media/native/tournaments/fcwc/2025/M09%20FLU%20v%20BVB%20POST%20MATCH%20REPORT.pdf,6,RENE,69.0,59.0,86.0,1.0,2.0,1.0,24.0,19.0,79.0,2.0,0.0,2.0,1.0,0.0,42,11.0,2.0,1.0,1.0,12.0,18.0,0.0,0.0,0.0,4.0,5.0,24.0,21.0,3.0,11.0,47,10586.6,4341.2,4065.1,1331.2,618.7,230.4,113.0,43.0,31.7,50
fluminensefc:8,fluminensefc,Fluminense FC,9,2025-06-17,https://www.fifatrainingcentre.com/media/native/tournaments/fcwc/2025/M09%20FLU%20v%20BVB%20POST%20MATCH%20REPORT.pdf,8,MARTINELLI,31.0,27.0,87.0,1.0,0.0,0.0,10.0,9.0,90.0,1.0,0.0,1.0,3.0,0.0,42,1.0,1.0,0.0,2.0,2.0,17.0,0.0,0.0,0.0,1.0,6.0,41.0,9.0,4.0,0.0,47,9476.7,2854.5,4310.4,1717.1,461.1,133.6,139.0,32.0,32.1,50
fluminensefc:9,fluminensefc,Fluminense FC,9,2025-06-17,https://www.fifatrainingcentre.com/media/native/tournaments/fcwc/2025/M09%20FLU%20v%20BVB%20POST%20MATCH%20REPORT.pdf,9,EVERALDO,20.0,17.0,85.0,0.0,0.0,0.0,3.0,2.0,67.0,2.0,1.0,1.0,1.0,0.0,42,2.0,0.0,1.0,0.0,1.0,42.0,2.0,1.0,3.0,1.0,6.0,32.0,23.0,0.0,1.0,47,7735.3,3193.1,2811.9,892.8,558.4,279.0,80.0,52.0,33.3,50
fluminensefc:16,fluminensefc,Fluminense FC,9,2025-06-17,https://www.fifatrainingcentre.com/media/native/tournaments/fcwc/2025/M09%20FLU%20v%20BVB%20POST%20MATCH%20REPORT.pdf,16,NONATO,46.0,43.0,93.0,1.0,2.0,0.0,10.0,9.0,90.0,1.0,0.0,1.0,1.0,0.0,42,6.0,2.0,3.0,1.0,8.0,26.0,0.0,0.0,1.0,1.0,8.0,28.0,7.0,7.0,2.0,47,10997.7,3491.8,4893.2,1767.2,739.3,106.2,160.0,56.0,32.1,50
fluminensefc:17,fluminensefc,Fluminense FC,9,2025-06-17,https://www.fifatrainingcentre.com/media/native/tournaments/fcwc/2025/M09%20FLU%20v%20BVB%20POST%20MATCH%20REPORT.pdf,17,Agustin CANOBBIO,24.0,19.0,79.0,0.0,3.0,0.0,3.0,3.0,100.0,2.0,1.0,1.0,2.0,0.0,42,3.0,2.0,1.0,0.0,5.0,32.0,0.0,0.0,1.0,0.0,3.0,28.0,17.0,3.0,1.0,47,9059.9,2439.8,3971.4,1445.8,767.7,435.2,122.0,67.0,31.7,50
fluminensefc:21,fluminensefc,Fluminense FC,9,2025-06-17,https://www.fifatrainingcentre.com/media/native/tournaments/fcwc/2025/M09%20FLU%20v%20BVB%20POST%20MATCH%20REPORT.pdf,21,Jhon ARIAS,50.0,47.0,94.0,0.0,7.0,2.0,8.0,7.0,88.0,3.0,3.0,0.0,3.0,0.0,42,2.0,0.0,3.0,1.0,6.0,21.0,0.0,0.0,2.0,0.0,6.0,25.0,15.0,2.0,2.0,47,9851.4,4620.2,3321.4,1063.0,639.6,207.2,102.0,45.0,32.3,50
fluminensefc:22,fluminensefc,Fluminense FC,9,2025-06-17,https://www.fifatrainingcentre.com/media/native/tournaments/fcwc/2025/M09%20FLU%20v%20BVB%20POST%20MATCH%20REPORT.pdf,22,Juan FREYTES,54.0,45.0,83.0,1.0,0.0,0.0,22.0,16.0,73.0,0.0,0.0,0.0,0.0,0.0,42,1.0,1.0,1.0,0.0,1.0,10.0,2.0,0.0,2.0,5.0,5.0,21.0,5.0,3.0,2.0,47,10648.9,3582.9,4974.5,1454.7,485.0,151.7,130.0,47.0,30.1,50
fluminensefc:35,fluminensefc,Fluminense FC,9,2025-06-17,https://www.fifatrainingcentre.com/media/native/tournaments/fcwc/2025/M09%20FLU%20v%20BVB%20POST%20MATCH%20REPORT.pdf,35,HERCULES,43.0,39.0,91.0,2.0,0.0,0.0,13.0,11.0,85.0,3.0,1.0,2.0,2.0,0.0,42,12.0,3.0,3.0,1.0,12.0,20.0,0.0,0.0,0.0,2.0,6.0,38.0,16.0,5.0,4.0,47,11010.3,3845.3,5206.6,1314.8,490.7,152.9,128.0,43.0,32.1,50
fluminensefc:14,fluminensefc,Fluminense FC,9,2025-06-17,https://www.fifatrainingcentre.com/media/native/tournaments/fcwc/2025/M09%20FLU%20v%20BVB%20POST%20MATCH%20REPORT.pdf,14,German CANO,5.0,3.0,60.0,0.0,0.0,0.0,2.0,1.0,50.0,0.0,0.0,0.0,0.0,0.0,42,0.0,0.0,0.0,1.0,1.0,14.0,1.0,0.0,1.0,0.0,1.0,9.0,8.0,0.0,1.0,47,2818.3,1130.1,925.1,489.2,210.4,63.5,46.0,19.0,29.7,50
fluminensefc:45,fluminensefc,Fluminense FC,9,2025-06-17,https://www.fifatrainingcentre.com/media/native/tournaments/fcwc/2025/M09%20FLU%20v%20BVB%20POST%20MATCH%20REPORT.pdf,45,LIMA,7.0,6.0,86.0,0.0,0.0,0.0,2.0,1.0,50.0,0.0,0.0,0.0,0.0,0.0,42,2.0,0.0,1.0,0.0,5.0,8.0,0.0,0.0,0.0,0.0,0.0,7.0,5.0,0.0,1.0,47,2311.6,711.0,1019.7,413.9,139.5,27.5,38.0,9.0,26.9,50
fluminensefc:77,fluminensefc,Fluminense FC,9,2025-06-17,https://www.fifatrainingcentre.com/media/native/tournaments/fcwc/2025/M09%20FLU%20v%20BVB%20POST%20MATCH%20REPORT.pdf,77,PAULO BAYA,1.0,1.0,100.0,0.0,0.0,0.0,1.0,1.0,100.0,1.0,0.0,1.0,0.0,0.0,42,0.0,0.0,0.0,0.0,0.0,4.0,0.0,0.0,0.0,0.0,1.0,0.0,0.0,0.0,0.0,47,1281.8,321.3,374.2,262.0,219.6,104.6,22.0,20.0,31.7,50
fluminensefc:90,fluminensefc,Fluminense FC,9,2025-06-17,https://www.fifatrainingcentre.com/media/native/tournaments/fcwc/2025/M09%20FLU%20v%20BVB%20POST%20MATCH%20REPORT.pdf,90,Kevin SERNA,14.0,13.0,93.0,0.0,4.0,0.0,3.0,2.0,67.0,6.0,4.0,2.0,1.0,0.0,42,1.0,1.0,0.0,0.0,1.0,9.0,0.0,0.0,0.0,0.0,1.0,6.0,4.0,1.0,0.0,47,3229.0,1050.4,1362.8,463.3,203.3,149.1,41.0,20.0,32.7,50
borussiadortmund:1,borussiadortmund,Borussia Dortmund,9,2025-06-17,https://www.fifatrainingcentre.com/media/native/tournaments/fcwc/2025/M09%20FLU%20v%20BVB%20POST%20MATCH%20REPORT.pdf,1,Gregor KOBEL,42.0,33.0,79.0,0.0,0.0,0.0,11.0,6.0,55.0,0.0,0.0,0.0,0.0,0.0,44,0.0,0.0,0.0,0.0,0.0,0.0,0.0,0.0,0.0,1.0,2.0,0.0,0.0,8.0,0.0,48,5964.2,4321.0,1475.3,139.2,28.7,0.0,16.0,2.0,25.1,51
borussiadortmund:3,borussiadortmund,Borussia Dortmund,9,2025-06-17,https://www.fifatrainingcentre.com/media/native/tournaments/fcwc/2025/M09%20FLU%20v%20BVB%20POST%20MATCH%20REPORT.pdf,3,Waldemar ANTON,94.0,90.0,96.0,0.0,0.0,0.0,23.0,20.0,87.0,0.0,0.0,0.0,0.0,0.0,44,3.0,2.0,4.0,5.0,8.0,10.0,1.0,0.0,1.0,4.0,5.0,19.0,5.0,13.0,3.0,48,10784.4,3383.3,5099.1,1424.3,519.0,358.7,135.0,43.0,32.7,51
borussiadortmund:5,borussiadortmund,Borussia Dortmund,9,2025-06-17,https://www.fifatrainingcentre.com/media/native/tournaments/fcwc/2025/M09%20FLU%20v%20BVB%20POST%20MATCH%20REPORT.pdf,5,Ramy BENSEBAINI,84.0,75.0,89.0,0.0,0.0,0.0,24.0,19.0,79.0,4.0,2.0,2.0,0.0,0.0,44,3.0,1.0,5.0,0.0,2.0,6.0,3.0,0.0,4.0,11.0,7.0,22.0,6.0,12.0,5.0,48,10043.0,3825.4,4179.5,1289.7,510.6,237.7,115.0,46.0,32.3,51
borussiadortmund:9,borussiadortmund,Borussia Dortmund,9,2025-06-17,https://www.fifatrainingcentre.com/media/native/tournaments/fcwc/2025/M09%20FLU%20v%20BVB%20POST%20MATCH%20REPORT.pdf,9,Serhou GUIRASSY,17.0,12.0,71.0,0.0,0.0,0.0,1.0,1.0,100.0,0.0,0.0,0.0,0.0,0.0,44,0.0,0.0,1.0,0.0,0.0,31.0,0.0,0.0,0.0,2.0,2.0,29.0,17.0,0.0,3.0,48,10040.1,3750.0,4105.0,1313.7,584.9,286.5,109.0,59.0,31.1,51
borussiadortmund:10,borussiadortmund,Borussia Dortmund,9,2025-06-17,https://www.fifatrainingcentre.com/media/native/tournaments/fcwc/2025/M09%20FLU%20v%20BVB%20POST%20MATCH%20REPORT.pdf,10,Julian BRANDT,27.0,21.0,78.0,0.0,2.0,0.0,5.0,2.0,40.0,0.0,0.0,0.0,1.0,0.0,44,0.0,0.0,2.0,0.0,0.0,51.0,0.0,0.0,0.0,0.0,5.0,19.0,15.0,0.0,1.0,48,9961.5,3033.0,4355.4,1491.3,885.1,196.8,138.0,69.0,31.5,51
borussiadortmund:13,borussiadortmund,Borussia Dortmund,9,2025-06-17,https://www.fifatrainingcentre.com/media/native/tournaments/fcwc/2025/M09%20FLU%20v%20BVB%20POST%20MATCH%20REPORT.pdf,13,Pascal GROSS,40.0,36.0,90.0,0.0,2.0,0.0,8.0,6.0,75.0,0.0,0.0,0.0,0.0,0.0,44,3.0,0.0,1.0,0.0,6.0,19.0,0.0,0.0,0.0,1.0,4.0,11.0,7.0,1.0,2.0,48,7961.3,2087.0,3545.6,1810.5,479.8,38.4,157.0,31.0,26.9,51
borussiadortmund:20,borussiadortmund,Borussia Dortmund,9,2025-06-17,https://www.fifatrainingcentre.com/media/native/tournaments/fcwc/2025/M09%20FLU%20v%20BVB%20POST%20MATCH%20REPORT.pdf,20,Marcel SABITZER,51.0,44.0,86.0,0.0,0.0,0.0,11.0,9.0,82.0,0.0,0.0,0.0,1.0,0.0,44,3.0,1.0,3.0,2.0,0.0,15.0,1.0,0.0,2.0,2.0,6.0,6.0,2.0,7.0,2.0,48,9661.5,2743.3,4612.4,1738.5,490.2,77.1,148.0,32.0,29.3,51
borussiadortmund:24,borussiadortmund,Borussia Dortmund,9,2025-06-17,https://www.fifatrainingcentre.com/media/native/tournaments/fcwc/2025/M09%20FLU%20v%20BVB%20POST%20MATCH%20REPORT.pdf,24,Daniel SVENSSON,45.0,39.0,87.0,0.0,2.0,0.0,9.0,5.0,56.0,0.0,0.0,0.0,1.0,0.0,44,4.0,1.0,6.0,0.0,9.0,19.0,1.0,0.0,1.0,2.0,8.0,25.0,12.0,1.0,6.0,48,12708.9,3421.1,5679.9,2136.1,1155.6,316.1,197.0,82.0,32.0,51
borussiadortmund:25,borussiadortmund,Borussia Dortmund,9,2025-06-17,https://www.fifatrainingcentre.com/media/native/tournaments/fcwc/2025/M09%20FLU%20v%20BVB%20POST%20MATCH%20REPORT.pdf,25,Niklas SUELE,73.0,70.0,96.0,1.0,0.0,0.0,21.0,19.0,90.0,3.0,0.0,3.0,2.0,0.0,44,6.0,0.0,3.0,2.0,7.0,8.0,4.0,0.0,4.0,6.0,5.0,12.0,6.0,6.0,5.0,48,9882.1,4067.1,4205.8,1020.1,412.4,176.7,100.0,31.0,31.1,51
borussiadortmund:26,borussiadortmund,Borussia Dortmund,9,2025-06-17,https://www.fifatrainingcentre.com/media/native/tournaments/fcwc/2025/M09%20FLU%20v%20BVB%20POST%20MATCH%20REPORT.pdf,26,Julian RYERSON,26.0,24.0,92.0,0.0,4.0,1.0,8.0,7.0,88.0,2.0,2.0,0.0,1.0,0.0,44,0.0,0.0,2.0,0.0,1.0,37.0,1.0,0.0,1.0,0.0,8.0,31.0,22.0,3.0,0.0,48,10487.2,3500.3,4509.4,1495.2,753.3,229.0,126.0,52.0,29.0,51
borussiadortmund:27,borussiadortmund,Borussia Dortmund,9,2025-06-17,https://www.fifatrainingcentre.com/media/native/tournaments/fcwc/2025/M09%20FLU%20v%20BVB%20POST%20MATCH%20REPORT.pdf,27,Karim ADEYEMI,8.0,7.0,88.0,0.0,2.0,0.0,2.0,1.0,50.0,4.0,4.0,0.0,0.0,0.0,44,0.0,0.0,1.0,0.0,1.0,29.0,0.0,0.0,0.0,0.0,1.0,24.0,19.0,1.0,0.0,48,6661.6,2475.3,2765.1,834.8,386.9,199.4,79.0,35.0,31.1,51
borussiadortmund:2,borussiadortmund,Borussia Dortmund,9,2025-06-17,https://www.fifatrainingcentre.com/media/native/tournaments/fcwc/2025/M09%20FLU%20v%20BVB%20POST%20MATCH%20REPORT.pdf,2,YAN COUTO,4.0,3.0,75.0,0.0,1.0,0.0,1.0,1.0,100.0,0.0,0.0,0.0,0.0,0.0,44,2.0,0.0,0.0,0.0,3.0,0.0,0.0,0.0,0.0,0.0,0.0,1.0,0.0,0.0,0.0,48,1154.6,286.4,533.7,147.9,112.2,74.4,12.0,10.0,31.0,51
borussiadortmund:8,borussiadortmund,Borussia Dortmund,9,2025-06-17,https://www.fifatrainingcentre.com/media/native/tournaments/fcwc/2025/M09%20FLU%20v%20BVB%20POST%20MATCH%20REPORT.pdf,8,Felix NMECHA,35.0,30.0,86.0,0.0,0.0,0.0,8.0,7.0,88.0,1.0,1.0,0.0,1.0,0.0,44,0.0,0.0,0.0,1.0,0.0,5.0,1.0,0.0,1.0,0.0,2.0,6.0,1.0,1.0,0.0,48,4310.4,1293.2,1868.9,832.6,229.9,85.9,69.0,19.0,28.9,51
borussiadortmund:17,borussiadortmund,Borussia Dortmund,9,2025-06-17,https://www.fifatrainingcentre.com/media/native/tournaments/fcwc/2025/M09%20FLU%20v%20BVB%20POST%20MATCH%20REPORT.pdf,17,Carney CHUKWUEMEKA,11.0,9.0,82.0,0.0,0.0,0.0,4.0,4.0,100.0,2.0,0.0,2.0,0.0,0.0,44,0.0,0.0,1.0,0.0,1.0,8.0,0.0,0.0,0.0,0.0,2.0,3.0,0.0,1.0,0.0,48,2412.5,785.9,954.1,372.1,244.6,56.0,32.0,21.0,28.1,51
borussiadortmund:43,borussiadortmund,Borussia Dortmund,9,2025-06-17,https://www.fifatrainingcentre.com/media/native/tournaments/fcwc/2025/M09%20FLU%20v%20BVB%20POST%20MATCH%20REPORT.pdf,43,Jamie BYNOEGITTENS,5.0,2.0,40.0,0.0,0.0,0.0,0.0,0.0,0.0,1.0,1.0,0.0,0.0,0.0,44,1.0,0.0,0.0,0.0,2.0,7.0,0.0,0.0,0.0,0.0,2.0,4.0,2.0,0.0,0.0,48,2426.5,615.1,1106.3,456.8,205.6,42.7,38.0,16.0,29.5,51
borussiadortmund:77,borussiadortmund,Borussia Dortmund,9,2025-06-17,https://www.fifatrainingcentre.com/media/native/tournaments/fcwc/2025/M09%20FLU%20v%20BVB%20POST%20MATCH%20REPORT.pdf,77,Jobe BELLINGHAM,27.0,25.0,93.0,0.0,0.0,0.0,10.0,8.0,80.0,0.0,0.0,0.0,0.0,0.0,44,1.0,0.0,0.0,0.0,0.0,7.0,0.0,0.0,0.0,3.0,3.0,5.0,4.0,1.0,2.0,48,4369.7,1418.9,1724.1,788.9,308.1,129.8,65.0,27.0,33.4,51
cariverplate:1,cariverplate,CA River Plate,10,2025-06-17,https://www.fifatrainingcentre.com/media/native/tournaments/fcwc/2025/M10%20RIV%20V%20URD%20POST%20MATCH%20REPORT.pdf,1,Franco ARMANI,31.0,18.0,58.0,0.0,0.0,0.0,18.0,7.0,39.0,0.0,0.0,0.0,0.0,0.0,42,0.0,0.0,0.0,0.0,0.0,0.0,0.0,0.0,0.0,0.0,2.0,0.0,0.0,10.0,0.0,47,5521.6,4623.5,869.6,26.9,1.6,0.0,2.0,0.0,20.3,50
cariverplate:4,cariverplate,CA River Plate,10,2025-06-17,https://www.fifatrainingcentre.com/media/native/tournaments/fcwc/2025/M10%20RIV%20V%20URD%20POST%20MATCH%20REPORT.pdf,4,Gonzalo MONTIEL,55.0,49.0,89.0,0.0,1.0,1.0,13.0,11.0,85.0,1.0,0.0,1.0,0.0,0.0,42,2.0,0.0,1.0,3.0,2.0,4.0,2.0,0.0,2.0,2.0,3.0,12.0,4.0,5.0,1.0,47,10985.0,3577.6,4632.8,1545.8,735.1,493.6,135.0,63.0,32.9,50
cariverplate:6,cariverplate,CA River Plate,10,2025-06-17,https://www.fifatrainingcentre.com/media/native/tournaments/fcwc/2025/M10%20RIV%20V%20URD%20POST%20MATCH%20REPORT.pdf,6,German PEZZELLA,55.0,50.0,91.0,0.0,0.0,0.0,15.0,10.0,67.0,0.0,0.0,0.0,0.0,0.0,42,1.0,0.0,2.0,0.0,2.0,5.0,2.0,0.0,3.0,9.0,5.0,7.0,1.0,4.0,8.0,47,10173.6,3989.6,4542.3,1149.9,391.3,100.5,110.0,34.0,29.2,50
cariverplate:11,cariverplate,CA River Plate,10,2025-06-17,https://www.fifatrainingcentre.com/media/native/tournaments/fcwc/2025/M10%20RIV%20V%20URD%20POST%20MATCH%20REPORT.pdf,11,Facundo COLIDIO,31.0,22.0,71.0,1.0,1.0,0.0,6.0,5.0,83.0,4.0,3.0,1.0,1.0,1.0,42,4.0,0.0,3.0,1.0,7.0,27.0,0.0,0.0,0.0,0.0,5.0,25.0,15.0,2.0,2.0,47,8177.4,2923.0,3136.4,1297.8,604.5,215.7,111.0,47.0,30.9,50
cariverplate:15,cariverplate,CA River Plate,10,2025-06-17,https://www.fifatrainingcentre.com/media/native/tournaments/fcwc/2025/M10%20RIV%20V%20URD%20POST%20MATCH%20REPORT.pdf,15,Sebastian DRIUSSI,8.0,7.0,88.0,0.0,0.0,0.0,2.0,2.0,100.0,0.0,0.0,0.0,3.0,1.0,42,2.0,0.0,0.0,2.0,8.0,22.0,2.0,0.0,2.0,0.0,2.0,17.0,7.0,2.0,0.0,47,6413.7,1977.8,2526.5,1040.8,618.3,250.2,89.0,52.0,30.7,50
cariverplate:21,cariverplate,CA River Plate,10,2025-06-17,https://www.fifatrainingcentre.com/media/native/tournaments/fcwc/2025/M10%20RIV%20V%20URD%20POST%20MATCH%20REPORT.pdf,21,Marcos ACUNA,86.0,66.0,77.0,1.0,7.0,4.0,34.0,19.0,56.0,2.0,1.0,1.0,0.0,0.0,42,1.0,1.0,5.0,1.0,3.0,4.0,4.0,0.0,4.0,2.0,15.0,8.0,4.0,6.0,2.0,47,9083.5,3526.7,3739.0,993.7,637.7,186.4,84.0,45.0,32.2,50
cariverplate:22,cariverplate,CA River Plate,10,2025-06-17,https://www.fifatrainingcentre.com/media/native/tournaments/fcwc/2025/M10%20RIV%20V%20URD%20POST%20MATCH%20REPORT.pdf,22,Kevin CASTANO,81.0,78.0,96.0,2.0,1.0,0.0,23.0,22.0,96.0,0.0,0.0,0.0,0.0,0.0,42,3.0,2.0,4.0,0.0,6.0,15.0,0.0,0.0,0.0,1.0,4.0,23.0,9.0,5.0,1.0,47,11116.4,3331.2,5184.5,1994.4,511.7,94.7,184.0,36.0,30.8,50
cariverplate:24,cariverplate,CA River Plate,10,2025-06-17,https://www.fifatrainingcentre.com/media/native/tournaments/fcwc/2025/M10%20RIV%20V%20URD%20POST%20MATCH%20REPORT.pdf,24,Enzo PEREZ,42.0,39.0,93.0,1.0,0.0,0.0,1.0,1.0,100.0,1.0,0.0,1.0,1.0,0.0,42,4.0,1.0,2.0,0.0,4.0,5.0,3.0,0.0,3.0,1.0,5.0,7.0,1.0,4.0,2.0,47,6021.4,1680.9,2957.8,1032.7,278.7,71.2,90.0,19.0,30.4,50
cariverplate:26,cariverplate,CA River Plate,10,2025-06-17,https://www.fifatrainingcentre.com/media/native/tournaments/fcwc/2025/M10%20RIV%20V%20URD%20POST%20MATCH%20REPORT.pdf,26,Ignacio FERNANDEZ,32.0,29.0,91.0,1.0,0.0,0.0,12.0,12.0,100.0,1.0,0.0,1.0,1.0,0.0,42,1.0,0.0,0.0,0.0,2.0,15.0,0.0,0.0,0.0,0.0,5.0,12.0,6.0,0.0,1.0,47,5821.6,1595.0,2485.5,1121.0,489.4,130.6,107.0,33.0,28.6,50
cariverplate:28,cariverplate,CA River Plate,10,2025-06-17,https://www.fifatrainingcentre.com/media/native/tournaments/fcwc/2025/M10%20RIV%20V%20URD%20POST%20MATCH%20REPORT.pdf,28,Lucas MARTINEZ QUARTA,89.0,84.0,94.0,6.0,0.0,0.0,28.0,25.0,89.0,3.0,2.0,1.0,0.0,0.0,42,2.0,0.0,4.0,0.0,4.0,7.0,3.0,0.0,3.0,5.0,7.0,11.0,4.0,2.0,2.0,47,10587.4,3590.6,5150.2,1273.6,436.1,136.9,119.0,39.0,30.3,50
cariverplate:30,cariverplate,CA River Plate,10,2025-06-17,https://www.fifatrainingcentre.com/media/native/tournaments/fcwc/2025/M10%20RIV%20V%20URD%20POST%20MATCH%20REPORT.pdf,30,Franco MASTANTUONO,31.0,27.0,87.0,2.0,0.0,0.0,4.0,4.0,100.0,5.0,5.0,0.0,2.0,0.0,42,2.0,1.0,0.0,2.0,6.0,27.0,1.0,0.0,1.0,0.0,1.0,28.0,20.0,3.0,0.0,47,9493.2,4245.1,2809.2,1477.4,662.8,298.8,121.0,60.0,32.6,50
cariverplate:8,cariverplate,CA River Plate,10,2025-06-17,https://www.fifatrainingcentre.com/media/native/tournaments/fcwc/2025/M10%20RIV%20V%20URD%20POST%20MATCH%20REPORT.pdf,8,Maximiliano MEZA,20.0,15.0,75.0,0.0,0.0,0.0,6.0,4.0,67.0,1.0,1.0,0.0,2.0,1.0,42,1.0,1.0,0.0,0.0,0.0,26.0,1.0,0.0,1.0,0.0,4.0,15.0,9.0,1.0,0.0,47,5543.2,1846.1,2253.0,963.6,416.4,64.2,96.0,27.0,28.7,50
cariverplate:9,cariverplate,CA River Plate,10,2025-06-17,https://www.fifatrainingcentre.com/media/native/tournaments/fcwc/2025/M10%20RIV%20V%20URD%20POST%20MATCH%20REPORT.pdf,9,Miguel BORJA,8.0,7.0,88.0,0.0,0.0,0.0,2.0,1.0,50.0,0.0,0.0,0.0,1.0,0.0,42,2.0,0.0,2.0,0.0,2.0,9.0,4.0,0.0,4.0,0.0,1.0,2.0,1.0,0.0,0.0,47,4380.3,1767.8,1733.7,507.1,259.8,111.8,52.0,20.0,32.3,50
cariverplate:18,cariverplate,CA River Plate,10,2025-06-17,https://www.fifatrainingcentre.com/media/native/tournaments/fcwc/2025/M10%20RIV%20V%20URD%20POST%20MATCH%20REPORT.pdf,18,Gonzalo MARTINEZ,14.0,11.0,79.0,0.0,1.0,0.0,2.0,2.0,100.0,1.0,0.0,1.0,1.0,0.0,42,1.0,0.0,2.0,1.0,3.0,10.0,0.0,0.0,0.0,0.0,1.0,7.0,4.0,1.0,1.0,47,2400.9,778.3,1055.7,314.8,196.0,56.2,27.0,16.0,30.0,50
cariverplate:20,cariverplate,CA River Plate,10,2025-06-17,https://www.fifatrainingcentre.com/media/native/tournaments/fcwc/2025/M10%20RIV%20V%20URD%20POST%20MATCH%20REPORT.pdf,20,Milton CASCO,4.0,3.0,75.0,0.0,0.0,0.0,1.0,0.0,0.0,0.0,0.0,0.0,0.0,0.0,42,0.0,0.0,0.0,0.0,1.0,1.0,0.0,0.0,0.0,0.0,0.0,1.0,1.0,0.0,0.0,47,912.3,206.3,563.6,110.4,32.0,0.0,11.0,3.0,24.1,50
cariverplate:34,cariverplate,CA River Plate,10,2025-06-17,https://www.fifatrainingcentre.com/media/native/tournaments/fcwc/2025/M10%20RIV%20V%20URD%20POST%20MATCH%20REPORT.pdf,34,Giuliano GALOPPO,13.0,12.0,92.0,1.0,0.0,0.0,1.0,1.0,100.0,0.0,0.0,0.0,1.0,0.0,42,5.0,0.0,1.0,0.0,3.0,13.0,1.0,0.0,1.0,4.0,2.0,20.0,5.0,1.0,4.0,47,5791.5,1693.7,2537.7,941.2,506.6,112.3,86.0,42.0,29.8,50
urawareddiamonds:1,urawareddiamonds,Urawa Red Diamonds,10,2025-06-17,https://www.fifatrainingcentre.com/media/native/tournaments/fcwc/2025/M10%20RIV%20V%20URD%20POST%20MATCH%20REPORT.pdf,1,Shusaku NISHIKAWA,32.0,18.0,56.0,0.0,0.0,0.0,22.0,10.0,45.0,0.0,0.0,0.0,0.0,0.0,44,0.0,0.0,0.0,0.0,0.0,0.0,0.0,0.0,0.0,0.0,0.0,0.0,0.0,3.0,0.0,48,4762.1,3806.7,914.8,40.7,0.0,0.0,6.0,0.0,17.5,51
urawareddiamonds:3,urawareddiamonds,Urawa Red Diamonds,10,2025-06-17,https://www.fifatrainingcentre.com/media/native/tournaments/fcwc/2025/M10%20RIV%20V%20URD%20POST%20MATCH%20REPORT.pdf,3,DANILO BOZA,49.0,37.0,76.0,0.0,1.0,1.0,19.0,13.0,68.0,6.0,2.0,4.0,0.0,0.0,44,2.0,0.0,1.0,3.0,3.0,2.0,8.0,0.0,8.0,8.0,7.0,6.0,2.0,11.0,7.0,48,10662.1,4027.9,4585.8,1416.7,516.5,115.2,119.0,43.0,32.2,51
urawareddiamonds:4,urawareddiamonds,Urawa Red Diamonds,10,2025-06-17,https://www.fifatrainingcentre.com/media/native/tournaments/fcwc/2025/M10%20RIV%20V%20URD%20POST%20MATCH%20REPORT.pdf,4,Hirokazu ISHIHARA,44.0,31.0,70.0,0.0,2.0,1.0,9.0,4.0,44.0,1.0,1.0,0.0,0.0,0.0,44,5.0,0.0,4.0,0.0,9.0,18.0,3.0,0.0,3.0,1.0,5.0,35.0,18.0,5.0,1.0,48,10988.4,3455.0,4849.1,1571.5,762.8,349.9,142.0,67.0,32.2,51
urawareddiamonds:5,urawareddiamonds,Urawa Red Diamonds,10,2025-06-17,https://www.fifatrainingcentre.com/media/native/tournaments/fcwc/2025/M10%20RIV%20V%20URD%20POST%20MATCH%20REPORT.pdf,5,Marius HOIBRATEN,40.0,35.0,88.0,0.0,0.0,0.0,6.0,4.0,67.0,0.0,0.0,0.0,0.0,0.0,44,2.0,0.0,0.0,0.0,2.0,0.0,2.0,0.0,2.0,4.0,7.0,8.0,1.0,1.0,5.0,48,9993.1,3305.6,4833.1,1305.8,438.8,109.9,121.0,35.0,31.0,51
urawareddiamonds:8,urawareddiamonds,Urawa Red Diamonds,10,2025-06-17,https://www.fifatrainingcentre.com/media/native/tournaments/fcwc/2025/M10%20RIV%20V%20URD%20POST%20MATCH%20REPORT.pdf,8,MATHEUS SAVIO,24.0,16.0,67.0,0.0,5.0,1.0,7.0,4.0,57.0,3.0,3.0,0.0,0.0,0.0,44,2.0,1.0,1.0,0.0,1.0,27.0,1.0,0.0,1.0,0.0,4.0,36.0,13.0,1.0,0.0,48,9007.6,2535.1,4181.6,1430.1,632.7,228.2,123.0,54.0,31.9,51
urawareddiamonds:11,urawareddiamonds,Urawa Red Diamonds,10,2025-06-17,https://www.fifatrainingcentre.com/media/native/tournaments/fcwc/2025/M10%20RIV%20V%20URD%20POST%20MATCH%20REPORT.pdf,11,Samuel GUSTAFSON,49.0,43.0,88.0,0.0,0.0,0.0,15.0,10.0,67.0,2.0,1.0,1.0,0.0,0.0,44,5.0,0.0,4.0,0.0,6.0,18.0,1.0,0.0,1.0,0.0,13.0,22.0,9.0,3.0,2.0,48,10852.4,3038.8,5200.3,1891.3,520.7,201.4,163.0,39.0,31.3,51
urawareddiamonds:13,urawareddiamonds,Urawa Red Diamonds,10,2025-06-17,https://www.fifatrainingcentre.com/media/native/tournaments/fcwc/2025/M10%20RIV%20V%20URD%20POST%20MATCH%20REPORT.pdf,13,Ryoma WATANABE,34.0,30.0,88.0,1.0,0.0,0.0,7.0,6.0,86.0,2.0,2.0,0.0,3.0,0.0,44,1.0,0.0,1.0,0.0,6.0,18.0,0.0,0.0,1.0,1.0,5.0,22.0,13.0,1.0,2.0,48,12727.7,3325.6,5565.7,2488.5,1052.0,295.9,216.0,80.0,30.4,51
urawareddiamonds:24,urawareddiamonds,Urawa Red Diamonds,10,2025-06-17,https://www.fifatrainingcentre.com/media/native/tournaments/fcwc/2025/M10%20RIV%20V%20URD%20POST%20MATCH%20REPORT.pdf,24,Yusuke MATSUO,18.0,14.0,78.0,0.0,3.0,1.0,4.0,4.0,100.0,5.0,2.0,3.0,2.0,1.0,44,0.0,0.0,2.0,0.0,1.0,38.0,0.0,0.0,0.0,0.0,4.0,35.0,24.0,1.0,0.0,48,10902.3,3927.7,4624.1,1324.9,701.0,324.5,118.0,60.0,32.3,51
urawareddiamonds:25,urawareddiamonds,Urawa Red Diamonds,10,2025-06-17,https://www.fifatrainingcentre.com/media/native/tournaments/fcwc/2025/M10%20RIV%20V%20URD%20POST%20MATCH%20REPORT.pdf,25,Kaito YASUI,34.0,29.0,85.0,1.0,0.0,0.0,9.0,8.0,89.0,1.0,0.0,1.0,0.0,0.0,44,3.0,2.0,3.0,2.0,2.0,11.0,1.0,0.0,1.0,2.0,4.0,12.0,4.0,7.0,3.0,48,9314.8,2857.0,4417.7,1491.6,454.3,94.2,141.0,35.0,32.9,51
urawareddiamonds:77,urawareddiamonds,Urawa Red Diamonds,10,2025-06-17,https://www.fifatrainingcentre.com/media/native/tournaments/fcwc/2025/M10%20RIV%20V%20URD%20POST%20MATCH%20REPORT.pdf,77,Takuro KANEKO,14.0,10.0,71.0,0.0,2.0,0.0,6.0,4.0,67.0,3.0,3.0,0.0,1.0,0.0,44,2.0,0.0,4.0,0.0,3.0,40.0,0.0,0.0,0.0,1.0,1.0,39.0,25.0,2.0,3.0,48,8297.3,2519.5,3439.7,1485.3,663.8,189.0,127.0,58.0,32.5,51
urawareddiamonds:88,urawareddiamonds,Urawa Red Diamonds,10,2025-06-17,https://www.fifatrainingcentre.com/media/native/tournaments/fcwc/2025/M10%20RIV%20V%20URD%20POST%20MATCH%20REPORT.pdf,88,Yoichi NAGANUMA,29.0,24.0,83.0,0.0,0.0,0.0,11.0,8.0,73.0,1.0,0.0,1.0,1.0,0.0,44,5.0,1.0,0.0,0.0,7.0,13.0,0.0,0.0,0.0,2.0,4.0,26.0,17.0,1.0,2.0,48,8303.1,3185.3,3228.5,1240.6,455.1,193.6,108.0,42.0,31.3,51
urawareddiamonds:6,urawareddiamonds,Urawa Red Diamonds,10,2025-06-17,https://www.fifatrainingcentre.com/media/native/tournaments/fcwc/2025/M10%20RIV%20V%20URD%20POST%20MATCH%20REPORT.pdf,6,Taishi MATSUMOTO,10.0,9.0,90.0,0.0,0.0,0.0,3.0,2.0,67.0,0.0,0.0,0.0,0.0,0.0,44,1.0,0.0,0.0,1.0,1.0,9.0,0.0,0.0,0.0,0.0,1.0,5.0,4.0,1.0,0.0,48,2289.7,436.2,1057.5,594.6,158.1,43.4,49.0,12.0,26.6,51
urawareddiamonds:9,urawareddiamonds,Urawa Red Diamonds,10,2025-06-17,https://www.fifatrainingcentre.com/media/native/tournaments/fcwc/2025/M10%20RIV%20V%20URD%20POST%20MATCH%20REPORT.pdf,9,Genki HARAGUCHI,4.0,4.0,100.0,1.0,0.0,0.0,1.0,1.0,100.0,0.0,0.0,0.0,1.0,0.0,44,0.0,0.0,1.0,0.0,0.0,4.0,0.0,0.0,0.0,0.0,1.0,5.0,2.0,0.0,0.0,48,1237.3,253.1,539.1,258.3,109.3,77.5,22.0,11.0,30.2,51
urawareddiamonds:12,urawareddiamonds,Urawa Red Diamonds,10,2025-06-17,https://www.fifatrainingcentre.com/media/native/tournaments/fcwc/2025/M10%20RIV%20V%20URD%20POST%20MATCH%20REPORT.pdf,12,THIAGO SANTANA,1.0,1.0,100.0,0.0,0.0,0.0,0.0,0.0,0.0,0.0,0.0,0.0,1.0,0.0,44,3.0,0.0,0.0,0.0,2.0,7.0,1.0,0.0,1.0,0.0,0.0,10.0,5.0,0.0,0.0,48,2614.2,903.9,984.6,403.1,226.2,96.4,39.0,19.0,28.7,51
urawareddiamonds:14,urawareddiamonds,Urawa Red Diamonds,10,2025-06-17,https://www.fifatrainingcentre.com/media/native/tournaments/fcwc/2025/M10%20RIV%20V%20URD%20POST%20MATCH%20REPORT.pdf,14,Takahiro SEKINE,6.0,5.0,83.0,0.0,1.0,0.0,1.0,0.0,0.0,0.0,0.0,0.0,0.0,0.0,44,0.0,0.0,0.0,0.0,3.0,7.0,0.0,0.0,0.0,0.0,0.0,15.0,7.0,0.0,0.0,48,2887.5,787.0,1281.1,506.5,212.7,100.2,35.0,18.0,31.7,51
urawareddiamonds:26,urawareddiamonds,Urawa Red Diamonds,10,2025-06-17,https://www.fifatrainingcentre.com/media/native/tournaments/fcwc/2025/M10%20RIV%20V%20URD%20POST%20MATCH%20REPORT.pdf,26,Takuya OGIWARA,8.0,8.0,100.0,0.0,1.0,0.0,2.0,2.0,100.0,0.0,0.0,0.0,1.0,0.0,44,1.0,0.0,0.0,2.0,0.0,6.0,0.0,0.0,0.0,0.0,0.0,7.0,3.0,2.0,1.0,48,1972.5,597.9,758.4,255.3,249.5,111.5,21.0,20.0,31.9,51
ulsanhd:21,ulsanhd,Ulsan HD,11,2025-06-17,https://www.fifatrainingcentre.com/media/native/tournaments/fcwc/2025/M11%20UHD%20V%20MSU%20POST%20MATCH%20REPORT%20V2.pdf,21,JO Hyeonwoo,16.0,16.0,100.0,0.0,0.0,0.0,4.0,4.0,100.0,0.0,0.0,0.0,0.0,0.0,42,0.0,0.0,0.0,0.0,0.0,0.0,0.0,0.0,0.0,0.0,3.0,0.0,0.0,2.0,0.0,47,5779.2,4871.2,817.1,73.7,17.2,0.0,8.0,2.0,23.9,50
ulsanhd:4,ulsanhd,Ulsan HD,11,2025-06-17,https://www.fifatrainingcentre.com/media/native/tournaments/fcwc/2025/M11%20UHD%20V%20MSU%20POST%20MATCH%20REPORT%20V2.pdf,4,SEO Myungguan,25.0,23.0,92.0,0.0,0.0,0.0,10.0,8.0,80.0,0.0,0.0,0.0,0.0,0.0,42,2.0,1.0,5.0,3.0,2.0,2.0,1.0,0.0,1.0,5.0,3.0,36.0,4.0,6.0,5.0,47,8216.0,3131.6,3525.2,924.8,426.0,208.3,85.0,34.0,31.2,50
ulsanhd:5,ulsanhd,Ulsan HD,11,2025-06-17,https://www.fifatrainingcentre.com/media/native/tournaments/fcwc/2025/M11%20UHD%20V%20MSU%20POST%20MATCH%20REPORT%20V2.pdf,5,JUNG Wooyoung,33.0,32.0,97.0,2.0,0.0,0.0,11.0,10.0,91.0,1.0,1.0,0.0,1.0,0.0,42,5.0,2.0,2.0,0.0,6.0,12.0,1.0,0.0,2.0,5.0,1.0,41.0,8.0,4.0,6.0,47,8696.6,3151.9,3765.9,1282.7,420.6,75.6,116.0,31.0,28.6,50
ulsanhd:6,ulsanhd,Ulsan HD,11,2025-06-17,https://www.fifatrainingcentre.com/media/native/tournaments/fcwc/2025/M11%20UHD%20V%20MSU%20POST%20MATCH%20REPORT%20V2.pdf,6,Darijan BOJANIC,27.0,22.0,81.0,0.0,4.0,1.0,9.0,8.0,89.0,1.0,0.0,1.0,2.0,0.0,42,3.0,0.0,2.0,1.0,6.0,26.0,0.0,0.0,0.0,0.0,6.0,34.0,11.0,2.0,1.0,47,8711.0,2619.9,4549.6,1190.5,298.6,52.4,105.0,20.0,28.8,50
ulsanhd:7,ulsanhd,Ulsan HD,11,2025-06-17,https://www.fifatrainingcentre.com/media/native/tournaments/fcwc/2025/M11%20UHD%20V%20MSU%20POST%20MATCH%20REPORT%20V2.pdf,7,KO Seungbeom,41.0,35.0,85.0,2.0,0.0,0.0,10.0,8.0,80.0,0.0,0.0,0.0,1.0,0.0,42,7.0,3.0,5.0,0.0,9.0,64.0,0.0,0.0,1.0,1.0,8.0,40.0,25.0,4.0,5.0,47,11990.3,3587.5,5319.2,2037.7,835.0,210.9,190.0,69.0,30.0,50
ulsanhd:11,ulsanhd,Ulsan HD,11,2025-06-17,https://www.fifatrainingcentre.com/media/native/tournaments/fcwc/2025/M11%20UHD%20V%20MSU%20POST%20MATCH%20REPORT%20V2.pdf,11,UM Wonsang,25.0,19.0,76.0,0.0,6.0,2.0,6.0,5.0,83.0,6.0,3.0,3.0,0.0,0.0,42,1.0,0.0,2.0,0.0,1.0,8.0,1.0,0.0,2.0,2.0,4.0,12.0,7.0,2.0,2.0,47,9693.8,3927.1,3931.7,1136.5,460.7,237.8,100.0,44.0,33.6,50
ulsanhd:17,ulsanhd,Ulsan HD,11,2025-06-17,https://www.fifatrainingcentre.com/media/native/tournaments/fcwc/2025/M11%20UHD%20V%20MSU%20POST%20MATCH%20REPORT%20V2.pdf,17,Gustav LUDWIGSON,33.0,26.0,79.0,1.0,4.0,0.0,9.0,6.0,67.0,4.0,2.0,2.0,0.0,0.0,42,2.0,0.0,1.0,2.0,3.0,39.0,0.0,0.0,1.0,2.0,7.0,45.0,29.0,2.0,3.0,47,10329.2,4191.4,3782.1,1263.0,706.9,385.8,102.0,60.0,33.2,50
ulsanhd:19,ulsanhd,Ulsan HD,11,2025-06-17,https://www.fifatrainingcentre.com/media/native/tournaments/fcwc/2025/M11%20UHD%20V%20MSU%20POST%20MATCH%20REPORT%20V2.pdf,19,KIM Younggwon,36.0,31.0,86.0,0.0,0.0,0.0,15.0,14.0,93.0,0.0,0.0,0.0,0.0,0.0,42,9.0,1.0,4.0,2.0,7.0,4.0,0.0,0.0,0.0,2.0,3.0,28.0,6.0,4.0,7.0,47,8729.7,4646.2,3023.8,699.7,291.7,68.4,70.0,22.0,29.2,50
ulsanhd:27,ulsanhd,Ulsan HD,11,2025-06-17,https://www.fifatrainingcentre.com/media/native/tournaments/fcwc/2025/M11%20UHD%20V%20MSU%20POST%20MATCH%20REPORT%20V2.pdf,27,LEE Chungyong,13.0,13.0,100.0,1.0,1.0,0.0,2.0,2.0,100.0,1.0,1.0,0.0,0.0,0.0,42,0.0,0.0,2.0,0.0,1.0,39.0,0.0,0.0,0.0,0.0,1.0,49.0,27.0,2.0,1.0,47,7822.8,2715.9,3604.3,1132.7,314.4,55.6,107.0,28.0,30.6,50
ulsanhd:66,ulsanhd,Ulsan HD,11,2025-06-17,https://www.fifatrainingcentre.com/media/native/tournaments/fcwc/2025/M11%20UHD%20V%20MSU%20POST%20MATCH%20REPORT%20V2.pdf,66,Milosz TROJAK,34.0,30.0,88.0,1.0,0.0,0.0,12.0,10.0,83.0,0.0,0.0,0.0,0.0,0.0,42,4.0,3.0,4.0,0.0,5.0,4.0,1.0,0.0,1.0,9.0,4.0,17.0,7.0,8.0,6.0,47,9304.8,4256.9,3843.5,822.2,296.3,85.9,74.0,23.0,30.6,50
ulsanhd:97,ulsanhd,Ulsan HD,11,2025-06-17,https://www.fifatrainingcentre.com/media/native/tournaments/fcwc/2025/M11%20UHD%20V%20MSU%20POST%20MATCH%20REPORT%20V2.pdf,97,ERICK FARIAS,13.0,12.0,92.0,0.0,1.0,0.0,1.0,1.0,100.0,1.0,0.0,1.0,2.0,0.0,42,1.0,0.0,3.0,0.0,0.0,44.0,3.0,0.0,3.0,1.0,0.0,22.0,9.0,0.0,4.0,47,10181.1,4025.6,4435.0,1133.5,447.4,139.7,99.0,35.0,28.5,50
ulsanhd:13,ulsanhd,Ulsan HD,11,2025-06-17,https://www.fifatrainingcentre.com/media/native/tournaments/fcwc/2025/M11%20UHD%20V%20MSU%20POST%20MATCH%20REPORT%20V2.pdf,13,KANG Sangwoo,8.0,4.0,50.0,0.0,0.0,0.0,4.0,1.0,25.0,0.0,0.0,0.0,0.0,0.0,42,0.0,0.0,0.0,1.0,3.0,0.0,0.0,0.0,0.0,1.0,3.0,4.0,1.0,2.0,1.0,47,1930.4,672.8,819.1,261.5,153.4,23.5,21.0,12.0,27.9,50
ulsanhd:14,ulsanhd,Ulsan HD,11,2025-06-17,https://www.fifatrainingcentre.com/media/native/tournaments/fcwc/2025/M11%20UHD%20V%20MSU%20POST%20MATCH%20REPORT%20V2.pdf,14,LEE Jinhyun,7.0,6.0,86.0,0.0,5.0,2.0,2.0,2.0,100.0,0.0,0.0,0.0,0.0,0.0,42,0.0,0.0,1.0,0.0,0.0,4.0,0.0,0.0,0.0,0.0,1.0,4.0,1.0,1.0,0.0,47,3002.7,690.5,1296.3,690.0,259.1,66.8,58.0,16.0,29.5,50
ulsanhd:16,ulsanhd,Ulsan HD,11,2025-06-17,https://www.fifatrainingcentre.com/media/native/tournaments/fcwc/2025/M11%20UHD%20V%20MSU%20POST%20MATCH%20REPORT%20V2.pdf,16,LEE Huigyun,11.0,9.0,82.0,0.0,0.0,0.0,6.0,4.0,67.0,1.0,0.0,1.0,0.0,0.0,42,1.0,0.0,1.0,0.0,3.0,9.0,0.0,0.0,1.0,0.0,3.0,7.0,1.0,0.0,2.0,47,2851.5,755.8,1202.5,647.4,231.7,14.2,50.0,17.0,26.7,50
ulsanhd:36,ulsanhd,Ulsan HD,11,2025-06-17,https://www.fifatrainingcentre.com/media/native/tournaments/fcwc/2025/M11%20UHD%20V%20MSU%20POST%20MATCH%20REPORT%20V2.pdf,36,Matias LACAVA,6.0,4.0,67.0,0.0,2.0,0.0,3.0,1.0,33.0,1.0,0.0,1.0,2.0,0.0,42,3.0,1.0,1.0,0.0,2.0,8.0,0.0,0.0,0.0,0.0,1.0,9.0,5.0,2.0,1.0,47,3656.1,1456.8,1252.3,549.9,242.9,154.3,50.0,19.0,34.0,50
mamelodisundownsfc:30,mamelodisundownsfc,Mamelodi Sundowns FC,11,2025-06-17,https://www.fifatrainingcentre.com/media/native/tournaments/fcwc/2025/M11%20UHD%20V%20MSU%20POST%20MATCH%20REPORT%20V2.pdf,30,Ronwen WILLIAMS,56.0,52.0,93.0,0.0,0.0,0.0,20.0,16.0,80.0,0.0,0.0,0.0,0.0,0.0,44,0.0,0.0,0.0,0.0,0.0,0.0,0.0,0.0,0.0,0.0,3.0,0.0,0.0,5.0,0.0,48,5447.5,4400.4,934.7,99.1,13.3,0.0,8.0,1.0,21.2,51
mamelodisundownsfc:4,mamelodisundownsfc,Mamelodi Sundowns FC,11,2025-06-17,https://www.fifatrainingcentre.com/media/native/tournaments/fcwc/2025/M11%20UHD%20V%20MSU%20POST%20MATCH%20REPORT%20V2.pdf,4,Teboho MOKOENA,97.0,91.0,94.0,1.0,1.0,0.0,26.0,22.0,85.0,0.0,0.0,0.0,4.0,0.0,44,6.0,4.0,1.0,0.0,5.0,13.0,2.0,0.0,3.0,1.0,3.0,17.0,7.0,5.0,4.0,48,9962.2,3284.2,4912.0,1264.6,393.5,107.9,107.0,31.0,29.6,51
mamelodisundownsfc:9,mamelodisundownsfc,Mamelodi Sundowns FC,11,2025-06-17,https://www.fifatrainingcentre.com/media/native/tournaments/fcwc/2025/M11%20UHD%20V%20MSU%20POST%20MATCH%20REPORT%20V2.pdf,9,ARTHUR SALES,27.0,21.0,78.0,0.0,0.0,0.0,4.0,3.0,75.0,3.0,2.0,1.0,1.0,0.0,44,3.0,1.0,2.0,0.0,2.0,19.0,0.0,0.0,0.0,0.0,1.0,3.0,2.0,1.0,2.0,48,7892.3,2871.9,3176.2,1122.7,559.7,161.8,102.0,43.0,32.0,51
mamelodisundownsfc:10,mamelodisundownsfc,Mamelodi Sundowns FC,11,2025-06-17,https://www.fifatrainingcentre.com/media/native/tournaments/fcwc/2025/M11%20UHD%20V%20MSU%20POST%20MATCH%20REPORT%20V2.pdf,10,LUCAS RIBEIRO,49.0,42.0,86.0,3.0,3.0,2.0,13.0,11.0,85.0,8.0,2.0,6.0,2.0,0.0,44,1.0,0.0,2.0,0.0,2.0,8.0,0.0,0.0,0.0,1.0,5.0,3.0,2.0,1.0,3.0,48,8331.2,4087.3,2950.0,788.8,317.5,187.8,79.0,27.0,29.9,51
mamelodisundownsfc:11,mamelodisundownsfc,Mamelodi Sundowns FC,11,2025-06-17,https://www.fifatrainingcentre.com/media/native/tournaments/fcwc/2025/M11%20UHD%20V%20MSU%20POST%20MATCH%20REPORT%20V2.pdf,11,Marcelo ALLENDE,76.0,72.0,95.0,1.0,1.0,0.0,12.0,10.0,83.0,0.0,0.0,0.0,1.0,0.0,44,2.0,1.0,3.0,1.0,2.0,26.0,1.0,0.0,1.0,2.0,8.0,25.0,13.0,4.0,4.0,48,12003.8,3743.9,5994.4,1713.9,484.6,67.0,141.0,34.0,28.0,51
mamelodisundownsfc:13,mamelodisundownsfc,Mamelodi Sundowns FC,11,2025-06-17,https://www.fifatrainingcentre.com/media/native/tournaments/fcwc/2025/M11%20UHD%20V%20MSU%20POST%20MATCH%20REPORT%20V2.pdf,13,Iqraam RAYNERS,19.0,12.0,63.0,0.0,0.0,0.0,4.0,2.0,50.0,2.0,0.0,2.0,2.0,1.0,44,1.0,1.0,1.0,1.0,2.0,22.0,0.0,0.0,0.0,1.0,0.0,22.0,18.0,2.0,1.0,48,7639.6,3743.9,2310.5,861.3,473.7,250.2,83.0,43.0,31.2,51
mamelodisundownsfc:18,mamelodisundownsfc,Mamelodi Sundowns FC,11,2025-06-17,https://www.fifatrainingcentre.com/media/native/tournaments/fcwc/2025/M11%20UHD%20V%20MSU%20POST%20MATCH%20REPORT%20V2.pdf,18,Themba ZWANE,75.0,70.0,93.0,1.0,1.0,1.0,12.0,11.0,92.0,4.0,1.0,3.0,0.0,0.0,44,2.0,0.0,4.0,1.0,4.0,19.0,0.0,0.0,1.0,2.0,7.0,20.0,5.0,2.0,3.0,48,8976.6,3188.5,3824.9,1504.6,423.8,34.8,124.0,29.0,27.1,51
mamelodisundownsfc:20,mamelodisundownsfc,Mamelodi Sundowns FC,11,2025-06-17,https://www.fifatrainingcentre.com/media/native/tournaments/fcwc/2025/M11%20UHD%20V%20MSU%20POST%20MATCH%20REPORT%20V2.pdf,20,Grant KEKANA,76.0,73.0,96.0,0.0,0.0,0.0,11.0,9.0,82.0,1.0,0.0,1.0,0.0,0.0,44,0.0,0.0,0.0,1.0,1.0,4.0,0.0,0.0,0.0,1.0,5.0,2.0,0.0,2.0,0.0,48,9036.7,3680.8,4059.1,943.5,297.6,55.7,92.0,23.0,29.9,51
mamelodisundownsfc:24,mamelodisundownsfc,Mamelodi Sundowns FC,11,2025-06-17,https://www.fifatrainingcentre.com/media/native/tournaments/fcwc/2025/M11%20UHD%20V%20MSU%20POST%20MATCH%20REPORT%20V2.pdf,24,Keanu CUPIDO,83.0,81.0,98.0,4.0,0.0,0.0,9.0,7.0,78.0,0.0,0.0,0.0,0.0,0.0,44,1.0,0.0,1.0,0.0,5.0,7.0,0.0,0.0,2.0,2.0,3.0,8.0,6.0,1.0,1.0,48,8688.2,3436.2,3992.2,854.7,317.9,87.3,72.0,25.0,30.0,51
mamelodisundownsfc:25,mamelodisundownsfc,Mamelodi Sundowns FC,11,2025-06-17,https://www.fifatrainingcentre.com/media/native/tournaments/fcwc/2025/M11%20UHD%20V%20MSU%20POST%20MATCH%20REPORT%20V2.pdf,25,Khuliso MUDAU,73.0,68.0,93.0,0.0,0.0,0.0,11.0,8.0,73.0,0.0,0.0,0.0,0.0,0.0,44,3.0,2.0,8.0,0.0,4.0,13.0,0.0,0.0,0.0,2.0,4.0,21.0,11.0,4.0,3.0,48,9215.4,3815.6,3498.0,1054.1,525.5,322.2,90.0,55.0,35.2,51
mamelodisundownsfc:29,mamelodisundownsfc,Mamelodi Sundowns FC,11,2025-06-17,https://www.fifatrainingcentre.com/media/native/tournaments/fcwc/2025/M11%20UHD%20V%20MSU%20POST%20MATCH%20REPORT%20V2.pdf,29,Divine LUNGA,73.0,64.0,88.0,0.0,1.0,1.0,19.0,15.0,79.0,2.0,2.0,0.0,1.0,0.0,44,5.0,3.0,2.0,1.0,7.0,10.0,1.0,0.0,3.0,4.0,8.0,11.0,5.0,6.0,2.0,48,9570.7,4037.7,3656.0,1163.9,521.4,191.7,104.0,43.0,31.9,51
mamelodisundownsfc:8,mamelodisundownsfc,Mamelodi Sundowns FC,11,2025-06-17,https://www.fifatrainingcentre.com/media/native/tournaments/fcwc/2025/M11%20UHD%20V%20MSU%20POST%20MATCH%20REPORT%20V2.pdf,8,Jayden ADAMS,12.0,11.0,92.0,1.0,0.0,0.0,2.0,1.0,50.0,0.0,0.0,0.0,0.0,0.0,44,0.0,0.0,0.0,0.0,0.0,4.0,0.0,0.0,0.0,0.0,1.0,1.0,1.0,0.0,0.0,48,1469.4,406.0,611.6,253.0,108.9,89.9,21.0,8.0,31.1,51
mamelodisundownsfc:15,mamelodisundownsfc,Mamelodi Sundowns FC,11,2025-06-17,https://www.fifatrainingcentre.com/media/native/tournaments/fcwc/2025/M11%20UHD%20V%20MSU%20POST%20MATCH%20REPORT%20V2.pdf,15,Bathusi AUBAAS,10.0,10.0,100.0,1.0,0.0,0.0,2.0,2.0,100.0,0.0,0.0,0.0,0.0,0.0,44,0.0,0.0,1.0,0.0,1.0,6.0,0.0,0.0,0.0,0.0,2.0,7.0,4.0,1.0,0.0,48,2275.2,484.9,1004.4,580.3,148.6,56.9,51.0,11.0,29.7,51
mamelodisundownsfc:17,mamelodisundownsfc,Mamelodi Sundowns FC,11,2025-06-17,https://www.fifatrainingcentre.com/media/native/tournaments/fcwc/2025/M11%20UHD%20V%20MSU%20POST%20MATCH%20REPORT%20V2.pdf,17,Tashreeq MATTHEWS,6.0,5.0,83.0,0.0,1.0,1.0,1.0,1.0,100.0,0.0,0.0,0.0,2.0,0.0,44,0.0,0.0,2.0,1.0,2.0,7.0,0.0,0.0,0.0,1.0,3.0,4.0,4.0,3.0,1.0,48,3725.9,993.6,1464.2,620.0,512.3,135.7,46.0,35.0,30.8,51
mamelodisundownsfc:34,mamelodisundownsfc,Mamelodi Sundowns FC,11,2025-06-17,https://www.fifatrainingcentre.com/media/native/tournaments/fcwc/2025/M11%20UHD%20V%20MSU%20POST%20MATCH%20REPORT%20V2.pdf,34,Mothobi MVALA,3.0,3.0,100.0,0.0,0.0,0.0,0.0,0.0,0.0,0.0,0.0,0.0,0.0,0.0,44,0.0,0.0,0.0,0.0,0.0,0.0,0.0,0.0,0.0,0.0,0.0,1.0,0.0,0.0,0.0,48,1211.2,347.0,518.9,223.7,113.9,7.8,19.0,8.0,25.7,51
mamelodisundownsfc:35,mamelodisundownsfc,Mamelodi Sundowns FC,11,2025-06-17,https://www.fifatrainingcentre.com/media/native/tournaments/fcwc/2025/M11%20UHD%20V%20MSU%20POST%20MATCH%20REPORT%20V2.pdf,35,Lebo MOTHIBA,7.0,7.0,100.0,0.0,0.0,0.0,1.0,1.0,100.0,0.0,0.0,0.0,1.0,0.0,44,0.0,0.0,0.0,0.0,0.0,5.0,1.0,0.0,1.0,0.0,1.0,3.0,2.0,0.0,0.0,48,2216.3,780.0,795.0,404.4,155.9,81.0,29.0,11.0,29.4,51
cfmonterrey:1,cfmonterrey,CF Monterrey,12,2025-06-17,https://www.fifatrainingcentre.com/media/native/tournaments/fcwc/2025/M12%20CFM%20V%20INT%20POST%20MATCH%20REPORT.pdf,1,Esteban ANDRADA,41.0,24.0,59.0,0.0,0.0,0.0,25.0,9.0,36.0,0.0,0.0,0.0,0.0,0.0,42,0.0,0.0,0.0,0.0,0.0,0.0,0.0,0.0,0.0,1.0,5.0,0.0,0.0,11.0,1.0,47,5286.0,4369.5,822.9,69.6,24.0,0.0,7.0,3.0,23.4,50
cfmonterrey:2,cfmonterrey,CF Monterrey,12,2025-06-17,https://www.fifatrainingcentre.com/media/native/tournaments/fcwc/2025/M12%20CFM%20V%20INT%20POST%20MATCH%20REPORT.pdf,2,Ricardo CHAVEZ,17.0,13.0,76.0,0.0,0.0,0.0,2.0,1.0,50.0,0.0,0.0,0.0,0.0,0.0,42,2.0,0.0,1.0,0.0,7.0,15.0,1.0,0.0,1.0,4.0,0.0,20.0,8.0,1.0,4.0,47,6878.3,2118.8,3253.6,866.2,427.1,212.7,82.0,33.0,30.6,50
cfmonterrey:3,cfmonterrey,CF Monterrey,12,2025-06-17,https://www.fifatrainingcentre.com/media/native/tournaments/fcwc/2025/M12%20CFM%20V%20INT%20POST%20MATCH%20REPORT.pdf,3,Gerardo ARTEAGA,32.0,24.0,75.0,0.0,1.0,0.0,14.0,9.0,64.0,1.0,1.0,0.0,0.0,0.0,42,1.0,0.0,1.0,1.0,3.0,17.0,1.0,0.0,1.0,3.0,3.0,17.0,10.0,3.0,1.0,47,10560.0,4085.0,4067.1,1345.8,677.4,384.6,115.0,60.0,33.2,50
cfmonterrey:4,cfmonterrey,CF Monterrey,12,2025-06-17,https://www.fifatrainingcentre.com/media/native/tournaments/fcwc/2025/M12%20CFM%20V%20INT%20POST%20MATCH%20REPORT.pdf,4,Victor GUZMAN,24.0,21.0,88.0,1.0,0.0,0.0,7.0,6.0,86.0,1.0,1.0,0.0,0.0,0.0,42,2.0,0.0,4.0,3.0,1.0,2.0,2.0,0.0,2.0,8.0,0.0,9.0,2.0,11.0,2.0,47,9332.3,3755.0,4126.2,929.5,416.4,105.3,82.0,33.0,32.5,50
cfmonterrey:7,cfmonterrey,CF Monterrey,12,2025-06-17,https://www.fifatrainingcentre.com/media/native/tournaments/fcwc/2025/M12%20CFM%20V%20INT%20POST%20MATCH%20REPORT.pdf,7,German BERTERAME,10.0,6.0,60.0,0.0,0.0,0.0,0.0,0.0,0.0,1.0,1.0,0.0,1.0,0.0,42,0.0,0.0,0.0,0.0,1.0,25.0,0.0,0.0,0.0,0.0,5.0,26.0,11.0,1.0,0.0,47,8887.4,3110.6,3807.3,1234.4,589.9,145.2,104.0,45.0,30.8,50
cfmonterrey:8,cfmonterrey,CF Monterrey,12,2025-06-17,https://www.fifatrainingcentre.com/media/native/tournaments/fcwc/2025/M12%20CFM%20V%20INT%20POST%20MATCH%20REPORT.pdf,8,Oliver TORRES,39.0,31.0,79.0,0.0,2.0,2.0,7.0,5.0,71.0,0.0,0.0,0.0,0.0,0.0,42,2.0,1.0,0.0,0.0,3.0,38.0,0.0,0.0,0.0,2.0,9.0,23.0,15.0,1.0,2.0,47,7288.8,2422.7,3259.7,1329.6,219.0,57.7,104.0,18.0,30.7,50
cfmonterrey:10,cfmonterrey,CF Monterrey,12,2025-06-17,https://www.fifatrainingcentre.com/media/native/tournaments/fcwc/2025/M12%20CFM%20V%20INT%20POST%20MATCH%20REPORT.pdf,10,Sergio CANALES,43.0,35.0,81.0,0.0,2.0,1.0,12.0,10.0,83.0,2.0,0.0,2.0,2.0,0.0,42,2.0,0.0,1.0,1.0,3.0,31.0,0.0,0.0,2.0,1.0,5.0,13.0,9.0,1.0,4.0,47,10827.8,3545.8,4998.6,1748.4,426.5,108.5,157.0,37.0,30.4,50
cfmonterrey:29,cfmonterrey,CF Monterrey,12,2025-06-17,https://www.fifatrainingcentre.com/media/native/tournaments/fcwc/2025/M12%20CFM%20V%20INT%20POST%20MATCH%20REPORT.pdf,29,Lucas OCAMPOS,22.0,15.0,68.0,0.0,0.0,0.0,4.0,2.0,50.0,1.0,1.0,0.0,2.0,0.0,42,5.0,1.0,5.0,1.0,7.0,35.0,2.0,0.0,2.0,1.0,3.0,32.0,21.0,3.0,2.0,47,9402.0,4382.7,2877.6,1162.5,674.8,304.4,110.0,55.0,31.3,50
cfmonterrey:30,cfmonterrey,CF Monterrey,12,2025-06-17,https://www.fifatrainingcentre.com/media/native/tournaments/fcwc/2025/M12%20CFM%20V%20INT%20POST%20MATCH%20REPORT.pdf,30,Jorge RODRIGUEZ,36.0,30.0,83.0,0.0,0.0,0.0,10.0,9.0,90.0,0.0,0.0,0.0,0.0,0.0,42,5.0,1.0,3.0,1.0,11.0,27.0,3.0,0.0,3.0,4.0,8.0,26.0,8.0,3.0,6.0,47,11158.9,3386.1,5492.5,1751.5,451.6,77.1,141.0,35.0,28.8,50
cfmonterrey:33,cfmonterrey,CF Monterrey,12,2025-06-17,https://www.fifatrainingcentre.com/media/native/tournaments/fcwc/2025/M12%20CFM%20V%20INT%20POST%20MATCH%20REPORT.pdf,33,Stefan MEDINA,39.0,33.0,85.0,0.0,0.0,0.0,20.0,15.0,75.0,1.0,0.0,1.0,1.0,0.0,42,6.0,2.0,5.0,2.0,6.0,5.0,2.0,0.0,2.0,2.0,5.0,18.0,1.0,5.0,4.0,47,9690.5,3996.8,3901.2,1157.5,482.1,152.9,104.0,39.0,30.2,50
cfmonterrey:93,cfmonterrey,CF Monterrey,12,2025-06-17,https://www.fifatrainingcentre.com/media/native/tournaments/fcwc/2025/M12%20CFM%20V%20INT%20POST%20MATCH%20REPORT.pdf,93,Sergio RAMOS,39.0,33.0,85.0,1.0,0.0,0.0,16.0,11.0,69.0,0.0,0.0,0.0,1.0,1.0,42,3.0,0.0,7.0,1.0,1.0,1.0,4.0,0.0,4.0,4.0,3.0,10.0,2.0,5.0,7.0,47,9659.2,4187.6,4056.7,954.0,412.9,48.1,89.0,32.0,27.5,50
cfmonterrey:5,cfmonterrey,CF Monterrey,12,2025-06-17,https://www.fifatrainingcentre.com/media/native/tournaments/fcwc/2025/M12%20CFM%20V%20INT%20POST%20MATCH%20REPORT.pdf,5,Fidel AMBRIZ,2.0,1.0,50.0,0.0,0.0,0.0,1.0,0.0,0.0,0.0,0.0,0.0,0.0,0.0,42,1.0,1.0,1.0,0.0,1.0,4.0,0.0,0.0,0.0,0.0,0.0,7.0,2.0,1.0,1.0,47,2229.7,712.5,946.8,368.2,165.9,36.4,31.0,11.0,28.5,50
cfmonterrey:6,cfmonterrey,CF Monterrey,12,2025-06-17,https://www.fifatrainingcentre.com/media/native/tournaments/fcwc/2025/M12%20CFM%20V%20INT%20POST%20MATCH%20REPORT.pdf,6,Nelson DEOSSA,6.0,5.0,83.0,0.0,0.0,0.0,1.0,1.0,100.0,1.0,0.0,1.0,2.0,0.0,42,0.0,0.0,0.0,0.0,3.0,17.0,0.0,0.0,0.0,0.0,3.0,15.0,9.0,0.0,0.0,47,4195.8,1446.2,1513.0,739.2,383.3,114.2,59.0,30.0,29.1,50
cfmonterrey:14,cfmonterrey,CF Monterrey,12,2025-06-17,https://www.fifatrainingcentre.com/media/native/tournaments/fcwc/2025/M12%20CFM%20V%20INT%20POST%20MATCH%20REPORT.pdf,14,Erick AGUIRRE,7.0,4.0,57.0,0.0,1.0,1.0,3.0,1.0,33.0,0.0,0.0,0.0,0.0,0.0,42,3.0,0.0,1.0,0.0,3.0,10.0,0.0,0.0,1.0,0.0,3.0,16.0,7.0,2.0,0.0,47,4263.1,1638.6,1619.0,667.8,304.1,33.7,62.0,25.0,30.0,50
cfmonterrey:16,cfmonterrey,CF Monterrey,12,2025-06-17,https://www.fifatrainingcentre.com/media/native/tournaments/fcwc/2025/M12%20CFM%20V%20INT%20POST%20MATCH%20REPORT.pdf,16,Johan ROJAS,3.0,3.0,100.0,0.0,1.0,0.0,1.0,0.0,0.0,0.0,0.0,0.0,1.0,0.0,42,0.0,0.0,1.0,0.0,0.0,0.0,0.0,0.0,0.0,0.0,1.0,1.0,0.0,1.0,0.0,47,849.1,273.5,378.1,132.6,27.0,37.9,10.0,3.0,29.4,50
cfmonterrey:19,cfmonterrey,CF Monterrey,12,2025-06-17,https://www.fifatrainingcentre.com/media/native/tournaments/fcwc/2025/M12%20CFM%20V%20INT%20POST%20MATCH%20REPORT.pdf,19,Jordi CORTIZO,3.0,3.0,100.0,0.0,0.0,0.0,0.0,0.0,0.0,0.0,0.0,0.0,0.0,0.0,42,0.0,0.0,0.0,0.0,0.0,2.0,0.0,0.0,0.0,0.0,0.0,1.0,0.0,0.0,0.0,47,1009.8,238.6,458.6,178.5,111.9,22.2,15.0,7.0,27.4,50
fcinternazionalemilano:1,fcinternazionalemilano,FC Internazionale Milano,12,2025-06-17,https://www.fifatrainingcentre.com/media/native/tournaments/fcwc/2025/M12%20CFM%20V%20INT%20POST%20MATCH%20REPORT.pdf,1,Yann SOMMER,25.0,23.0,92.0,0.0,0.0,0.0,5.0,4.0,80.0,0.0,0.0,0.0,0.0,0.0,44,0.0,0.0,0.0,0.0,0.0,0.0,0.0,0.0,0.0,0.0,3.0,0.0,0.0,2.0,0.0,48,5455.6,4389.7,898.3,139.5,15.7,12.4,12.0,2.0,26.5,51
fcinternazionalemilano:10,fcinternazionalemilano,FC Internazionale Milano,12,2025-06-17,https://www.fifatrainingcentre.com/media/native/tournaments/fcwc/2025/M12%20CFM%20V%20INT%20POST%20MATCH%20REPORT.pdf,10,Lautaro MARTINEZ,34.0,32.0,94.0,0.0,0.0,0.0,7.0,5.0,71.0,2.0,2.0,0.0,2.0,1.0,44,3.0,1.0,4.0,0.0,3.0,28.0,0.0,0.0,1.0,0.0,6.0,18.0,11.0,4.0,2.0,48,10243.2,4030.2,4343.9,1217.7,472.3,179.1,111.0,36.0,31.5,51
fcinternazionalemilano:15,fcinternazionalemilano,FC Internazionale Milano,12,2025-06-17,https://www.fifatrainingcentre.com/media/native/tournaments/fcwc/2025/M12%20CFM%20V%20INT%20POST%20MATCH%20REPORT.pdf,15,Francesco ACERBI,53.0,53.0,100.0,1.0,0.0,0.0,9.0,9.0,100.0,0.0,0.0,0.0,0.0,0.0,44,1.0,0.0,4.0,1.0,2.0,7.0,3.0,0.0,3.0,7.0,5.0,9.0,2.0,4.0,7.0,48,10693.6,3963.8,4521.2,1462.8,575.0,170.9,145.0,42.0,28.9,51
fcinternazionalemilano:21,fcinternazionalemilano,FC Internazionale Milano,12,2025-06-17,https://www.fifatrainingcentre.com/media/native/tournaments/fcwc/2025/M12%20CFM%20V%20INT%20POST%20MATCH%20REPORT.pdf,21,Kristjan ASLLANI,56.0,48.0,86.0,0.0,5.0,1.0,19.0,14.0,74.0,0.0,0.0,0.0,1.0,0.0,44,4.0,1.0,1.0,1.0,4.0,11.0,0.0,0.0,1.0,1.0,9.0,4.0,2.0,2.0,3.0,48,8499.4,2476.4,4063.7,1582.4,334.8,42.0,142.0,22.0,27.4,51
fcinternazionalemilano:22,fcinternazionalemilano,FC Internazionale Milano,12,2025-06-17,https://www.fifatrainingcentre.com/media/native/tournaments/fcwc/2025/M12%20CFM%20V%20INT%20POST%20MATCH%20REPORT.pdf,22,Henrikh MKHITARYAN,46.0,41.0,89.0,1.0,1.0,0.0,11.0,11.0,100.0,1.0,0.0,1.0,0.0,0.0,44,6.0,2.0,2.0,0.0,7.0,23.0,1.0,0.0,1.0,1.0,4.0,20.0,14.0,4.0,1.0,48,9334.0,2983.3,3783.3,1669.9,676.3,221.3,150.0,54.0,30.9,51
fcinternazionalemilano:23,fcinternazionalemilano,FC Internazionale Milano,12,2025-06-17,https://www.fifatrainingcentre.com/media/native/tournaments/fcwc/2025/M12%20CFM%20V%20INT%20POST%20MATCH%20REPORT.pdf,23,Nicolo BARELLA,86.0,67.0,78.0,1.0,3.0,0.0,30.0,19.0,63.0,4.0,2.0,2.0,3.0,0.0,44,0.0,0.0,3.0,0.0,2.0,16.0,0.0,0.0,0.0,2.0,13.0,17.0,10.0,1.0,4.0,48,11441.6,4206.5,4891.2,1650.7,534.7,158.5,138.0,40.0,30.9,51
fcinternazionalemilano:28,fcinternazionalemilano,FC Internazionale Milano,12,2025-06-17,https://www.fifatrainingcentre.com/media/native/tournaments/fcwc/2025/M12%20CFM%20V%20INT%20POST%20MATCH%20REPORT.pdf,28,Benjamin PAVARD,39.0,35.0,90.0,2.0,0.0,0.0,10.0,9.0,90.0,0.0,0.0,0.0,2.0,0.0,44,0.0,0.0,1.0,0.0,2.0,6.0,1.0,0.0,1.0,4.0,3.0,7.0,2.0,2.0,2.0,48,6747.5,2540.4,2853.7,906.6,351.2,95.6,96.0,29.0,29.4,51
fcinternazionalemilano:30,fcinternazionalemilano,FC Internazionale Milano,12,2025-06-17,https://www.fifatrainingcentre.com/media/native/tournaments/fcwc/2025/M12%20CFM%20V%20INT%20POST%20MATCH%20REPORT.pdf,30,CARLOS AUGUSTO,40.0,36.0,90.0,0.0,5.0,1.0,3.0,3.0,100.0,1.0,0.0,1.0,0.0,0.0,44,0.0,0.0,1.0,0.0,0.0,5.0,3.0,0.0,3.0,1.0,4.0,11.0,3.0,3.0,1.0,48,7647.8,3146.2,2873.8,911.3,440.9,275.7,74.0,38.0,33.6,51
fcinternazionalemilano:36,fcinternazionalemilano,FC Internazionale Milano,12,2025-06-17,https://www.fifatrainingcentre.com/media/native/tournaments/fcwc/2025/M12%20CFM%20V%20INT%20POST%20MATCH%20REPORT.pdf,36,Matteo DARMIAN,46.0,41.0,89.0,2.0,4.0,3.0,12.0,10.0,83.0,0.0,0.0,0.0,1.0,0.0,44,3.0,0.0,3.0,2.0,2.0,7.0,1.0,0.0,1.0,2.0,6.0,6.0,6.0,6.0,1.0,48,10440.9,4444.8,3697.7,1424.5,688.5,185.4,129.0,46.0,31.8,51
fcinternazionalemilano:70,fcinternazionalemilano,FC Internazionale Milano,12,2025-06-17,https://www.fifatrainingcentre.com/media/native/tournaments/fcwc/2025/M12%20CFM%20V%20INT%20POST%20MATCH%20REPORT.pdf,70,Sebastiano ESPOSITO,14.0,12.0,86.0,0.0,1.0,0.0,2.0,1.0,50.0,1.0,1.0,0.0,3.0,0.0,44,2.0,0.0,0.0,0.0,4.0,19.0,0.0,0.0,0.0,0.0,4.0,15.0,7.0,0.0,1.0,48,7258.1,2341.6,3102.4,1172.0,544.0,98.0,105.0,40.0,30.1,51
fcinternazionalemilano:95,fcinternazionalemilano,FC Internazionale Milano,12,2025-06-17,https://www.fifatrainingcentre.com/media/native/tournaments/fcwc/2025/M12%20CFM%20V%20INT%20POST%20MATCH%20REPORT.pdf,95,Alessandro BASTONI,81.0,66.0,81.0,4.0,3.0,1.0,24.0,17.0,71.0,4.0,3.0,1.0,0.0,0.0,44,4.0,1.0,4.0,1.0,6.0,3.0,0.0,0.0,2.0,1.0,8.0,15.0,3.0,4.0,4.0,48,9945.7,4478.7,3837.2,1085.3,421.4,123.1,93.0,34.0,30.9,51
fcinternazionalemilano:8,fcinternazionalemilano,FC Internazionale Milano,12,2025-06-17,https://www.fifatrainingcentre.com/media/native/tournaments/fcwc/2025/M12%20CFM%20V%20INT%20POST%20MATCH%20REPORT.pdf,8,Petar SUCIC,11.0,10.0,91.0,0.0,1.0,0.0,1.0,1.0,100.0,0.0,0.0,0.0,0.0,0.0,44,0.0,0.0,0.0,0.0,0.0,2.0,0.0,0.0,0.0,0.0,0.0,4.0,1.0,0.0,0.0,48,3205.4,973.9,1481.0,579.0,161.8,9.7,48.0,9.0,26.2,51
fcinternazionalemilano:9,fcinternazionalemilano,FC Internazionale Milano,12,2025-06-17,https://www.fifatrainingcentre.com/media/native/tournaments/fcwc/2025/M12%20CFM%20V%20INT%20POST%20MATCH%20REPORT.pdf,9,Marcus THURAM,6.0,4.0,67.0,0.0,0.0,0.0,1.0,1.0,100.0,1.0,1.0,0.0,0.0,0.0,44,0.0,0.0,0.0,0.0,0.0,4.0,0.0,0.0,0.0,2.0,1.0,7.0,2.0,1.0,1.0,48,3654.5,1432.4,1348.8,533.5,216.0,123.8,35.0,20.0,31.0,51
fcinternazionalemilano:11,fcinternazionalemilano,FC Internazionale Milano,12,2025-06-17,https://www.fifatrainingcentre.com/media/native/tournaments/fcwc/2025/M12%20CFM%20V%20INT%20POST%20MATCH%20REPORT.pdf,11,LUIS HENRIQUE,16.0,13.0,81.0,0.0,2.0,1.0,5.0,2.0,40.0,1.0,1.0,0.0,0.0,0.0,44,0.0,0.0,0.0,0.0,0.0,3.0,0.0,0.0,1.0,1.0,2.0,0.0,0.0,1.0,0.0,48,4321.1,1443.9,1749.7,637.4,292.8,197.2,50.0,23.0,34.9,51
fcinternazionalemilano:32,fcinternazionalemilano,FC Internazionale Milano,12,2025-06-17,https://www.fifatrainingcentre.com/media/native/tournaments/fcwc/2025/M12%20CFM%20V%20INT%20POST%20MATCH%20REPORT.pdf,32,Federico DIMARCO,13.0,12.0,92.0,0.0,2.0,0.0,5.0,4.0,80.0,0.0,0.0,0.0,2.0,0.0,44,1.0,0.0,0.0,0.0,1.0,2.0,0.0,0.0,0.0,0.0,3.0,1.0,1.0,0.0,1.0,48,2935.2,1093.8,1072.2,456.2,230.4,82.7,39.0,17.0,30.2,51
fcinternazionalemilano:59,fcinternazionalemilano,FC Internazionale Milano,12,2025-06-17,https://www.fifatrainingcentre.com/media/native/tournaments/fcwc/2025/M12%20CFM%20V%20INT%20POST%20MATCH%20REPORT.pdf,59,Nicola ZALEWSKI,6.0,5.0,83.0,0.0,0.0,0.0,1.0,0.0,0.0,0.0,0.0,0.0,1.0,0.0,44,1.0,0.0,0.0,0.0,1.0,3.0,0.0,0.0,0.0,0.0,2.0,2.0,2.0,0.0,0.0,48,2168.5,759.0,783.4,449.9,148.8,27.4,38.0,10.0,26.9,51
manchestercity:31,manchestercity,Manchester City,13,2025-06-18,https://www.fifatrainingcentre.com/media/native/tournaments/fcwc/2025/M13%20MCI%20V%20WAC%20POST%20MATCH%20REPORT%20V2.pdf,31,EDERSON,30.0,24.0,80.0,0.0,0.0,0.0,7.0,3.0,43.0,0.0,0.0,0.0,0.0,0.0,42,0.0,0.0,0.0,2.0,0.0,0.0,0.0,0.0,0.0,1.0,1.0,0.0,0.0,5.0,1.0,47,4662.6,3913.9,646.0,65.1,37.7,0.0,6.0,4.0,24.7,50
manchestercity:4,manchestercity,Manchester City,13,2025-06-18,https://www.fifatrainingcentre.com/media/native/tournaments/fcwc/2025/M13%20MCI%20V%20WAC%20POST%20MATCH%20REPORT%20V2.pdf,4,Tijjani REIJNDERS,77.0,71.0,92.0,0.0,1.0,0.0,21.0,16.0,76.0,2.0,0.0,2.0,1.0,0.0,42,2.0,1.0,1.0,1.0,5.0,11.0,0.0,0.0,0.0,0.0,6.0,15.0,6.0,4.0,0.0,47,10756.3,3727.2,4570.2,1826.2,508.8,123.9,151.0,39.0,32.0,50
manchestercity:6,manchestercity,Manchester City,13,2025-06-18,https://www.fifatrainingcentre.com/media/native/tournaments/fcwc/2025/M13%20MCI%20V%20WAC%20POST%20MATCH%20REPORT%20V2.pdf,6,Nathan AKE,86.0,83.0,97.0,1.0,0.0,0.0,12.0,12.0,100.0,2.0,0.0,2.0,1.0,0.0,42,0.0,0.0,4.0,1.0,1.0,4.0,3.0,0.0,3.0,4.0,5.0,3.0,2.0,6.0,2.0,47,9235.0,3739.6,3845.0,1073.9,404.8,171.7,85.0,33.0,30.7,50
manchestercity:7,manchestercity,Manchester City,13,2025-06-18,https://www.fifatrainingcentre.com/media/native/tournaments/fcwc/2025/M13%20MCI%20V%20WAC%20POST%20MATCH%20REPORT%20V2.pdf,7,OMAR MARMOUSH,23.0,18.0,78.0,0.0,4.0,2.0,8.0,4.0,50.0,4.0,3.0,1.0,2.0,0.0,42,2.0,0.0,0.0,0.0,5.0,14.0,0.0,0.0,0.0,0.0,3.0,11.0,7.0,0.0,0.0,47,7267.1,2985.8,2848.0,907.4,384.5,141.3,72.0,39.0,31.0,50
manchestercity:11,manchestercity,Manchester City,13,2025-06-18,https://www.fifatrainingcentre.com/media/native/tournaments/fcwc/2025/M13%20MCI%20V%20WAC%20POST%20MATCH%20REPORT%20V2.pdf,11,Jeremy DOKU,17.0,16.0,94.0,0.0,2.0,2.0,2.0,1.0,50.0,3.0,2.0,1.0,3.0,1.0,42,4.0,2.0,0.0,0.0,6.0,10.0,2.0,0.0,3.0,0.0,3.0,10.0,7.0,2.0,1.0,47,6397.4,2642.4,2169.8,978.6,431.2,175.3,87.0,36.0,31.1,50
manchestercity:22,manchestercity,Manchester City,13,2025-06-18,https://www.fifatrainingcentre.com/media/native/tournaments/fcwc/2025/M13%20MCI%20V%20WAC%20POST%20MATCH%20REPORT%20V2.pdf,22,VITOR REIS,73.0,69.0,95.0,0.0,0.0,0.0,19.0,16.0,84.0,1.0,1.0,0.0,1.0,0.0,42,1.0,0.0,5.0,2.0,1.0,4.0,3.0,0.0,3.0,6.0,4.0,7.0,1.0,7.0,3.0,47,9977.5,4343.8,3693.0,1205.4,526.8,208.5,105.0,42.0,33.1,50
manchestercity:26,manchestercity,Manchester City,13,2025-06-18,https://www.fifatrainingcentre.com/media/native/tournaments/fcwc/2025/M13%20MCI%20V%20WAC%20POST%20MATCH%20REPORT%20V2.pdf,26,SAVINHO,37.0,35.0,95.0,0.0,5.0,2.0,10.0,8.0,80.0,9.0,7.0,2.0,1.0,0.0,42,1.0,0.0,1.0,0.0,1.0,14.0,1.0,0.0,1.0,0.0,6.0,14.0,9.0,0.0,0.0,47,8994.7,3933.3,3037.0,1316.8,470.0,237.7,115.0,45.0,31.9,50
manchestercity:29,manchestercity,Manchester City,13,2025-06-18,https://www.fifatrainingcentre.com/media/native/tournaments/fcwc/2025/M13%20MCI%20V%20WAC%20POST%20MATCH%20REPORT%20V2.pdf,29,Rayan CHERKI,27.0,21.0,78.0,0.0,1.0,0.0,4.0,3.0,75.0,2.0,2.0,0.0,0.0,0.0,42,0.0,0.0,0.0,0.0,0.0,20.0,0.0,0.0,0.0,1.0,1.0,15.0,12.0,0.0,1.0,47,7014.3,2507.7,2832.2,948.6,482.0,243.8,79.0,41.0,32.5,50
manchestercity:47,manchestercity,Manchester City,13,2025-06-18,https://www.fifatrainingcentre.com/media/native/tournaments/fcwc/2025/M13%20MCI%20V%20WAC%20POST%20MATCH%20REPORT%20V2.pdf,47,Phil FODEN,42.0,38.0,90.0,0.0,4.0,2.0,8.0,6.0,75.0,2.0,1.0,1.0,4.0,1.0,42,0.0,0.0,0.0,1.0,5.0,7.0,1.0,0.0,1.0,2.0,6.0,6.0,3.0,2.0,1.0,47,7549.4,2316.2,3601.0,1094.1,417.9,120.2,93.0,33.0,30.4,50
manchestercity:75,manchestercity,Manchester City,13,2025-06-18,https://www.fifatrainingcentre.com/media/native/tournaments/fcwc/2025/M13%20MCI%20V%20WAC%20POST%20MATCH%20REPORT%20V2.pdf,75,Nico OREILLY,60.0,58.0,97.0,0.0,1.0,1.0,8.0,8.0,100.0,2.0,0.0,2.0,0.0,0.0,42,4.0,2.0,6.0,0.0,7.0,3.0,2.0,0.0,2.0,3.0,1.0,8.0,2.0,3.0,9.0,47,9580.0,4375.0,3478.1,968.7,441.1,317.1,89.0,42.0,33.2,50
manchestercity:82,manchestercity,Manchester City,13,2025-06-18,https://www.fifatrainingcentre.com/media/native/tournaments/fcwc/2025/M13%20MCI%20V%20WAC%20POST%20MATCH%20REPORT%20V2.pdf,82,Rico LEWIS,70.0,67.0,96.0,0.0,0.0,0.0,12.0,11.0,92.0,1.0,0.0,1.0,0.0,0.0,42,2.0,0.0,3.0,0.0,4.0,8.0,1.0,0.0,1.0,2.0,7.0,16.0,3.0,2.0,2.0,47,9791.0,3553.6,4232.5,1415.1,470.1,119.7,115.0,35.0,31.6,50
manchestercity:9,manchestercity,Manchester City,13,2025-06-18,https://www.fifatrainingcentre.com/media/native/tournaments/fcwc/2025/M13%20MCI%20V%20WAC%20POST%20MATCH%20REPORT%20V2.pdf,9,Erling HAALAND,2.0,2.0,100.0,0.0,0.0,0.0,0.0,0.0,0.0,0.0,0.0,0.0,2.0,0.0,42,0.0,0.0,0.0,0.0,1.0,12.0,1.0,0.0,1.0,0.0,1.0,3.0,3.0,0.0,0.0,47,3619.3,1497.9,1444.2,416.3,185.2,75.8,38.0,20.0,31.1,50
manchestercity:16,manchestercity,Manchester City,13,2025-06-18,https://www.fifatrainingcentre.com/media/native/tournaments/fcwc/2025/M13%20MCI%20V%20WAC%20POST%20MATCH%20REPORT%20V2.pdf,16,RODRI,45.0,38.0,84.0,0.0,0.0,0.0,10.0,9.0,90.0,2.0,0.0,2.0,0.0,0.0,42,0.0,0.0,2.0,1.0,2.0,3.0,0.0,0.0,0.0,0.0,2.0,1.0,0.0,3.0,0.0,47,3854.4,1341.2,1766.8,599.0,124.6,22.8,52.0,11.0,26.9,50
manchestercity:19,manchestercity,Manchester City,13,2025-06-18,https://www.fifatrainingcentre.com/media/native/tournaments/fcwc/2025/M13%20MCI%20V%20WAC%20POST%20MATCH%20REPORT%20V2.pdf,19,Ilkay GUENDOGAN,21.0,21.0,100.0,1.0,0.0,0.0,2.0,2.0,100.0,1.0,0.0,1.0,0.0,0.0,42,0.0,0.0,1.0,0.0,0.0,6.0,0.0,0.0,0.0,0.0,2.0,3.0,2.0,1.0,0.0,47,2904.3,1017.4,1145.2,468.1,197.9,75.6,38.0,17.0,27.3,50
manchestercity:27,manchestercity,Manchester City,13,2025-06-18,https://www.fifatrainingcentre.com/media/native/tournaments/fcwc/2025/M13%20MCI%20V%20WAC%20POST%20MATCH%20REPORT%20V2.pdf,27,MATHEUS NUNES,2.0,2.0,100.0,0.0,0.0,0.0,1.0,1.0,100.0,1.0,1.0,0.0,0.0,0.0,42,0.0,0.0,0.0,0.0,1.0,0.0,0.0,0.0,0.0,0.0,0.0,0.0,0.0,0.0,0.0,47,656.4,189.4,364.9,41.2,39.1,21.8,4.0,2.0,32.8,50
manchestercity:52,manchestercity,Manchester City,13,2025-06-18,https://www.fifatrainingcentre.com/media/native/tournaments/fcwc/2025/M13%20MCI%20V%20WAC%20POST%20MATCH%20REPORT%20V2.pdf,52,Oscar BOBB,15.0,14.0,93.0,0.0,0.0,0.0,1.0,1.0,100.0,1.0,1.0,0.0,0.0,0.0,42,0.0,0.0,1.0,0.0,2.0,10.0,0.0,0.0,0.0,0.0,1.0,6.0,4.0,1.0,0.0,47,3694.9,1404.4,1393.0,531.0,292.4,74.2,39.0,22.0,29.5,50
wydadac:12,wydadac,Wydad AC,13,2025-06-18,https://www.fifatrainingcentre.com/media/native/tournaments/fcwc/2025/M13%20MCI%20V%20WAC%20POST%20MATCH%20REPORT%20V2.pdf,12,El Mehdi BENABID,34.0,26.0,76.0,0.0,0.0,0.0,20.0,14.0,70.0,0.0,0.0,0.0,0.0,0.0,44,0.0,0.0,0.0,0.0,0.0,0.0,0.0,0.0,0.0,0.0,2.0,0.0,0.0,5.0,0.0,48,5241.7,4263.1,905.0,65.8,7.7,0.0,6.0,1.0,24.0,51
wydadac:2,wydadac,Wydad AC,13,2025-06-18,https://www.fifatrainingcentre.com/media/native/tournaments/fcwc/2025/M13%20MCI%20V%20WAC%20POST%20MATCH%20REPORT%20V2.pdf,2,Mohamed MOUFID,33.0,27.0,82.0,0.0,0.0,0.0,7.0,5.0,71.0,2.0,0.0,2.0,1.0,0.0,44,7.0,1.0,1.0,2.0,4.0,17.0,0.0,0.0,0.0,4.0,5.0,21.0,16.0,4.0,1.0,48,9446.1,4224.3,3843.4,759.9,374.2,244.3,66.0,32.0,33.0,51
wydadac:4,wydadac,Wydad AC,13,2025-06-18,https://www.fifatrainingcentre.com/media/native/tournaments/fcwc/2025/M13%20MCI%20V%20WAC%20POST%20MATCH%20REPORT%20V2.pdf,4,Thembinkosi LORCH,26.0,20.0,77.0,1.0,2.0,0.0,8.0,4.0,50.0,2.0,2.0,0.0,3.0,0.0,44,0.0,0.0,1.0,1.0,0.0,27.0,1.0,0.0,1.0,1.0,3.0,10.0,5.0,2.0,1.0,48,9040.5,3370.9,3673.8,1088.0,543.7,364.0,100.0,49.0,32.1,51
wydadac:11,wydadac,Wydad AC,13,2025-06-18,https://www.fifatrainingcentre.com/media/native/tournaments/fcwc/2025/M13%20MCI%20V%20WAC%20POST%20MATCH%20REPORT%20V2.pdf,11,Nordin AMRABAT,11.0,6.0,55.0,0.0,3.0,0.0,5.0,2.0,40.0,2.0,2.0,0.0,1.0,0.0,44,1.0,0.0,0.0,0.0,3.0,11.0,0.0,0.0,0.0,0.0,2.0,4.0,2.0,0.0,0.0,48,6013.9,2947.4,2113.2,555.4,239.6,158.4,48.0,23.0,32.7,51
wydadac:14,wydadac,Wydad AC,13,2025-06-18,https://www.fifatrainingcentre.com/media/native/tournaments/fcwc/2025/M13%20MCI%20V%20WAC%20POST%20MATCH%20REPORT%20V2.pdf,14,Abdelmounaim BOUTOUIL,38.0,33.0,87.0,1.0,0.0,0.0,7.0,6.0,86.0,1.0,0.0,1.0,0.0,0.0,44,1.0,1.0,5.0,1.0,3.0,8.0,0.0,0.0,0.0,4.0,2.0,20.0,2.0,5.0,7.0,48,8573.8,3962.1,3489.1,752.2,261.6,108.8,69.0,20.0,30.8,51
wydadac:18,wydadac,Wydad AC,13,2025-06-18,https://www.fifatrainingcentre.com/media/native/tournaments/fcwc/2025/M13%20MCI%20V%20WAC%20POST%20MATCH%20REPORT%20V2.pdf,18,Fahd MOUFI,29.0,18.0,62.0,0.0,3.0,0.0,13.0,6.0,46.0,1.0,1.0,0.0,0.0,0.0,44,4.0,1.0,1.0,1.0,9.0,14.0,0.0,0.0,0.0,6.0,3.0,22.0,11.0,4.0,3.0,48,9345.8,4264.6,3509.4,1007.0,343.9,220.9,84.0,30.0,32.0,51
wydadac:19,wydadac,Wydad AC,13,2025-06-18,https://www.fifatrainingcentre.com/media/native/tournaments/fcwc/2025/M13%20MCI%20V%20WAC%20POST%20MATCH%20REPORT%20V2.pdf,19,El Mehdi EL MOUBARIK,40.0,38.0,95.0,0.0,0.0,0.0,10.0,9.0,90.0,1.0,1.0,0.0,0.0,0.0,44,2.0,0.0,4.0,3.0,1.0,21.0,0.0,0.0,1.0,1.0,4.0,25.0,2.0,6.0,3.0,48,10738.0,3383.1,5192.4,1678.3,451.2,33.0,147.0,34.0,28.6,51
wydadac:21,wydadac,Wydad AC,13,2025-06-18,https://www.fifatrainingcentre.com/media/native/tournaments/fcwc/2025/M13%20MCI%20V%20WAC%20POST%20MATCH%20REPORT%20V2.pdf,21,Cassius MAILULA,10.0,9.0,90.0,0.0,1.0,0.0,4.0,2.0,50.0,0.0,0.0,0.0,1.0,0.0,44,1.0,0.0,0.0,0.0,1.0,20.0,1.0,0.0,1.0,0.0,3.0,17.0,11.0,0.0,0.0,48,5809.7,1859.2,2659.4,719.4,441.7,129.9,61.0,29.0,28.8,51
wydadac:22,wydadac,Wydad AC,13,2025-06-18,https://www.fifatrainingcentre.com/media/native/tournaments/fcwc/2025/M13%20MCI%20V%20WAC%20POST%20MATCH%20REPORT%20V2.pdf,22,Bart MEIJERS,24.0,23.0,96.0,0.0,0.0,0.0,8.0,7.0,88.0,0.0,0.0,0.0,1.0,0.0,44,1.0,1.0,1.0,0.0,2.0,12.0,1.0,0.0,1.0,0.0,0.0,23.0,6.0,2.0,1.0,48,7385.0,3199.5,3141.8,716.5,251.7,75.5,68.0,25.0,30.4,51
wydadac:23,wydadac,Wydad AC,13,2025-06-18,https://www.fifatrainingcentre.com/media/native/tournaments/fcwc/2025/M13%20MCI%20V%20WAC%20POST%20MATCH%20REPORT%20V2.pdf,23,Oussama ZEMRAOUI,23.0,19.0,83.0,1.0,0.0,0.0,7.0,5.0,71.0,1.0,1.0,0.0,1.0,0.0,44,5.0,1.0,0.0,0.0,5.0,12.0,0.0,0.0,0.0,0.0,5.0,2.0,0.0,1.0,0.0,48,7309.3,2431.6,3752.1,772.9,265.3,87.5,62.0,17.0,31.9,51
wydadac:72,wydadac,Wydad AC,13,2025-06-18,https://www.fifatrainingcentre.com/media/native/tournaments/fcwc/2025/M13%20MCI%20V%20WAC%20POST%20MATCH%20REPORT%20V2.pdf,72,GUILHERME FERREIRA,28.0,24.0,86.0,1.0,0.0,0.0,8.0,7.0,88.0,1.0,0.0,1.0,0.0,0.0,44,6.0,3.0,2.0,2.0,5.0,4.0,1.0,0.0,1.0,5.0,1.0,7.0,5.0,7.0,5.0,48,9022.1,4511.0,3278.5,817.9,277.4,137.3,69.0,23.0,30.6,51
wydadac:5,wydadac,Wydad AC,13,2025-06-18,https://www.fifatrainingcentre.com/media/native/tournaments/fcwc/2025/M13%20MCI%20V%20WAC%20POST%20MATCH%20REPORT%20V2.pdf,5,Ismail MOUTARAJJI,8.0,6.0,75.0,0.0,2.0,0.0,2.0,2.0,100.0,0.0,0.0,0.0,1.0,0.0,44,2.0,1.0,0.0,0.0,3.0,14.0,0.0,0.0,0.0,0.0,2.0,14.0,8.0,1.0,0.0,48,2502.4,759.8,1099.2,440.2,148.0,55.3,35.0,10.0,29.5,51
wydadac:7,wydadac,Wydad AC,13,2025-06-18,https://www.fifatrainingcentre.com/media/native/tournaments/fcwc/2025/M13%20MCI%20V%20WAC%20POST%20MATCH%20REPORT%20V2.pdf,7,Mickael MALSA,8.0,8.0,100.0,0.0,0.0,0.0,1.0,1.0,100.0,1.0,0.0,1.0,0.0,0.0,44,2.0,1.0,0.0,1.0,6.0,7.0,0.0,0.0,0.0,0.0,1.0,10.0,5.0,2.0,1.0,48,3579.8,1501.8,1475.7,430.7,124.0,47.6,37.0,10.0,29.0,51
wydadac:8,wydadac,Wydad AC,13,2025-06-18,https://www.fifatrainingcentre.com/media/native/tournaments/fcwc/2025/M13%20MCI%20V%20WAC%20POST%20MATCH%20REPORT%20V2.pdf,8,Mohamed RAYHI,5.0,3.0,60.0,0.0,2.0,1.0,0.0,0.0,0.0,0.0,0.0,0.0,1.0,0.0,44,6.0,1.0,0.0,0.0,10.0,19.0,0.0,1.0,1.0,1.0,1.0,18.0,13.0,1.0,1.0,48,5827.9,1966.1,2063.8,1052.0,596.2,149.9,95.0,40.0,29.7,51
wydadac:9,wydadac,Wydad AC,13,2025-06-18,https://www.fifatrainingcentre.com/media/native/tournaments/fcwc/2025/M13%20MCI%20V%20WAC%20POST%20MATCH%20REPORT%20V2.pdf,9,Samuel OBENG,2.0,2.0,100.0,0.0,0.0,0.0,1.0,1.0,100.0,0.0,0.0,0.0,0.0,0.0,44,1.0,0.0,0.0,0.0,2.0,23.0,0.0,0.0,0.0,0.0,0.0,14.0,6.0,1.0,0.0,48,3663.4,1219.7,1580.1,574.4,204.7,84.5,44.0,20.0,29.6,51
wydadac:25,wydadac,Wydad AC,13,2025-06-18,https://www.fifatrainingcentre.com/media/native/tournaments/fcwc/2025/M13%20MCI%20V%20WAC%20POST%20MATCH%20REPORT%20V2.pdf,25,Stephane AZIZ KI,2.0,1.0,50.0,1.0,0.0,0.0,1.0,1.0,100.0,0.0,0.0,0.0,2.0,0.0,44,1.0,0.0,0.0,0.0,1.0,4.0,0.0,0.0,0.0,1.0,0.0,2.0,2.0,0.0,0.0,48,1177.1,439.0,352.0,181.2,165.4,39.4,17.0,10.0,27.7,51
realmadridcf:1,realmadridcf,Real Madrid C. F.,14,2025-06-18,https://www.fifatrainingcentre.com/media/native/tournaments/fcwc/2025/M14%20RMA%20V%20HIL%20POST%20MATCH%20REPORT%20V2.pdf,1,Thibaut COURTOIS,19.0,17.0,89.0,0.0,0.0,0.0,6.0,4.0,67.0,0.0,0.0,0.0,0.0,0.0,43,0.0,0.0,0.0,0.0,0.0,0.0,0.0,0.0,0.0,0.0,2.0,0.0,0.0,3.0,0.0,48,5146.9,4167.2,855.0,115.6,9.2,0.0,12.0,1.0,21.4,51
realmadridcf:5,realmadridcf,Real Madrid C. F.,14,2025-06-18,https://www.fifatrainingcentre.com/media/native/tournaments/fcwc/2025/M14%20RMA%20V%20HIL%20POST%20MATCH%20REPORT%20V2.pdf,5,Jude BELLINGHAM,37.0,32.0,86.0,1.0,2.0,1.0,8.0,4.0,50.0,2.0,2.0,0.0,0.0,0.0,43,2.0,0.0,4.0,0.0,4.0,31.0,1.0,0.0,2.0,1.0,5.0,30.0,11.0,1.0,5.0,48,9205.3,4033.1,3462.6,1255.0,337.7,117.0,100.0,29.0,30.4,51
realmadridcf:7,realmadridcf,Real Madrid C. F.,14,2025-06-18,https://www.fifatrainingcentre.com/media/native/tournaments/fcwc/2025/M14%20RMA%20V%20HIL%20POST%20MATCH%20REPORT%20V2.pdf,7,VINICIUS JUNIOR,27.0,21.0,78.0,0.0,4.0,3.0,5.0,2.0,40.0,5.0,5.0,0.0,1.0,0.0,43,1.0,0.0,0.0,0.0,2.0,21.0,0.0,0.0,0.0,0.0,2.0,18.0,14.0,0.0,0.0,48,7881.8,4086.6,2060.9,1114.0,434.0,186.2,90.0,38.0,32.3,51
realmadridcf:8,realmadridcf,Real Madrid C. F.,14,2025-06-18,https://www.fifatrainingcentre.com/media/native/tournaments/fcwc/2025/M14%20RMA%20V%20HIL%20POST%20MATCH%20REPORT%20V2.pdf,8,Federico VALVERDE,52.0,50.0,96.0,0.0,0.0,0.0,10.0,9.0,90.0,2.0,1.0,1.0,4.0,0.0,43,1.0,0.0,3.0,0.0,3.0,14.0,2.0,0.0,2.0,2.0,4.0,10.0,6.0,3.0,3.0,48,10424.8,3838.5,4677.8,1329.6,414.0,164.9,115.0,34.0,32.4,51
realmadridcf:11,realmadridcf,Real Madrid C. F.,14,2025-06-18,https://www.fifatrainingcentre.com/media/native/tournaments/fcwc/2025/M14%20RMA%20V%20HIL%20POST%20MATCH%20REPORT%20V2.pdf,11,RODRYGO,27.0,26.0,96.0,0.0,1.0,0.0,6.0,6.0,100.0,5.0,2.0,3.0,1.0,0.0,43,0.0,0.0,1.0,1.0,0.0,33.0,0.0,0.0,0.0,0.0,4.0,24.0,16.0,1.0,0.0,48,7119.8,2578.9,3029.1,979.5,362.8,169.5,90.0,28.0,32.5,51
realmadridcf:12,realmadridcf,Real Madrid C. F.,14,2025-06-18,https://www.fifatrainingcentre.com/media/native/tournaments/fcwc/2025/M14%20RMA%20V%20HIL%20POST%20MATCH%20REPORT%20V2.pdf,12,Trent ALEXANDERARNOLD,44.0,38.0,86.0,3.0,3.0,0.0,16.0,13.0,81.0,2.0,1.0,1.0,0.0,0.0,43,1.0,0.0,2.0,1.0,2.0,9.0,0.0,0.0,0.0,2.0,3.0,4.0,1.0,3.0,2.0,48,6958.1,3056.4,2688.4,765.9,346.2,101.2,65.0,28.0,31.4,51
realmadridcf:14,realmadridcf,Real Madrid C. F.,14,2025-06-18,https://www.fifatrainingcentre.com/media/native/tournaments/fcwc/2025/M14%20RMA%20V%20HIL%20POST%20MATCH%20REPORT%20V2.pdf,14,Aurelien TCHOUAMENI,43.0,42.0,98.0,1.0,1.0,0.0,10.0,9.0,90.0,0.0,0.0,0.0,1.0,0.0,43,1.0,0.0,6.0,0.0,0.0,4.0,6.0,0.0,6.0,2.0,6.0,10.0,0.0,7.0,3.0,48,10350.3,4174.0,4097.1,1541.6,370.1,167.5,131.0,27.0,30.6,51
realmadridcf:20,realmadridcf,Real Madrid C. F.,14,2025-06-18,https://www.fifatrainingcentre.com/media/native/tournaments/fcwc/2025/M14%20RMA%20V%20HIL%20POST%20MATCH%20REPORT%20V2.pdf,20,Fran GARCIA,55.0,52.0,95.0,0.0,0.0,0.0,12.0,10.0,83.0,0.0,0.0,0.0,0.0,0.0,43,2.0,1.0,2.0,2.0,3.0,10.0,3.0,0.0,3.0,3.0,5.0,13.0,5.0,6.0,2.0,48,10363.8,4066.9,4144.9,1241.8,626.1,284.1,112.0,54.0,31.9,51
realmadridcf:24,realmadridcf,Real Madrid C. F.,14,2025-06-18,https://www.fifatrainingcentre.com/media/native/tournaments/fcwc/2025/M14%20RMA%20V%20HIL%20POST%20MATCH%20REPORT%20V2.pdf,24,Dean HUIJSEN,58.0,55.0,95.0,0.0,0.0,0.0,23.0,21.0,91.0,2.0,0.0,2.0,2.0,0.0,43,4.0,2.0,2.0,1.0,7.0,4.0,4.0,0.0,5.0,5.0,6.0,14.0,3.0,4.0,8.0,48,9940.4,4336.9,3824.2,1279.2,360.1,139.9,113.0,33.0,32.1,51
realmadridcf:30,realmadridcf,Real Madrid C. F.,14,2025-06-18,https://www.fifatrainingcentre.com/media/native/tournaments/fcwc/2025/M14%20RMA%20V%20HIL%20POST%20MATCH%20REPORT%20V2.pdf,30,Gonzalo GARCIA,15.0,13.0,87.0,0.0,0.0,0.0,3.0,3.0,100.0,1.0,1.0,0.0,7.0,1.0,43,0.0,0.0,2.0,0.0,1.0,39.0,4.0,0.0,4.0,1.0,3.0,27.0,22.0,0.0,1.0,48,10680.0,4880.0,3633.4,1290.8,618.1,257.7,121.0,58.0,32.0,51
realmadridcf:35,realmadridcf,Real Madrid C. F.,14,2025-06-18,https://www.fifatrainingcentre.com/media/native/tournaments/fcwc/2025/M14%20RMA%20V%20HIL%20POST%20MATCH%20REPORT%20V2.pdf,35,Raul ASENCIO,32.0,32.0,100.0,1.0,0.0,0.0,8.0,8.0,100.0,2.0,0.0,2.0,1.0,0.0,43,0.0,0.0,2.0,0.0,0.0,0.0,0.0,0.0,0.0,2.0,1.0,1.0,0.0,0.0,2.0,48,4245.2,2170.8,1481.6,348.0,132.6,112.2,28.0,17.0,34.4,51
realmadridcf:10,realmadridcf,Real Madrid C. F.,14,2025-06-18,https://www.fifatrainingcentre.com/media/native/tournaments/fcwc/2025/M14%20RMA%20V%20HIL%20POST%20MATCH%20REPORT%20V2.pdf,10,Luka MODRIC,11.0,10.0,91.0,0.0,1.0,1.0,5.0,5.0,100.0,0.0,0.0,0.0,0.0,0.0,43,1.0,1.0,1.0,0.0,1.0,3.0,0.0,0.0,0.0,0.0,1.0,4.0,1.0,1.0,0.0,48,1607.7,565.0,581.1,273.6,100.6,87.4,27.0,7.0,31.8,51
realmadridcf:15,realmadridcf,Real Madrid C. F.,14,2025-06-18,https://www.fifatrainingcentre.com/media/native/tournaments/fcwc/2025/M14%20RMA%20V%20HIL%20POST%20MATCH%20REPORT%20V2.pdf,15,Arda GULER,38.0,34.0,89.0,0.0,5.0,3.0,11.0,8.0,73.0,1.0,0.0,1.0,3.0,0.0,43,0.0,0.0,3.0,0.0,2.0,9.0,1.0,0.0,1.0,1.0,5.0,7.0,2.0,2.0,1.0,48,6361.1,1978.9,3019.6,910.9,369.2,82.5,85.0,30.0,31.7,51
realmadridcf:17,realmadridcf,Real Madrid C. F.,14,2025-06-18,https://www.fifatrainingcentre.com/media/native/tournaments/fcwc/2025/M14%20RMA%20V%20HIL%20POST%20MATCH%20REPORT%20V2.pdf,17,Lucas VAZQUEZ,25.0,23.0,92.0,0.0,2.0,0.0,7.0,6.0,86.0,0.0,0.0,0.0,0.0,0.0,43,1.0,1.0,0.0,1.0,1.0,5.0,0.0,0.0,0.0,0.0,4.0,3.0,0.0,2.0,0.0,48,3536.6,1285.3,1450.8,438.9,266.7,94.9,35.0,20.0,28.4,51
realmadridcf:21,realmadridcf,Real Madrid C. F.,14,2025-06-18,https://www.fifatrainingcentre.com/media/native/tournaments/fcwc/2025/M14%20RMA%20V%20HIL%20POST%20MATCH%20REPORT%20V2.pdf,21,Brahim DIAZ,17.0,17.0,100.0,0.0,0.0,0.0,3.0,3.0,100.0,1.0,1.0,0.0,1.0,0.0,43,0.0,0.0,0.0,0.0,0.0,4.0,0.0,0.0,0.0,0.0,0.0,7.0,3.0,0.0,0.0,48,3305.0,1371.3,1261.3,496.1,153.4,22.9,37.0,13.0,27.7,51
realmadridcf:44,realmadridcf,Real Madrid C. F.,14,2025-06-18,https://www.fifatrainingcentre.com/media/native/tournaments/fcwc/2025/M14%20RMA%20V%20HIL%20POST%20MATCH%20REPORT%20V2.pdf,44,Victor MUNOZ,5.0,5.0,100.0,0.0,2.0,0.0,1.0,1.0,100.0,1.0,1.0,0.0,0.0,0.0,43,0.0,0.0,0.0,0.0,0.0,0.0,0.0,0.0,0.0,0.0,2.0,0.0,0.0,0.0,0.0,48,2052.1,853.9,662.6,281.2,117.2,137.2,23.0,14.0,33.1,51
alhilal:37,alhilal,Al Hilal,14,2025-06-18,https://www.fifatrainingcentre.com/media/native/tournaments/fcwc/2025/M14%20RMA%20V%20HIL%20POST%20MATCH%20REPORT%20V2.pdf,37,Yassine BOUNOU,35.0,21.0,60.0,0.0,0.0,0.0,18.0,10.0,56.0,0.0,0.0,0.0,0.0,0.0,45,0.0,0.0,0.0,0.0,0.0,0.0,0.0,0.0,0.0,0.0,4.0,0.0,0.0,8.0,0.0,49,4646.3,3955.3,659.8,29.1,2.1,0.0,3.0,0.0,20.5,52
alhilal:3,alhilal,Al Hilal,14,2025-06-18,https://www.fifatrainingcentre.com/media/native/tournaments/fcwc/2025/M14%20RMA%20V%20HIL%20POST%20MATCH%20REPORT%20V2.pdf,3,Kalidou KOULIBALY,50.0,39.0,78.0,1.0,0.0,0.0,17.0,11.0,65.0,1.0,0.0,1.0,0.0,0.0,45,5.0,2.0,4.0,1.0,3.0,9.0,1.0,0.0,1.0,7.0,3.0,4.0,1.0,9.0,4.0,49,8429.9,4417.7,2902.4,772.9,264.5,72.5,65.0,18.0,30.5,52
alhilal:6,alhilal,Al Hilal,14,2025-06-18,https://www.fifatrainingcentre.com/media/native/tournaments/fcwc/2025/M14%20RMA%20V%20HIL%20POST%20MATCH%20REPORT%20V2.pdf,6,RENAN LODI,54.0,47.0,87.0,0.0,3.0,0.0,14.0,8.0,57.0,0.0,0.0,0.0,1.0,0.0,45,4.0,1.0,2.0,0.0,2.0,23.0,2.0,0.0,2.0,1.0,6.0,9.0,9.0,3.0,3.0,49,9119.0,3665.3,3686.6,1055.6,468.0,243.4,105.0,38.0,32.0,52
alhilal:8,alhilal,Al Hilal,14,2025-06-18,https://www.fifatrainingcentre.com/media/native/tournaments/fcwc/2025/M14%20RMA%20V%20HIL%20POST%20MATCH%20REPORT%20V2.pdf,8,RUBEN NEVES,74.0,71.0,96.0,2.0,2.0,1.0,12.0,9.0,75.0,2.0,0.0,2.0,2.0,1.0,45,1.0,0.0,4.0,2.0,2.0,5.0,1.0,0.0,1.0,2.0,11.0,17.0,5.0,6.0,2.0,49,11802.8,4053.4,5494.2,1599.2,501.9,154.1,143.0,38.0,29.8,52
alhilal:11,alhilal,Al Hilal,14,2025-06-18,https://www.fifatrainingcentre.com/media/native/tournaments/fcwc/2025/M14%20RMA%20V%20HIL%20POST%20MATCH%20REPORT%20V2.pdf,11,MARCOS LEONARDO,10.0,7.0,70.0,0.0,0.0,0.0,1.0,0.0,0.0,1.0,1.0,0.0,3.0,0.0,45,2.0,0.0,0.0,0.0,1.0,11.0,0.0,0.0,1.0,0.0,5.0,2.0,0.0,0.0,0.0,49,8473.8,3616.2,3693.9,743.5,288.0,132.2,68.0,27.0,30.8,52
alhilal:16,alhilal,Al Hilal,14,2025-06-18,https://www.fifatrainingcentre.com/media/native/tournaments/fcwc/2025/M14%20RMA%20V%20HIL%20POST%20MATCH%20REPORT%20V2.pdf,16,NASSER ALDAWSARI,27.0,24.0,89.0,0.0,1.0,0.0,6.0,5.0,83.0,0.0,0.0,0.0,0.0,0.0,45,3.0,0.0,1.0,0.0,5.0,18.0,0.0,0.0,0.0,2.0,3.0,23.0,10.0,1.0,3.0,49,9516.5,2889.5,3981.9,1925.0,594.6,125.6,174.0,46.0,30.1,52
alhilal:20,alhilal,Al Hilal,14,2025-06-18,https://www.fifatrainingcentre.com/media/native/tournaments/fcwc/2025/M14%20RMA%20V%20HIL%20POST%20MATCH%20REPORT%20V2.pdf,20,JOAO CANCELO,43.0,37.0,86.0,1.0,2.0,1.0,8.0,6.0,75.0,3.0,1.0,2.0,0.0,0.0,45,3.0,2.0,2.0,0.0,0.0,2.0,1.0,0.0,2.0,1.0,5.0,9.0,2.0,4.0,1.0,49,7097.3,3222.2,2751.4,782.9,238.9,101.9,64.0,20.0,29.2,52
alhilal:22,alhilal,Al Hilal,14,2025-06-18,https://www.fifatrainingcentre.com/media/native/tournaments/fcwc/2025/M14%20RMA%20V%20HIL%20POST%20MATCH%20REPORT%20V2.pdf,22,Sergej MILINKOVICSAVIC,55.0,45.0,82.0,2.0,0.0,0.0,19.0,16.0,84.0,1.0,0.0,1.0,2.0,0.0,45,3.0,0.0,1.0,2.0,3.0,16.0,1.0,0.0,2.0,0.0,0.0,12.0,7.0,3.0,0.0,49,11736.1,3996.8,5848.0,1543.8,314.1,33.4,132.0,22.0,28.4,52
alhilal:29,alhilal,Al Hilal,14,2025-06-18,https://www.fifatrainingcentre.com/media/native/tournaments/fcwc/2025/M14%20RMA%20V%20HIL%20POST%20MATCH%20REPORT%20V2.pdf,29,SALEM ALDAWSARI,37.0,33.0,89.0,0.0,4.0,1.0,8.0,7.0,88.0,4.0,2.0,2.0,3.0,0.0,45,2.0,1.0,2.0,0.0,4.0,13.0,0.0,0.0,0.0,0.0,4.0,10.0,7.0,2.0,1.0,49,10577.9,4565.9,3469.8,1424.8,666.5,450.9,127.0,60.0,35.0,52
alhilal:77,alhilal,Al Hilal,14,2025-06-18,https://www.fifatrainingcentre.com/media/native/tournaments/fcwc/2025/M14%20RMA%20V%20HIL%20POST%20MATCH%20REPORT%20V2.pdf,77,MALCOM,26.0,25.0,96.0,1.0,0.0,0.0,4.0,3.0,75.0,1.0,1.0,0.0,1.0,0.0,45,3.0,1.0,0.0,0.0,5.0,33.0,0.0,0.0,0.0,0.0,3.0,22.0,17.0,1.0,1.0,49,7070.2,2649.1,3223.3,852.7,301.7,43.4,76.0,23.0,32.4,52
alhilal:87,alhilal,Al Hilal,14,2025-06-18,https://www.fifatrainingcentre.com/media/native/tournaments/fcwc/2025/M14%20RMA%20V%20HIL%20POST%20MATCH%20REPORT%20V2.pdf,87,HASSAN ALTAMBAKTI,38.0,32.0,84.0,2.0,0.0,0.0,15.0,10.0,67.0,2.0,0.0,2.0,1.0,0.0,45,2.0,2.0,2.0,1.0,3.0,8.0,2.0,0.0,2.0,7.0,1.0,10.0,4.0,7.0,5.0,49,9432.7,4019.4,3855.0,1013.7,351.7,192.9,92.0,33.0,33.5,52
alhilal:15,alhilal,Al Hilal,14,2025-06-18,https://www.fifatrainingcentre.com/media/native/tournaments/fcwc/2025/M14%20RMA%20V%20HIL%20POST%20MATCH%20REPORT%20V2.pdf,15,MOHAMMED ALQAHTANI,5.0,4.0,80.0,0.0,0.0,0.0,2.0,1.0,50.0,0.0,0.0,0.0,0.0,0.0,45,0.0,0.0,2.0,0.0,0.0,15.0,0.0,0.0,0.0,0.0,2.0,13.0,5.0,1.0,0.0,49,4085.5,1340.8,1520.9,741.5,393.8,88.6,64.0,27.0,31.6,52
alhilal:18,alhilal,Al Hilal,14,2025-06-18,https://www.fifatrainingcentre.com/media/native/tournaments/fcwc/2025/M14%20RMA%20V%20HIL%20POST%20MATCH%20REPORT%20V2.pdf,18,MUSAB ALJUWAYR,8.0,7.0,88.0,1.0,0.0,0.0,1.0,1.0,100.0,0.0,0.0,0.0,0.0,0.0,45,1.0,1.0,0.0,0.0,1.0,6.0,1.0,0.0,1.0,1.0,1.0,0.0,0.0,1.0,1.0,49,1843.7,554.9,775.7,339.3,113.1,60.7,23.0,9.0,30.4,52
alhilal:24,alhilal,Al Hilal,14,2025-06-18,https://www.fifatrainingcentre.com/media/native/tournaments/fcwc/2025/M14%20RMA%20V%20HIL%20POST%20MATCH%20REPORT%20V2.pdf,24,MOTEB ALHARBI,3.0,3.0,100.0,0.0,1.0,0.0,1.0,1.0,100.0,0.0,0.0,0.0,0.0,0.0,45,1.0,0.0,1.0,0.0,2.0,7.0,0.0,0.0,0.0,0.0,1.0,1.0,1.0,0.0,0.0,49,1738.7,664.7,637.8,241.6,117.0,77.6,22.0,8.0,31.7,52
alhilal:28,alhilal,Al Hilal,14,2025-06-18,https://www.fifatrainingcentre.com/media/native/tournaments/fcwc/2025/M14%20RMA%20V%20HIL%20POST%20MATCH%20REPORT%20V2.pdf,28,MOHAMED KANNO,8.0,8.0,100.0,0.0,0.0,0.0,2.0,2.0,100.0,0.0,0.0,0.0,0.0,0.0,45,2.0,1.0,0.0,0.0,1.0,2.0,0.0,0.0,0.0,1.0,2.0,3.0,1.0,1.0,1.0,49,2290.7,935.1,750.8,313.2,196.5,95.3,23.0,15.0,32.1,52
alhilal:88,alhilal,Al Hilal,14,2025-06-18,https://www.fifatrainingcentre.com/media/native/tournaments/fcwc/2025/M14%20RMA%20V%20HIL%20POST%20MATCH%20REPORT%20V2.pdf,88,HAMAD ALYAMI,4.0,2.0,50.0,0.0,0.0,0.0,1.0,1.0,100.0,0.0,0.0,0.0,0.0,0.0,45,1.0,1.0,2.0,0.0,0.0,5.0,0.0,0.0,1.0,2.0,1.0,4.0,3.0,2.0,3.0,49,3029.5,1268.1,1280.5,336.0,71.1,73.8,24.0,6.0,31.6,52
cfpachuca:25,cfpachuca,CF Pachuca,15,2025-06-18,https://www.fifatrainingcentre.com/media/native/tournaments/fcwc/2025/M15%20PAC%20V%20SAL%20POST%20MATCH%20REPORT.pdf,25,Carlos MORENO,42.0,35.0,83.0,0.0,0.0,0.0,13.0,9.0,69.0,0.0,0.0,0.0,0.0,0.0,43,0.0,0.0,0.0,1.0,0.0,0.0,0.0,0.0,0.0,0.0,6.0,0.0,0.0,7.0,0.0,48,5396.3,4018.9,1180.1,158.2,22.1,17.0,18.0,2.0,43.5,51
cfpachuca:4,cfpachuca,CF Pachuca,15,2025-06-18,https://www.fifatrainingcentre.com/media/native/tournaments/fcwc/2025/M15%20PAC%20V%20SAL%20POST%20MATCH%20REPORT.pdf,4,EDUARDO BAUERMANN,55.0,51.0,93.0,0.0,0.0,0.0,6.0,3.0,50.0,0.0,0.0,0.0,2.0,0.0,43,1.0,0.0,3.0,3.0,0.0,2.0,3.0,0.0,3.0,3.0,2.0,12.0,0.0,7.0,3.0,48,9816.8,3937.2,4405.3,995.9,333.0,145.5,97.0,29.0,44.9,51
cfpachuca:5,cfpachuca,CF Pachuca,15,2025-06-18,https://www.fifatrainingcentre.com/media/native/tournaments/fcwc/2025/M15%20PAC%20V%20SAL%20POST%20MATCH%20REPORT.pdf,5,Pedro PEDRAZA,22.0,22.0,100.0,0.0,0.0,0.0,3.0,3.0,100.0,1.0,0.0,1.0,0.0,0.0,43,0.0,0.0,4.0,0.0,3.0,14.0,0.0,0.0,0.0,0.0,7.0,10.0,0.0,3.0,0.0,48,6598.5,2082.5,3347.0,869.0,248.6,51.6,74.0,22.0,28.5,51
cfpachuca:8,cfpachuca,CF Pachuca,15,2025-06-18,https://www.fifatrainingcentre.com/media/native/tournaments/fcwc/2025/M15%20PAC%20V%20SAL%20POST%20MATCH%20REPORT.pdf,8,Bryan GONZALEZ,42.0,35.0,83.0,1.0,7.0,2.0,11.0,9.0,82.0,3.0,2.0,1.0,3.0,1.0,43,4.0,0.0,0.0,2.0,5.0,12.0,1.0,0.0,2.0,2.0,5.0,10.0,5.0,3.0,2.0,48,10418.0,3916.0,4411.9,1290.9,571.0,228.3,116.0,48.0,43.2,51
cfpachuca:12,cfpachuca,CF Pachuca,15,2025-06-18,https://www.fifatrainingcentre.com/media/native/tournaments/fcwc/2025/M15%20PAC%20V%20SAL%20POST%20MATCH%20REPORT.pdf,12,Alexei DOMINGUEZ,29.0,26.0,90.0,0.0,4.0,2.0,8.0,7.0,88.0,5.0,4.0,1.0,1.0,0.0,43,2.0,0.0,2.0,1.0,5.0,32.0,0.0,0.0,1.0,0.0,3.0,17.0,13.0,3.0,2.0,48,10520.2,3555.5,4739.0,1381.3,538.6,305.8,134.0,51.0,43.7,51
cfpachuca:16,cfpachuca,CF Pachuca,15,2025-06-18,https://www.fifatrainingcentre.com/media/native/tournaments/fcwc/2025/M15%20PAC%20V%20SAL%20POST%20MATCH%20REPORT.pdf,16,Federico PEREIRA,68.0,63.0,93.0,0.0,1.0,0.0,9.0,6.0,67.0,1.0,0.0,1.0,0.0,0.0,43,4.0,3.0,4.0,0.0,5.0,7.0,2.0,0.0,2.0,3.0,6.0,15.0,1.0,7.0,5.0,48,9941.5,3799.6,4395.2,1118.4,403.5,224.8,102.0,38.0,43.5,51
cfpachuca:18,cfpachuca,CF Pachuca,15,2025-06-18,https://www.fifatrainingcentre.com/media/native/tournaments/fcwc/2025/M15%20PAC%20V%20SAL%20POST%20MATCH%20REPORT.pdf,18,Agustin PALAVECINO,51.0,43.0,84.0,1.0,4.0,1.0,15.0,11.0,73.0,1.0,1.0,0.0,4.0,0.0,43,5.0,0.0,3.0,1.0,7.0,36.0,0.0,0.0,0.0,0.0,7.0,37.0,19.0,1.0,2.0,48,10080.4,3034.4,4775.2,1706.7,440.7,123.4,164.0,40.0,41.6,51
cfpachuca:23,cfpachuca,CF Pachuca,15,2025-06-18,https://www.fifatrainingcentre.com/media/native/tournaments/fcwc/2025/M15%20PAC%20V%20SAL%20POST%20MATCH%20REPORT.pdf,23,Salomon RONDON,19.0,15.0,79.0,0.0,0.0,0.0,2.0,1.0,50.0,1.0,1.0,0.0,4.0,0.0,43,0.0,0.0,1.0,0.0,1.0,8.0,2.0,0.0,2.0,1.0,2.0,6.0,5.0,0.0,2.0,48,9626.1,4523.9,3814.6,832.6,294.5,160.6,77.0,25.0,44.1,51
cfpachuca:24,cfpachuca,CF Pachuca,15,2025-06-18,https://www.fifatrainingcentre.com/media/native/tournaments/fcwc/2025/M15%20PAC%20V%20SAL%20POST%20MATCH%20REPORT.pdf,24,Luis RODRIGUEZ,74.0,67.0,91.0,0.0,1.0,0.0,20.0,15.0,75.0,4.0,2.0,2.0,0.0,0.0,43,4.0,0.0,1.0,1.0,4.0,14.0,0.0,0.0,1.0,3.0,13.0,17.0,7.0,1.0,4.0,48,9639.7,3804.1,4084.8,1125.6,423.4,201.8,108.0,38.0,44.3,51
cfpachuca:28,cfpachuca,CF Pachuca,15,2025-06-18,https://www.fifatrainingcentre.com/media/native/tournaments/fcwc/2025/M15%20PAC%20V%20SAL%20POST%20MATCH%20REPORT.pdf,28,Elias MONTIEL,51.0,44.0,86.0,2.0,2.0,0.0,15.0,10.0,67.0,0.0,0.0,0.0,2.0,0.0,43,5.0,3.0,3.0,1.0,8.0,31.0,0.0,0.0,1.0,0.0,11.0,40.0,19.0,5.0,3.0,48,11440.7,2893.1,5694.0,2228.3,601.1,24.2,172.0,47.0,39.4,51
cfpachuca:29,cfpachuca,CF Pachuca,15,2025-06-18,https://www.fifatrainingcentre.com/media/native/tournaments/fcwc/2025/M15%20PAC%20V%20SAL%20POST%20MATCH%20REPORT.pdf,29,KENEDY,21.0,17.0,81.0,0.0,4.0,1.0,7.0,5.0,71.0,3.0,2.0,1.0,2.0,0.0,43,2.0,1.0,4.0,2.0,3.0,31.0,2.0,0.0,3.0,0.0,4.0,20.0,15.0,5.0,1.0,48,8994.5,3409.9,3400.6,1302.1,633.8,248.0,109.0,58.0,43.6,51
cfpachuca:6,cfpachuca,CF Pachuca,15,2025-06-18,https://www.fifatrainingcentre.com/media/native/tournaments/fcwc/2025/M15%20PAC%20V%20SAL%20POST%20MATCH%20REPORT.pdf,6,Santiago HOMENCHENKO,15.0,15.0,100.0,0.0,1.0,0.0,0.0,0.0,0.0,0.0,0.0,0.0,0.0,0.0,43,0.0,0.0,1.0,0.0,0.0,2.0,1.0,0.0,1.0,0.0,4.0,3.0,1.0,0.0,1.0,48,2266.5,689.5,1087.0,344.1,87.8,58.1,35.0,7.0,29.4,51
cfpachuca:10,cfpachuca,CF Pachuca,15,2025-06-18,https://www.fifatrainingcentre.com/media/native/tournaments/fcwc/2025/M15%20PAC%20V%20SAL%20POST%20MATCH%20REPORT.pdf,10,JOHN KENNEDY,7.0,5.0,71.0,0.0,0.0,0.0,2.0,1.0,50.0,5.0,5.0,0.0,0.0,0.0,43,0.0,0.0,0.0,1.0,1.0,11.0,0.0,0.0,0.0,0.0,2.0,6.0,5.0,1.0,0.0,48,3738.2,1423.7,1653.4,401.0,180.8,79.3,40.0,19.0,29.7,51
cfpachuca:14,cfpachuca,CF Pachuca,15,2025-06-18,https://www.fifatrainingcentre.com/media/native/tournaments/fcwc/2025/M15%20PAC%20V%20SAL%20POST%20MATCH%20REPORT.pdf,14,Carlos SANCHEZ,6.0,6.0,100.0,0.0,1.0,1.0,1.0,1.0,100.0,1.0,1.0,0.0,0.0,0.0,43,0.0,0.0,0.0,0.0,0.0,4.0,0.0,0.0,0.0,0.0,0.0,3.0,2.0,0.0,0.0,48,833.6,239.2,317.9,147.8,113.5,15.2,15.0,7.0,26.5,51
cfpachuca:26,cfpachuca,CF Pachuca,15,2025-06-18,https://www.fifatrainingcentre.com/media/native/tournaments/fcwc/2025/M15%20PAC%20V%20SAL%20POST%20MATCH%20REPORT.pdf,26,Alan BAUTISTA,11.0,10.0,91.0,0.0,0.0,0.0,1.0,1.0,100.0,1.0,1.0,0.0,1.0,0.0,43,0.0,0.0,0.0,0.0,0.0,3.0,0.0,0.0,0.0,0.0,2.0,1.0,1.0,0.0,0.0,48,2292.3,546.4,1044.1,426.2,186.7,89.0,35.0,16.0,29.6,51
cfpachuca:30,cfpachuca,CF Pachuca,15,2025-06-18,https://www.fifatrainingcentre.com/media/native/tournaments/fcwc/2025/M15%20PAC%20V%20SAL%20POST%20MATCH%20REPORT.pdf,30,Aviles HURTADO,2.0,2.0,100.0,0.0,0.0,0.0,0.0,0.0,0.0,0.0,0.0,0.0,0.0,0.0,43,1.0,0.0,0.0,0.0,1.0,3.0,0.0,0.0,0.0,0.0,1.0,3.0,1.0,0.0,0.0,48,782.0,196.6,370.9,129.5,64.4,20.6,13.0,5.0,27.1,51
fcsalzburg:52,fcsalzburg,FC Salzburg,15,2025-06-18,https://www.fifatrainingcentre.com/media/native/tournaments/fcwc/2025/M15%20PAC%20V%20SAL%20POST%20MATCH%20REPORT.pdf,52,Christian ZAWIESCHITZKY,30.0,28.0,93.0,0.0,0.0,0.0,9.0,8.0,89.0,0.0,0.0,0.0,0.0,0.0,45,0.0,0.0,0.0,0.0,0.0,0.0,0.0,0.0,0.0,0.0,1.0,0.0,0.0,5.0,0.0,49,4559.2,3428.5,1020.5,89.9,13.9,6.5,10.0,1.0,43.4,52
fcsalzburg:2,fcsalzburg,FC Salzburg,15,2025-06-18,https://www.fifatrainingcentre.com/media/native/tournaments/fcwc/2025/M15%20PAC%20V%20SAL%20POST%20MATCH%20REPORT.pdf,2,Jacob RASMUSSEN,78.0,74.0,95.0,0.0,0.0,0.0,27.0,26.0,96.0,0.0,0.0,0.0,0.0,0.0,45,2.0,0.0,1.0,2.0,2.0,3.0,2.0,0.0,3.0,8.0,8.0,7.0,3.0,8.0,5.0,49,9483.5,4349.4,3748.5,1006.4,243.7,135.5,92.0,21.0,39.0,52
fcsalzburg:13,fcsalzburg,FC Salzburg,15,2025-06-18,https://www.fifatrainingcentre.com/media/native/tournaments/fcwc/2025/M15%20PAC%20V%20SAL%20POST%20MATCH%20REPORT.pdf,13,Frans KRAETZIG,61.0,46.0,75.0,0.0,3.0,0.0,10.0,5.0,50.0,1.0,0.0,1.0,0.0,0.0,45,4.0,0.0,2.0,1.0,10.0,13.0,0.0,1.0,1.0,2.0,3.0,43.0,17.0,2.0,6.0,49,10245.2,3789.0,4205.2,1616.3,529.0,105.8,145.0,39.0,39.6,52
fcsalzburg:18,fcsalzburg,FC Salzburg,15,2025-06-18,https://www.fifatrainingcentre.com/media/native/tournaments/fcwc/2025/M15%20PAC%20V%20SAL%20POST%20MATCH%20REPORT.pdf,18,Mads BIDSTRUP,48.0,44.0,92.0,2.0,1.0,1.0,12.0,11.0,92.0,2.0,1.0,1.0,0.0,0.0,45,8.0,5.0,1.0,1.0,8.0,22.0,1.0,0.0,1.0,2.0,6.0,35.0,14.0,9.0,2.0,49,12216.2,3236.5,6220.7,1932.0,640.0,187.0,164.0,55.0,44.9,52
fcsalzburg:20,fcsalzburg,FC Salzburg,15,2025-06-18,https://www.fifatrainingcentre.com/media/native/tournaments/fcwc/2025/M15%20PAC%20V%20SAL%20POST%20MATCH%20REPORT.pdf,20,Edmund BAIDOO,19.0,16.0,84.0,0.0,1.0,0.0,1.0,1.0,100.0,1.0,1.0,0.0,1.0,0.0,45,2.0,0.0,0.0,1.0,4.0,18.0,0.0,0.0,1.0,1.0,3.0,15.0,8.0,1.0,2.0,49,6914.4,2062.9,2976.1,984.1,575.6,315.7,82.0,52.0,35.6,52
fcsalzburg:21,fcsalzburg,FC Salzburg,15,2025-06-18,https://www.fifatrainingcentre.com/media/native/tournaments/fcwc/2025/M15%20PAC%20V%20SAL%20POST%20MATCH%20REPORT.pdf,21,Petar RATKOV,6.0,5.0,83.0,0.0,0.0,0.0,1.0,1.0,100.0,1.0,1.0,0.0,1.0,0.0,45,0.0,0.0,2.0,0.0,0.0,10.0,4.0,0.0,4.0,0.0,0.0,15.0,7.0,0.0,0.0,49,5972.8,2314.7,2741.5,601.4,255.5,59.7,56.0,22.0,28.5,52
fcsalzburg:22,fcsalzburg,FC Salzburg,15,2025-06-18,https://www.fifatrainingcentre.com/media/native/tournaments/fcwc/2025/M15%20PAC%20V%20SAL%20POST%20MATCH%20REPORT.pdf,22,Stefan LAINER,63.0,53.0,84.0,1.0,2.0,1.0,18.0,12.0,67.0,3.0,1.0,2.0,0.0,0.0,45,6.0,1.0,3.0,1.0,4.0,13.0,0.0,0.0,0.0,4.0,5.0,16.0,7.0,2.0,6.0,49,10600.8,3744.5,4812.5,1327.9,441.8,274.1,114.0,48.0,42.4,52
fcsalzburg:23,fcsalzburg,FC Salzburg,15,2025-06-18,https://www.fifatrainingcentre.com/media/native/tournaments/fcwc/2025/M15%20PAC%20V%20SAL%20POST%20MATCH%20REPORT.pdf,23,Joane GADOU,68.0,62.0,91.0,0.0,0.0,0.0,24.0,22.0,92.0,5.0,0.0,5.0,0.0,0.0,45,3.0,0.0,3.0,2.0,4.0,4.0,2.0,0.0,4.0,2.0,7.0,0.0,0.0,7.0,4.0,49,9150.6,4011.6,3910.3,714.9,357.9,155.9,59.0,35.0,34.0,52
fcsalzburg:30,fcsalzburg,FC Salzburg,15,2025-06-18,https://www.fifatrainingcentre.com/media/native/tournaments/fcwc/2025/M15%20PAC%20V%20SAL%20POST%20MATCH%20REPORT.pdf,30,Oscar GLOUKH,38.0,30.0,79.0,0.0,2.0,0.0,12.0,9.0,75.0,2.0,1.0,1.0,3.0,1.0,45,2.0,1.0,1.0,0.0,1.0,27.0,0.0,0.0,0.0,0.0,7.0,16.0,14.0,1.0,0.0,49,8732.7,3621.1,3533.2,1072.7,356.8,148.9,98.0,32.0,44.9,52
fcsalzburg:38,fcsalzburg,FC Salzburg,15,2025-06-18,https://www.fifatrainingcentre.com/media/native/tournaments/fcwc/2025/M15%20PAC%20V%20SAL%20POST%20MATCH%20REPORT.pdf,38,Valentin SULZBACHER,26.0,22.0,85.0,0.0,2.0,0.0,4.0,2.0,50.0,1.0,0.0,1.0,0.0,0.0,45,3.0,1.0,3.0,0.0,4.0,22.0,1.0,0.0,1.0,0.0,3.0,8.0,2.0,3.0,1.0,49,7015.5,2200.2,3375.3,976.8,401.2,62.0,94.0,25.0,28.4,52
fcsalzburg:45,fcsalzburg,FC Salzburg,15,2025-06-18,https://www.fifatrainingcentre.com/media/native/tournaments/fcwc/2025/M15%20PAC%20V%20SAL%20POST%20MATCH%20REPORT.pdf,45,Dorgeles NENE,45.0,42.0,93.0,2.0,0.0,0.0,9.0,8.0,89.0,4.0,4.0,0.0,3.0,0.0,45,5.0,1.0,2.0,1.0,7.0,24.0,1.0,0.0,1.0,1.0,7.0,30.0,17.0,4.0,2.0,49,11129.5,4240.5,4269.5,1722.9,661.7,234.9,149.0,55.0,44.2,52
fcsalzburg:5,fcsalzburg,FC Salzburg,15,2025-06-18,https://www.fifatrainingcentre.com/media/native/tournaments/fcwc/2025/M15%20PAC%20V%20SAL%20POST%20MATCH%20REPORT.pdf,5,Soumaila DIABATE,16.0,12.0,75.0,0.0,0.0,0.0,2.0,2.0,100.0,0.0,0.0,0.0,0.0,0.0,45,3.0,1.0,1.0,0.0,7.0,5.0,0.0,0.0,0.0,1.0,5.0,11.0,5.0,1.0,0.0,49,4844.9,1343.0,2389.8,826.9,206.7,78.5,76.0,18.0,32.1,52
fcsalzburg:9,fcsalzburg,FC Salzburg,15,2025-06-18,https://www.fifatrainingcentre.com/media/native/tournaments/fcwc/2025/M15%20PAC%20V%20SAL%20POST%20MATCH%20REPORT.pdf,9,Karim ONISIWO,10.0,7.0,70.0,0.0,0.0,0.0,1.0,1.0,100.0,1.0,1.0,0.0,1.0,1.0,45,5.0,1.0,0.0,0.0,5.0,16.0,1.0,0.0,2.0,0.0,1.0,9.0,5.0,2.0,2.0,49,4679.8,1334.4,2258.5,706.7,257.2,123.0,65.0,24.0,31.4,52
fcsalzburg:11,fcsalzburg,FC Salzburg,15,2025-06-18,https://www.fifatrainingcentre.com/media/native/tournaments/fcwc/2025/M15%20PAC%20V%20SAL%20POST%20MATCH%20REPORT.pdf,11,Yorbe VERTESSEN,10.0,9.0,90.0,0.0,0.0,0.0,1.0,1.0,100.0,1.0,1.0,0.0,1.0,0.0,45,0.0,0.0,2.0,0.0,0.0,22.0,0.0,0.0,0.0,0.0,5.0,21.0,14.0,1.0,1.0,49,4922.0,1288.3,2460.3,722.6,293.2,157.4,73.0,27.0,32.6,52
fcsalzburg:28,fcsalzburg,FC Salzburg,15,2025-06-18,https://www.fifatrainingcentre.com/media/native/tournaments/fcwc/2025/M15%20PAC%20V%20SAL%20POST%20MATCH%20REPORT.pdf,28,Adam DAGHIM,2.0,2.0,100.0,0.0,0.0,0.0,0.0,0.0,0.0,0.0,0.0,0.0,0.0,0.0,45,0.0,0.0,1.0,0.0,0.0,14.0,0.0,0.0,0.0,1.0,2.0,10.0,6.0,0.0,2.0,49,2200.4,527.3,945.5,354.8,215.5,157.3,30.0,18.0,32.0,52
fcsalzburg:36,fcsalzburg,FC Salzburg,15,2025-06-18,https://www.fifatrainingcentre.com/media/native/tournaments/fcwc/2025/M15%20PAC%20V%20SAL%20POST%20MATCH%20REPORT.pdf,36,John MELLBERG,3.0,2.0,67.0,0.0,0.0,0.0,2.0,2.0,100.0,0.0,0.0,0.0,0.0,0.0,45,1.0,1.0,0.0,0.0,0.0,3.0,0.0,0.0,0.0,0.0,0.0,3.0,3.0,1.0,0.0,49,788.0,208.7,376.3,98.7,72.1,32.2,8.0,6.0,27.3,52
alainfc:1,alainfc,Al Ain FC,16,2025-06-18,https://www.fifatrainingcentre.com/media/native/tournaments/fcwc/2025/M16%20AIN%20V%20JUV%20POST%20MATCH%20REPORT%20V3.pdf,1,RUI PATRICIO,21.0,16.0,76.0,0.0,0.0,0.0,13.0,8.0,62.0,0.0,0.0,0.0,0.0,0.0,42,0.0,0.0,0.0,0.0,0.0,0.0,0.0,0.0,0.0,0.0,2.0,0.0,0.0,2.0,0.0,47,5296.1,4391.8,813.0,91.3,0.0,0.0,11.0,0.0,19.9,50
alainfc:3,alainfc,Al Ain FC,16,2025-06-18,https://www.fifatrainingcentre.com/media/native/tournaments/fcwc/2025/M16%20AIN%20V%20JUV%20POST%20MATCH%20REPORT%20V3.pdf,3,KOUAME AUTONNE,14.0,13.0,93.0,1.0,0.0,0.0,7.0,6.0,86.0,0.0,0.0,0.0,0.0,0.0,42,4.0,0.0,1.0,1.0,2.0,2.0,1.0,0.0,1.0,2.0,3.0,11.0,1.0,2.0,1.0,47,7047.5,2957.0,2779.2,753.1,397.0,161.2,73.0,30.0,33.0,50
alainfc:5,alainfc,Al Ain FC,16,2025-06-18,https://www.fifatrainingcentre.com/media/native/tournaments/fcwc/2025/M16%20AIN%20V%20JUV%20POST%20MATCH%20REPORT%20V3.pdf,5,PARK Yongwoo,37.0,32.0,86.0,2.0,1.0,1.0,11.0,6.0,55.0,5.0,5.0,0.0,0.0,0.0,42,2.0,1.0,2.0,4.0,8.0,17.0,1.0,0.0,1.0,0.0,9.0,18.0,5.0,6.0,2.0,47,9915.1,2971.6,4384.4,1902.2,551.0,106.0,160.0,47.0,29.7,50
alainfc:9,alainfc,Al Ain FC,16,2025-06-18,https://www.fifatrainingcentre.com/media/native/tournaments/fcwc/2025/M16%20AIN%20V%20JUV%20POST%20MATCH%20REPORT%20V3.pdf,9,Kodjo LABA,23.0,21.0,91.0,0.0,1.0,0.0,3.0,2.0,67.0,4.0,3.0,1.0,3.0,0.0,42,1.0,0.0,0.0,0.0,2.0,17.0,4.0,2.0,6.0,2.0,1.0,15.0,9.0,0.0,2.0,47,9418.9,4047.2,3627.4,1026.9,496.8,220.6,102.0,40.0,30.4,50
alainfc:10,alainfc,Al Ain FC,16,2025-06-18,https://www.fifatrainingcentre.com/media/native/tournaments/fcwc/2025/M16%20AIN%20V%20JUV%20POST%20MATCH%20REPORT%20V3.pdf,10,KAKU,30.0,24.0,80.0,4.0,2.0,0.0,10.0,9.0,90.0,0.0,0.0,0.0,1.0,0.0,42,2.0,0.0,5.0,1.0,1.0,38.0,0.0,0.0,0.0,0.0,2.0,29.0,18.0,1.0,3.0,47,8999.0,2977.4,3584.8,1724.3,550.4,162.1,150.0,39.0,29.6,50
alainfc:14,alainfc,Al Ain FC,16,2025-06-18,https://www.fifatrainingcentre.com/media/native/tournaments/fcwc/2025/M16%20AIN%20V%20JUV%20POST%20MATCH%20REPORT%20V3.pdf,14,Marcel RATNIK,33.0,28.0,85.0,0.0,0.0,0.0,14.0,10.0,71.0,0.0,0.0,0.0,0.0,0.0,42,4.0,3.0,6.0,2.0,3.0,9.0,2.0,0.0,2.0,3.0,4.0,19.0,9.0,11.0,5.0,47,9974.7,3955.4,4735.6,799.8,425.1,58.8,88.0,26.0,28.8,50
alainfc:20,alainfc,Al Ain FC,16,2025-06-18,https://www.fifatrainingcentre.com/media/native/tournaments/fcwc/2025/M16%20AIN%20V%20JUV%20POST%20MATCH%20REPORT%20V3.pdf,20,Matias PALACIOS,41.0,37.0,90.0,0.0,3.0,0.0,11.0,7.0,64.0,0.0,0.0,0.0,0.0,0.0,42,2.0,0.0,3.0,0.0,1.0,19.0,0.0,0.0,1.0,0.0,1.0,28.0,8.0,1.0,3.0,47,8907.2,2394.3,3756.6,2006.5,592.0,157.9,172.0,47.0,33.1,50
alainfc:21,alainfc,Al Ain FC,16,2025-06-18,https://www.fifatrainingcentre.com/media/native/tournaments/fcwc/2025/M16%20AIN%20V%20JUV%20POST%20MATCH%20REPORT%20V3.pdf,21,Soufiane RAHIMI,15.0,14.0,93.0,0.0,4.0,0.0,1.0,1.0,100.0,3.0,2.0,1.0,2.0,0.0,42,2.0,2.0,2.0,0.0,4.0,36.0,0.0,0.0,1.0,0.0,2.0,34.0,20.0,4.0,0.0,47,10575.9,4492.9,3848.8,1271.9,612.9,349.4,127.0,51.0,34.3,50
alainfc:25,alainfc,Al Ain FC,16,2025-06-18,https://www.fifatrainingcentre.com/media/native/tournaments/fcwc/2025/M16%20AIN%20V%20JUV%20POST%20MATCH%20REPORT%20V3.pdf,25,RAMY RABIA,38.0,32.0,84.0,0.0,0.0,0.0,12.0,8.0,67.0,0.0,0.0,0.0,0.0,0.0,42,5.0,2.0,8.0,0.0,10.0,4.0,1.0,0.0,2.0,4.0,3.0,18.0,6.0,4.0,6.0,47,9949.0,3543.0,4879.9,975.3,412.2,138.5,89.0,29.0,30.8,50
alainfc:36,alainfc,Al Ain FC,16,2025-06-18,https://www.fifatrainingcentre.com/media/native/tournaments/fcwc/2025/M16%20AIN%20V%20JUV%20POST%20MATCH%20REPORT%20V3.pdf,36,Facundo ZABALA,43.0,37.0,86.0,1.0,1.0,0.0,16.0,11.0,69.0,8.0,6.0,2.0,2.0,0.0,42,6.0,2.0,4.0,0.0,9.0,19.0,0.0,0.0,3.0,0.0,4.0,22.0,12.0,3.0,5.0,47,10879.8,4827.3,3975.6,1236.9,643.2,196.9,113.0,47.0,30.9,50
alainfc:70,alainfc,Al Ain FC,16,2025-06-18,https://www.fifatrainingcentre.com/media/native/tournaments/fcwc/2025/M16%20AIN%20V%20JUV%20POST%20MATCH%20REPORT%20V3.pdf,70,Abdoul Karim TRAORE,35.0,30.0,86.0,0.0,0.0,0.0,10.0,6.0,60.0,0.0,0.0,0.0,1.0,0.0,42,3.0,2.0,6.0,0.0,3.0,37.0,3.0,0.0,5.0,1.0,3.0,35.0,18.0,6.0,3.0,47,11195.4,4018.7,5036.4,1443.4,510.8,186.1,127.0,42.0,30.5,50
alainfc:6,alainfc,Al Ain FC,16,2025-06-18,https://www.fifatrainingcentre.com/media/native/tournaments/fcwc/2025/M16%20AIN%20V%20JUV%20POST%20MATCH%20REPORT%20V3.pdf,6,YAHIA NADER,19.0,17.0,89.0,1.0,0.0,0.0,5.0,4.0,80.0,0.0,0.0,0.0,0.0,0.0,42,0.0,0.0,0.0,0.0,0.0,6.0,0.0,0.0,0.0,0.0,4.0,11.0,2.0,0.0,0.0,47,3323.5,827.8,1729.1,580.3,161.3,25.0,52.0,13.0,27.4,50
alainfc:28,alainfc,Al Ain FC,16,2025-06-18,https://www.fifatrainingcentre.com/media/native/tournaments/fcwc/2025/M16%20AIN%20V%20JUV%20POST%20MATCH%20REPORT%20V3.pdf,28,Nassim CHADLI,6.0,4.0,67.0,0.0,0.0,0.0,2.0,1.0,50.0,0.0,0.0,0.0,1.0,0.0,42,0.0,0.0,0.0,0.0,2.0,3.0,0.0,0.0,0.0,0.0,1.0,5.0,3.0,0.0,0.0,47,2473.9,684.6,960.2,499.5,207.0,122.6,39.0,14.0,31.0,50
alainfc:56,alainfc,Al Ain FC,16,2025-06-18,https://www.fifatrainingcentre.com/media/native/tournaments/fcwc/2025/M16%20AIN%20V%20JUV%20POST%20MATCH%20REPORT%20V3.pdf,56,Amadou NIANG,13.0,11.0,85.0,1.0,0.0,0.0,3.0,2.0,67.0,1.0,0.0,1.0,0.0,0.0,42,3.0,2.0,0.0,1.0,1.0,0.0,0.0,0.0,0.0,1.0,0.0,1.0,0.0,4.0,1.0,47,2687.8,894.7,1372.1,252.1,118.5,50.5,22.0,12.0,31.8,50
alainfc:80,alainfc,Al Ain FC,16,2025-06-18,https://www.fifatrainingcentre.com/media/native/tournaments/fcwc/2025/M16%20AIN%20V%20JUV%20POST%20MATCH%20REPORT%20V3.pdf,80,Joshua UDOH,0.0,0.0,0.0,0.0,0.0,0.0,0.0,0.0,0.0,0.0,0.0,0.0,0.0,0.0,42,0.0,0.0,0.0,0.0,0.0,0.0,0.0,0.0,0.0,0.0,0.0,1.0,0.0,0.0,0.0,47,220.9,87.9,78.4,52.4,2.2,0.0,6.0,0.0,20.4,50
alainfc:97,alainfc,Al Ain FC,16,2025-06-18,https://www.fifatrainingcentre.com/media/native/tournaments/fcwc/2025/M16%20AIN%20V%20JUV%20POST%20MATCH%20REPORT%20V3.pdf,97,Adis JASIC,8.0,7.0,88.0,0.0,0.0,0.0,4.0,3.0,75.0,0.0,0.0,0.0,0.0,0.0,42,0.0,0.0,1.0,0.0,2.0,5.0,0.0,0.0,0.0,0.0,1.0,7.0,5.0,0.0,1.0,47,2257.1,566.0,1000.0,450.1,196.0,44.8,37.0,16.0,27.9,50
juventusfc:29,juventusfc,Juventus FC,16,2025-06-18,https://www.fifatrainingcentre.com/media/native/tournaments/fcwc/2025/M16%20AIN%20V%20JUV%20POST%20MATCH%20REPORT%20V3.pdf,29,Michele DI GREGORIO,30.0,24.0,80.0,0.0,0.0,0.0,13.0,8.0,62.0,0.0,0.0,0.0,0.0,0.0,44,0.0,0.0,0.0,0.0,0.0,0.0,0.0,0.0,0.0,0.0,0.0,0.0,0.0,4.0,0.0,48,5981.5,4501.5,1354.4,99.3,26.3,0.0,13.0,2.0,22.6,51
juventusfc:2,juventusfc,Juventus FC,16,2025-06-18,https://www.fifatrainingcentre.com/media/native/tournaments/fcwc/2025/M16%20AIN%20V%20JUV%20POST%20MATCH%20REPORT%20V3.pdf,2,ALBERTO COSTA,51.0,44.0,86.0,1.0,3.0,1.0,10.0,7.0,70.0,5.0,2.0,3.0,1.0,0.0,44,8.0,2.0,3.0,3.0,8.0,9.0,1.0,0.0,3.0,1.0,3.0,18.0,12.0,6.0,2.0,48,11475.5,3907.9,4468.5,1818.7,877.9,402.6,152.0,66.0,32.1,51
juventusfc:6,juventusfc,Juventus FC,16,2025-06-18,https://www.fifatrainingcentre.com/media/native/tournaments/fcwc/2025/M16%20AIN%20V%20JUV%20POST%20MATCH%20REPORT%20V3.pdf,6,Lloyd KELLY,72.0,66.0,92.0,0.0,4.0,0.0,19.0,18.0,95.0,0.0,0.0,0.0,2.0,0.0,44,0.0,0.0,2.0,1.0,1.0,11.0,2.0,0.0,2.0,1.0,7.0,7.0,4.0,3.0,1.0,48,11114.8,4304.2,4149.6,1720.1,627.3,313.6,159.0,51.0,31.1,51
juventusfc:7,juventusfc,Juventus FC,16,2025-06-18,https://www.fifatrainingcentre.com/media/native/tournaments/fcwc/2025/M16%20AIN%20V%20JUV%20POST%20MATCH%20REPORT%20V3.pdf,7,FRANCISCO CONCEICAO,45.0,40.0,89.0,0.0,4.0,1.0,12.0,12.0,100.0,6.0,5.0,1.0,3.0,2.0,44,2.0,0.0,0.0,1.0,2.0,28.0,0.0,0.0,0.0,0.0,3.0,25.0,16.0,3.0,0.0,48,11702.8,3938.1,5090.1,1848.2,624.6,201.7,162.0,51.0,31.2,51
juventusfc:10,juventusfc,Juventus FC,16,2025-06-18,https://www.fifatrainingcentre.com/media/native/tournaments/fcwc/2025/M16%20AIN%20V%20JUV%20POST%20MATCH%20REPORT%20V3.pdf,10,Kenan YILDIZ,28.0,24.0,86.0,0.0,4.0,1.0,6.0,5.0,83.0,2.0,2.0,0.0,3.0,1.0,44,1.0,1.0,0.0,0.0,1.0,17.0,0.0,0.0,0.0,0.0,3.0,9.0,6.0,1.0,0.0,48,7817.2,2883.0,3361.2,993.2,479.6,100.2,87.0,39.0,31.3,51
juventusfc:15,juventusfc,Juventus FC,16,2025-06-18,https://www.fifatrainingcentre.com/media/native/tournaments/fcwc/2025/M16%20AIN%20V%20JUV%20POST%20MATCH%20REPORT%20V3.pdf,15,Pierre KALULU,87.0,84.0,97.0,1.0,1.0,0.0,17.0,16.0,94.0,2.0,0.0,2.0,0.0,0.0,44,4.0,2.0,5.0,2.0,9.0,5.0,0.0,0.0,1.0,1.0,6.0,13.0,4.0,8.0,3.0,48,10525.2,4224.7,3988.3,1410.7,661.8,239.6,136.0,54.0,33.9,51
juventusfc:16,juventusfc,Juventus FC,16,2025-06-18,https://www.fifatrainingcentre.com/media/native/tournaments/fcwc/2025/M16%20AIN%20V%20JUV%20POST%20MATCH%20REPORT%20V3.pdf,16,Weston McKENNIE,50.0,46.0,92.0,0.0,0.0,0.0,11.0,9.0,82.0,1.0,0.0,1.0,1.0,0.0,44,2.0,1.0,3.0,0.0,2.0,15.0,0.0,0.0,1.0,0.0,7.0,3.0,1.0,2.0,1.0,48,11825.2,4231.1,4570.8,2267.8,659.0,96.6,191.0,48.0,28.7,51
juventusfc:19,juventusfc,Juventus FC,16,2025-06-18,https://www.fifatrainingcentre.com/media/native/tournaments/fcwc/2025/M16%20AIN%20V%20JUV%20POST%20MATCH%20REPORT%20V3.pdf,19,Khephren THURAM,34.0,30.0,88.0,4.0,2.0,0.0,11.0,10.0,91.0,2.0,0.0,2.0,1.0,0.0,44,1.0,1.0,1.0,0.0,0.0,3.0,0.0,0.0,0.0,1.0,4.0,4.0,2.0,2.0,1.0,48,6043.6,1977.9,2585.9,1100.7,304.8,74.3,91.0,21.0,29.3,51
juventusfc:20,juventusfc,Juventus FC,16,2025-06-18,https://www.fifatrainingcentre.com/media/native/tournaments/fcwc/2025/M16%20AIN%20V%20JUV%20POST%20MATCH%20REPORT%20V3.pdf,20,Randal KOLO MUANI,16.0,12.0,75.0,0.0,0.0,0.0,2.0,1.0,50.0,1.0,1.0,0.0,3.0,2.0,44,0.0,0.0,0.0,0.0,2.0,17.0,1.0,0.0,1.0,1.0,0.0,15.0,8.0,0.0,1.0,48,8112.0,3039.8,3262.2,945.7,501.5,362.9,79.0,47.0,34.1,51
juventusfc:27,juventusfc,Juventus FC,16,2025-06-18,https://www.fifatrainingcentre.com/media/native/tournaments/fcwc/2025/M16%20AIN%20V%20JUV%20POST%20MATCH%20REPORT%20V3.pdf,27,Andrea CAMBIASO,35.0,30.0,86.0,0.0,1.0,0.0,4.0,4.0,100.0,0.0,0.0,0.0,0.0,0.0,44,1.0,1.0,2.0,0.0,1.0,5.0,0.0,0.0,0.0,1.0,3.0,16.0,6.0,4.0,0.0,48,5986.9,2058.3,2595.5,826.7,385.1,121.3,75.0,31.0,32.4,51
juventusfc:37,juventusfc,Juventus FC,16,2025-06-18,https://www.fifatrainingcentre.com/media/native/tournaments/fcwc/2025/M16%20AIN%20V%20JUV%20POST%20MATCH%20REPORT%20V3.pdf,37,Nicolo SAVONA,51.0,49.0,96.0,2.0,0.0,0.0,9.0,8.0,89.0,0.0,0.0,0.0,0.0,0.0,44,4.0,1.0,6.0,2.0,5.0,5.0,0.0,0.0,0.0,1.0,4.0,5.0,3.0,7.0,3.0,48,8038.1,3170.2,3424.0,900.7,338.6,204.7,86.0,30.0,31.9,51
juventusfc:4,juventusfc,Juventus FC,16,2025-06-18,https://www.fifatrainingcentre.com/media/native/tournaments/fcwc/2025/M16%20AIN%20V%20JUV%20POST%20MATCH%20REPORT%20V3.pdf,4,Federico GATTI,18.0,17.0,94.0,0.0,0.0,0.0,2.0,2.0,100.0,2.0,1.0,1.0,0.0,0.0,44,1.0,0.0,0.0,0.0,1.0,1.0,1.0,0.0,1.0,0.0,1.0,4.0,1.0,1.0,0.0,48,2578.9,920.7,1190.3,300.7,114.3,52.9,27.0,10.0,29.5,51
juventusfc:8,juventusfc,Juventus FC,16,2025-06-18,https://www.fifatrainingcentre.com/media/native/tournaments/fcwc/2025/M16%20AIN%20V%20JUV%20POST%20MATCH%20REPORT%20V3.pdf,8,Teun KOOPMEINERS,30.0,26.0,87.0,0.0,0.0,0.0,6.0,4.0,67.0,0.0,0.0,0.0,0.0,0.0,44,1.0,0.0,1.0,0.0,1.0,9.0,2.0,0.0,2.0,0.0,2.0,4.0,3.0,2.0,1.0,48,4197.5,962.2,2146.6,775.9,240.9,71.8,67.0,18.0,29.0,51
juventusfc:9,juventusfc,Juventus FC,16,2025-06-18,https://www.fifatrainingcentre.com/media/native/tournaments/fcwc/2025/M16%20AIN%20V%20JUV%20POST%20MATCH%20REPORT%20V3.pdf,9,Dusan VLAHOVIC,3.0,3.0,100.0,0.0,0.0,0.0,0.0,0.0,0.0,0.0,0.0,0.0,0.0,0.0,44,0.0,0.0,0.0,0.0,0.0,6.0,0.0,0.0,0.0,0.0,3.0,1.0,0.0,0.0,0.0,48,2478.3,991.0,1016.6,309.0,117.4,44.3,24.0,10.0,30.3,51
juventusfc:22,juventusfc,Juventus FC,16,2025-06-18,https://www.fifatrainingcentre.com/media/native/tournaments/fcwc/2025/M16%20AIN%20V%20JUV%20POST%20MATCH%20REPORT%20V3.pdf,22,Timothy WEAH,35.0,32.0,91.0,0.0,0.0,0.0,12.0,10.0,83.0,0.0,0.0,0.0,0.0,0.0,44,1.0,0.0,2.0,1.0,1.0,10.0,0.0,0.0,0.0,1.0,5.0,15.0,7.0,1.0,2.0,48,5580.3,1881.2,2221.9,1017.8,370.7,88.8,86.0,29.0,28.8,51
juventusfc:26,juventusfc,Juventus FC,16,2025-06-18,https://www.fifatrainingcentre.com/media/native/tournaments/fcwc/2025/M16%20AIN%20V%20JUV%20POST%20MATCH%20REPORT%20V3.pdf,26,DOUGLAS LUIZ,53.0,51.0,96.0,1.0,0.0,0.0,15.0,15.0,100.0,3.0,0.0,3.0,2.0,0.0,44,3.0,1.0,1.0,0.0,1.0,11.0,0.0,0.0,0.0,1.0,3.0,13.0,7.0,2.0,1.0,48,5798.9,1486.0,3087.1,971.8,204.5,49.5,77.0,17.0,28.4,51
palmeiras:21,palmeiras,Palmeiras,17,2025-06-19,https://www.fifatrainingcentre.com/media/native/tournaments/fcwc/2025/M17%20SEP%20V%20AHL%20POST%20MATCH%20REPORT.pdf,21,WEVERTON,26.0,13.0,50.0,0.0,0.0,0.0,14.0,5.0,36.0,0.0,0.0,0.0,0.0,0.0,42,0.0,0.0,0.0,0.0,0.0,0.0,0.0,0.0,0.0,0.0,7.0,0.0,0.0,8.0,0.0,47,5498.9,4480.9,871.3,108.1,38.7,0.0,9.0,3.0,23.2,50
palmeiras:4,palmeiras,Palmeiras,17,2025-06-19,https://www.fifatrainingcentre.com/media/native/tournaments/fcwc/2025/M17%20SEP%20V%20AHL%20POST%20MATCH%20REPORT.pdf,4,Agustin GIAY,33.0,25.0,76.0,0.0,0.0,0.0,14.0,8.0,57.0,1.0,1.0,0.0,0.0,0.0,42,3.0,1.0,2.0,0.0,3.0,13.0,1.0,0.0,1.0,1.0,3.0,23.0,10.0,4.0,1.0,47,9270.7,3843.8,3774.0,937.1,538.3,177.5,82.0,38.0,42.7,50
palmeiras:5,palmeiras,Palmeiras,17,2025-06-19,https://www.fifatrainingcentre.com/media/native/tournaments/fcwc/2025/M17%20SEP%20V%20AHL%20POST%20MATCH%20REPORT.pdf,5,Anibal MORENO,13.0,12.0,92.0,1.0,1.0,0.0,5.0,3.0,60.0,1.0,1.0,0.0,1.0,0.0,42,2.0,1.0,2.0,1.0,3.0,23.0,1.0,0.0,2.0,3.0,2.0,22.0,6.0,5.0,1.0,47,7088.7,2894.5,2931.2,853.6,374.9,34.4,88.0,26.0,28.6,50
palmeiras:8,palmeiras,Palmeiras,17,2025-06-19,https://www.fifatrainingcentre.com/media/native/tournaments/fcwc/2025/M17%20SEP%20V%20AHL%20POST%20MATCH%20REPORT.pdf,8,Richard RIOS,19.0,15.0,79.0,0.0,1.0,1.0,7.0,6.0,86.0,2.0,0.0,2.0,0.0,0.0,42,6.0,1.0,3.0,3.0,8.0,15.0,0.0,0.0,0.0,2.0,5.0,23.0,8.0,9.0,2.0,47,10216.7,4350.2,3406.5,1487.1,677.2,295.8,117.0,52.0,31.7,50
palmeiras:9,palmeiras,Palmeiras,17,2025-06-19,https://www.fifatrainingcentre.com/media/native/tournaments/fcwc/2025/M17%20SEP%20V%20AHL%20POST%20MATCH%20REPORT.pdf,9,VITOR ROQUE,4.0,4.0,100.0,0.0,1.0,0.0,3.0,3.0,100.0,1.0,0.0,1.0,1.0,0.0,42,0.0,0.0,0.0,0.0,1.0,9.0,0.0,0.0,0.0,1.0,2.0,7.0,2.0,0.0,1.0,47,4795.4,2358.4,1550.4,474.9,218.2,193.5,42.0,18.0,30.9,50
palmeiras:15,palmeiras,Palmeiras,17,2025-06-19,https://www.fifatrainingcentre.com/media/native/tournaments/fcwc/2025/M17%20SEP%20V%20AHL%20POST%20MATCH%20REPORT.pdf,15,Gustavo GOMEZ,28.0,20.0,71.0,0.0,0.0,0.0,7.0,3.0,43.0,0.0,0.0,0.0,0.0,0.0,42,0.0,0.0,2.0,0.0,1.0,7.0,1.0,0.0,1.0,2.0,3.0,21.0,1.0,1.0,3.0,47,9363.3,4508.5,3125.1,1122.6,472.4,134.6,89.0,39.0,31.1,50
palmeiras:17,palmeiras,Palmeiras,17,2025-06-19,https://www.fifatrainingcentre.com/media/native/tournaments/fcwc/2025/M17%20SEP%20V%20AHL%20POST%20MATCH%20REPORT.pdf,17,Facundo TORRES,21.0,18.0,86.0,0.0,7.0,3.0,6.0,5.0,83.0,4.0,1.0,3.0,1.0,0.0,42,0.0,0.0,1.0,0.0,1.0,14.0,1.0,0.0,1.0,0.0,5.0,23.0,12.0,2.0,1.0,47,8429.3,3122.7,3357.7,1189.1,580.6,179.2,103.0,44.0,40.0,50
palmeiras:22,palmeiras,Palmeiras,17,2025-06-19,https://www.fifatrainingcentre.com/media/native/tournaments/fcwc/2025/M17%20SEP%20V%20AHL%20POST%20MATCH%20REPORT.pdf,22,Joaquin PIQUEREZ,35.0,29.0,83.0,0.0,4.0,0.0,18.0,12.0,67.0,0.0,0.0,0.0,1.0,0.0,42,3.0,1.0,0.0,0.0,3.0,12.0,1.0,0.0,1.0,4.0,8.0,31.0,11.0,3.0,2.0,47,9699.2,4534.1,3216.7,1058.2,582.9,307.2,92.0,47.0,43.6,50
palmeiras:23,palmeiras,Palmeiras,17,2025-06-19,https://www.fifatrainingcentre.com/media/native/tournaments/fcwc/2025/M17%20SEP%20V%20AHL%20POST%20MATCH%20REPORT.pdf,23,RAPHAEL VEIGA,8.0,6.0,75.0,0.0,2.0,1.0,3.0,2.0,67.0,0.0,0.0,0.0,0.0,0.0,42,1.0,0.0,2.0,0.0,3.0,39.0,0.0,0.0,0.0,0.0,0.0,24.0,14.0,2.0,0.0,47,5720.2,2078.7,2196.4,982.9,319.8,142.4,80.0,35.0,30.8,50
palmeiras:26,palmeiras,Palmeiras,17,2025-06-19,https://www.fifatrainingcentre.com/media/native/tournaments/fcwc/2025/M17%20SEP%20V%20AHL%20POST%20MATCH%20REPORT.pdf,26,MURILO,25.0,23.0,92.0,1.0,0.0,0.0,10.0,9.0,90.0,1.0,0.0,1.0,0.0,0.0,42,0.0,0.0,1.0,1.0,0.0,1.0,2.0,0.0,2.0,4.0,5.0,10.0,0.0,3.0,1.0,47,8743.9,3918.0,3306.0,885.5,446.7,187.6,79.0,29.0,31.8,50
palmeiras:41,palmeiras,Palmeiras,17,2025-06-19,https://www.fifatrainingcentre.com/media/native/tournaments/fcwc/2025/M17%20SEP%20V%20AHL%20POST%20MATCH%20REPORT.pdf,41,ESTEVAO,7.0,7.0,100.0,0.0,2.0,0.0,2.0,2.0,100.0,5.0,3.0,2.0,2.0,0.0,42,1.0,0.0,0.0,0.0,1.0,22.0,1.0,0.0,1.0,0.0,4.0,19.0,14.0,0.0,0.0,47,7593.0,3024.3,2660.8,955.3,541.1,411.6,76.0,48.0,44.9,50
palmeiras:6,palmeiras,Palmeiras,17,2025-06-19,https://www.fifatrainingcentre.com/media/native/tournaments/fcwc/2025/M17%20SEP%20V%20AHL%20POST%20MATCH%20REPORT.pdf,6,VANDERLAN,3.0,3.0,100.0,0.0,0.0,0.0,0.0,0.0,0.0,1.0,1.0,0.0,1.0,0.0,42,0.0,0.0,0.0,0.0,1.0,4.0,0.0,0.0,0.0,0.0,0.0,5.0,4.0,0.0,0.0,47,2255.0,862.5,829.7,265.7,202.9,94.2,23.0,17.0,32.0,50
palmeiras:10,palmeiras,Palmeiras,17,2025-06-19,https://www.fifatrainingcentre.com/media/native/tournaments/fcwc/2025/M17%20SEP%20V%20AHL%20POST%20MATCH%20REPORT.pdf,10,PAULINHO,3.0,3.0,100.0,0.0,1.0,0.0,1.0,1.0,100.0,2.0,1.0,1.0,0.0,0.0,42,0.0,0.0,0.0,0.0,1.0,9.0,0.0,0.0,0.0,0.0,1.0,3.0,2.0,0.0,0.0,47,2375.7,841.4,949.2,340.5,143.3,101.2,27.0,14.0,29.3,50
palmeiras:18,palmeiras,Palmeiras,17,2025-06-19,https://www.fifatrainingcentre.com/media/native/tournaments/fcwc/2025/M17%20SEP%20V%20AHL%20POST%20MATCH%20REPORT.pdf,18,MAURICIO,13.0,11.0,85.0,0.0,0.0,0.0,3.0,2.0,67.0,1.0,0.0,1.0,2.0,0.0,42,3.0,1.0,0.0,1.0,4.0,28.0,0.0,0.0,0.0,0.0,2.0,20.0,7.0,2.0,0.0,47,5728.8,2006.4,2190.6,926.4,488.2,117.1,84.0,30.0,40.2,50
palmeiras:32,palmeiras,Palmeiras,17,2025-06-19,https://www.fifatrainingcentre.com/media/native/tournaments/fcwc/2025/M17%20SEP%20V%20AHL%20POST%20MATCH%20REPORT.pdf,32,Emiliano MARTINEZ,5.0,4.0,80.0,0.0,0.0,0.0,2.0,1.0,50.0,1.0,0.0,1.0,0.0,0.0,42,1.0,1.0,1.0,0.0,1.0,12.0,0.0,0.0,0.0,0.0,2.0,15.0,6.0,1.0,1.0,47,3462.5,1292.9,1449.8,498.4,163.8,57.7,44.0,14.0,28.6,50
palmeiras:42,palmeiras,Palmeiras,17,2025-06-19,https://www.fifatrainingcentre.com/media/native/tournaments/fcwc/2025/M17%20SEP%20V%20AHL%20POST%20MATCH%20REPORT.pdf,42,Jose Manuel LOPEZ,9.0,6.0,67.0,1.0,1.0,0.0,1.0,1.0,100.0,0.0,0.0,0.0,3.0,1.0,42,2.0,0.0,1.0,1.0,3.0,13.0,3.0,0.0,3.0,0.0,1.0,0.0,0.0,1.0,1.0,47,5234.0,1837.7,2197.8,573.5,404.5,220.5,51.0,29.0,36.8,50
alahlyfc:1,alahlyfc,Al Ahly FC,17,2025-06-19,https://www.fifatrainingcentre.com/media/native/tournaments/fcwc/2025/M17%20SEP%20V%20AHL%20POST%20MATCH%20REPORT.pdf,1,MOHAMED ELSHENAWY,28.0,25.0,89.0,0.0,0.0,0.0,8.0,6.0,75.0,0.0,0.0,0.0,0.0,0.0,44,0.0,0.0,0.0,1.0,0.0,0.0,0.0,0.0,0.0,0.0,3.0,0.0,0.0,8.0,0.0,48,5507.5,4288.3,1030.9,159.1,25.8,3.5,15.0,3.0,27.5,51
alahlyfc:5,alahlyfc,Al Ahly FC,17,2025-06-19,https://www.fifatrainingcentre.com/media/native/tournaments/fcwc/2025/M17%20SEP%20V%20AHL%20POST%20MATCH%20REPORT.pdf,5,Mohamed Ali BEN ROMDHANE,42.0,37.0,88.0,0.0,1.0,0.0,12.0,9.0,75.0,1.0,1.0,0.0,0.0,0.0,44,2.0,1.0,2.0,0.0,4.0,5.0,0.0,0.0,0.0,0.0,5.0,7.0,4.0,3.0,2.0,48,10512.8,3803.1,4465.0,1600.5,542.1,102.2,139.0,33.0,28.7,51
alahlyfc:6,alahlyfc,Al Ahly FC,17,2025-06-19,https://www.fifatrainingcentre.com/media/native/tournaments/fcwc/2025/M17%20SEP%20V%20AHL%20POST%20MATCH%20REPORT.pdf,6,YASSER IBRAHIM,77.0,74.0,96.0,2.0,0.0,0.0,16.0,15.0,94.0,0.0,0.0,0.0,0.0,0.0,44,5.0,2.0,2.0,1.0,3.0,4.0,1.0,0.0,1.0,3.0,7.0,4.0,0.0,7.0,1.0,48,9204.4,4141.3,3178.3,1177.1,555.3,152.4,104.0,46.0,42.3,51
alahlyfc:7,alahlyfc,Al Ahly FC,17,2025-06-19,https://www.fifatrainingcentre.com/media/native/tournaments/fcwc/2025/M17%20SEP%20V%20AHL%20POST%20MATCH%20REPORT.pdf,7,TREZEGUET,19.0,15.0,79.0,0.0,2.0,0.0,5.0,3.0,60.0,0.0,0.0,0.0,0.0,0.0,44,0.0,0.0,0.0,0.0,1.0,8.0,0.0,0.0,0.0,0.0,1.0,4.0,3.0,0.0,0.0,48,6439.2,3139.8,1780.7,856.0,478.3,184.5,75.0,34.0,31.2,51
alahlyfc:8,alahlyfc,Al Ahly FC,17,2025-06-19,https://www.fifatrainingcentre.com/media/native/tournaments/fcwc/2025/M17%20SEP%20V%20AHL%20POST%20MATCH%20REPORT.pdf,8,HAMDY FATHY,23.0,20.0,87.0,0.0,1.0,0.0,6.0,4.0,67.0,1.0,0.0,1.0,1.0,0.0,44,0.0,0.0,2.0,0.0,1.0,11.0,1.0,0.0,1.0,1.0,3.0,6.0,4.0,4.0,0.0,48,6764.8,2607.8,2683.2,942.5,322.2,209.0,76.0,24.0,32.3,51
alahlyfc:9,alahlyfc,Al Ahly FC,17,2025-06-19,https://www.fifatrainingcentre.com/media/native/tournaments/fcwc/2025/M17%20SEP%20V%20AHL%20POST%20MATCH%20REPORT.pdf,9,WESSAM ABOU ALI,8.0,6.0,75.0,0.0,0.0,0.0,1.0,1.0,100.0,0.0,0.0,0.0,2.0,0.0,44,1.0,0.0,0.0,0.0,3.0,15.0,2.0,0.0,2.0,1.0,1.0,6.0,5.0,0.0,1.0,48,6002.1,2611.6,1902.3,1047.0,317.7,123.5,88.0,29.0,30.1,51
alahlyfc:13,alahlyfc,Al Ahly FC,17,2025-06-19,https://www.fifatrainingcentre.com/media/native/tournaments/fcwc/2025/M17%20SEP%20V%20AHL%20POST%20MATCH%20REPORT.pdf,13,MARAWAN ATTIA,73.0,67.0,92.0,0.0,1.0,0.0,21.0,18.0,86.0,4.0,1.0,3.0,1.0,0.0,44,8.0,1.0,1.0,0.0,10.0,10.0,0.0,0.0,0.0,1.0,3.0,12.0,6.0,2.0,1.0,48,10187.3,3991.0,3940.5,1499.9,621.7,134.2,135.0,45.0,29.8,51
alahlyfc:15,alahlyfc,Al Ahly FC,17,2025-06-19,https://www.fifatrainingcentre.com/media/native/tournaments/fcwc/2025/M17%20SEP%20V%20AHL%20POST%20MATCH%20REPORT.pdf,15,Achraf DARI,40.0,35.0,88.0,1.0,0.0,0.0,7.0,4.0,57.0,0.0,0.0,0.0,0.0,0.0,44,1.0,1.0,2.0,0.0,2.0,2.0,2.0,1.0,3.0,4.0,1.0,4.0,1.0,4.0,4.0,48,5859.8,2766.7,2143.7,559.3,271.7,118.4,49.0,24.0,30.4,51
alahlyfc:25,alahlyfc,Al Ahly FC,17,2025-06-19,https://www.fifatrainingcentre.com/media/native/tournaments/fcwc/2025/M17%20SEP%20V%20AHL%20POST%20MATCH%20REPORT.pdf,25,ZIZO,31.0,23.0,74.0,0.0,5.0,1.0,12.0,6.0,50.0,3.0,3.0,0.0,0.0,0.0,44,1.0,0.0,0.0,0.0,1.0,13.0,0.0,0.0,0.0,0.0,3.0,1.0,1.0,0.0,0.0,48,9968.3,3946.4,3890.3,1077.0,617.7,436.9,101.0,52.0,43.5,51
alahlyfc:30,alahlyfc,Al Ahly FC,17,2025-06-19,https://www.fifatrainingcentre.com/media/native/tournaments/fcwc/2025/M17%20SEP%20V%20AHL%20POST%20MATCH%20REPORT.pdf,30,MOHAMED HANY,33.0,28.0,85.0,0.0,0.0,0.0,4.0,2.0,50.0,0.0,0.0,0.0,0.0,0.0,44,3.0,1.0,0.0,1.0,4.0,10.0,0.0,0.0,0.0,2.0,3.0,7.0,4.0,2.0,2.0,48,9077.8,3946.1,3519.2,1037.9,452.4,122.2,90.0,33.0,43.9,51
alahlyfc:54,alahlyfc,Al Ahly FC,17,2025-06-19,https://www.fifatrainingcentre.com/media/native/tournaments/fcwc/2025/M17%20SEP%20V%20AHL%20POST%20MATCH%20REPORT.pdf,54,Yahya ATTIATALLAH,44.0,40.0,91.0,0.0,2.0,1.0,13.0,12.0,92.0,2.0,1.0,1.0,0.0,0.0,44,1.0,0.0,2.0,1.0,2.0,6.0,0.0,0.0,0.0,4.0,6.0,10.0,2.0,2.0,3.0,48,9284.2,3723.1,3397.8,1222.5,660.8,280.1,102.0,48.0,44.9,51
alahlyfc:4,alahlyfc,Al Ahly FC,17,2025-06-19,https://www.fifatrainingcentre.com/media/native/tournaments/fcwc/2025/M17%20SEP%20V%20AHL%20POST%20MATCH%20REPORT.pdf,4,AHMED RAMADAN,15.0,14.0,93.0,0.0,0.0,0.0,7.0,7.0,100.0,2.0,1.0,1.0,0.0,0.0,44,2.0,1.0,1.0,0.0,2.0,5.0,0.0,0.0,0.0,2.0,2.0,3.0,1.0,2.0,1.0,48,3265.5,1414.8,1206.9,356.0,166.9,120.8,29.0,17.0,32.2,51
alahlyfc:10,alahlyfc,Al Ahly FC,17,2025-06-19,https://www.fifatrainingcentre.com/media/native/tournaments/fcwc/2025/M17%20SEP%20V%20AHL%20POST%20MATCH%20REPORT.pdf,10,Nejc GRADISAR,13.0,9.0,69.0,0.0,2.0,0.0,2.0,0.0,0.0,0.0,0.0,0.0,0.0,0.0,44,0.0,0.0,2.0,1.0,1.0,5.0,0.0,0.0,0.0,1.0,0.0,3.0,2.0,1.0,2.0,48,3786.5,1334.7,1539.5,530.7,298.1,83.4,44.0,22.0,32.2,51
alahlyfc:14,alahlyfc,Al Ahly FC,17,2025-06-19,https://www.fifatrainingcentre.com/media/native/tournaments/fcwc/2025/M17%20SEP%20V%20AHL%20POST%20MATCH%20REPORT.pdf,14,HUSSEIN ELSHAHAT,5.0,3.0,60.0,0.0,0.0,0.0,3.0,2.0,67.0,1.0,0.0,1.0,2.0,0.0,44,0.0,0.0,0.0,0.0,1.0,1.0,0.0,0.0,0.0,0.0,0.0,1.0,1.0,0.0,0.0,48,1103.2,439.9,490.3,86.3,49.9,36.8,6.0,5.0,28.6,51
alahlyfc:17,alahlyfc,Al Ahly FC,17,2025-06-19,https://www.fifatrainingcentre.com/media/native/tournaments/fcwc/2025/M17%20SEP%20V%20AHL%20POST%20MATCH%20REPORT.pdf,17,Achraf BENCHARKI,19.0,17.0,89.0,0.0,0.0,0.0,1.0,1.0,100.0,3.0,2.0,1.0,1.0,0.0,44,3.0,2.0,1.0,0.0,3.0,6.0,0.0,0.0,0.0,0.0,2.0,2.0,1.0,2.0,2.0,48,3981.3,1398.2,1502.8,555.6,332.4,192.3,47.0,28.0,32.4,51
alahlyfc:19,alahlyfc,Al Ahly FC,17,2025-06-19,https://www.fifatrainingcentre.com/media/native/tournaments/fcwc/2025/M17%20SEP%20V%20AHL%20POST%20MATCH%20REPORT.pdf,19,MOHAMED AFSHA,23.0,21.0,91.0,0.0,0.0,0.0,8.0,6.0,75.0,0.0,0.0,0.0,1.0,0.0,44,0.0,0.0,0.0,0.0,0.0,5.0,0.0,0.0,0.0,0.0,1.0,5.0,1.0,0.0,0.0,48,3759.6,1372.2,1554.4,660.3,159.8,12.9,57.0,15.0,28.3,51
intermiamicf:19,intermiamicf,Inter Miami CF,18,2025-06-19,https://www.fifatrainingcentre.com/media/native/tournaments/fcwc/2025/M18%20MIA%20V%20POR%20POST%20MATCH%20REPORT.pdf,19,Oscar USTARI,43.0,34.0,79.0,0.0,0.0,0.0,13.0,8.0,62.0,0.0,0.0,0.0,0.0,0.0,42,1.0,1.0,0.0,0.0,0.0,0.0,0.0,0.0,0.0,0.0,4.0,0.0,0.0,10.0,0.0,47,5370.5,4330.0,888.1,144.3,8.1,0.0,14.0,1.0,21.7,50
intermiamicf:5,intermiamicf,Inter Miami CF,18,2025-06-19,https://www.fifatrainingcentre.com/media/native/tournaments/fcwc/2025/M18%20MIA%20V%20POR%20POST%20MATCH%20REPORT.pdf,5,Sergio BUSQUETS,73.0,70.0,96.0,1.0,0.0,0.0,24.0,22.0,92.0,1.0,0.0,1.0,0.0,0.0,42,4.0,3.0,3.0,1.0,5.0,20.0,0.0,0.0,1.0,0.0,4.0,25.0,10.0,6.0,2.0,47,10923.3,3925.7,5050.1,1508.6,401.2,37.8,146.0,30.0,27.9,50
intermiamicf:8,intermiamicf,Inter Miami CF,18,2025-06-19,https://www.fifatrainingcentre.com/media/native/tournaments/fcwc/2025/M18%20MIA%20V%20POR%20POST%20MATCH%20REPORT.pdf,8,Telasco SEGOVIA,47.0,43.0,91.0,4.0,0.0,0.0,12.0,10.0,83.0,3.0,0.0,3.0,1.0,1.0,42,6.0,2.0,1.0,1.0,6.0,20.0,2.0,0.0,2.0,0.0,4.0,25.0,15.0,4.0,1.0,47,8757.6,3319.2,3264.4,1479.8,594.5,99.7,134.0,43.0,29.4,50
intermiamicf:9,intermiamicf,Inter Miami CF,18,2025-06-19,https://www.fifatrainingcentre.com/media/native/tournaments/fcwc/2025/M18%20MIA%20V%20POR%20POST%20MATCH%20REPORT.pdf,9,Luis SUAREZ,29.0,23.0,79.0,1.0,0.0,0.0,7.0,6.0,86.0,2.0,0.0,2.0,1.0,0.0,42,4.0,0.0,1.0,0.0,5.0,24.0,4.0,0.0,4.0,1.0,0.0,22.0,11.0,0.0,1.0,47,10192.1,3920.2,3985.0,1567.2,552.0,167.8,132.0,46.0,28.8,50
intermiamicf:10,intermiamicf,Inter Miami CF,18,2025-06-19,https://www.fifatrainingcentre.com/media/native/tournaments/fcwc/2025/M18%20MIA%20V%20POR%20POST%20MATCH%20REPORT.pdf,10,Lionel MESSI,58.0,45.0,78.0,0.0,2.0,0.0,17.0,11.0,65.0,4.0,2.0,2.0,2.0,1.0,42,2.0,0.0,1.0,0.0,3.0,15.0,0.0,0.0,1.0,0.0,5.0,9.0,6.0,0.0,0.0,47,7934.0,4729.0,2057.9,756.3,295.2,95.6,64.0,25.0,29.2,50
intermiamicf:17,intermiamicf,Inter Miami CF,18,2025-06-19,https://www.fifatrainingcentre.com/media/native/tournaments/fcwc/2025/M18%20MIA%20V%20POR%20POST%20MATCH%20REPORT.pdf,17,Ian FRAY,45.0,41.0,91.0,0.0,0.0,0.0,9.0,9.0,100.0,4.0,0.0,4.0,0.0,0.0,42,5.0,1.0,3.0,1.0,7.0,4.0,0.0,0.0,0.0,0.0,8.0,9.0,3.0,3.0,3.0,47,8587.0,3079.7,3852.5,1089.2,337.8,227.8,92.0,36.0,31.6,50
intermiamicf:21,intermiamicf,Inter Miami CF,18,2025-06-19,https://www.fifatrainingcentre.com/media/native/tournaments/fcwc/2025/M18%20MIA%20V%20POR%20POST%20MATCH%20REPORT.pdf,21,Tadeo ALLENDE,14.0,11.0,79.0,0.0,0.0,0.0,2.0,2.0,100.0,1.0,0.0,1.0,0.0,0.0,42,1.0,1.0,1.0,0.0,3.0,22.0,0.0,0.0,0.0,0.0,4.0,15.0,10.0,1.0,1.0,47,9008.1,3218.3,3633.9,1253.6,631.8,270.5,103.0,53.0,33.2,50
intermiamicf:30,intermiamicf,Inter Miami CF,18,2025-06-19,https://www.fifatrainingcentre.com/media/native/tournaments/fcwc/2025/M18%20MIA%20V%20POR%20POST%20MATCH%20REPORT.pdf,30,Benjamin CREMASCHI,42.0,32.0,76.0,0.0,1.0,0.0,9.0,5.0,56.0,0.0,0.0,0.0,1.0,0.0,42,7.0,1.0,3.0,2.0,10.0,18.0,0.0,0.0,0.0,4.0,3.0,20.0,6.0,6.0,5.0,47,12051.7,3677.2,5315.5,2148.9,802.4,107.7,179.0,69.0,29.2,50
intermiamicf:32,intermiamicf,Inter Miami CF,18,2025-06-19,https://www.fifatrainingcentre.com/media/native/tournaments/fcwc/2025/M18%20MIA%20V%20POR%20POST%20MATCH%20REPORT.pdf,32,Noah ALLEN,29.0,26.0,90.0,2.0,1.0,1.0,12.0,10.0,83.0,2.0,0.0,2.0,0.0,0.0,42,5.0,2.0,3.0,0.0,7.0,12.0,0.0,0.0,0.0,5.0,3.0,14.0,6.0,4.0,4.0,47,11099.6,3704.0,4979.6,1458.9,622.3,334.8,127.0,61.0,33.9,50
intermiamicf:37,intermiamicf,Inter Miami CF,18,2025-06-19,https://www.fifatrainingcentre.com/media/native/tournaments/fcwc/2025/M18%20MIA%20V%20POR%20POST%20MATCH%20REPORT.pdf,37,Maximiliano FALCON,41.0,39.0,95.0,0.0,0.0,0.0,18.0,16.0,89.0,1.0,0.0,1.0,0.0,0.0,42,0.0,0.0,3.0,0.0,0.0,2.0,0.0,0.0,0.0,2.0,4.0,3.0,0.0,5.0,1.0,47,9222.2,4240.4,3875.9,711.9,282.9,111.1,63.0,28.0,31.5,50
intermiamicf:57,intermiamicf,Inter Miami CF,18,2025-06-19,https://www.fifatrainingcentre.com/media/native/tournaments/fcwc/2025/M18%20MIA%20V%20POR%20POST%20MATCH%20REPORT.pdf,57,Marcelo WEIGANDT,38.0,35.0,92.0,0.0,2.0,1.0,12.0,11.0,92.0,1.0,0.0,1.0,0.0,0.0,42,3.0,1.0,3.0,0.0,3.0,10.0,1.0,0.0,1.0,1.0,4.0,12.0,6.0,4.0,1.0,47,6756.4,2382.2,2862.2,950.5,382.1,179.4,86.0,37.0,31.7,50
intermiamicf:6,intermiamicf,Inter Miami CF,18,2025-06-19,https://www.fifatrainingcentre.com/media/native/tournaments/fcwc/2025/M18%20MIA%20V%20POR%20POST%20MATCH%20REPORT.pdf,6,Tomas AVILES,14.0,12.0,86.0,0.0,0.0,0.0,8.0,6.0,75.0,1.0,0.0,1.0,0.0,0.0,42,1.0,0.0,1.0,1.0,1.0,0.0,0.0,0.0,0.0,0.0,0.0,2.0,0.0,2.0,1.0,47,3304.0,1405.0,1421.6,376.6,74.8,26.0,31.0,7.0,32.5,50
intermiamicf:7,intermiamicf,Inter Miami CF,18,2025-06-19,https://www.fifatrainingcentre.com/media/native/tournaments/fcwc/2025/M18%20MIA%20V%20POR%20POST%20MATCH%20REPORT.pdf,7,Fafa PICAULT,0.0,0.0,0.0,0.0,0.0,0.0,0.0,0.0,0.0,0.0,0.0,0.0,1.0,0.0,42,2.0,0.0,0.0,0.0,3.0,7.0,1.0,0.0,1.0,0.0,0.0,2.0,1.0,1.0,0.0,47,2203.0,652.9,951.5,330.1,171.8,96.7,27.0,16.0,32.8,50
intermiamicf:18,intermiamicf,Inter Miami CF,18,2025-06-19,https://www.fifatrainingcentre.com/media/native/tournaments/fcwc/2025/M18%20MIA%20V%20POR%20POST%20MATCH%20REPORT.pdf,18,Jordi ALBA,4.0,4.0,100.0,0.0,0.0,0.0,1.0,1.0,100.0,0.0,0.0,0.0,0.0,0.0,42,2.0,0.0,2.0,0.0,3.0,7.0,0.0,0.0,0.0,0.0,1.0,4.0,4.0,0.0,1.0,47,2245.8,746.8,940.2,372.4,147.4,39.0,24.0,10.0,30.0,50
intermiamicf:55,intermiamicf,Inter Miami CF,18,2025-06-19,https://www.fifatrainingcentre.com/media/native/tournaments/fcwc/2025/M18%20MIA%20V%20POR%20POST%20MATCH%20REPORT.pdf,55,Federico REDONDO,4.0,4.0,100.0,0.0,0.0,0.0,1.0,1.0,100.0,0.0,0.0,0.0,0.0,0.0,42,0.0,0.0,2.0,0.0,0.0,9.0,1.0,0.0,1.0,0.0,3.0,7.0,4.0,2.0,2.0,47,2782.4,1073.5,1064.2,411.9,228.7,4.1,38.0,14.0,25.8,50
fcporto:14,fcporto,FC Porto,18,2025-06-19,https://www.fifatrainingcentre.com/media/native/tournaments/fcwc/2025/M18%20MIA%20V%20POR%20POST%20MATCH%20REPORT.pdf,14,CLAUDIO RAMOS,35.0,30.0,86.0,0.0,0.0,0.0,8.0,5.0,62.0,0.0,0.0,0.0,0.0,0.0,44,0.0,0.0,0.0,0.0,0.0,0.0,0.0,0.0,0.0,0.0,4.0,0.0,0.0,7.0,0.0,48,4492.3,3579.4,796.4,94.5,22.0,0.0,7.0,1.0,22.2,51
fcporto:5,fcporto,FC Porto,18,2025-06-19,https://www.fifatrainingcentre.com/media/native/tournaments/fcwc/2025/M18%20MIA%20V%20POR%20POST%20MATCH%20REPORT.pdf,5,Ivan MARCANO,56.0,53.0,95.0,4.0,2.0,1.0,14.0,14.0,100.0,1.0,0.0,1.0,0.0,0.0,44,3.0,3.0,0.0,0.0,2.0,10.0,1.0,0.0,1.0,2.0,4.0,16.0,7.0,5.0,0.0,48,9052.5,3743.5,3589.2,1012.4,463.5,244.0,85.0,41.0,30.5,51
fcporto:9,fcporto,FC Porto,18,2025-06-19,https://www.fifatrainingcentre.com/media/native/tournaments/fcwc/2025/M18%20MIA%20V%20POR%20POST%20MATCH%20REPORT.pdf,9,Samu AGHEHOWA,13.0,10.0,77.0,0.0,0.0,0.0,1.0,1.0,100.0,2.0,1.0,1.0,4.0,1.0,44,0.0,0.0,0.0,0.0,1.0,32.0,2.0,0.0,3.0,0.0,0.0,29.0,19.0,0.0,0.0,48,9143.6,4644.7,3078.9,758.8,393.5,267.6,77.0,39.0,33.7,51
fcporto:10,fcporto,FC Porto,18,2025-06-19,https://www.fifatrainingcentre.com/media/native/tournaments/fcwc/2025/M18%20MIA%20V%20POR%20POST%20MATCH%20REPORT.pdf,10,FABIO VIEIRA,81.0,73.0,90.0,4.0,2.0,0.0,23.0,19.0,83.0,4.0,3.0,1.0,2.0,0.0,44,3.0,1.0,1.0,1.0,4.0,26.0,0.0,0.0,1.0,2.0,6.0,13.0,8.0,5.0,1.0,48,10729.9,4005.5,4624.0,1640.5,391.7,68.1,144.0,31.0,30.0,51
fcporto:17,fcporto,FC Porto,18,2025-06-19,https://www.fifatrainingcentre.com/media/native/tournaments/fcwc/2025/M18%20MIA%20V%20POR%20POST%20MATCH%20REPORT.pdf,17,Gabri VEIGA,15.0,12.0,80.0,0.0,1.0,0.0,3.0,2.0,67.0,3.0,2.0,1.0,1.0,0.0,44,2.0,1.0,2.0,0.0,10.0,17.0,0.0,0.0,0.0,0.0,2.0,18.0,8.0,2.0,1.0,48,6671.8,2454.3,2664.6,980.7,354.0,218.3,85.0,39.0,32.2,51
fcporto:22,fcporto,FC Porto,18,2025-06-19,https://www.fifatrainingcentre.com/media/native/tournaments/fcwc/2025/M18%20MIA%20V%20POR%20POST%20MATCH%20REPORT.pdf,22,Alan VARELA,41.0,39.0,95.0,0.0,1.0,0.0,10.0,9.0,90.0,0.0,0.0,0.0,1.0,0.0,44,5.0,0.0,2.0,1.0,6.0,11.0,0.0,0.0,0.0,1.0,3.0,11.0,5.0,5.0,0.0,48,8966.0,2745.4,4041.8,1592.1,515.2,71.5,144.0,37.0,30.6,51
fcporto:23,fcporto,FC Porto,18,2025-06-19,https://www.fifatrainingcentre.com/media/native/tournaments/fcwc/2025/M18%20MIA%20V%20POR%20POST%20MATCH%20REPORT.pdf,23,JOAO MARIO,32.0,31.0,97.0,0.0,1.0,0.0,15.0,14.0,93.0,4.0,2.0,2.0,0.0,0.0,44,1.0,0.0,1.0,0.0,2.0,17.0,2.0,0.0,2.0,0.0,5.0,12.0,7.0,1.0,0.0,48,10776.5,3863.5,4656.4,1567.3,597.2,92.0,127.0,45.0,33.0,51
fcporto:52,fcporto,FC Porto,18,2025-06-19,https://www.fifatrainingcentre.com/media/native/tournaments/fcwc/2025/M18%20MIA%20V%20POR%20POST%20MATCH%20REPORT.pdf,52,MARTIM FERNANDES,27.0,26.0,96.0,0.0,1.0,1.0,10.0,9.0,90.0,0.0,0.0,0.0,0.0,0.0,44,2.0,1.0,2.0,1.0,2.0,16.0,0.0,0.0,1.0,1.0,3.0,20.0,13.0,5.0,2.0,48,6860.7,2258.1,3130.4,927.8,371.7,172.8,79.0,33.0,32.3,51
fcporto:74,fcporto,FC Porto,18,2025-06-19,https://www.fifatrainingcentre.com/media/native/tournaments/fcwc/2025/M18%20MIA%20V%20POR%20POST%20MATCH%20REPORT.pdf,74,FRANCISCO MOURA,54.0,48.0,89.0,0.0,3.0,1.0,8.0,7.0,88.0,0.0,0.0,0.0,1.0,0.0,44,2.0,0.0,2.0,2.0,3.0,25.0,2.0,0.0,2.0,1.0,6.0,20.0,11.0,6.0,1.0,48,9682.6,3212.9,3871.8,1345.4,823.3,429.3,113.0,59.0,34.0,51
fcporto:86,fcporto,FC Porto,18,2025-06-19,https://www.fifatrainingcentre.com/media/native/tournaments/fcwc/2025/M18%20MIA%20V%20POR%20POST%20MATCH%20REPORT.pdf,86,RODRIGO MORA,22.0,19.0,86.0,1.0,1.0,1.0,9.0,6.0,67.0,5.0,3.0,2.0,3.0,0.0,44,3.0,0.0,0.0,1.0,5.0,21.0,1.0,0.0,1.0,0.0,4.0,19.0,8.0,1.0,0.0,48,10528.0,3929.0,4327.2,1458.0,675.6,138.2,129.0,52.0,30.5,51
fcporto:97,fcporto,FC Porto,18,2025-06-19,https://www.fifatrainingcentre.com/media/native/tournaments/fcwc/2025/M18%20MIA%20V%20POR%20POST%20MATCH%20REPORT.pdf,97,ZE PEDRO,60.0,56.0,93.0,2.0,0.0,0.0,18.0,14.0,78.0,0.0,0.0,0.0,0.0,0.0,44,0.0,0.0,4.0,0.0,4.0,2.0,0.0,0.0,0.0,0.0,5.0,3.0,1.0,2.0,1.0,48,9633.6,3460.7,4429.5,1226.0,369.6,147.8,104.0,32.0,30.8,51
fcporto:4,fcporto,FC Porto,18,2025-06-19,https://www.fifatrainingcentre.com/media/native/tournaments/fcwc/2025/M18%20MIA%20V%20POR%20POST%20MATCH%20REPORT.pdf,4,OTAVIO,9.0,6.0,67.0,0.0,0.0,0.0,6.0,3.0,50.0,0.0,0.0,0.0,1.0,0.0,44,0.0,0.0,1.0,0.0,1.0,1.0,0.0,0.0,0.0,0.0,2.0,1.0,0.0,0.0,1.0,48,1336.5,369.2,541.4,255.6,88.0,82.3,24.0,10.0,32.9,51
fcporto:6,fcporto,FC Porto,18,2025-06-19,https://www.fifatrainingcentre.com/media/native/tournaments/fcwc/2025/M18%20MIA%20V%20POR%20POST%20MATCH%20REPORT.pdf,6,Stephen EUSTAQUIO,20.0,17.0,85.0,0.0,0.0,0.0,0.0,0.0,0.0,0.0,0.0,0.0,0.0,0.0,44,2.0,0.0,2.0,0.0,1.0,10.0,0.0,0.0,0.0,0.0,0.0,11.0,6.0,0.0,3.0,48,4844.0,1718.2,1643.5,1077.3,387.1,18.0,82.0,26.0,27.8,51
fcporto:7,fcporto,FC Porto,18,2025-06-19,https://www.fifatrainingcentre.com/media/native/tournaments/fcwc/2025/M18%20MIA%20V%20POR%20POST%20MATCH%20REPORT.pdf,7,WILLIAM GOMES,6.0,4.0,67.0,0.0,1.0,0.0,3.0,3.0,100.0,5.0,4.0,1.0,2.0,0.0,44,1.0,1.0,0.0,0.0,1.0,0.0,0.0,0.0,1.0,1.0,3.0,0.0,0.0,3.0,0.0,48,2408.6,863.6,927.8,335.9,163.0,118.2,27.0,15.0,32.6,51
fcporto:27,fcporto,FC Porto,18,2025-06-19,https://www.fifatrainingcentre.com/media/native/tournaments/fcwc/2025/M18%20MIA%20V%20POR%20POST%20MATCH%20REPORT.pdf,27,Deniz GUL,0.0,0.0,0.0,0.0,0.0,0.0,0.0,0.0,0.0,0.0,0.0,0.0,0.0,0.0,44,0.0,0.0,0.0,0.0,0.0,3.0,0.0,0.0,0.0,0.0,0.0,1.0,1.0,0.0,0.0,48,1184.4,467.2,467.3,159.6,51.0,39.2,13.0,3.0,30.6,51
fcporto:70,fcporto,FC Porto,18,2025-06-19,https://www.fifatrainingcentre.com/media/native/tournaments/fcwc/2025/M18%20MIA%20V%20POR%20POST%20MATCH%20REPORT.pdf,70,GONCALO BORGES,9.0,7.0,78.0,0.0,5.0,3.0,4.0,3.0,75.0,6.0,3.0,3.0,0.0,0.0,44,1.0,1.0,0.0,0.0,1.0,7.0,0.0,0.0,0.0,0.0,3.0,5.0,4.0,1.0,0.0,48,3802.0,1723.7,1484.9,373.7,152.4,67.3,29.0,13.0,34.7,51
seattlesoundersfc:24,seattlesoundersfc,Seattle Sounders FC,19,2025-06-19,https://www.fifatrainingcentre.com/media/native/tournaments/fcwc/2025/M19%20SEA%20V%20ATM%20POST%20MATCH%20REPORT.pdf,24,Stefan FREI,27.0,21.0,78.0,0.0,0.0,0.0,12.0,7.0,58.0,0.0,0.0,0.0,0.0,0.0,42,0.0,0.0,0.0,0.0,0.0,0.0,0.0,0.0,0.0,1.0,2.0,0.0,0.0,5.0,1.0,47,5514.5,4475.8,929.4,80.4,24.1,4.9,7.0,2.0,25.9,50
seattlesoundersfc:7,seattlesoundersfc,Seattle Sounders FC,19,2025-06-19,https://www.fifatrainingcentre.com/media/native/tournaments/fcwc/2025/M19%20SEA%20V%20ATM%20POST%20MATCH%20REPORT.pdf,7,Cristian ROLDAN,61.0,49.0,80.0,3.0,1.0,0.0,22.0,15.0,68.0,2.0,0.0,2.0,2.0,0.0,42,6.0,2.0,3.0,2.0,13.0,20.0,1.0,0.0,1.0,1.0,13.0,47.0,18.0,6.0,5.0,47,11452.8,3103.1,5904.8,1628.6,562.0,254.4,133.0,40.0,33.8,50
seattlesoundersfc:10,seattlesoundersfc,Seattle Sounders FC,19,2025-06-19,https://www.fifatrainingcentre.com/media/native/tournaments/fcwc/2025/M19%20SEA%20V%20ATM%20POST%20MATCH%20REPORT.pdf,10,Pedro DE LA VEGA,15.0,14.0,93.0,0.0,0.0,0.0,1.0,1.0,100.0,4.0,4.0,0.0,1.0,0.0,42,6.0,0.0,4.0,1.0,9.0,47.0,0.0,0.0,0.0,1.0,2.0,32.0,16.0,2.0,3.0,47,7075.9,2627.9,2814.7,897.2,501.2,234.8,84.0,43.0,32.5,50
seattlesoundersfc:11,seattlesoundersfc,Seattle Sounders FC,19,2025-06-19,https://www.fifatrainingcentre.com/media/native/tournaments/fcwc/2025/M19%20SEA%20V%20ATM%20POST%20MATCH%20REPORT.pdf,11,Albert RUSNAK,24.0,22.0,92.0,1.0,4.0,1.0,7.0,4.0,57.0,1.0,0.0,1.0,3.0,1.0,42,1.0,1.0,2.0,0.0,4.0,32.0,0.0,0.0,0.0,0.0,4.0,26.0,9.0,2.0,1.0,47,8899.1,3021.2,4260.9,1115.0,316.4,185.4,90.0,27.0,31.1,50
seattlesoundersfc:14,seattlesoundersfc,Seattle Sounders FC,19,2025-06-19,https://www.fifatrainingcentre.com/media/native/tournaments/fcwc/2025/M19%20SEA%20V%20ATM%20POST%20MATCH%20REPORT.pdf,14,Paul ROTHROCK,12.0,7.0,58.0,0.0,1.0,0.0,6.0,2.0,33.0,3.0,3.0,0.0,0.0,0.0,42,1.0,0.0,0.0,0.0,3.0,23.0,0.0,0.0,0.0,1.0,4.0,20.0,14.0,0.0,1.0,47,7895.9,2864.5,2772.4,1273.1,666.5,319.4,101.0,54.0,33.2,50
seattlesoundersfc:15,seattlesoundersfc,Seattle Sounders FC,19,2025-06-19,https://www.fifatrainingcentre.com/media/native/tournaments/fcwc/2025/M19%20SEA%20V%20ATM%20POST%20MATCH%20REPORT.pdf,15,Jon BELL,41.0,36.0,88.0,0.0,0.0,0.0,5.0,2.0,40.0,1.0,0.0,1.0,1.0,0.0,42,4.0,1.0,0.0,1.0,5.0,4.0,2.0,0.0,2.0,3.0,4.0,7.0,2.0,3.0,2.0,47,9927.0,3755.7,4307.5,1207.7,392.1,264.1,105.0,33.0,34.8,50
seattlesoundersfc:18,seattlesoundersfc,Seattle Sounders FC,19,2025-06-19,https://www.fifatrainingcentre.com/media/native/tournaments/fcwc/2025/M19%20SEA%20V%20ATM%20POST%20MATCH%20REPORT.pdf,18,Obed VARGAS,38.0,28.0,74.0,0.0,1.0,1.0,12.0,9.0,75.0,4.0,0.0,4.0,1.0,0.0,42,2.0,0.0,4.0,2.0,4.0,16.0,0.0,0.0,1.0,1.0,7.0,15.0,11.0,7.0,3.0,47,12352.1,3018.4,5680.1,2575.5,861.8,216.3,216.0,62.0,30.3,50
seattlesoundersfc:19,seattlesoundersfc,Seattle Sounders FC,19,2025-06-19,https://www.fifatrainingcentre.com/media/native/tournaments/fcwc/2025/M19%20SEA%20V%20ATM%20POST%20MATCH%20REPORT.pdf,19,Danny MUSOVSKI,9.0,5.0,56.0,0.0,0.0,0.0,1.0,1.0,100.0,1.0,1.0,0.0,2.0,0.0,42,1.0,0.0,3.0,0.0,3.0,20.0,1.0,0.0,1.0,0.0,2.0,10.0,6.0,1.0,0.0,47,6797.9,2043.3,3248.4,947.6,389.0,169.6,83.0,31.0,30.5,50
seattlesoundersfc:21,seattlesoundersfc,Seattle Sounders FC,19,2025-06-19,https://www.fifatrainingcentre.com/media/native/tournaments/fcwc/2025/M19%20SEA%20V%20ATM%20POST%20MATCH%20REPORT.pdf,21,Reed BAKERWHITING,45.0,36.0,80.0,0.0,1.0,1.0,13.0,7.0,54.0,3.0,3.0,0.0,1.0,0.0,42,6.0,2.0,3.0,5.0,10.0,17.0,1.0,0.0,2.0,4.0,7.0,29.0,16.0,8.0,7.0,47,10902.9,3791.5,4642.2,1577.9,623.0,268.2,141.0,50.0,32.1,50
seattlesoundersfc:25,seattlesoundersfc,Seattle Sounders FC,19,2025-06-19,https://www.fifatrainingcentre.com/media/native/tournaments/fcwc/2025/M19%20SEA%20V%20ATM%20POST%20MATCH%20REPORT.pdf,25,Jackson RAGEN,53.0,50.0,94.0,1.0,0.0,0.0,20.0,18.0,90.0,1.0,0.0,1.0,0.0,0.0,42,3.0,2.0,3.0,0.0,1.0,1.0,3.0,0.0,3.0,5.0,5.0,7.0,0.0,5.0,3.0,47,9969.9,3605.6,4642.1,1095.2,514.4,112.5,100.0,35.0,30.4,50
seattlesoundersfc:85,seattlesoundersfc,Seattle Sounders FC,19,2025-06-19,https://www.fifatrainingcentre.com/media/native/tournaments/fcwc/2025/M19%20SEA%20V%20ATM%20POST%20MATCH%20REPORT.pdf,85,Kalani KOSSARIENZI,31.0,24.0,77.0,0.0,2.0,0.0,5.0,2.0,40.0,1.0,0.0,1.0,1.0,0.0,42,1.0,1.0,1.0,1.0,1.0,16.0,0.0,0.0,0.0,2.0,5.0,16.0,7.0,3.0,0.0,47,9368.7,2718.3,4643.6,1313.6,550.0,143.1,121.0,37.0,30.9,50
seattlesoundersfc:6,seattlesoundersfc,Seattle Sounders FC,19,2025-06-19,https://www.fifatrainingcentre.com/media/native/tournaments/fcwc/2025/M19%20SEA%20V%20ATM%20POST%20MATCH%20REPORT.pdf,6,JOAO PAULO,21.0,20.0,95.0,0.0,2.0,1.0,8.0,7.0,88.0,0.0,0.0,0.0,0.0,0.0,42,2.0,0.0,1.0,1.0,3.0,9.0,0.0,0.0,0.0,0.0,5.0,3.0,3.0,0.0,1.0,47,2219.3,594.9,1057.1,401.0,158.2,8.0,38.0,7.0,26.2,50
seattlesoundersfc:9,seattlesoundersfc,Seattle Sounders FC,19,2025-06-19,https://www.fifatrainingcentre.com/media/native/tournaments/fcwc/2025/M19%20SEA%20V%20ATM%20POST%20MATCH%20REPORT.pdf,9,Jesus FERREIRA,11.0,9.0,82.0,0.0,0.0,0.0,2.0,1.0,50.0,0.0,0.0,0.0,0.0,0.0,42,2.0,0.0,1.0,0.0,2.0,12.0,0.0,0.0,0.0,0.0,1.0,4.0,2.0,0.0,1.0,47,3951.2,1291.1,1638.5,706.6,250.1,65.0,49.0,21.0,30.3,50
seattlesoundersfc:16,seattlesoundersfc,Seattle Sounders FC,19,2025-06-19,https://www.fifatrainingcentre.com/media/native/tournaments/fcwc/2025/M19%20SEA%20V%20ATM%20POST%20MATCH%20REPORT.pdf,16,Alex ROLDAN,18.0,16.0,89.0,0.0,0.0,0.0,5.0,5.0,100.0,0.0,0.0,0.0,2.0,0.0,42,4.0,0.0,0.0,0.0,4.0,12.0,0.0,0.0,1.0,1.0,3.0,7.0,7.0,1.0,2.0,47,3608.7,1062.9,1752.9,423.5,221.9,147.5,39.0,16.0,31.5,50
seattlesoundersfc:77,seattlesoundersfc,Seattle Sounders FC,19,2025-06-19,https://www.fifatrainingcentre.com/media/native/tournaments/fcwc/2025/M19%20SEA%20V%20ATM%20POST%20MATCH%20REPORT.pdf,77,Ryan KENT,9.0,8.0,89.0,0.0,1.0,0.0,1.0,1.0,100.0,4.0,3.0,1.0,0.0,0.0,42,1.0,0.0,1.0,0.0,3.0,12.0,0.0,0.0,0.0,0.0,1.0,12.0,8.0,0.0,0.0,47,3781.2,1392.3,1314.4,686.4,333.5,54.6,54.0,24.0,26.9,50
seattlesoundersfc:93,seattlesoundersfc,Seattle Sounders FC,19,2025-06-19,https://www.fifatrainingcentre.com/media/native/tournaments/fcwc/2025/M19%20SEA%20V%20ATM%20POST%20MATCH%20REPORT.pdf,93,Georgi MINOUNGOU,5.0,4.0,80.0,1.0,2.0,2.0,2.0,2.0,100.0,1.0,1.0,0.0,2.0,0.0,42,1.0,0.0,1.0,0.0,0.0,3.0,0.0,0.0,0.0,0.0,1.0,6.0,2.0,0.0,1.0,47,2266.4,643.7,960.3,330.4,178.3,153.7,27.0,18.0,32.3,50
atleticodemadrid:13,atleticodemadrid,Atlético De Madrid,19,2025-06-19,https://www.fifatrainingcentre.com/media/native/tournaments/fcwc/2025/M19%20SEA%20V%20ATM%20POST%20MATCH%20REPORT.pdf,13,Jan OBLAK,27.0,20.0,74.0,1.0,0.0,0.0,11.0,4.0,36.0,0.0,0.0,0.0,0.0,0.0,44,0.0,0.0,0.0,0.0,0.0,0.0,0.0,0.0,0.0,0.0,4.0,0.0,0.0,6.0,0.0,48,5340.3,4415.3,837.4,73.1,14.4,0.0,8.0,2.0,23.3,51
atleticodemadrid:2,atleticodemadrid,Atlético De Madrid,19,2025-06-19,https://www.fifatrainingcentre.com/media/native/tournaments/fcwc/2025/M19%20SEA%20V%20ATM%20POST%20MATCH%20REPORT.pdf,2,Jose Maria GIMENEZ,36.0,34.0,94.0,1.0,0.0,0.0,10.0,10.0,100.0,0.0,0.0,0.0,0.0,0.0,44,1.0,0.0,1.0,1.0,1.0,2.0,3.0,0.0,3.0,1.0,3.0,13.0,1.0,2.0,2.0,48,5220.2,1981.3,2084.3,797.8,289.2,67.6,67.0,24.0,29.7,51
atleticodemadrid:5,atleticodemadrid,Atlético De Madrid,19,2025-06-19,https://www.fifatrainingcentre.com/media/native/tournaments/fcwc/2025/M19%20SEA%20V%20ATM%20POST%20MATCH%20REPORT.pdf,5,Rodrigo DE PAUL,45.0,38.0,84.0,0.0,4.0,1.0,20.0,15.0,75.0,3.0,1.0,2.0,1.0,0.0,44,3.0,1.0,0.0,0.0,4.0,16.0,0.0,0.0,0.0,0.0,6.0,15.0,9.0,1.0,1.0,48,7870.9,2721.5,3114.9,1243.6,573.2,217.8,108.0,43.0,31.7,51
atleticodemadrid:6,atleticodemadrid,Atlético De Madrid,19,2025-06-19,https://www.fifatrainingcentre.com/media/native/tournaments/fcwc/2025/M19%20SEA%20V%20ATM%20POST%20MATCH%20REPORT.pdf,6,KOKE,67.0,63.0,94.0,1.0,0.0,0.0,17.0,15.0,88.0,0.0,0.0,0.0,0.0,0.0,44,2.0,0.0,4.0,0.0,6.0,11.0,0.0,0.0,0.0,1.0,5.0,3.0,3.0,2.0,3.0,48,9359.2,2450.1,3897.3,2392.3,592.1,27.3,185.0,43.0,26.2,51
atleticodemadrid:8,atleticodemadrid,Atlético De Madrid,19,2025-06-19,https://www.fifatrainingcentre.com/media/native/tournaments/fcwc/2025/M19%20SEA%20V%20ATM%20POST%20MATCH%20REPORT.pdf,8,Pablo BARRIOS,55.0,49.0,89.0,2.0,1.0,0.0,16.0,15.0,94.0,4.0,4.0,0.0,2.0,2.0,44,4.0,1.0,2.0,2.0,9.0,24.0,2.0,0.0,2.0,1.0,6.0,23.0,16.0,4.0,3.0,48,11445.0,3587.4,4999.4,1927.3,676.5,254.5,178.0,52.0,32.7,51
atleticodemadrid:9,atleticodemadrid,Atlético De Madrid,19,2025-06-19,https://www.fifatrainingcentre.com/media/native/tournaments/fcwc/2025/M19%20SEA%20V%20ATM%20POST%20MATCH%20REPORT.pdf,9,Alexander SORLOTH,6.0,5.0,83.0,0.0,0.0,0.0,1.0,1.0,100.0,3.0,3.0,0.0,4.0,0.0,44,0.0,0.0,0.0,0.0,1.0,25.0,5.0,0.0,5.0,2.0,1.0,21.0,13.0,0.0,2.0,48,7008.3,2576.8,2992.2,840.3,407.0,191.9,68.0,35.0,32.3,51
atleticodemadrid:14,atleticodemadrid,Atlético De Madrid,19,2025-06-19,https://www.fifatrainingcentre.com/media/native/tournaments/fcwc/2025/M19%20SEA%20V%20ATM%20POST%20MATCH%20REPORT.pdf,14,Marcos LLORENTE,64.0,57.0,89.0,0.0,3.0,1.0,19.0,14.0,74.0,2.0,1.0,1.0,2.0,0.0,44,1.0,1.0,4.0,2.0,4.0,4.0,1.0,0.0,1.0,3.0,12.0,13.0,4.0,6.0,4.0,48,10428.6,3897.9,4412.5,1194.9,567.2,356.0,105.0,52.0,32.2,51
atleticodemadrid:19,atleticodemadrid,Atlético De Madrid,19,2025-06-19,https://www.fifatrainingcentre.com/media/native/tournaments/fcwc/2025/M19%20SEA%20V%20ATM%20POST%20MATCH%20REPORT.pdf,19,Julian ALVAREZ,27.0,23.0,85.0,0.0,1.0,0.0,5.0,3.0,60.0,2.0,2.0,0.0,4.0,0.0,44,4.0,0.0,0.0,1.0,7.0,28.0,0.0,0.0,0.0,1.0,4.0,15.0,11.0,1.0,2.0,48,9198.2,2878.4,4407.2,1262.4,493.8,156.4,107.0,40.0,31.8,51
atleticodemadrid:21,atleticodemadrid,Atlético De Madrid,19,2025-06-19,https://www.fifatrainingcentre.com/media/native/tournaments/fcwc/2025/M19%20SEA%20V%20ATM%20POST%20MATCH%20REPORT.pdf,21,Javi GALAN,63.0,55.0,87.0,0.0,3.0,1.0,13.0,9.0,69.0,1.0,1.0,0.0,1.0,0.0,44,7.0,3.0,3.0,1.0,10.0,12.0,1.0,0.0,1.0,0.0,4.0,15.0,12.0,6.0,0.0,48,10594.2,4073.5,4284.7,1359.8,508.2,368.1,112.0,45.0,32.4,51
atleticodemadrid:22,atleticodemadrid,Atlético De Madrid,19,2025-06-19,https://www.fifatrainingcentre.com/media/native/tournaments/fcwc/2025/M19%20SEA%20V%20ATM%20POST%20MATCH%20REPORT.pdf,22,Giuliano SIMEONE,37.0,29.0,78.0,0.0,5.0,1.0,12.0,8.0,67.0,11.0,8.0,3.0,0.0,0.0,44,4.0,2.0,2.0,1.0,5.0,18.0,1.0,0.0,2.0,2.0,8.0,16.0,11.0,5.0,3.0,48,11508.4,3735.5,4765.2,1729.3,752.9,525.5,144.0,64.0,34.9,51
atleticodemadrid:24,atleticodemadrid,Atlético De Madrid,19,2025-06-19,https://www.fifatrainingcentre.com/media/native/tournaments/fcwc/2025/M19%20SEA%20V%20ATM%20POST%20MATCH%20REPORT.pdf,24,Robin LE NORMAND,55.0,49.0,89.0,2.0,0.0,0.0,18.0,14.0,78.0,1.0,0.0,1.0,0.0,0.0,44,2.0,0.0,6.0,0.0,4.0,4.0,2.0,0.0,2.0,6.0,8.0,15.0,3.0,5.0,6.0,48,10155.8,3965.6,4384.6,1367.7,292.5,145.4,117.0,30.0,30.8,51
atleticodemadrid:4,atleticodemadrid,Atlético De Madrid,19,2025-06-19,https://www.fifatrainingcentre.com/media/native/tournaments/fcwc/2025/M19%20SEA%20V%20ATM%20POST%20MATCH%20REPORT.pdf,4,Conor GALLAGHER,20.0,18.0,90.0,0.0,0.0,0.0,7.0,6.0,86.0,0.0,0.0,0.0,0.0,0.0,44,1.0,0.0,2.0,1.0,0.0,15.0,0.0,0.0,1.0,0.0,0.0,9.0,4.0,2.0,1.0,48,3807.6,1021.7,1776.5,759.1,225.5,24.8,57.0,18.0,27.6,51
atleticodemadrid:7,atleticodemadrid,Atlético De Madrid,19,2025-06-19,https://www.fifatrainingcentre.com/media/native/tournaments/fcwc/2025/M19%20SEA%20V%20ATM%20POST%20MATCH%20REPORT.pdf,7,Antoine GRIEZMANN,16.0,14.0,88.0,0.0,0.0,0.0,3.0,3.0,100.0,0.0,0.0,0.0,0.0,0.0,44,0.0,0.0,0.0,0.0,0.0,7.0,0.0,0.0,0.0,1.0,3.0,9.0,5.0,1.0,1.0,48,3238.9,1278.5,1295.1,435.0,176.0,54.3,42.0,14.0,29.2,51
atleticodemadrid:10,atleticodemadrid,Atlético De Madrid,19,2025-06-19,https://www.fifatrainingcentre.com/media/native/tournaments/fcwc/2025/M19%20SEA%20V%20ATM%20POST%20MATCH%20REPORT.pdf,10,Angel CORREA,12.0,9.0,75.0,0.0,0.0,0.0,1.0,0.0,0.0,1.0,0.0,1.0,0.0,0.0,44,3.0,0.0,0.0,0.0,4.0,6.0,0.0,0.0,0.0,0.0,1.0,1.0,1.0,0.0,1.0,48,3000.0,1039.0,1160.2,458.5,218.3,124.0,41.0,14.0,31.8,51
atleticodemadrid:16,atleticodemadrid,Atlético De Madrid,19,2025-06-19,https://www.fifatrainingcentre.com/media/native/tournaments/fcwc/2025/M19%20SEA%20V%20ATM%20POST%20MATCH%20REPORT.pdf,16,Nahuel MOLINA,5.0,4.0,80.0,0.0,0.0,0.0,2.0,1.0,50.0,0.0,0.0,0.0,0.0,0.0,44,2.0,1.0,0.0,0.0,3.0,4.0,0.0,0.0,0.0,0.0,0.0,6.0,5.0,1.0,1.0,48,1708.5,512.0,661.7,299.6,163.5,71.7,27.0,14.0,31.3,51
atleticodemadrid:20,atleticodemadrid,Atlético De Madrid,19,2025-06-19,https://www.fifatrainingcentre.com/media/native/tournaments/fcwc/2025/M19%20SEA%20V%20ATM%20POST%20MATCH%20REPORT.pdf,20,Axel WITSEL,22.0,21.0,95.0,0.0,0.0,0.0,5.0,4.0,80.0,0.0,0.0,0.0,1.0,1.0,44,1.0,0.0,1.0,0.0,0.0,5.0,1.0,0.0,1.0,0.0,1.0,6.0,1.0,0.0,2.0,48,4997.7,1831.9,2225.8,702.1,207.9,30.0,58.0,15.0,26.5,51
parissaintgermain:1,parissaintgermain,Paris Saint-Germain,20,2025-06-19,https://www.fifatrainingcentre.com/media/native/tournaments/fcwc/2025/M20%20PSG%20V%20BOT%20POST%20MATCH%20REPORT%20V2.pdf,1,Gianluigi DONNARUMMA,22.0,22.0,100.0,0.0,0.0,0.0,1.0,1.0,100.0,0.0,0.0,0.0,0.0,0.0,42,0.0,0.0,0.0,0.0,0.0,0.0,0.0,0.0,0.0,0.0,4.0,0.0,0.0,5.0,0.0,47,4614.2,3636.8,780.8,159.1,29.8,7.6,19.0,2.0,25.6,50
parissaintgermain:2,parissaintgermain,Paris Saint-Germain,20,2025-06-19,https://www.fifatrainingcentre.com/media/native/tournaments/fcwc/2025/M20%20PSG%20V%20BOT%20POST%20MATCH%20REPORT%20V2.pdf,2,Achraf HAKIMI,90.0,82.0,91.0,1.0,2.0,0.0,19.0,17.0,89.0,7.0,4.0,3.0,1.0,0.0,42,2.0,0.0,1.0,2.0,2.0,7.0,1.0,0.0,1.0,0.0,2.0,4.0,1.0,4.0,1.0,47,11097.5,3895.5,4715.2,1646.6,600.6,239.6,139.0,53.0,34.7,50
parissaintgermain:4,parissaintgermain,Paris Saint-Germain,20,2025-06-19,https://www.fifatrainingcentre.com/media/native/tournaments/fcwc/2025/M20%20PSG%20V%20BOT%20POST%20MATCH%20REPORT%20V2.pdf,4,LUCAS BERALDO,79.0,78.0,99.0,1.0,0.0,0.0,25.0,24.0,96.0,0.0,0.0,0.0,1.0,0.0,42,2.0,0.0,1.0,1.0,2.0,8.0,5.0,0.0,5.0,3.0,7.0,2.0,1.0,7.0,3.0,47,9473.7,4588.7,3337.9,1125.5,282.8,138.8,92.0,20.0,31.0,50
parissaintgermain:7,parissaintgermain,Paris Saint-Germain,20,2025-06-19,https://www.fifatrainingcentre.com/media/native/tournaments/fcwc/2025/M20%20PSG%20V%20BOT%20POST%20MATCH%20REPORT%20V2.pdf,7,Khvicha KVARATSKHELIA,46.0,40.0,87.0,1.0,5.0,0.0,12.0,7.0,58.0,4.0,3.0,1.0,5.0,0.0,42,2.0,1.0,2.0,1.0,9.0,14.0,0.0,0.0,0.0,0.0,3.0,11.0,9.0,2.0,2.0,47,9871.2,4599.9,3647.1,949.3,456.2,218.7,86.0,37.0,33.0,50
parissaintgermain:9,parissaintgermain,Paris Saint-Germain,20,2025-06-19,https://www.fifatrainingcentre.com/media/native/tournaments/fcwc/2025/M20%20PSG%20V%20BOT%20POST%20MATCH%20REPORT%20V2.pdf,9,GONCALO RAMOS,8.0,7.0,88.0,0.0,0.0,0.0,0.0,0.0,0.0,0.0,0.0,0.0,1.0,0.0,42,1.0,0.0,0.0,0.0,2.0,20.0,0.0,0.0,0.0,0.0,1.0,6.0,4.0,0.0,1.0,47,7319.5,2209.5,3137.7,1260.1,532.4,179.8,111.0,39.0,31.4,50
parissaintgermain:14,parissaintgermain,Paris Saint-Germain,20,2025-06-19,https://www.fifatrainingcentre.com/media/native/tournaments/fcwc/2025/M20%20PSG%20V%20BOT%20POST%20MATCH%20REPORT%20V2.pdf,14,Desire DOUE,49.0,42.0,86.0,1.0,13.0,1.0,11.0,7.0,64.0,10.0,8.0,2.0,2.0,0.0,42,3.0,1.0,2.0,0.0,3.0,19.0,0.0,0.0,0.0,1.0,6.0,12.0,6.0,1.0,4.0,47,10016.7,3069.2,4445.0,1680.4,638.1,184.1,151.0,49.0,31.9,50
parissaintgermain:17,parissaintgermain,Paris Saint-Germain,20,2025-06-19,https://www.fifatrainingcentre.com/media/native/tournaments/fcwc/2025/M20%20PSG%20V%20BOT%20POST%20MATCH%20REPORT%20V2.pdf,17,VITINHA,143.0,132.0,92.0,7.0,3.0,1.0,46.0,40.0,87.0,4.0,0.0,4.0,1.0,0.0,42,3.0,1.0,4.0,2.0,1.0,8.0,0.0,0.0,0.0,1.0,5.0,12.0,2.0,5.0,3.0,47,11817.2,3382.9,6180.1,1689.9,399.1,165.1,139.0,34.0,30.0,50
parissaintgermain:21,parissaintgermain,Paris Saint-Germain,20,2025-06-19,https://www.fifatrainingcentre.com/media/native/tournaments/fcwc/2025/M20%20PSG%20V%20BOT%20POST%20MATCH%20REPORT%20V2.pdf,21,Lucas HERNANDEZ,63.0,57.0,90.0,0.0,0.0,0.0,20.0,17.0,85.0,0.0,0.0,0.0,0.0,0.0,42,2.0,1.0,2.0,1.0,2.0,4.0,0.0,0.0,0.0,3.0,7.0,12.0,5.0,3.0,2.0,47,6577.3,2165.8,2949.0,883.7,391.5,187.4,74.0,33.0,32.6,50
parissaintgermain:24,parissaintgermain,Paris Saint-Germain,20,2025-06-19,https://www.fifatrainingcentre.com/media/native/tournaments/fcwc/2025/M20%20PSG%20V%20BOT%20POST%20MATCH%20REPORT%20V2.pdf,24,Senny MAYULU,26.0,25.0,96.0,0.0,0.0,0.0,2.0,1.0,50.0,3.0,1.0,2.0,0.0,0.0,42,1.0,0.0,0.0,0.0,4.0,12.0,0.0,0.0,1.0,0.0,5.0,26.0,7.0,1.0,1.0,47,7506.7,2062.2,3558.1,1271.2,509.0,106.2,115.0,38.0,32.6,50
parissaintgermain:33,parissaintgermain,Paris Saint-Germain,20,2025-06-19,https://www.fifatrainingcentre.com/media/native/tournaments/fcwc/2025/M20%20PSG%20V%20BOT%20POST%20MATCH%20REPORT%20V2.pdf,33,Warren ZAIREEMERY,37.0,32.0,86.0,1.0,0.0,0.0,8.0,7.0,88.0,3.0,2.0,1.0,0.0,0.0,42,4.0,2.0,1.0,0.0,2.0,12.0,0.0,0.0,0.0,0.0,4.0,14.0,4.0,3.0,0.0,47,7806.2,1902.5,3758.1,1637.3,414.8,93.5,140.0,28.0,31.4,50
parissaintgermain:51,parissaintgermain,Paris Saint-Germain,20,2025-06-19,https://www.fifatrainingcentre.com/media/native/tournaments/fcwc/2025/M20%20PSG%20V%20BOT%20POST%20MATCH%20REPORT%20V2.pdf,51,Willian PACHO,82.0,80.0,98.0,0.0,0.0,0.0,8.0,7.0,88.0,0.0,0.0,0.0,1.0,0.0,42,4.0,2.0,3.0,1.0,6.0,3.0,0.0,0.0,0.0,1.0,16.0,10.0,5.0,4.0,2.0,47,9640.9,4300.1,3559.0,1044.7,521.7,215.3,96.0,39.0,33.1,50
parissaintgermain:8,parissaintgermain,Paris Saint-Germain,20,2025-06-19,https://www.fifatrainingcentre.com/media/native/tournaments/fcwc/2025/M20%20PSG%20V%20BOT%20POST%20MATCH%20REPORT%20V2.pdf,8,Fabian RUIZ,34.0,28.0,82.0,1.0,0.0,0.0,13.0,10.0,77.0,0.0,0.0,0.0,0.0,0.0,42,1.0,0.0,2.0,0.0,2.0,7.0,1.0,0.0,1.0,0.0,2.0,7.0,4.0,1.0,2.0,47,4661.4,1662.8,2037.5,744.0,213.5,3.6,66.0,16.0,25.2,50
parissaintgermain:19,parissaintgermain,Paris Saint-Germain,20,2025-06-19,https://www.fifatrainingcentre.com/media/native/tournaments/fcwc/2025/M20%20PSG%20V%20BOT%20POST%20MATCH%20REPORT%20V2.pdf,19,LEE Kangin,10.0,9.0,90.0,1.0,5.0,3.0,2.0,2.0,100.0,0.0,0.0,0.0,1.0,0.0,42,0.0,0.0,0.0,0.0,1.0,2.0,0.0,0.0,0.0,0.0,1.0,2.0,1.0,0.0,0.0,47,1983.2,591.3,929.8,308.0,124.8,29.3,28.0,12.0,27.1,50
parissaintgermain:25,parissaintgermain,Paris Saint-Germain,20,2025-06-19,https://www.fifatrainingcentre.com/media/native/tournaments/fcwc/2025/M20%20PSG%20V%20BOT%20POST%20MATCH%20REPORT%20V2.pdf,25,NUNO MENDES,29.0,27.0,93.0,2.0,3.0,1.0,17.0,14.0,82.0,5.0,4.0,1.0,1.0,0.0,42,2.0,1.0,1.0,0.0,2.0,2.0,0.0,0.0,1.0,0.0,4.0,3.0,2.0,2.0,1.0,47,3986.5,1497.0,1645.6,520.8,283.5,39.6,42.0,22.0,32.8,50
parissaintgermain:29,parissaintgermain,Paris Saint-Germain,20,2025-06-19,https://www.fifatrainingcentre.com/media/native/tournaments/fcwc/2025/M20%20PSG%20V%20BOT%20POST%20MATCH%20REPORT%20V2.pdf,29,Bradley BARCOLA,16.0,15.0,94.0,0.0,2.0,0.0,4.0,2.0,50.0,4.0,2.0,2.0,0.0,0.0,42,0.0,0.0,1.0,0.0,1.0,0.0,0.0,0.0,0.0,0.0,3.0,0.0,0.0,0.0,1.0,47,4193.0,1728.3,1834.4,470.9,107.6,51.9,40.0,11.0,31.9,50
parissaintgermain:87,parissaintgermain,Paris Saint-Germain,20,2025-06-19,https://www.fifatrainingcentre.com/media/native/tournaments/fcwc/2025/M20%20PSG%20V%20BOT%20POST%20MATCH%20REPORT%20V2.pdf,87,JOAO NEVES,32.0,30.0,94.0,1.0,0.0,0.0,9.0,8.0,89.0,2.0,2.0,0.0,1.0,0.0,42,3.0,2.0,1.0,0.0,4.0,3.0,2.0,0.0,2.0,0.0,5.0,7.0,2.0,4.0,0.0,47,4932.9,1591.6,2031.1,850.7,325.6,134.0,76.0,25.0,31.4,50
botafogo:12,botafogo,Botafogo,20,2025-06-19,https://www.fifatrainingcentre.com/media/native/tournaments/fcwc/2025/M20%20PSG%20V%20BOT%20POST%20MATCH%20REPORT%20V2.pdf,12,JOHN,24.0,15.0,62.0,0.0,0.0,0.0,17.0,10.0,59.0,0.0,0.0,0.0,0.0,0.0,44,0.0,0.0,0.0,0.0,0.0,0.0,0.0,0.0,0.0,0.0,3.0,0.0,0.0,6.0,0.0,48,5323.9,4619.8,569.0,117.3,17.9,0.0,12.0,1.0,21.0,51
botafogo:2,botafogo,Botafogo,20,2025-06-19,https://www.fifatrainingcentre.com/media/native/tournaments/fcwc/2025/M20%20PSG%20V%20BOT%20POST%20MATCH%20REPORT%20V2.pdf,2,VITINHO,21.0,16.0,76.0,0.0,3.0,1.0,8.0,6.0,75.0,0.0,0.0,0.0,0.0,0.0,44,10.0,1.0,4.0,1.0,9.0,35.0,0.0,0.0,0.0,1.0,5.0,36.0,23.0,5.0,2.0,48,11398.7,3825.8,5133.0,1609.8,583.3,246.9,135.0,44.0,34.4,51
botafogo:7,botafogo,Botafogo,20,2025-06-19,https://www.fifatrainingcentre.com/media/native/tournaments/fcwc/2025/M20%20PSG%20V%20BOT%20POST%20MATCH%20REPORT%20V2.pdf,7,ARTUR,16.0,12.0,75.0,0.0,2.0,0.0,7.0,5.0,71.0,2.0,1.0,1.0,1.0,0.0,44,3.0,1.0,2.0,0.0,5.0,37.0,1.0,0.0,2.0,0.0,3.0,43.0,31.0,2.0,0.0,48,8495.0,3469.4,3343.0,952.8,467.0,262.8,94.0,42.0,32.6,51
botafogo:10,botafogo,Botafogo,20,2025-06-19,https://www.fifatrainingcentre.com/media/native/tournaments/fcwc/2025/M20%20PSG%20V%20BOT%20POST%20MATCH%20REPORT%20V2.pdf,10,Jefferson SAVARINO,22.0,21.0,95.0,0.0,0.0,0.0,6.0,5.0,83.0,2.0,2.0,0.0,1.0,0.0,44,1.0,1.0,1.0,0.0,4.0,40.0,0.0,0.0,1.0,1.0,3.0,12.0,8.0,1.0,1.0,48,9445.2,3085.3,3727.2,1846.6,623.5,162.6,153.0,53.0,31.4,51
botafogo:13,botafogo,Botafogo,20,2025-06-19,https://www.fifatrainingcentre.com/media/native/tournaments/fcwc/2025/M20%20PSG%20V%20BOT%20POST%20MATCH%20REPORT%20V2.pdf,13,ALEX TELLES,20.0,17.0,85.0,0.0,0.0,0.0,9.0,7.0,78.0,0.0,0.0,0.0,1.0,0.0,44,1.0,0.0,2.0,0.0,3.0,12.0,2.0,0.0,2.0,6.0,5.0,14.0,11.0,1.0,3.0,48,7837.7,3032.7,3570.2,878.0,293.3,63.6,82.0,19.0,29.5,51
botafogo:17,botafogo,Botafogo,20,2025-06-19,https://www.fifatrainingcentre.com/media/native/tournaments/fcwc/2025/M20%20PSG%20V%20BOT%20POST%20MATCH%20REPORT%20V2.pdf,17,MARLON FREITAS,29.0,26.0,90.0,0.0,0.0,0.0,12.0,11.0,92.0,0.0,0.0,0.0,0.0,0.0,44,4.0,1.0,6.0,0.0,9.0,50.0,0.0,0.0,0.0,4.0,6.0,18.0,12.0,3.0,8.0,48,12417.7,3407.9,6365.7,2089.3,460.8,94.1,164.0,32.0,33.7,51
botafogo:20,botafogo,Botafogo,20,2025-06-19,https://www.fifatrainingcentre.com/media/native/tournaments/fcwc/2025/M20%20PSG%20V%20BOT%20POST%20MATCH%20REPORT%20V2.pdf,20,Alexander BARBOZA,32.0,15.0,47.0,1.0,0.0,0.0,20.0,6.0,30.0,0.0,0.0,0.0,0.0,0.0,44,7.0,7.0,2.0,2.0,7.0,3.0,0.0,0.0,0.0,8.0,5.0,8.0,5.0,12.0,6.0,48,11024.4,3483.2,5897.6,1283.3,288.9,71.5,108.0,24.0,29.5,51
botafogo:25,botafogo,Botafogo,20,2025-06-19,https://www.fifatrainingcentre.com/media/native/tournaments/fcwc/2025/M20%20PSG%20V%20BOT%20POST%20MATCH%20REPORT%20V2.pdf,25,ALLAN,14.0,13.0,93.0,0.0,0.0,0.0,2.0,2.0,100.0,1.0,1.0,0.0,0.0,0.0,44,5.0,0.0,2.0,0.0,9.0,41.0,1.0,0.0,2.0,1.0,6.0,50.0,27.0,1.0,4.0,48,10447.8,3747.6,4375.9,1739.4,498.6,86.4,161.0,40.0,28.5,51
botafogo:26,botafogo,Botafogo,20,2025-06-19,https://www.fifatrainingcentre.com/media/native/tournaments/fcwc/2025/M20%20PSG%20V%20BOT%20POST%20MATCH%20REPORT%20V2.pdf,26,GREGORE,32.0,29.0,91.0,0.0,0.0,0.0,10.0,9.0,90.0,0.0,0.0,0.0,0.0,0.0,44,8.0,2.0,6.0,1.0,9.0,27.0,0.0,0.0,2.0,5.0,6.0,27.0,20.0,5.0,9.0,48,11520.2,3463.0,5414.8,1857.2,669.5,115.7,164.0,52.0,29.3,51
botafogo:32,botafogo,Botafogo,20,2025-06-19,https://www.fifatrainingcentre.com/media/native/tournaments/fcwc/2025/M20%20PSG%20V%20BOT%20POST%20MATCH%20REPORT%20V2.pdf,32,JAIR CUNHA,24.0,21.0,88.0,0.0,0.0,0.0,9.0,7.0,78.0,0.0,0.0,0.0,0.0,0.0,44,3.0,1.0,5.0,0.0,4.0,11.0,0.0,0.0,0.0,7.0,6.0,33.0,6.0,5.0,7.0,48,10612.4,3633.4,5475.2,1185.7,263.9,54.3,102.0,24.0,30.2,51
botafogo:99,botafogo,Botafogo,20,2025-06-19,https://www.fifatrainingcentre.com/media/native/tournaments/fcwc/2025/M20%20PSG%20V%20BOT%20POST%20MATCH%20REPORT%20V2.pdf,99,IGOR JESUS,22.0,14.0,64.0,0.0,0.0,0.0,3.0,1.0,33.0,4.0,4.0,0.0,1.0,1.0,44,0.0,0.0,2.0,0.0,2.0,26.0,4.0,1.0,6.0,4.0,5.0,27.0,12.0,3.0,1.0,48,10902.9,3984.8,4803.3,1118.1,609.2,387.4,85.0,53.0,33.3,51
botafogo:8,botafogo,Botafogo,20,2025-06-19,https://www.fifatrainingcentre.com/media/native/tournaments/fcwc/2025/M20%20PSG%20V%20BOT%20POST%20MATCH%20REPORT%20V2.pdf,8,Alvaro MONTORO,9.0,3.0,33.0,0.0,0.0,0.0,4.0,0.0,0.0,1.0,1.0,0.0,0.0,0.0,44,4.0,0.0,0.0,0.0,3.0,16.0,0.0,0.0,0.0,0.0,3.0,10.0,8.0,0.0,1.0,48,2295.8,709.8,1103.9,422.8,53.1,6.2,47.0,6.0,25.5,51
botafogo:23,botafogo,Botafogo,20,2025-06-19,https://www.fifatrainingcentre.com/media/native/tournaments/fcwc/2025/M20%20PSG%20V%20BOT%20POST%20MATCH%20REPORT%20V2.pdf,23,Santiago RODRIGUEZ,5.0,5.0,100.0,0.0,0.0,0.0,2.0,2.0,100.0,1.0,1.0,0.0,0.0,0.0,44,2.0,1.0,1.0,0.0,4.0,14.0,0.0,0.0,0.0,0.0,4.0,5.0,4.0,1.0,0.0,48,3464.0,1008.7,1389.6,632.4,388.8,44.6,54.0,31.0,28.8,51
botafogo:28,botafogo,Botafogo,20,2025-06-19,https://www.fifatrainingcentre.com/media/native/tournaments/fcwc/2025/M20%20PSG%20V%20BOT%20POST%20MATCH%20REPORT%20V2.pdf,28,NEWTON,2.0,2.0,100.0,0.0,0.0,0.0,0.0,0.0,0.0,0.0,0.0,0.0,0.0,0.0,44,1.0,0.0,0.0,1.0,1.0,7.0,0.0,0.0,0.0,0.0,0.0,4.0,4.0,1.0,0.0,48,1418.7,243.3,704.6,338.8,115.4,16.6,32.0,10.0,29.0,51
botafogo:66,botafogo,Botafogo,20,2025-06-19,https://www.fifatrainingcentre.com/media/native/tournaments/fcwc/2025/M20%20PSG%20V%20BOT%20POST%20MATCH%20REPORT%20V2.pdf,66,CUIABANO,6.0,6.0,100.0,0.0,0.0,0.0,3.0,3.0,100.0,0.0,0.0,0.0,0.0,0.0,44,4.0,1.0,2.0,0.0,1.0,4.0,0.0,0.0,1.0,1.0,1.0,4.0,4.0,2.0,2.0,48,2961.5,1011.3,1489.4,348.5,105.8,6.5,31.0,10.0,25.5,51
slbenfica:1,slbenfica,SL Benfica,21,2025-06-20,https://www.fifatrainingcentre.com/media/native/tournaments/fcwc/2025/M21%20SLB%20V%20AKL%20POST%20MATCH%20REPORT.pdf,1,Anatoliy TRUBIN,18.0,17.0,94.0,1.0,0.0,0.0,0.0,0.0,0.0,0.0,0.0,0.0,0.0,0.0,43,0.0,0.0,0.0,0.0,0.0,0.0,0.0,0.0,0.0,1.0,4.0,0.0,0.0,5.0,0.0,48,4998.6,4019.3,833.5,115.1,30.8,0.0,13.0,2.0,24.7,51
slbenfica:3,slbenfica,SL Benfica,21,2025-06-20,https://www.fifatrainingcentre.com/media/native/tournaments/fcwc/2025/M21%20SLB%20V%20AKL%20POST%20MATCH%20REPORT.pdf,3,Alvaro FERNANDEZ,35.0,28.0,80.0,0.0,3.0,1.0,9.0,6.0,67.0,2.0,1.0,1.0,0.0,0.0,43,1.0,0.0,1.0,1.0,1.0,5.0,0.0,0.0,0.0,1.0,4.0,6.0,3.0,1.0,2.0,48,5680.6,2291.3,2093.0,807.6,383.1,105.6,63.0,34.0,30.5,51
slbenfica:4,slbenfica,SL Benfica,21,2025-06-20,https://www.fifatrainingcentre.com/media/native/tournaments/fcwc/2025/M21%20SLB%20V%20AKL%20POST%20MATCH%20REPORT.pdf,4,ANTONIO SILVA,49.0,46.0,94.0,2.0,0.0,0.0,21.0,19.0,90.0,2.0,0.0,2.0,0.0,0.0,43,8.0,2.0,3.0,2.0,10.0,7.0,2.0,0.0,2.0,2.0,11.0,9.0,4.0,9.0,2.0,48,9440.5,4121.6,3991.0,817.8,368.3,141.7,62.0,25.0,31.3,51
slbenfica:8,slbenfica,SL Benfica,21,2025-06-20,https://www.fifatrainingcentre.com/media/native/tournaments/fcwc/2025/M21%20SLB%20V%20AKL%20POST%20MATCH%20REPORT.pdf,8,Fredrik AURSNES,43.0,39.0,91.0,1.0,5.0,1.0,7.0,5.0,71.0,2.0,1.0,1.0,1.0,0.0,43,1.0,0.0,0.0,2.0,3.0,3.0,0.0,0.0,0.0,0.0,8.0,8.0,1.0,2.0,0.0,48,9034.4,3086.5,4270.1,1076.4,440.2,161.2,99.0,37.0,31.2,51
slbenfica:10,slbenfica,SL Benfica,21,2025-06-20,https://www.fifatrainingcentre.com/media/native/tournaments/fcwc/2025/M21%20SLB%20V%20AKL%20POST%20MATCH%20REPORT.pdf,10,Orkun KOKCU,58.0,53.0,91.0,1.0,3.0,2.0,20.0,16.0,80.0,3.0,0.0,3.0,2.0,0.0,43,3.0,1.0,2.0,0.0,3.0,11.0,1.0,0.0,1.0,1.0,7.0,6.0,3.0,2.0,4.0,48,6942.7,2889.1,3018.8,820.9,195.5,18.5,60.0,14.0,28.0,51
slbenfica:11,slbenfica,SL Benfica,21,2025-06-20,https://www.fifatrainingcentre.com/media/native/tournaments/fcwc/2025/M21%20SLB%20V%20AKL%20POST%20MATCH%20REPORT.pdf,11,Angel DI MARIA,82.0,65.0,79.0,2.0,17.0,2.0,48.0,27.0,56.0,4.0,3.0,1.0,7.0,2.0,43,0.0,0.0,2.0,0.0,2.0,15.0,0.0,0.0,1.0,0.0,7.0,10.0,8.0,1.0,1.0,48,10019.2,4496.9,3810.7,1340.5,357.5,13.5,124.0,27.0,25.6,51
slbenfica:14,slbenfica,SL Benfica,21,2025-06-20,https://www.fifatrainingcentre.com/media/native/tournaments/fcwc/2025/M21%20SLB%20V%20AKL%20POST%20MATCH%20REPORT.pdf,14,Evangelos PAVLIDIS,13.0,9.0,69.0,0.0,1.0,1.0,3.0,1.0,33.0,0.0,0.0,0.0,4.0,1.0,43,1.0,0.0,0.0,2.0,2.0,15.0,3.0,0.0,3.0,0.0,0.0,9.0,4.0,2.0,0.0,48,10383.7,4520.3,4335.9,1089.1,297.2,141.2,101.0,26.0,29.4,51
slbenfica:17,slbenfica,SL Benfica,21,2025-06-20,https://www.fifatrainingcentre.com/media/native/tournaments/fcwc/2025/M21%20SLB%20V%20AKL%20POST%20MATCH%20REPORT.pdf,17,Kerem AKTURKOGLU,18.0,16.0,89.0,0.0,3.0,1.0,4.0,1.0,25.0,1.0,0.0,1.0,4.0,0.0,43,0.0,0.0,1.0,0.0,3.0,12.0,0.0,0.0,0.0,1.0,2.0,4.0,2.0,0.0,2.0,48,7312.4,3203.4,3070.2,736.3,239.1,63.5,63.0,22.0,30.5,51
slbenfica:18,slbenfica,SL Benfica,21,2025-06-20,https://www.fifatrainingcentre.com/media/native/tournaments/fcwc/2025/M21%20SLB%20V%20AKL%20POST%20MATCH%20REPORT.pdf,18,Leandro BARREIRO,34.0,30.0,88.0,0.0,0.0,0.0,5.0,5.0,100.0,0.0,0.0,0.0,4.0,2.0,43,6.0,2.0,2.0,1.0,5.0,16.0,3.0,0.0,3.0,1.0,4.0,15.0,8.0,8.0,4.0,48,11992.4,4623.4,5433.7,1539.5,346.4,49.4,128.0,31.0,28.0,51
slbenfica:25,slbenfica,SL Benfica,21,2025-06-20,https://www.fifatrainingcentre.com/media/native/tournaments/fcwc/2025/M21%20SLB%20V%20AKL%20POST%20MATCH%20REPORT.pdf,25,Gianluca PRESTIANNI,37.0,31.0,84.0,0.0,1.0,0.0,6.0,5.0,83.0,1.0,0.0,1.0,2.0,0.0,43,6.0,3.0,0.0,0.0,7.0,4.0,0.0,0.0,0.0,0.0,8.0,4.0,3.0,3.0,0.0,48,8464.0,3015.4,3915.5,1068.2,368.0,96.9,95.0,30.0,30.8,51
slbenfica:30,slbenfica,SL Benfica,21,2025-06-20,https://www.fifatrainingcentre.com/media/native/tournaments/fcwc/2025/M21%20SLB%20V%20AKL%20POST%20MATCH%20REPORT.pdf,30,Nicolas OTAMENDI,52.0,50.0,96.0,0.0,0.0,0.0,6.0,6.0,100.0,1.0,0.0,1.0,2.0,0.0,43,2.0,0.0,0.0,1.0,2.0,1.0,12.0,0.0,12.0,2.0,9.0,13.0,0.0,5.0,1.0,48,9768.1,4296.5,3621.1,1232.2,501.2,117.0,107.0,35.0,29.3,51
slbenfica:21,slbenfica,SL Benfica,21,2025-06-20,https://www.fifatrainingcentre.com/media/native/tournaments/fcwc/2025/M21%20SLB%20V%20AKL%20POST%20MATCH%20REPORT.pdf,21,Andreas SCHJELDERUP,18.0,14.0,78.0,1.0,1.0,0.0,4.0,0.0,0.0,0.0,0.0,0.0,0.0,0.0,43,2.0,0.0,0.0,0.0,1.0,4.0,0.0,0.0,0.0,0.0,5.0,3.0,1.0,0.0,1.0,48,4486.2,1550.5,1884.5,654.3,297.4,99.5,55.0,25.0,31.8,51
slbenfica:26,slbenfica,SL Benfica,21,2025-06-20,https://www.fifatrainingcentre.com/media/native/tournaments/fcwc/2025/M21%20SLB%20V%20AKL%20POST%20MATCH%20REPORT.pdf,26,Samuel DAHL,37.0,36.0,97.0,1.0,2.0,1.0,4.0,4.0,100.0,2.0,1.0,1.0,1.0,0.0,43,2.0,2.0,0.0,0.0,1.0,5.0,0.0,0.0,0.0,1.0,7.0,3.0,1.0,3.0,1.0,48,5769.5,2002.3,2348.5,970.4,380.8,67.5,79.0,31.0,28.9,51
slbenfica:47,slbenfica,SL Benfica,21,2025-06-20,https://www.fifatrainingcentre.com/media/native/tournaments/fcwc/2025/M21%20SLB%20V%20AKL%20POST%20MATCH%20REPORT.pdf,47,TIAGO GOUVEIA,15.0,15.0,100.0,0.0,3.0,1.0,5.0,5.0,100.0,0.0,0.0,0.0,0.0,0.0,43,1.0,0.0,0.0,0.0,1.0,1.0,0.0,0.0,0.0,0.0,3.0,3.0,1.0,0.0,1.0,48,3059.9,1050.4,1169.4,464.3,207.1,168.8,37.0,23.0,31.5,51
slbenfica:81,slbenfica,SL Benfica,21,2025-06-20,https://www.fifatrainingcentre.com/media/native/tournaments/fcwc/2025/M21%20SLB%20V%20AKL%20POST%20MATCH%20REPORT.pdf,81,Adrian BAJRAMI,4.0,4.0,100.0,0.0,0.0,0.0,3.0,3.0,100.0,0.0,0.0,0.0,0.0,0.0,43,1.0,0.0,0.0,1.0,1.0,2.0,1.0,0.0,1.0,2.0,1.0,1.0,1.0,2.0,2.0,48,1141.3,355.1,544.5,203.9,37.8,0.0,19.0,3.0,23.7,51
slbenfica:84,slbenfica,SL Benfica,21,2025-06-20,https://www.fifatrainingcentre.com/media/native/tournaments/fcwc/2025/M21%20SLB%20V%20AKL%20POST%20MATCH%20REPORT.pdf,84,JOAO REGO,6.0,5.0,83.0,0.0,2.0,0.0,2.0,2.0,100.0,0.0,0.0,0.0,1.0,0.0,43,0.0,0.0,4.0,0.0,2.0,6.0,1.0,0.0,1.0,1.0,4.0,3.0,3.0,4.0,0.0,48,3075.0,1016.5,1372.7,475.2,158.9,51.8,40.0,14.0,29.6,51
slbenfica:85,slbenfica,SL Benfica,21,2025-06-20,https://www.fifatrainingcentre.com/media/native/tournaments/fcwc/2025/M21%20SLB%20V%20AKL%20POST%20MATCH%20REPORT.pdf,85,RENATO SANCHES,40.0,33.0,82.0,5.0,0.0,0.0,16.0,11.0,69.0,2.0,0.0,2.0,4.0,1.0,43,0.0,0.0,1.0,0.0,0.0,6.0,1.0,0.0,1.0,0.0,7.0,8.0,4.0,2.0,0.0,48,4149.8,1645.0,1620.4,630.5,220.3,33.7,56.0,14.0,26.5,51
aucklandcityfc:24,aucklandcityfc,Auckland City FC,21,2025-06-20,https://www.fifatrainingcentre.com/media/native/tournaments/fcwc/2025/M21%20SLB%20V%20AKL%20POST%20MATCH%20REPORT.pdf,24,Nathan GARROW,43.0,18.0,42.0,0.0,0.0,0.0,33.0,14.0,42.0,0.0,0.0,0.0,0.0,0.0,45,0.0,0.0,0.0,0.0,0.0,0.0,0.0,0.0,0.0,0.0,2.0,0.0,0.0,10.0,0.0,49,5318.6,4385.4,914.8,18.5,0.0,0.0,2.0,0.0,19.1,52
aucklandcityfc:2,aucklandcityfc,Auckland City FC,21,2025-06-20,https://www.fifatrainingcentre.com/media/native/tournaments/fcwc/2025/M21%20SLB%20V%20AKL%20POST%20MATCH%20REPORT.pdf,2,Mario ILICH,24.0,23.0,96.0,0.0,0.0,0.0,4.0,4.0,100.0,0.0,0.0,0.0,0.0,0.0,45,4.0,2.0,1.0,2.0,2.0,38.0,3.0,0.0,3.0,1.0,5.0,17.0,13.0,5.0,1.0,49,8120.1,2495.1,3825.5,1631.9,167.5,0.0,147.0,12.0,24.5,52
aucklandcityfc:3,aucklandcityfc,Auckland City FC,21,2025-06-20,https://www.fifatrainingcentre.com/media/native/tournaments/fcwc/2025/M21%20SLB%20V%20AKL%20POST%20MATCH%20REPORT.pdf,3,Adam MITCHELL,33.0,27.0,82.0,0.0,0.0,0.0,13.0,7.0,54.0,2.0,2.0,0.0,0.0,0.0,45,1.0,0.0,4.0,1.0,3.0,1.0,1.0,0.0,2.0,6.0,4.0,8.0,1.0,6.0,7.0,49,10570.0,4425.3,4545.0,1188.3,365.9,45.6,103.0,24.0,29.7,52
aucklandcityfc:5,aucklandcityfc,Auckland City FC,21,2025-06-20,https://www.fifatrainingcentre.com/media/native/tournaments/fcwc/2025/M21%20SLB%20V%20AKL%20POST%20MATCH%20REPORT.pdf,5,Nikko BOXALL,25.0,17.0,68.0,0.0,0.0,0.0,8.0,5.0,62.0,3.0,0.0,3.0,0.0,0.0,45,3.0,1.0,3.0,3.0,5.0,7.0,0.0,0.0,0.0,11.0,5.0,5.0,3.0,8.0,7.0,49,9700.4,4118.2,4359.2,894.0,270.3,58.7,70.0,26.0,30.1,52
aucklandcityfc:7,aucklandcityfc,Auckland City FC,21,2025-06-20,https://www.fifatrainingcentre.com/media/native/tournaments/fcwc/2025/M21%20SLB%20V%20AKL%20POST%20MATCH%20REPORT.pdf,7,Myer BEVAN,14.0,14.0,100.0,0.0,1.0,0.0,0.0,0.0,0.0,1.0,1.0,0.0,1.0,0.0,45,1.0,0.0,0.0,0.0,1.0,13.0,4.0,0.0,5.0,1.0,2.0,10.0,5.0,0.0,1.0,49,9434.8,3233.3,4346.2,1260.4,349.1,245.9,101.0,33.0,31.8,52
aucklandcityfc:17,aucklandcityfc,Auckland City FC,21,2025-06-20,https://www.fifatrainingcentre.com/media/native/tournaments/fcwc/2025/M21%20SLB%20V%20AKL%20POST%20MATCH%20REPORT.pdf,17,Jerson LAGOS,29.0,18.0,62.0,0.0,2.0,0.0,8.0,2.0,25.0,4.0,3.0,1.0,2.0,0.0,45,1.0,1.0,4.0,1.0,2.0,42.0,1.0,0.0,1.0,4.0,7.0,10.0,6.0,4.0,6.0,49,10891.3,4164.3,4772.3,1303.9,428.5,222.2,115.0,34.0,32.7,52
aucklandcityfc:21,aucklandcityfc,Auckland City FC,21,2025-06-20,https://www.fifatrainingcentre.com/media/native/tournaments/fcwc/2025/M21%20SLB%20V%20AKL%20POST%20MATCH%20REPORT.pdf,21,Adam BELL,28.0,22.0,79.0,1.0,1.0,0.0,9.0,5.0,56.0,1.0,1.0,0.0,0.0,0.0,45,2.0,1.0,1.0,2.0,5.0,38.0,2.0,0.0,2.0,7.0,2.0,27.0,21.0,5.0,5.0,49,11511.9,4272.5,5024.4,1505.9,541.6,167.6,136.0,45.0,32.7,52
aucklandcityfc:22,aucklandcityfc,Auckland City FC,21,2025-06-20,https://www.fifatrainingcentre.com/media/native/tournaments/fcwc/2025/M21%20SLB%20V%20AKL%20POST%20MATCH%20REPORT.pdf,22,ZHOU Tong,25.0,19.0,76.0,0.0,0.0,0.0,4.0,1.0,25.0,2.0,2.0,0.0,0.0,0.0,45,0.0,0.0,1.0,0.0,0.0,8.0,0.0,0.0,0.0,2.0,1.0,2.0,1.0,0.0,2.0,49,5509.4,2095.4,2463.1,748.0,187.2,15.8,52.0,13.0,26.2,52
aucklandcityfc:25,aucklandcityfc,Auckland City FC,21,2025-06-20,https://www.fifatrainingcentre.com/media/native/tournaments/fcwc/2025/M21%20SLB%20V%20AKL%20POST%20MATCH%20REPORT.pdf,25,Michael DEN HEIJER,16.0,10.0,62.0,0.0,0.0,0.0,3.0,2.0,67.0,0.0,0.0,0.0,0.0,0.0,45,2.0,0.0,4.0,1.0,2.0,2.0,1.0,0.0,1.0,4.0,1.0,4.0,0.0,2.0,4.0,49,8551.8,4022.5,3590.1,664.7,235.7,38.8,62.0,16.0,30.4,52
aucklandcityfc:26,aucklandcityfc,Auckland City FC,21,2025-06-20,https://www.fifatrainingcentre.com/media/native/tournaments/fcwc/2025/M21%20SLB%20V%20AKL%20POST%20MATCH%20REPORT.pdf,26,David YOO,19.0,17.0,89.0,0.0,1.0,1.0,6.0,6.0,100.0,2.0,1.0,1.0,0.0,0.0,45,1.0,1.0,3.0,0.0,4.0,9.0,0.0,0.0,1.0,2.0,2.0,4.0,1.0,3.0,1.0,49,8022.4,2448.8,4167.2,1080.4,262.8,63.3,90.0,20.0,31.0,52
aucklandcityfc:27,aucklandcityfc,Auckland City FC,21,2025-06-20,https://www.fifatrainingcentre.com/media/native/tournaments/fcwc/2025/M21%20SLB%20V%20AKL%20POST%20MATCH%20REPORT.pdf,27,Haris ZEB,13.0,10.0,77.0,0.0,0.0,0.0,5.0,3.0,60.0,3.0,1.0,2.0,1.0,0.0,45,6.0,2.0,0.0,0.0,9.0,32.0,1.0,0.0,1.0,1.0,5.0,9.0,6.0,4.0,1.0,49,7178.0,2823.4,3052.3,1017.6,207.6,77.1,72.0,16.0,32.3,52
aucklandcityfc:4,aucklandcityfc,Auckland City FC,21,2025-06-20,https://www.fifatrainingcentre.com/media/native/tournaments/fcwc/2025/M21%20SLB%20V%20AKL%20POST%20MATCH%20REPORT.pdf,4,Christian GRAY,6.0,5.0,83.0,0.0,0.0,0.0,2.0,2.0,100.0,0.0,0.0,0.0,0.0,0.0,45,0.0,0.0,1.0,0.0,0.0,0.0,0.0,0.0,0.0,3.0,1.0,1.0,0.0,2.0,2.0,49,1811.9,768.2,703.1,201.0,116.6,23.0,15.0,7.0,28.6,52
aucklandcityfc:6,aucklandcityfc,Auckland City FC,21,2025-06-20,https://www.fifatrainingcentre.com/media/native/tournaments/fcwc/2025/M21%20SLB%20V%20AKL%20POST%20MATCH%20REPORT.pdf,6,Jackson MANUEL,21.0,20.0,95.0,0.0,0.0,0.0,6.0,5.0,83.0,1.0,1.0,0.0,0.0,0.0,45,1.0,0.0,1.0,0.0,1.0,19.0,0.0,0.0,0.0,1.0,3.0,6.0,5.0,1.0,1.0,49,4201.7,1361.6,1935.7,701.5,190.4,12.5,57.0,11.0,27.0,52
aucklandcityfc:8,aucklandcityfc,Auckland City FC,21,2025-06-20,https://www.fifatrainingcentre.com/media/native/tournaments/fcwc/2025/M21%20SLB%20V%20AKL%20POST%20MATCH%20REPORT.pdf,8,Gerard GARRIGA,22.0,16.0,73.0,0.0,0.0,0.0,4.0,2.0,50.0,0.0,0.0,0.0,0.0,0.0,45,1.0,0.0,2.0,2.0,0.0,14.0,0.0,0.0,0.0,2.0,6.0,5.0,2.0,4.0,3.0,49,7036.2,1894.7,3039.1,1656.5,362.4,83.6,121.0,28.0,28.6,52
aucklandcityfc:10,aucklandcityfc,Auckland City FC,21,2025-06-20,https://www.fifatrainingcentre.com/media/native/tournaments/fcwc/2025/M21%20SLB%20V%20AKL%20POST%20MATCH%20REPORT.pdf,10,Dylan MANICKUM,9.0,7.0,78.0,0.0,0.0,0.0,1.0,0.0,0.0,1.0,0.0,1.0,0.0,0.0,45,0.0,0.0,1.0,0.0,0.0,19.0,0.0,0.0,1.0,0.0,3.0,3.0,0.0,0.0,1.0,49,4640.5,1290.1,2076.7,855.4,364.4,53.9,76.0,22.0,30.4,52
aucklandcityfc:11,aucklandcityfc,Auckland City FC,21,2025-06-20,https://www.fifatrainingcentre.com/media/native/tournaments/fcwc/2025/M21%20SLB%20V%20AKL%20POST%20MATCH%20REPORT.pdf,11,Ryan DE VRIES,6.0,4.0,67.0,0.0,0.0,0.0,1.0,0.0,0.0,2.0,2.0,0.0,0.0,0.0,45,0.0,0.0,1.0,0.0,1.0,6.0,2.0,0.0,2.0,0.0,2.0,2.0,1.0,1.0,0.0,49,2732.0,1057.0,1158.6,401.9,114.4,0.0,33.0,8.0,25.0,52
aucklandcityfc:20,aucklandcityfc,Auckland City FC,21,2025-06-20,https://www.fifatrainingcentre.com/media/native/tournaments/fcwc/2025/M21%20SLB%20V%20AKL%20POST%20MATCH%20REPORT.pdf,20,Matt ELLIS,2.0,1.0,50.0,0.0,0.0,0.0,1.0,0.0,0.0,1.0,1.0,0.0,0.0,0.0,45,3.0,0.0,2.0,0.0,0.0,7.0,2.0,0.0,3.0,1.0,0.0,8.0,3.0,1.0,2.0,49,4610.0,1468.4,1796.2,944.2,260.8,140.4,70.0,21.0,30.4,52
crflamengo:1,crflamengo,CR Flamengo,22,2025-06-20,https://www.fifatrainingcentre.com/media/native/tournaments/fcwc/2025/M22%20FLA%20V%20CHE%20PSOT%20MATCH%20REPORT.pdf,1,Agustin ROSSI,28.0,23.0,82.0,1.0,0.0,0.0,11.0,9.0,82.0,0.0,0.0,0.0,0.0,0.0,42,0.0,0.0,0.0,0.0,0.0,0.0,0.0,0.0,0.0,0.0,2.0,0.0,0.0,6.0,0.0,47,5103.4,4121.3,849.3,103.1,29.7,0.0,9.0,2.0,23.9,50
crflamengo:4,crflamengo,CR Flamengo,22,2025-06-20,https://www.fifatrainingcentre.com/media/native/tournaments/fcwc/2025/M22%20FLA%20V%20CHE%20PSOT%20MATCH%20REPORT.pdf,4,LEO PEREIRA,53.0,48.0,91.0,0.0,0.0,0.0,18.0,16.0,89.0,1.0,0.0,1.0,1.0,0.0,42,6.0,0.0,2.0,1.0,5.0,6.0,2.0,0.0,2.0,5.0,5.0,6.0,2.0,3.0,5.0,47,9751.1,3845.7,4043.7,1293.3,436.3,132.1,107.0,32.0,30.8,50
crflamengo:5,crflamengo,CR Flamengo,22,2025-06-20,https://www.fifatrainingcentre.com/media/native/tournaments/fcwc/2025/M22%20FLA%20V%20CHE%20PSOT%20MATCH%20REPORT.pdf,5,Erick PULGAR,52.0,48.0,92.0,0.0,1.0,1.0,14.0,13.0,93.0,0.0,0.0,0.0,0.0,0.0,42,6.0,0.0,1.0,2.0,4.0,9.0,0.0,0.0,1.0,1.0,3.0,16.0,5.0,5.0,1.0,47,10068.4,3439.2,4730.4,1306.1,449.0,143.6,114.0,30.0,32.5,50
crflamengo:6,crflamengo,CR Flamengo,22,2025-06-20,https://www.fifatrainingcentre.com/media/native/tournaments/fcwc/2025/M22%20FLA%20V%20CHE%20PSOT%20MATCH%20REPORT.pdf,6,AYRTON LUCAS,34.0,29.0,85.0,0.0,1.0,0.0,8.0,5.0,62.0,2.0,0.0,2.0,1.0,0.0,42,3.0,0.0,2.0,0.0,5.0,20.0,0.0,0.0,1.0,3.0,2.0,25.0,17.0,2.0,1.0,47,10012.0,4235.1,3804.8,1123.1,482.4,366.6,106.0,41.0,36.1,50
crflamengo:7,crflamengo,CR Flamengo,22,2025-06-20,https://www.fifatrainingcentre.com/media/native/tournaments/fcwc/2025/M22%20FLA%20V%20CHE%20PSOT%20MATCH%20REPORT.pdf,7,LUIZ ARAUJO,26.0,21.0,81.0,2.0,5.0,2.0,5.0,2.0,40.0,1.0,1.0,0.0,1.0,0.0,42,4.0,2.0,0.0,0.0,9.0,27.0,0.0,0.0,1.0,0.0,3.0,23.0,20.0,3.0,0.0,47,9761.7,4253.2,3319.6,1290.9,613.8,284.4,116.0,53.0,31.3,50
crflamengo:8,crflamengo,CR Flamengo,22,2025-06-20,https://www.fifatrainingcentre.com/media/native/tournaments/fcwc/2025/M22%20FLA%20V%20CHE%20PSOT%20MATCH%20REPORT.pdf,8,GERSON,40.0,33.0,82.0,0.0,1.0,1.0,6.0,5.0,83.0,0.0,0.0,0.0,3.0,0.0,42,3.0,1.0,2.0,0.0,5.0,17.0,0.0,0.0,0.0,0.0,4.0,21.0,8.0,2.0,1.0,47,8164.9,3660.2,2819.0,985.9,465.5,234.3,82.0,35.0,33.1,50
crflamengo:10,crflamengo,CR Flamengo,22,2025-06-20,https://www.fifatrainingcentre.com/media/native/tournaments/fcwc/2025/M22%20FLA%20V%20CHE%20PSOT%20MATCH%20REPORT.pdf,10,Giorgian DE ARRASCAETA,17.0,13.0,76.0,0.0,5.0,2.0,6.0,4.0,67.0,1.0,1.0,0.0,1.0,0.0,42,4.0,1.0,1.0,1.0,3.0,10.0,1.0,0.0,1.0,0.0,3.0,4.0,2.0,2.0,2.0,47,6429.8,2187.1,3050.8,933.3,172.0,86.6,84.0,18.0,30.5,50
crflamengo:13,crflamengo,CR Flamengo,22,2025-06-20,https://www.fifatrainingcentre.com/media/native/tournaments/fcwc/2025/M22%20FLA%20V%20CHE%20PSOT%20MATCH%20REPORT.pdf,13,DANILO,51.0,50.0,98.0,0.0,0.0,0.0,12.0,11.0,92.0,2.0,1.0,1.0,1.0,1.0,42,1.0,0.0,0.0,1.0,0.0,2.0,1.0,0.0,1.0,1.0,4.0,3.0,0.0,2.0,1.0,47,9052.0,3759.2,3340.0,1260.9,544.2,147.7,103.0,37.0,32.2,50
crflamengo:21,crflamengo,CR Flamengo,22,2025-06-20,https://www.fifatrainingcentre.com/media/native/tournaments/fcwc/2025/M22%20FLA%20V%20CHE%20PSOT%20MATCH%20REPORT.pdf,21,JORGINHO,61.0,55.0,90.0,1.0,0.0,0.0,15.0,12.0,80.0,0.0,0.0,0.0,0.0,0.0,42,3.0,0.0,0.0,2.0,4.0,12.0,0.0,0.0,0.0,1.0,5.0,25.0,8.0,2.0,2.0,47,10820.2,3601.1,5051.2,1615.3,491.1,61.5,139.0,29.0,28.4,50
crflamengo:43,crflamengo,CR Flamengo,22,2025-06-20,https://www.fifatrainingcentre.com/media/native/tournaments/fcwc/2025/M22%20FLA%20V%20CHE%20PSOT%20MATCH%20REPORT.pdf,43,WESLEY,50.0,46.0,92.0,0.0,2.0,0.0,7.0,7.0,100.0,0.0,0.0,0.0,1.0,0.0,42,6.0,4.0,1.0,1.0,1.0,7.0,1.0,0.0,1.0,3.0,6.0,13.0,5.0,7.0,2.0,47,8157.7,3417.1,2789.1,882.8,670.7,398.0,64.0,56.0,35.9,50
crflamengo:50,crflamengo,CR Flamengo,22,2025-06-20,https://www.fifatrainingcentre.com/media/native/tournaments/fcwc/2025/M22%20FLA%20V%20CHE%20PSOT%20MATCH%20REPORT.pdf,50,Gonzalo PLATA,25.0,21.0,84.0,0.0,2.0,0.0,5.0,2.0,40.0,1.0,1.0,0.0,3.0,0.0,42,2.0,0.0,1.0,1.0,2.0,29.0,1.0,0.0,1.0,0.0,3.0,24.0,21.0,2.0,1.0,47,9849.5,3508.9,3920.0,1443.4,706.4,270.9,125.0,54.0,33.6,50
crflamengo:2,crflamengo,CR Flamengo,22,2025-06-20,https://www.fifatrainingcentre.com/media/native/tournaments/fcwc/2025/M22%20FLA%20V%20CHE%20PSOT%20MATCH%20REPORT.pdf,2,Guillermo VARELA,5.0,4.0,80.0,0.0,0.0,0.0,1.0,1.0,100.0,0.0,0.0,0.0,0.0,0.0,42,1.0,0.0,0.0,0.0,1.0,1.0,0.0,0.0,0.0,0.0,1.0,10.0,1.0,0.0,0.0,47,1684.8,507.5,790.2,290.8,80.9,15.3,27.0,7.0,27.3,50
crflamengo:9,crflamengo,CR Flamengo,22,2025-06-20,https://www.fifatrainingcentre.com/media/native/tournaments/fcwc/2025/M22%20FLA%20V%20CHE%20PSOT%20MATCH%20REPORT.pdf,9,PEDRO,1.0,0.0,0.0,0.0,0.0,0.0,1.0,0.0,0.0,0.0,0.0,0.0,0.0,0.0,42,1.0,0.0,2.0,0.0,2.0,2.0,0.0,0.0,0.0,0.0,1.0,5.0,4.0,1.0,1.0,47,776.2,255.2,357.0,122.7,41.3,0.0,14.0,2.0,24.2,50
crflamengo:27,crflamengo,CR Flamengo,22,2025-06-20,https://www.fifatrainingcentre.com/media/native/tournaments/fcwc/2025/M22%20FLA%20V%20CHE%20PSOT%20MATCH%20REPORT.pdf,27,BRUNO HENRIQUE,4.0,3.0,75.0,0.0,0.0,0.0,3.0,2.0,67.0,1.0,1.0,0.0,1.0,1.0,42,1.0,0.0,0.0,0.0,4.0,15.0,0.0,0.0,0.0,0.0,1.0,1.0,1.0,0.0,1.0,47,3894.5,1511.4,1474.3,516.0,255.2,137.5,39.0,25.0,32.3,50
crflamengo:30,crflamengo,CR Flamengo,22,2025-06-20,https://www.fifatrainingcentre.com/media/native/tournaments/fcwc/2025/M22%20FLA%20V%20CHE%20PSOT%20MATCH%20REPORT.pdf,30,MICHAEL,0.0,0.0,0.0,0.0,0.0,0.0,0.0,0.0,0.0,0.0,0.0,0.0,0.0,0.0,42,0.0,0.0,0.0,0.0,0.0,3.0,0.0,0.0,0.0,0.0,0.0,4.0,1.0,0.0,0.0,47,876.2,180.8,343.8,171.2,155.0,25.4,22.0,9.0,29.4,50
crflamengo:64,crflamengo,CR Flamengo,22,2025-06-20,https://www.fifatrainingcentre.com/media/native/tournaments/fcwc/2025/M22%20FLA%20V%20CHE%20PSOT%20MATCH%20REPORT.pdf,64,WALLACE YAN,6.0,5.0,83.0,0.0,0.0,0.0,1.0,1.0,100.0,0.0,0.0,0.0,1.0,1.0,42,5.0,0.0,0.0,0.0,5.0,8.0,0.0,0.0,0.0,1.0,1.0,6.0,5.0,0.0,1.0,47,1811.0,587.1,669.4,352.4,128.0,74.2,26.0,13.0,32.5,50
chelseafc:1,chelseafc,Chelsea FC,22,2025-06-20,https://www.fifatrainingcentre.com/media/native/tournaments/fcwc/2025/M22%20FLA%20V%20CHE%20PSOT%20MATCH%20REPORT.pdf,1,Robert SANCHEZ,50.0,39.0,78.0,1.0,0.0,0.0,20.0,11.0,55.0,1.0,0.0,1.0,0.0,0.0,44,0.0,0.0,0.0,0.0,0.0,0.0,0.0,0.0,0.0,0.0,6.0,0.0,0.0,13.0,0.0,48,5031.6,3764.5,1096.9,149.9,20.4,0.0,15.0,2.0,22.5,51
chelseafc:3,chelseafc,Chelsea FC,22,2025-06-20,https://www.fifatrainingcentre.com/media/native/tournaments/fcwc/2025/M22%20FLA%20V%20CHE%20PSOT%20MATCH%20REPORT.pdf,3,Marc CUCURELLA,49.0,44.0,90.0,0.0,0.0,0.0,9.0,8.0,89.0,0.0,0.0,0.0,1.0,0.0,44,6.0,2.0,7.0,1.0,5.0,14.0,1.0,0.0,1.0,1.0,7.0,18.0,9.0,4.0,3.0,48,9863.7,3998.9,3569.5,1385.8,561.9,347.5,114.0,49.0,31.7,51
chelseafc:6,chelseafc,Chelsea FC,22,2025-06-20,https://www.fifatrainingcentre.com/media/native/tournaments/fcwc/2025/M22%20FLA%20V%20CHE%20PSOT%20MATCH%20REPORT.pdf,6,Levi COLWILL,60.0,54.0,90.0,0.0,0.0,0.0,17.0,13.0,76.0,2.0,0.0,2.0,1.0,0.0,44,3.0,0.0,2.0,1.0,4.0,5.0,2.0,0.0,2.0,2.0,4.0,19.0,5.0,3.0,3.0,48,8937.3,3673.7,3719.8,974.1,418.7,151.0,77.0,33.0,34.1,51
chelseafc:7,chelseafc,Chelsea FC,22,2025-06-20,https://www.fifatrainingcentre.com/media/native/tournaments/fcwc/2025/M22%20FLA%20V%20CHE%20PSOT%20MATCH%20REPORT.pdf,7,PEDRO NETO,21.0,21.0,100.0,2.0,5.0,2.0,5.0,4.0,80.0,6.0,5.0,1.0,3.0,1.0,44,1.0,0.0,4.0,0.0,3.0,20.0,0.0,0.0,1.0,0.0,4.0,15.0,9.0,1.0,3.0,48,9507.2,3951.4,3447.9,1215.1,531.7,361.2,106.0,40.0,33.4,51
chelseafc:8,chelseafc,Chelsea FC,22,2025-06-20,https://www.fifatrainingcentre.com/media/native/tournaments/fcwc/2025/M22%20FLA%20V%20CHE%20PSOT%20MATCH%20REPORT.pdf,8,Enzo FERNANDEZ,21.0,16.0,76.0,0.0,1.0,0.0,6.0,3.0,50.0,3.0,2.0,1.0,1.0,0.0,44,5.0,1.0,1.0,1.0,3.0,21.0,2.0,0.0,2.0,0.0,2.0,9.0,7.0,2.0,3.0,48,8892.5,3396.0,3367.5,1288.2,665.2,175.7,115.0,45.0,29.7,51
chelseafc:9,chelseafc,Chelsea FC,22,2025-06-20,https://www.fifatrainingcentre.com/media/native/tournaments/fcwc/2025/M22%20FLA%20V%20CHE%20PSOT%20MATCH%20REPORT.pdf,9,Liam DELAP,9.0,6.0,67.0,0.0,0.0,0.0,1.0,1.0,100.0,1.0,1.0,0.0,2.0,0.0,44,1.0,0.0,0.0,0.0,2.0,31.0,0.0,0.0,0.0,0.0,2.0,32.0,18.0,0.0,0.0,48,7059.3,2585.0,2698.9,1082.7,469.2,223.5,99.0,39.0,33.8,51
chelseafc:10,chelseafc,Chelsea FC,22,2025-06-20,https://www.fifatrainingcentre.com/media/native/tournaments/fcwc/2025/M22%20FLA%20V%20CHE%20PSOT%20MATCH%20REPORT.pdf,10,Cole PALMER,14.0,11.0,79.0,0.0,3.0,1.0,8.0,4.0,50.0,1.0,1.0,0.0,0.0,0.0,44,2.0,0.0,3.0,0.0,7.0,29.0,0.0,0.0,1.0,1.0,3.0,22.0,13.0,1.0,2.0,48,7740.5,3759.0,2385.5,991.8,468.8,135.3,83.0,40.0,28.6,51
chelseafc:23,chelseafc,Chelsea FC,22,2025-06-20,https://www.fifatrainingcentre.com/media/native/tournaments/fcwc/2025/M22%20FLA%20V%20CHE%20PSOT%20MATCH%20REPORT.pdf,23,Trevoh CHALOBAH,60.0,59.0,98.0,0.0,0.0,0.0,12.0,12.0,100.0,1.0,0.0,1.0,0.0,0.0,44,0.0,0.0,0.0,1.0,2.0,1.0,1.0,0.0,1.0,2.0,6.0,3.0,2.0,2.0,1.0,48,9254.5,3923.5,3563.6,1206.7,335.6,225.2,116.0,32.0,33.7,51
chelseafc:24,chelseafc,Chelsea FC,22,2025-06-20,https://www.fifatrainingcentre.com/media/native/tournaments/fcwc/2025/M22%20FLA%20V%20CHE%20PSOT%20MATCH%20REPORT.pdf,24,Reece JAMES,23.0,18.0,78.0,0.0,2.0,2.0,9.0,6.0,67.0,0.0,0.0,0.0,0.0,0.0,44,1.0,0.0,2.0,1.0,2.0,17.0,0.0,0.0,0.0,1.0,2.0,34.0,10.0,2.0,1.0,48,7265.9,2721.4,3062.1,1082.4,318.9,81.1,82.0,29.0,30.7,51
chelseafc:25,chelseafc,Chelsea FC,22,2025-06-20,https://www.fifatrainingcentre.com/media/native/tournaments/fcwc/2025/M22%20FLA%20V%20CHE%20PSOT%20MATCH%20REPORT.pdf,25,Moises CAICEDO,57.0,52.0,91.0,2.0,0.0,0.0,17.0,13.0,76.0,3.0,2.0,1.0,0.0,0.0,44,4.0,2.0,3.0,1.0,7.0,18.0,0.0,0.0,1.0,0.0,4.0,35.0,12.0,7.0,2.0,48,9756.5,3748.5,4026.0,1443.0,415.3,123.8,131.0,31.0,31.4,51
chelseafc:27,chelseafc,Chelsea FC,22,2025-06-20,https://www.fifatrainingcentre.com/media/native/tournaments/fcwc/2025/M22%20FLA%20V%20CHE%20PSOT%20MATCH%20REPORT.pdf,27,Malo GUSTO,50.0,45.0,90.0,0.0,3.0,0.0,7.0,6.0,86.0,1.0,1.0,0.0,1.0,0.0,44,2.0,0.0,3.0,2.0,5.0,12.0,1.0,0.0,2.0,0.0,4.0,15.0,8.0,4.0,1.0,48,9978.3,3474.5,3801.7,1494.3,788.8,419.0,123.0,65.0,33.5,51
chelseafc:11,chelseafc,Chelsea FC,22,2025-06-20,https://www.fifatrainingcentre.com/media/native/tournaments/fcwc/2025/M22%20FLA%20V%20CHE%20PSOT%20MATCH%20REPORT.pdf,11,Noni MADUEKE,9.0,7.0,78.0,0.0,0.0,0.0,2.0,1.0,50.0,4.0,3.0,1.0,1.0,0.0,44,0.0,0.0,0.0,0.0,0.0,0.0,1.0,0.0,1.0,0.0,0.0,0.0,0.0,0.0,0.0,48,1402.7,505.6,608.7,205.9,75.8,6.7,20.0,6.0,27.4,51
chelseafc:15,chelseafc,Chelsea FC,22,2025-06-20,https://www.fifatrainingcentre.com/media/native/tournaments/fcwc/2025/M22%20FLA%20V%20CHE%20PSOT%20MATCH%20REPORT.pdf,15,Nicolas JACKSON,0.0,0.0,0.0,0.0,0.0,0.0,0.0,0.0,0.0,0.0,0.0,0.0,0.0,0.0,44,0.0,0.0,0.0,0.0,0.0,0.0,0.0,0.0,0.0,0.0,0.0,0.0,0.0,0.0,0.0,48,459.0,171.4,228.6,37.1,14.3,7.5,3.0,2.0,27.1,51
chelseafc:38,chelseafc,Chelsea FC,22,2025-06-20,https://www.fifatrainingcentre.com/media/native/tournaments/fcwc/2025/M22%20FLA%20V%20CHE%20PSOT%20MATCH%20REPORT.pdf,38,Marc GUIU,2.0,2.0,100.0,0.0,0.0,0.0,0.0,0.0,0.0,0.0,0.0,0.0,1.0,0.0,44,0.0,0.0,0.0,0.0,0.0,6.0,0.0,0.0,0.0,0.0,1.0,2.0,1.0,0.0,0.0,48,1516.1,507.8,655.8,232.4,75.2,44.9,14.0,9.0,28.5,51
chelseafc:45,chelseafc,Chelsea FC,22,2025-06-20,https://www.fifatrainingcentre.com/media/native/tournaments/fcwc/2025/M22%20FLA%20V%20CHE%20PSOT%20MATCH%20REPORT.pdf,45,Romeo LAVIA,23.0,22.0,96.0,0.0,0.0,0.0,7.0,6.0,86.0,3.0,2.0,1.0,0.0,0.0,44,0.0,0.0,0.0,0.0,0.0,1.0,0.0,0.0,0.0,0.0,0.0,4.0,1.0,1.0,0.0,48,3068.0,1141.0,1237.2,519.4,163.8,6.5,47.0,10.0,26.4,51
lafc:1,lafc,LAFC,23,2025-06-20,https://www.fifatrainingcentre.com/media/native/tournaments/fcwc/2025/M23%20LAF%20V%20EST%20POST%20MATCH%20REPORT.pdf,1,Hugo LLORIS,25.0,23.0,92.0,0.0,0.0,0.0,9.0,7.0,78.0,0.0,0.0,0.0,0.0,0.0,42,1.0,0.0,0.0,0.0,0.0,0.0,0.0,0.0,0.0,0.0,2.0,0.0,0.0,6.0,1.0,47,4920.0,3921.5,885.3,109.1,4.0,0.0,10.0,0.0,21.2,50
lafc:4,lafc,LAFC,23,2025-06-20,https://www.fifatrainingcentre.com/media/native/tournaments/fcwc/2025/M23%20LAF%20V%20EST%20POST%20MATCH%20REPORT.pdf,4,Eddie SEGURA,88.0,83.0,94.0,0.0,0.0,0.0,20.0,19.0,95.0,1.0,0.0,1.0,0.0,0.0,42,2.0,0.0,1.0,1.0,0.0,2.0,2.0,0.0,2.0,8.0,4.0,14.0,2.0,3.0,7.0,47,9602.5,4568.4,3327.4,1090.3,448.5,167.9,94.0,39.0,30.2,50
lafc:6,lafc,LAFC,23,2025-06-20,https://www.fifatrainingcentre.com/media/native/tournaments/fcwc/2025/M23%20LAF%20V%20EST%20POST%20MATCH%20REPORT.pdf,6,IGOR JESUS,80.0,75.0,94.0,0.0,0.0,0.0,18.0,14.0,78.0,2.0,1.0,1.0,0.0,0.0,42,4.0,0.0,4.0,3.0,6.0,10.0,0.0,0.0,0.0,0.0,10.0,21.0,9.0,4.0,3.0,47,10722.6,3565.9,4937.4,1615.5,505.2,98.6,143.0,42.0,28.2,50
lafc:8,lafc,LAFC,23,2025-06-20,https://www.fifatrainingcentre.com/media/native/tournaments/fcwc/2025/M23%20LAF%20V%20EST%20POST%20MATCH%20REPORT.pdf,8,Marky DELGADO,63.0,59.0,94.0,2.0,2.0,0.0,16.0,13.0,81.0,0.0,0.0,0.0,0.0,0.0,42,6.0,0.0,1.0,0.0,4.0,10.0,1.0,0.0,1.0,3.0,4.0,3.0,1.0,1.0,3.0,47,9484.2,2787.6,4739.7,1212.1,492.3,252.5,104.0,38.0,31.2,50
lafc:9,lafc,LAFC,23,2025-06-20,https://www.fifatrainingcentre.com/media/native/tournaments/fcwc/2025/M23%20LAF%20V%20EST%20POST%20MATCH%20REPORT.pdf,9,Olivier GIROUD,18.0,11.0,61.0,0.0,0.0,0.0,2.0,1.0,50.0,1.0,1.0,0.0,1.0,0.0,42,2.0,1.0,0.0,1.0,4.0,27.0,2.0,1.0,4.0,0.0,1.0,28.0,18.0,2.0,0.0,47,8941.8,4030.3,3295.4,1054.9,513.0,48.1,98.0,38.0,29.6,50
lafc:11,lafc,LAFC,23,2025-06-20,https://www.fifatrainingcentre.com/media/native/tournaments/fcwc/2025/M23%20LAF%20V%20EST%20POST%20MATCH%20REPORT.pdf,11,Timothy TILLMAN,36.0,32.0,89.0,0.0,0.0,0.0,5.0,5.0,100.0,1.0,1.0,0.0,1.0,0.0,42,5.0,1.0,3.0,0.0,5.0,27.0,0.0,0.0,1.0,0.0,3.0,25.0,18.0,3.0,0.0,47,8882.4,3512.9,3779.1,1174.6,355.0,60.8,106.0,28.0,30.1,50
lafc:14,lafc,LAFC,23,2025-06-20,https://www.fifatrainingcentre.com/media/native/tournaments/fcwc/2025/M23%20LAF%20V%20EST%20POST%20MATCH%20REPORT.pdf,14,Sergi PALENCIA,70.0,66.0,94.0,0.0,2.0,1.0,20.0,16.0,80.0,0.0,0.0,0.0,0.0,0.0,42,8.0,1.0,4.0,1.0,11.0,9.0,0.0,0.0,1.0,1.0,5.0,12.0,4.0,3.0,4.0,47,10260.4,4117.6,4381.7,1186.2,414.7,160.3,107.0,32.0,28.8,50
lafc:24,lafc,LAFC,23,2025-06-20,https://www.fifatrainingcentre.com/media/native/tournaments/fcwc/2025/M23%20LAF%20V%20EST%20POST%20MATCH%20REPORT.pdf,24,Ryan HOLLINGSHEAD,39.0,32.0,82.0,0.0,1.0,0.0,8.0,6.0,75.0,1.0,1.0,0.0,0.0,0.0,42,2.0,0.0,4.0,1.0,2.0,9.0,1.0,0.0,1.0,3.0,3.0,17.0,8.0,5.0,4.0,47,8637.0,3243.9,3815.1,1072.4,350.3,155.3,93.0,33.0,31.9,50
lafc:30,lafc,LAFC,23,2025-06-20,https://www.fifatrainingcentre.com/media/native/tournaments/fcwc/2025/M23%20LAF%20V%20EST%20POST%20MATCH%20REPORT.pdf,30,David MARTINEZ,13.0,11.0,85.0,0.0,1.0,0.0,1.0,0.0,0.0,2.0,2.0,0.0,1.0,0.0,42,2.0,0.0,0.0,0.0,3.0,15.0,0.0,0.0,0.0,0.0,4.0,17.0,11.0,0.0,1.0,47,4960.4,1970.3,2004.4,630.1,215.9,139.8,45.0,23.0,32.8,50
lafc:33,lafc,LAFC,23,2025-06-20,https://www.fifatrainingcentre.com/media/native/tournaments/fcwc/2025/M23%20LAF%20V%20EST%20POST%20MATCH%20REPORT.pdf,33,Aaron LONG,71.0,67.0,94.0,2.0,0.0,0.0,11.0,9.0,82.0,0.0,0.0,0.0,0.0,0.0,42,3.0,0.0,2.0,3.0,2.0,10.0,4.0,0.0,4.0,4.0,3.0,15.0,4.0,9.0,4.0,47,9293.1,4546.6,3553.3,773.7,356.9,62.5,70.0,30.0,30.0,50
lafc:99,lafc,LAFC,23,2025-06-20,https://www.fifatrainingcentre.com/media/native/tournaments/fcwc/2025/M23%20LAF%20V%20EST%20POST%20MATCH%20REPORT.pdf,99,Denis BOUANGA,26.0,21.0,81.0,0.0,6.0,2.0,10.0,3.0,30.0,8.0,8.0,0.0,5.0,0.0,42,0.0,0.0,1.0,0.0,0.0,16.0,1.0,0.0,2.0,0.0,7.0,7.0,4.0,1.0,0.0,47,10133.7,4856.4,3632.3,881.6,441.5,321.9,70.0,43.0,33.0,50
lafc:5,lafc,LAFC,23,2025-06-20,https://www.fifatrainingcentre.com/media/native/tournaments/fcwc/2025/M23%20LAF%20V%20EST%20POST%20MATCH%20REPORT.pdf,5,MARLON,13.0,12.0,92.0,0.0,0.0,0.0,3.0,3.0,100.0,0.0,0.0,0.0,0.0,0.0,42,0.0,0.0,1.0,0.0,0.0,1.0,2.0,0.0,2.0,1.0,3.0,0.0,0.0,1.0,0.0,47,2149.3,673.8,918.8,306.7,161.6,88.4,27.0,9.0,29.5,50
lafc:17,lafc,LAFC,23,2025-06-20,https://www.fifatrainingcentre.com/media/native/tournaments/fcwc/2025/M23%20LAF%20V%20EST%20POST%20MATCH%20REPORT.pdf,17,Jeremy EBOBISSE,1.0,1.0,100.0,0.0,0.0,0.0,0.0,0.0,0.0,0.0,0.0,0.0,0.0,0.0,42,0.0,0.0,0.0,0.0,0.0,6.0,1.0,0.0,1.0,0.0,0.0,2.0,2.0,0.0,0.0,47,1558.2,505.5,622.1,305.1,107.2,18.4,25.0,9.0,29.8,50
lafc:20,lafc,LAFC,23,2025-06-20,https://www.fifatrainingcentre.com/media/native/tournaments/fcwc/2025/M23%20LAF%20V%20EST%20POST%20MATCH%20REPORT.pdf,20,Yaw YEBOAH,10.0,9.0,90.0,0.0,0.0,0.0,1.0,0.0,0.0,0.0,0.0,0.0,0.0,0.0,42,0.0,0.0,1.0,0.0,0.0,2.0,0.0,0.0,0.0,0.0,0.0,4.0,2.0,1.0,0.0,47,2218.1,791.1,868.6,386.8,132.3,39.2,30.0,9.0,26.6,50
lafc:23,lafc,LAFC,23,2025-06-20,https://www.fifatrainingcentre.com/media/native/tournaments/fcwc/2025/M23%20LAF%20V%20EST%20POST%20MATCH%20REPORT.pdf,23,Frankie AMAYA,15.0,14.0,93.0,0.0,0.0,0.0,2.0,2.0,100.0,1.0,0.0,1.0,0.0,0.0,42,4.0,0.0,0.0,0.0,3.0,5.0,1.0,0.0,1.0,0.0,2.0,1.0,1.0,1.0,1.0,47,2219.7,741.2,992.3,428.0,48.3,9.9,37.0,6.0,29.3,50
lafc:26,lafc,LAFC,23,2025-06-20,https://www.fifatrainingcentre.com/media/native/tournaments/fcwc/2025/M23%20LAF%20V%20EST%20POST%20MATCH%20REPORT.pdf,26,Javairo DILROSUN,20.0,18.0,90.0,0.0,1.0,0.0,7.0,6.0,86.0,3.0,2.0,1.0,2.0,0.0,42,1.0,0.0,0.0,0.0,1.0,17.0,0.0,0.0,0.0,0.0,2.0,20.0,12.0,0.0,0.0,47,5445.4,2228.2,1979.8,773.0,336.8,127.5,66.0,29.0,29.2,50
esperancedetunisie:32,esperancedetunisie,Espérance De Tunisie,23,2025-06-20,https://www.fifatrainingcentre.com/media/native/tournaments/fcwc/2025/M23%20LAF%20V%20EST%20POST%20MATCH%20REPORT.pdf,32,Bechir BEN SAID,30.0,23.0,77.0,0.0,0.0,0.0,9.0,3.0,33.0,0.0,0.0,0.0,0.0,0.0,44,0.0,0.0,0.0,0.0,0.0,0.0,0.0,0.0,0.0,1.0,3.0,0.0,0.0,5.0,0.0,48,5373.1,4492.8,759.2,84.9,21.3,14.9,9.0,3.0,29.1,51
esperancedetunisie:2,esperancedetunisie,Espérance De Tunisie,23,2025-06-20,https://www.fifatrainingcentre.com/media/native/tournaments/fcwc/2025/M23%20LAF%20V%20EST%20POST%20MATCH%20REPORT.pdf,2,Mohamed BEN ALI,41.0,33.0,80.0,0.0,3.0,0.0,13.0,8.0,62.0,1.0,0.0,1.0,1.0,0.0,44,4.0,2.0,1.0,1.0,6.0,12.0,0.0,0.0,0.0,4.0,7.0,27.0,13.0,4.0,4.0,48,10079.4,4436.0,3520.9,1192.6,635.5,294.4,99.0,54.0,30.9,51
esperancedetunisie:5,esperancedetunisie,Espérance De Tunisie,23,2025-06-20,https://www.fifatrainingcentre.com/media/native/tournaments/fcwc/2025/M23%20LAF%20V%20EST%20POST%20MATCH%20REPORT.pdf,5,Yassine MERIAH,56.0,53.0,95.0,1.0,0.0,0.0,17.0,15.0,88.0,1.0,0.0,1.0,0.0,0.0,44,0.0,0.0,2.0,1.0,3.0,6.0,0.0,0.0,0.0,1.0,4.0,17.0,6.0,4.0,1.0,48,9492.9,4155.4,4293.1,688.4,231.4,124.6,66.0,19.0,32.5,51
esperancedetunisie:9,esperancedetunisie,Espérance De Tunisie,23,2025-06-20,https://www.fifatrainingcentre.com/media/native/tournaments/fcwc/2025/M23%20LAF%20V%20EST%20POST%20MATCH%20REPORT.pdf,9,RODRIGO RODRIGUES,10.0,7.0,70.0,0.0,1.0,0.0,3.0,1.0,33.0,0.0,0.0,0.0,1.0,0.0,44,1.0,0.0,0.0,0.0,2.0,21.0,2.0,0.0,3.0,0.0,2.0,9.0,8.0,0.0,1.0,48,6577.5,2768.7,2617.4,814.2,294.0,83.2,74.0,24.0,29.9,51
esperancedetunisie:11,esperancedetunisie,Espérance De Tunisie,23,2025-06-20,https://www.fifatrainingcentre.com/media/native/tournaments/fcwc/2025/M23%20LAF%20V%20EST%20POST%20MATCH%20REPORT.pdf,11,Youcef BELAILI,28.0,19.0,68.0,2.0,1.0,0.0,11.0,5.0,45.0,9.0,8.0,1.0,2.0,1.0,44,3.0,1.0,0.0,0.0,4.0,13.0,1.0,0.0,1.0,0.0,6.0,21.0,10.0,1.0,1.0,48,7066.9,3835.5,1843.6,841.5,373.4,172.8,72.0,33.0,32.5,51
esperancedetunisie:14,esperancedetunisie,Espérance De Tunisie,23,2025-06-20,https://www.fifatrainingcentre.com/media/native/tournaments/fcwc/2025/M23%20LAF%20V%20EST%20POST%20MATCH%20REPORT.pdf,14,Onuche OGBELU,37.0,34.0,92.0,1.0,0.0,0.0,8.0,8.0,100.0,1.0,1.0,0.0,0.0,0.0,44,3.0,1.0,0.0,1.0,8.0,17.0,0.0,0.0,0.0,1.0,4.0,19.0,9.0,3.0,2.0,48,10510.8,3987.3,4541.0,1363.6,484.0,134.9,118.0,40.0,30.1,51
esperancedetunisie:15,esperancedetunisie,Espérance De Tunisie,23,2025-06-20,https://www.fifatrainingcentre.com/media/native/tournaments/fcwc/2025/M23%20LAF%20V%20EST%20POST%20MATCH%20REPORT.pdf,15,Mohamed Amine TOUGAI,45.0,40.0,89.0,1.0,1.0,0.0,17.0,14.0,82.0,1.0,0.0,1.0,0.0,0.0,44,0.0,0.0,2.0,2.0,2.0,3.0,0.0,0.0,0.0,1.0,3.0,3.0,2.0,2.0,3.0,48,9542.4,4532.7,3843.3,815.5,254.2,96.7,80.0,22.0,29.5,51
esperancedetunisie:20,esperancedetunisie,Espérance De Tunisie,23,2025-06-20,https://www.fifatrainingcentre.com/media/native/tournaments/fcwc/2025/M23%20LAF%20V%20EST%20POST%20MATCH%20REPORT.pdf,20,Mohamed Amine BEN HMIDA,59.0,46.0,78.0,0.0,1.0,0.0,21.0,12.0,57.0,3.0,2.0,1.0,0.0,0.0,44,2.0,1.0,1.0,1.0,5.0,13.0,2.0,0.0,2.0,2.0,8.0,17.0,10.0,3.0,3.0,48,10554.3,4710.0,3989.9,1150.6,483.8,219.9,96.0,38.0,32.1,51
esperancedetunisie:21,esperancedetunisie,Espérance De Tunisie,23,2025-06-20,https://www.fifatrainingcentre.com/media/native/tournaments/fcwc/2025/M23%20LAF%20V%20EST%20POST%20MATCH%20REPORT.pdf,21,Abdramane KONATE,24.0,17.0,71.0,0.0,0.0,0.0,7.0,6.0,86.0,3.0,3.0,0.0,0.0,0.0,44,1.0,0.0,0.0,2.0,6.0,20.0,0.0,0.0,0.0,1.0,5.0,28.0,22.0,1.0,3.0,48,8279.4,3137.6,3534.5,1158.2,332.2,116.9,100.0,27.0,30.5,51
esperancedetunisie:24,esperancedetunisie,Espérance De Tunisie,23,2025-06-20,https://www.fifatrainingcentre.com/media/native/tournaments/fcwc/2025/M23%20LAF%20V%20EST%20POST%20MATCH%20REPORT.pdf,24,Elias MOKWANA,12.0,10.0,83.0,0.0,0.0,0.0,1.0,1.0,100.0,1.0,1.0,0.0,1.0,0.0,44,2.0,0.0,3.0,0.0,3.0,26.0,0.0,0.0,0.0,1.0,1.0,21.0,16.0,1.0,2.0,48,7361.0,2609.6,2818.9,1126.3,544.0,262.2,99.0,47.0,32.4,51
esperancedetunisie:38,esperancedetunisie,Espérance De Tunisie,23,2025-06-20,https://www.fifatrainingcentre.com/media/native/tournaments/fcwc/2025/M23%20LAF%20V%20EST%20POST%20MATCH%20REPORT.pdf,38,Khalil GUENICHI,43.0,35.0,81.0,0.0,0.0,0.0,10.0,4.0,40.0,3.0,1.0,2.0,2.0,0.0,44,7.0,3.0,1.0,2.0,8.0,34.0,0.0,0.0,0.0,0.0,7.0,22.0,16.0,6.0,1.0,48,12883.3,4119.0,6083.0,2037.6,559.6,84.1,177.0,43.0,30.1,51
esperancedetunisie:4,esperancedetunisie,Espérance De Tunisie,23,2025-06-20,https://www.fifatrainingcentre.com/media/native/tournaments/fcwc/2025/M23%20LAF%20V%20EST%20POST%20MATCH%20REPORT.pdf,4,Mohamed Wael DERBALI,7.0,6.0,86.0,0.0,1.0,1.0,1.0,1.0,100.0,0.0,0.0,0.0,0.0,0.0,44,2.0,0.0,1.0,1.0,7.0,6.0,0.0,0.0,0.0,0.0,1.0,12.0,10.0,2.0,1.0,48,2932.5,893.2,1220.9,538.5,163.6,116.3,55.0,17.0,29.2,51
esperancedetunisie:6,esperancedetunisie,Espérance De Tunisie,23,2025-06-20,https://www.fifatrainingcentre.com/media/native/tournaments/fcwc/2025/M23%20LAF%20V%20EST%20POST%20MATCH%20REPORT.pdf,6,Hamza JELASSI,2.0,1.0,50.0,0.0,0.0,0.0,1.0,0.0,0.0,0.0,0.0,0.0,0.0,0.0,44,0.0,0.0,0.0,0.0,0.0,1.0,1.0,0.0,2.0,1.0,2.0,1.0,1.0,2.0,1.0,48,897.0,443.2,350.5,73.0,17.7,12.7,5.0,2.0,27.2,51
esperancedetunisie:10,esperancedetunisie,Espérance De Tunisie,23,2025-06-20,https://www.fifatrainingcentre.com/media/native/tournaments/fcwc/2025/M23%20LAF%20V%20EST%20POST%20MATCH%20REPORT.pdf,10,YAN SASSE,12.0,10.0,83.0,0.0,0.0,0.0,2.0,2.0,100.0,2.0,2.0,0.0,3.0,0.0,44,1.0,0.0,1.0,2.0,1.0,4.0,1.0,0.0,1.0,0.0,3.0,2.0,2.0,3.0,0.0,48,4085.0,1852.7,1072.8,626.9,368.4,164.2,56.0,29.0,31.2,51
esperancedetunisie:19,esperancedetunisie,Espérance De Tunisie,23,2025-06-20,https://www.fifatrainingcentre.com/media/native/tournaments/fcwc/2025/M23%20LAF%20V%20EST%20POST%20MATCH%20REPORT.pdf,19,Achraf JABRI,4.0,3.0,75.0,0.0,0.0,0.0,0.0,0.0,0.0,0.0,0.0,0.0,0.0,0.0,44,1.0,0.0,1.0,0.0,2.0,5.0,0.0,0.0,0.0,0.0,0.0,3.0,1.0,0.0,0.0,48,4208.2,1522.1,1677.3,503.0,294.6,211.2,48.0,29.0,32.6,51
fcbayernmunchen:1,fcbayernmunchen,FC Bayern München,24,2025-06-20,https://www.fifatrainingcentre.com/media/native/tournaments/fcwc/2025/M24%20BAY%20V%20BOC%20POST%20MATCH%20REPORT.pdf,1,Manuel NEUER,39.0,38.0,97.0,2.0,0.0,0.0,5.0,4.0,80.0,0.0,0.0,0.0,0.0,0.0,42,0.0,0.0,0.0,0.0,0.0,0.0,0.0,0.0,0.0,2.0,4.0,0.0,0.0,6.0,1.0,47,6175.9,4437.8,1367.7,315.3,55.1,0.0,35.0,4.0,23.7,50
fcbayernmunchen:4,fcbayernmunchen,FC Bayern München,24,2025-06-20,https://www.fifatrainingcentre.com/media/native/tournaments/fcwc/2025/M24%20BAY%20V%20BOC%20POST%20MATCH%20REPORT.pdf,4,Jonathan TAH,69.0,69.0,100.0,0.0,0.0,0.0,7.0,7.0,100.0,3.0,0.0,3.0,0.0,0.0,42,0.0,0.0,0.0,1.0,0.0,0.0,2.0,0.0,2.0,4.0,8.0,8.0,0.0,4.0,2.0,47,10593.3,3903.6,4632.9,1540.0,444.2,72.7,133.0,33.0,30.6,50
fcbayernmunchen:6,fcbayernmunchen,FC Bayern München,24,2025-06-20,https://www.fifatrainingcentre.com/media/native/tournaments/fcwc/2025/M24%20BAY%20V%20BOC%20POST%20MATCH%20REPORT.pdf,6,Joshua KIMMICH,105.0,97.0,92.0,2.0,2.0,0.0,32.0,26.0,81.0,3.0,1.0,2.0,0.0,0.0,42,0.0,0.0,1.0,1.0,2.0,16.0,1.0,0.0,1.0,2.0,6.0,26.0,12.0,3.0,2.0,47,11972.7,3768.5,5762.0,1928.2,434.5,79.5,170.0,35.0,28.1,50
fcbayernmunchen:7,fcbayernmunchen,FC Bayern München,24,2025-06-20,https://www.fifatrainingcentre.com/media/native/tournaments/fcwc/2025/M24%20BAY%20V%20BOC%20POST%20MATCH%20REPORT.pdf,7,Serge GNABRY,14.0,12.0,86.0,0.0,0.0,0.0,1.0,0.0,0.0,3.0,3.0,0.0,1.0,0.0,42,0.0,0.0,5.0,0.0,1.0,16.0,0.0,0.0,0.0,0.0,4.0,11.0,9.0,1.0,1.0,47,6424.7,2628.3,2368.0,1016.3,355.8,56.3,86.0,31.0,29.7,50
fcbayernmunchen:8,fcbayernmunchen,FC Bayern München,24,2025-06-20,https://www.fifatrainingcentre.com/media/native/tournaments/fcwc/2025/M24%20BAY%20V%20BOC%20POST%20MATCH%20REPORT.pdf,8,Leon GORETZKA,51.0,50.0,98.0,1.0,2.0,1.0,20.0,19.0,95.0,4.0,0.0,4.0,0.0,0.0,42,3.0,1.0,1.0,0.0,3.0,6.0,2.0,0.0,2.0,1.0,4.0,13.0,3.0,3.0,1.0,47,6558.7,2520.6,2814.2,958.3,227.7,38.1,84.0,17.0,28.9,50
fcbayernmunchen:9,fcbayernmunchen,FC Bayern München,24,2025-06-20,https://www.fifatrainingcentre.com/media/native/tournaments/fcwc/2025/M24%20BAY%20V%20BOC%20POST%20MATCH%20REPORT.pdf,9,Harry KANE,19.0,16.0,84.0,0.0,0.0,0.0,4.0,4.0,100.0,1.0,1.0,0.0,4.0,1.0,42,2.0,0.0,1.0,0.0,3.0,21.0,1.0,0.0,1.0,0.0,5.0,16.0,10.0,0.0,2.0,47,10877.6,4316.1,4659.6,1356.7,460.2,85.0,121.0,27.0,27.2,50
fcbayernmunchen:11,fcbayernmunchen,FC Bayern München,24,2025-06-20,https://www.fifatrainingcentre.com/media/native/tournaments/fcwc/2025/M24%20BAY%20V%20BOC%20POST%20MATCH%20REPORT.pdf,11,Kingsley COMAN,36.0,31.0,86.0,0.0,0.0,0.0,6.0,5.0,83.0,9.0,8.0,1.0,2.0,0.0,42,1.0,0.0,2.0,1.0,7.0,9.0,0.0,0.0,0.0,0.0,4.0,14.0,8.0,1.0,3.0,47,7528.1,3083.3,2868.1,906.4,503.6,166.7,81.0,41.0,32.7,50
fcbayernmunchen:17,fcbayernmunchen,FC Bayern München,24,2025-06-20,https://www.fifatrainingcentre.com/media/native/tournaments/fcwc/2025/M24%20BAY%20V%20BOC%20POST%20MATCH%20REPORT.pdf,17,Michael OLISE,74.0,66.0,89.0,1.0,5.0,1.0,18.0,12.0,67.0,8.0,7.0,1.0,4.0,1.0,42,1.0,0.0,1.0,0.0,2.0,17.0,0.0,0.0,0.0,0.0,6.0,11.0,7.0,1.0,1.0,47,10715.3,3932.1,4475.2,1333.7,732.0,242.3,122.0,56.0,30.5,50
fcbayernmunchen:22,fcbayernmunchen,FC Bayern München,24,2025-06-20,https://www.fifatrainingcentre.com/media/native/tournaments/fcwc/2025/M24%20BAY%20V%20BOC%20POST%20MATCH%20REPORT.pdf,22,RAPHAEL GUERREIRO,42.0,39.0,93.0,1.0,1.0,0.0,7.0,5.0,71.0,0.0,0.0,0.0,0.0,0.0,42,0.0,0.0,0.0,0.0,0.0,4.0,2.0,0.0,2.0,3.0,2.0,2.0,1.0,2.0,1.0,47,7995.1,2877.3,3211.2,1227.2,516.8,162.6,116.0,38.0,31.2,50
fcbayernmunchen:27,fcbayernmunchen,FC Bayern München,24,2025-06-20,https://www.fifatrainingcentre.com/media/native/tournaments/fcwc/2025/M24%20BAY%20V%20BOC%20POST%20MATCH%20REPORT.pdf,27,Konrad LAIMER,49.0,44.0,90.0,0.0,4.0,0.0,14.0,11.0,79.0,4.0,4.0,0.0,0.0,0.0,42,5.0,2.0,1.0,4.0,8.0,2.0,0.0,0.0,0.0,0.0,7.0,5.0,2.0,7.0,0.0,47,10829.7,4358.5,4245.5,1198.5,573.5,453.7,101.0,54.0,32.3,50
fcbayernmunchen:44,fcbayernmunchen,FC Bayern München,24,2025-06-20,https://www.fifatrainingcentre.com/media/native/tournaments/fcwc/2025/M24%20BAY%20V%20BOC%20POST%20MATCH%20REPORT.pdf,44,Josip STANISIC,67.0,64.0,96.0,0.0,0.0,0.0,18.0,18.0,100.0,3.0,0.0,3.0,0.0,0.0,42,1.0,0.0,0.0,0.0,1.0,3.0,2.0,0.0,2.0,3.0,3.0,11.0,4.0,1.0,2.0,47,10420.9,4127.3,4334.5,1405.9,462.6,90.6,129.0,34.0,30.8,50
fcbayernmunchen:2,fcbayernmunchen,FC Bayern München,24,2025-06-20,https://www.fifatrainingcentre.com/media/native/tournaments/fcwc/2025/M24%20BAY%20V%20BOC%20POST%20MATCH%20REPORT.pdf,2,Dayot UPAMECANO,29.0,27.0,93.0,0.0,0.0,0.0,8.0,6.0,75.0,1.0,0.0,1.0,0.0,0.0,42,0.0,0.0,1.0,0.0,1.0,0.0,2.0,0.0,2.0,2.0,2.0,1.0,1.0,2.0,2.0,47,3020.8,1225.8,1349.4,280.1,117.6,47.8,23.0,10.0,29.0,50
fcbayernmunchen:10,fcbayernmunchen,FC Bayern München,24,2025-06-20,https://www.fifatrainingcentre.com/media/native/tournaments/fcwc/2025/M24%20BAY%20V%20BOC%20POST%20MATCH%20REPORT.pdf,10,Leroy SANE,18.0,17.0,94.0,0.0,0.0,0.0,4.0,4.0,100.0,0.0,0.0,0.0,0.0,0.0,42,0.0,0.0,0.0,1.0,1.0,2.0,0.0,0.0,0.0,0.0,1.0,3.0,1.0,1.0,0.0,47,3212.7,1267.6,1124.2,520.2,194.2,106.4,40.0,18.0,33.8,50
fcbayernmunchen:25,fcbayernmunchen,FC Bayern München,24,2025-06-20,https://www.fifatrainingcentre.com/media/native/tournaments/fcwc/2025/M24%20BAY%20V%20BOC%20POST%20MATCH%20REPORT.pdf,25,Thomas MUELLER,6.0,5.0,83.0,0.0,2.0,0.0,0.0,0.0,0.0,0.0,0.0,0.0,0.0,0.0,42,0.0,0.0,0.0,0.0,0.0,3.0,0.0,0.0,0.0,0.0,0.0,3.0,2.0,0.0,0.0,47,1946.0,689.0,894.0,251.7,88.5,22.7,25.0,7.0,26.2,50
fcbayernmunchen:42,fcbayernmunchen,FC Bayern München,24,2025-06-20,https://www.fifatrainingcentre.com/media/native/tournaments/fcwc/2025/M24%20BAY%20V%20BOC%20POST%20MATCH%20REPORT.pdf,42,Jamal MUSIALA,8.0,5.0,62.0,0.0,1.0,0.0,2.0,2.0,100.0,2.0,2.0,0.0,0.0,0.0,42,1.0,1.0,0.0,1.0,2.0,6.0,0.0,0.0,0.0,0.0,2.0,5.0,5.0,2.0,0.0,47,2529.7,956.5,1085.1,332.4,106.1,49.6,32.0,12.0,30.9,50
fcbayernmunchen:45,fcbayernmunchen,FC Bayern München,24,2025-06-20,https://www.fifatrainingcentre.com/media/native/tournaments/fcwc/2025/M24%20BAY%20V%20BOC%20POST%20MATCH%20REPORT.pdf,45,Aleksandar PAVLOVIC,40.0,37.0,92.0,0.0,0.0,0.0,12.0,10.0,83.0,1.0,0.0,1.0,0.0,0.0,42,1.0,0.0,0.0,0.0,3.0,3.0,1.0,0.0,1.0,1.0,5.0,5.0,2.0,1.0,0.0,47,5021.1,1577.8,2193.3,928.9,269.8,51.3,73.0,18.0,29.4,50
cabocajuniors:25,cabocajuniors,CA Boca Juniors,24,2025-06-20,https://www.fifatrainingcentre.com/media/native/tournaments/fcwc/2025/M24%20BAY%20V%20BOC%20POST%20MATCH%20REPORT.pdf,25,Agustin MARCHESIN,32.0,17.0,53.0,0.0,0.0,0.0,16.0,5.0,31.0,0.0,0.0,0.0,0.0,0.0,44,0.0,0.0,0.0,0.0,0.0,0.0,0.0,0.0,0.0,0.0,2.0,0.0,0.0,8.0,0.0,48,4049.4,3389.2,590.3,58.5,11.4,0.0,7.0,1.0,22.3,51
cabocajuniors:5,cabocajuniors,CA Boca Juniors,24,2025-06-20,https://www.fifatrainingcentre.com/media/native/tournaments/fcwc/2025/M24%20BAY%20V%20BOC%20POST%20MATCH%20REPORT.pdf,5,Rodrigo BATTAGLIA,30.0,27.0,90.0,0.0,0.0,0.0,6.0,4.0,67.0,1.0,0.0,1.0,0.0,0.0,44,5.0,2.0,1.0,0.0,6.0,29.0,3.0,0.0,3.0,3.0,9.0,27.0,12.0,3.0,5.0,48,9839.4,4066.3,4129.8,1189.8,411.9,41.6,111.0,28.0,28.3,51
cabocajuniors:8,cabocajuniors,CA Boca Juniors,24,2025-06-20,https://www.fifatrainingcentre.com/media/native/tournaments/fcwc/2025/M24%20BAY%20V%20BOC%20POST%20MATCH%20REPORT.pdf,8,Carlos PALACIOS,19.0,16.0,84.0,0.0,1.0,0.0,5.0,3.0,60.0,1.0,0.0,1.0,0.0,0.0,44,1.0,0.0,2.0,0.0,1.0,33.0,1.0,0.0,1.0,1.0,4.0,36.0,21.0,3.0,1.0,48,7771.6,2990.5,3067.4,1270.1,348.3,95.3,97.0,26.0,28.9,51
cabocajuniors:16,cabocajuniors,CA Boca Juniors,24,2025-06-20,https://www.fifatrainingcentre.com/media/native/tournaments/fcwc/2025/M24%20BAY%20V%20BOC%20POST%20MATCH%20REPORT.pdf,16,Miguel MERENTIEL,7.0,5.0,71.0,0.0,1.0,0.0,2.0,0.0,0.0,2.0,2.0,0.0,1.0,1.0,44,1.0,0.0,0.0,0.0,1.0,13.0,2.0,0.0,2.0,2.0,0.0,10.0,2.0,0.0,1.0,48,8314.2,3810.5,2911.4,808.4,466.6,317.3,72.0,38.0,32.8,51
cabocajuniors:17,cabocajuniors,CA Boca Juniors,24,2025-06-20,https://www.fifatrainingcentre.com/media/native/tournaments/fcwc/2025/M24%20BAY%20V%20BOC%20POST%20MATCH%20REPORT.pdf,17,Luis ADVINCULA,26.0,20.0,77.0,1.0,0.0,0.0,8.0,4.0,50.0,2.0,1.0,1.0,1.0,0.0,44,0.0,0.0,1.0,0.0,4.0,13.0,1.0,1.0,3.0,5.0,5.0,19.0,9.0,1.0,4.0,48,8741.6,4337.7,3113.0,805.1,300.8,185.0,77.0,26.0,32.0,51
cabocajuniors:20,cabocajuniors,CA Boca Juniors,24,2025-06-20,https://www.fifatrainingcentre.com/media/native/tournaments/fcwc/2025/M24%20BAY%20V%20BOC%20POST%20MATCH%20REPORT.pdf,20,Alan VELASCO,16.0,14.0,88.0,1.0,1.0,1.0,6.0,3.0,50.0,6.0,5.0,1.0,0.0,0.0,44,3.0,1.0,1.0,4.0,7.0,23.0,0.0,0.0,0.0,1.0,0.0,14.0,8.0,5.0,3.0,48,9057.4,3657.5,3574.8,1119.6,510.0,195.5,93.0,44.0,31.3,51
cabocajuniors:22,cabocajuniors,CA Boca Juniors,24,2025-06-20,https://www.fifatrainingcentre.com/media/native/tournaments/fcwc/2025/M24%20BAY%20V%20BOC%20POST%20MATCH%20REPORT.pdf,22,Kevin ZENON,6.0,4.0,67.0,0.0,3.0,1.0,2.0,1.0,50.0,1.0,0.0,1.0,2.0,0.0,44,4.0,1.0,3.0,0.0,5.0,19.0,0.0,0.0,0.0,1.0,4.0,8.0,4.0,2.0,4.0,48,6905.0,2812.4,2407.9,990.6,561.7,132.5,89.0,47.0,29.6,51
cabocajuniors:23,cabocajuniors,CA Boca Juniors,24,2025-06-20,https://www.fifatrainingcentre.com/media/native/tournaments/fcwc/2025/M24%20BAY%20V%20BOC%20POST%20MATCH%20REPORT.pdf,23,Lautaro BLANCO,32.0,20.0,62.0,1.0,2.0,1.0,18.0,9.0,50.0,5.0,3.0,2.0,0.0,0.0,44,6.0,4.0,2.0,0.0,8.0,24.0,0.0,0.0,0.0,6.0,3.0,49.0,26.0,4.0,5.0,48,10278.7,5098.5,3386.9,1137.3,500.0,155.9,97.0,46.0,33.2,51
cabocajuniors:30,cabocajuniors,CA Boca Juniors,24,2025-06-20,https://www.fifatrainingcentre.com/media/native/tournaments/fcwc/2025/M24%20BAY%20V%20BOC%20POST%20MATCH%20REPORT.pdf,30,Tomas BELMONTE,10.0,8.0,80.0,0.0,0.0,0.0,2.0,2.0,100.0,0.0,0.0,0.0,1.0,0.0,44,6.0,1.0,3.0,0.0,11.0,44.0,0.0,0.0,0.0,2.0,3.0,39.0,24.0,3.0,5.0,48,8784.9,2379.8,4352.5,1721.7,314.6,16.2,131.0,25.0,25.9,51
cabocajuniors:32,cabocajuniors,CA Boca Juniors,24,2025-06-20,https://www.fifatrainingcentre.com/media/native/tournaments/fcwc/2025/M24%20BAY%20V%20BOC%20POST%20MATCH%20REPORT.pdf,32,Ayrton COSTA,28.0,21.0,75.0,0.0,1.0,0.0,6.0,3.0,50.0,0.0,0.0,0.0,1.0,0.0,44,8.0,1.0,5.0,0.0,6.0,5.0,1.0,0.0,2.0,5.0,5.0,10.0,2.0,2.0,7.0,48,9141.6,4651.1,3444.6,650.3,271.1,124.6,55.0,27.0,33.2,51
cabocajuniors:40,cabocajuniors,CA Boca Juniors,24,2025-06-20,https://www.fifatrainingcentre.com/media/native/tournaments/fcwc/2025/M24%20BAY%20V%20BOC%20POST%20MATCH%20REPORT.pdf,40,Lautaro DI LOLLO,32.0,24.0,75.0,0.0,0.0,0.0,11.0,7.0,64.0,0.0,0.0,0.0,0.0,0.0,44,3.0,2.0,2.0,1.0,7.0,10.0,1.0,0.0,1.0,6.0,3.0,15.0,4.0,5.0,4.0,48,9315.3,4126.8,4027.5,887.7,215.1,58.2,86.0,19.0,31.0,51
cabocajuniors:3,cabocajuniors,CA Boca Juniors,24,2025-06-20,https://www.fifatrainingcentre.com/media/native/tournaments/fcwc/2025/M24%20BAY%20V%20BOC%20POST%20MATCH%20REPORT.pdf,3,Marcelo SARACCHI,1.0,1.0,100.0,0.0,0.0,0.0,1.0,1.0,100.0,0.0,0.0,0.0,0.0,0.0,44,1.0,1.0,0.0,0.0,2.0,9.0,0.0,0.0,0.0,1.0,0.0,5.0,4.0,1.0,1.0,48,1832.6,772.4,701.2,205.7,124.0,29.3,17.0,14.0,32.6,51
cabocajuniors:6,cabocajuniors,CA Boca Juniors,24,2025-06-20,https://www.fifatrainingcentre.com/media/native/tournaments/fcwc/2025/M24%20BAY%20V%20BOC%20POST%20MATCH%20REPORT.pdf,6,Marcos ROJO,0.0,0.0,0.0,0.0,0.0,0.0,0.0,0.0,0.0,0.0,0.0,0.0,0.0,0.0,44,0.0,0.0,0.0,0.0,0.0,0.0,0.0,0.0,0.0,0.0,0.0,0.0,0.0,0.0,0.0,48,0.0,0.0,0.0,0.0,0.0,0.0,0.0,0.0,0.0,51
cabocajuniors:7,cabocajuniors,CA Boca Juniors,24,2025-06-20,https://www.fifatrainingcentre.com/media/native/tournaments/fcwc/2025/M24%20BAY%20V%20BOC%20POST%20MATCH%20REPORT.pdf,7,Exequiel ZEBALLOS,1.0,0.0,0.0,0.0,0.0,0.0,1.0,0.0,0.0,0.0,0.0,0.0,0.0,0.0,44,1.0,0.0,0.0,0.0,1.0,20.0,0.0,0.0,1.0,1.0,0.0,7.0,6.0,0.0,1.0,48,2152.4,778.6,844.1,377.0,109.1,43.5,34.0,13.0,32.3,51
cabocajuniors:9,cabocajuniors,CA Boca Juniors,24,2025-06-20,https://www.fifatrainingcentre.com/media/native/tournaments/fcwc/2025/M24%20BAY%20V%20BOC%20POST%20MATCH%20REPORT.pdf,9,Milton GIMENEZ,2.0,1.0,50.0,0.0,0.0,0.0,0.0,0.0,0.0,0.0,0.0,0.0,0.0,0.0,44,1.0,0.0,0.0,0.0,3.0,21.0,0.0,0.0,0.0,0.0,2.0,20.0,10.0,0.0,0.0,48,3237.8,1161.5,1174.8,540.1,240.4,121.1,48.0,19.0,29.8,51
cabocajuniors:15,cabocajuniors,CA Boca Juniors,24,2025-06-20,https://www.fifatrainingcentre.com/media/native/tournaments/fcwc/2025/M24%20BAY%20V%20BOC%20POST%20MATCH%20REPORT.pdf,15,Williams ALARCON,3.0,2.0,67.0,0.0,1.0,0.0,1.0,1.0,100.0,0.0,0.0,0.0,0.0,0.0,44,1.0,0.0,0.0,0.0,0.0,19.0,0.0,0.0,0.0,1.0,0.0,19.0,8.0,0.0,2.0,48,3388.4,1102.0,1543.4,595.8,142.1,5.0,57.0,12.0,26.1,51
cabocajuniors:27,cabocajuniors,CA Boca Juniors,24,2025-06-20,https://www.fifatrainingcentre.com/media/native/tournaments/fcwc/2025/M24%20BAY%20V%20BOC%20POST%20MATCH%20REPORT.pdf,27,Malcom BRAIDA,6.0,2.0,33.0,0.0,0.0,0.0,1.0,0.0,0.0,0.0,0.0,0.0,0.0,0.0,44,1.0,0.0,1.0,1.0,6.0,17.0,0.0,0.0,0.0,1.0,3.0,9.0,6.0,2.0,0.0,48,4119.7,1599.1,1499.0,584.3,308.3,129.0,59.0,27.0,28.7,51
mamelodisundownsfc:30,mamelodisundownsfc,Mamelodi Sundowns FC,25,2025-06-21,https://www.fifatrainingcentre.com/media/native/tournaments/fcwc/2025/M25%20MSU%20V%20BVB%20POST%20MATCH%20REPORT.pdf,30,Ronwen WILLIAMS,55.0,46.0,84.0,0.0,0.0,0.0,14.0,6.0,43.0,0.0,0.0,0.0,0.0,0.0,42,0.0,0.0,0.0,0.0,0.0,0.0,0.0,0.0,0.0,0.0,3.0,0.0,0.0,6.0,0.0,47,5330.0,4322.2,946.2,53.4,8.3,0.0,5.0,0.0,23.0,50
mamelodisundownsfc:4,mamelodisundownsfc,Mamelodi Sundowns FC,25,2025-06-21,https://www.fifatrainingcentre.com/media/native/tournaments/fcwc/2025/M25%20MSU%20V%20BVB%20POST%20MATCH%20REPORT.pdf,4,Teboho MOKOENA,62.0,51.0,82.0,2.0,0.0,0.0,16.0,13.0,81.0,1.0,0.0,1.0,3.0,0.0,42,3.0,1.0,4.0,1.0,3.0,16.0,0.0,0.0,0.0,2.0,6.0,9.0,3.0,6.0,2.0,47,7266.9,2297.5,3441.5,1086.0,317.2,124.7,105.0,21.0,34.1,50
mamelodisundownsfc:10,mamelodisundownsfc,Mamelodi Sundowns FC,25,2025-06-21,https://www.fifatrainingcentre.com/media/native/tournaments/fcwc/2025/M25%20MSU%20V%20BVB%20POST%20MATCH%20REPORT.pdf,10,LUCAS RIBEIRO,25.0,21.0,84.0,1.0,0.0,0.0,7.0,5.0,71.0,3.0,0.0,3.0,4.0,1.0,42,2.0,1.0,3.0,1.0,5.0,22.0,0.0,0.0,1.0,0.0,3.0,16.0,9.0,3.0,1.0,47,6609.8,3268.4,2095.7,777.6,261.3,206.8,66.0,23.0,32.7,50
mamelodisundownsfc:11,mamelodisundownsfc,Mamelodi Sundowns FC,25,2025-06-21,https://www.fifatrainingcentre.com/media/native/tournaments/fcwc/2025/M25%20MSU%20V%20BVB%20POST%20MATCH%20REPORT.pdf,11,Marcelo ALLENDE,62.0,58.0,94.0,4.0,1.0,0.0,11.0,10.0,91.0,1.0,1.0,0.0,2.0,0.0,42,4.0,0.0,1.0,1.0,4.0,20.0,0.0,0.0,1.0,1.0,3.0,17.0,3.0,4.0,0.0,47,11710.0,3833.0,5307.0,1878.1,569.0,122.9,168.0,39.0,27.6,50
mamelodisundownsfc:13,mamelodisundownsfc,Mamelodi Sundowns FC,25,2025-06-21,https://www.fifatrainingcentre.com/media/native/tournaments/fcwc/2025/M25%20MSU%20V%20BVB%20POST%20MATCH%20REPORT.pdf,13,Iqraam RAYNERS,10.0,10.0,100.0,1.0,1.0,1.0,0.0,0.0,0.0,0.0,0.0,0.0,2.0,1.0,42,1.0,1.0,0.0,1.0,3.0,37.0,0.0,0.0,0.0,0.0,1.0,40.0,30.0,2.0,0.0,47,7666.6,3386.0,2459.6,891.2,642.4,287.5,80.0,52.0,33.1,50
mamelodisundownsfc:17,mamelodisundownsfc,Mamelodi Sundowns FC,25,2025-06-21,https://www.fifatrainingcentre.com/media/native/tournaments/fcwc/2025/M25%20MSU%20V%20BVB%20POST%20MATCH%20REPORT.pdf,17,Tashreeq MATTHEWS,22.0,20.0,91.0,0.0,1.0,0.0,4.0,2.0,50.0,1.0,1.0,0.0,1.0,0.0,42,4.0,0.0,5.0,1.0,5.0,24.0,1.0,0.0,1.0,0.0,3.0,23.0,15.0,1.0,3.0,47,7692.3,2879.2,2883.0,933.6,542.7,453.7,82.0,49.0,33.9,50
mamelodisundownsfc:18,mamelodisundownsfc,Mamelodi Sundowns FC,25,2025-06-21,https://www.fifatrainingcentre.com/media/native/tournaments/fcwc/2025/M25%20MSU%20V%20BVB%20POST%20MATCH%20REPORT.pdf,18,Themba ZWANE,50.0,45.0,90.0,0.0,1.0,0.0,10.0,8.0,80.0,4.0,1.0,3.0,1.0,0.0,42,3.0,0.0,4.0,0.0,4.0,12.0,0.0,0.0,1.0,0.0,4.0,12.0,7.0,1.0,3.0,47,9627.1,3287.9,4215.5,1714.7,338.9,70.1,150.0,24.0,28.8,50
mamelodisundownsfc:20,mamelodisundownsfc,Mamelodi Sundowns FC,25,2025-06-21,https://www.fifatrainingcentre.com/media/native/tournaments/fcwc/2025/M25%20MSU%20V%20BVB%20POST%20MATCH%20REPORT.pdf,20,Grant KEKANA,59.0,58.0,98.0,1.0,0.0,0.0,8.0,7.0,88.0,1.0,0.0,1.0,0.0,0.0,42,0.0,0.0,2.0,1.0,0.0,6.0,0.0,0.0,1.0,2.0,1.0,10.0,2.0,2.0,1.0,47,9282.9,3787.1,4002.5,1089.2,298.9,105.3,94.0,28.0,30.8,50
mamelodisundownsfc:24,mamelodisundownsfc,Mamelodi Sundowns FC,25,2025-06-21,https://www.fifatrainingcentre.com/media/native/tournaments/fcwc/2025/M25%20MSU%20V%20BVB%20POST%20MATCH%20REPORT.pdf,24,Keanu CUPIDO,88.0,79.0,90.0,1.0,0.0,0.0,16.0,9.0,56.0,0.0,0.0,0.0,0.0,0.0,42,0.0,0.0,4.0,3.0,2.0,4.0,1.0,0.0,1.0,2.0,8.0,5.0,1.0,9.0,1.0,47,9331.9,3738.0,4302.7,945.4,289.2,56.7,83.0,25.0,30.0,50
mamelodisundownsfc:25,mamelodisundownsfc,Mamelodi Sundowns FC,25,2025-06-21,https://www.fifatrainingcentre.com/media/native/tournaments/fcwc/2025/M25%20MSU%20V%20BVB%20POST%20MATCH%20REPORT.pdf,25,Khuliso MUDAU,68.0,49.0,72.0,0.0,0.0,0.0,17.0,6.0,35.0,3.0,0.0,3.0,0.0,0.0,42,2.0,0.0,2.0,2.0,3.0,10.0,0.0,0.0,0.0,0.0,2.0,12.0,4.0,2.0,2.0,47,8856.1,3707.9,3301.3,1083.1,509.9,253.9,100.0,47.0,33.2,50
mamelodisundownsfc:29,mamelodisundownsfc,Mamelodi Sundowns FC,25,2025-06-21,https://www.fifatrainingcentre.com/media/native/tournaments/fcwc/2025/M25%20MSU%20V%20BVB%20POST%20MATCH%20REPORT.pdf,29,Divine LUNGA,53.0,46.0,87.0,0.0,0.0,0.0,13.0,9.0,69.0,3.0,2.0,1.0,0.0,0.0,42,4.0,2.0,4.0,1.0,4.0,15.0,0.0,0.0,0.0,2.0,4.0,12.0,8.0,4.0,5.0,47,9003.2,3892.8,3241.7,1184.9,501.0,182.8,99.0,42.0,31.3,50
mamelodisundownsfc:8,mamelodisundownsfc,Mamelodi Sundowns FC,25,2025-06-21,https://www.fifatrainingcentre.com/media/native/tournaments/fcwc/2025/M25%20MSU%20V%20BVB%20POST%20MATCH%20REPORT.pdf,8,Jayden ADAMS,28.0,24.0,86.0,0.0,0.0,0.0,10.0,6.0,60.0,1.0,0.0,1.0,0.0,0.0,42,2.0,1.0,1.0,0.0,2.0,11.0,1.0,0.0,1.0,0.0,3.0,3.0,1.0,2.0,2.0,47,2677.2,1033.4,1237.3,328.7,77.8,0.0,28.0,7.0,25.1,50
mamelodisundownsfc:9,mamelodisundownsfc,Mamelodi Sundowns FC,25,2025-06-21,https://www.fifatrainingcentre.com/media/native/tournaments/fcwc/2025/M25%20MSU%20V%20BVB%20POST%20MATCH%20REPORT.pdf,9,ARTHUR SALES,9.0,5.0,56.0,0.0,0.0,0.0,3.0,1.0,33.0,1.0,1.0,0.0,0.0,0.0,42,3.0,1.0,1.0,0.0,3.0,13.0,0.0,0.0,0.0,0.0,3.0,7.0,4.0,1.0,1.0,47,2985.5,1021.5,1311.1,404.6,210.1,38.2,35.0,14.0,27.7,50
mamelodisundownsfc:16,mamelodisundownsfc,Mamelodi Sundowns FC,25,2025-06-21,https://www.fifatrainingcentre.com/media/native/tournaments/fcwc/2025/M25%20MSU%20V%20BVB%20POST%20MATCH%20REPORT.pdf,16,Kutlwano LETLHAKU,6.0,6.0,100.0,0.0,0.0,0.0,2.0,2.0,100.0,1.0,0.0,1.0,0.0,0.0,42,2.0,1.0,0.0,0.0,1.0,2.0,0.0,0.0,0.0,0.0,0.0,2.0,2.0,1.0,0.0,47,1267.2,412.8,521.5,217.7,88.2,27.2,18.0,8.0,27.9,50
mamelodisundownsfc:27,mamelodisundownsfc,Mamelodi Sundowns FC,25,2025-06-21,https://www.fifatrainingcentre.com/media/native/tournaments/fcwc/2025/M25%20MSU%20V%20BVB%20POST%20MATCH%20REPORT.pdf,27,Thapelo MORENA,10.0,10.0,100.0,0.0,0.0,0.0,0.0,0.0,0.0,0.0,0.0,0.0,0.0,0.0,42,0.0,0.0,1.0,1.0,2.0,5.0,0.0,0.0,0.0,1.0,1.0,3.0,2.0,2.0,1.0,47,2885.8,1155.9,1065.4,381.2,189.3,94.0,31.0,15.0,31.8,50
mamelodisundownsfc:35,mamelodisundownsfc,Mamelodi Sundowns FC,25,2025-06-21,https://www.fifatrainingcentre.com/media/native/tournaments/fcwc/2025/M25%20MSU%20V%20BVB%20POST%20MATCH%20REPORT.pdf,35,Lebo MOTHIBA,0.0,0.0,0.0,0.0,0.0,0.0,0.0,0.0,0.0,0.0,0.0,0.0,1.0,1.0,42,0.0,0.0,0.0,0.0,0.0,9.0,1.0,0.0,1.0,0.0,0.0,11.0,8.0,0.0,0.0,47,2392.7,845.5,927.2,416.8,149.7,53.4,36.0,13.0,34.2,50
borussiadortmund:1,borussiadortmund,Borussia Dortmund,25,2025-06-21,https://www.fifatrainingcentre.com/media/native/tournaments/fcwc/2025/M25%20MSU%20V%20BVB%20POST%20MATCH%20REPORT.pdf,1,Gregor KOBEL,29.0,19.0,66.0,0.0,0.0,0.0,7.0,2.0,29.0,0.0,0.0,0.0,0.0,0.0,44,0.0,0.0,0.0,0.0,0.0,0.0,0.0,0.0,0.0,1.0,5.0,0.0,0.0,4.0,0.0,48,5916.8,4517.6,1213.1,137.3,45.2,3.6,13.0,5.0,25.7,51
borussiadortmund:2,borussiadortmund,Borussia Dortmund,25,2025-06-21,https://www.fifatrainingcentre.com/media/native/tournaments/fcwc/2025/M25%20MSU%20V%20BVB%20POST%20MATCH%20REPORT.pdf,2,YAN COUTO,38.0,32.0,84.0,0.0,1.0,0.0,11.0,9.0,82.0,3.0,1.0,2.0,0.0,0.0,44,1.0,0.0,2.0,2.0,4.0,27.0,1.0,0.0,2.0,4.0,3.0,33.0,21.0,4.0,4.0,48,10050.7,3574.7,4473.2,1066.9,737.3,198.6,94.0,52.0,33.2,51
borussiadortmund:3,borussiadortmund,Borussia Dortmund,25,2025-06-21,https://www.fifatrainingcentre.com/media/native/tournaments/fcwc/2025/M25%20MSU%20V%20BVB%20POST%20MATCH%20REPORT.pdf,3,Waldemar ANTON,53.0,44.0,83.0,0.0,0.0,0.0,19.0,15.0,79.0,3.0,0.0,3.0,0.0,0.0,44,2.0,0.0,9.0,2.0,4.0,2.0,0.0,0.0,0.0,6.0,12.0,6.0,2.0,8.0,6.0,48,10183.4,3836.1,4385.1,1356.2,420.9,185.1,117.0,38.0,31.4,51
borussiadortmund:5,borussiadortmund,Borussia Dortmund,25,2025-06-21,https://www.fifatrainingcentre.com/media/native/tournaments/fcwc/2025/M25%20MSU%20V%20BVB%20POST%20MATCH%20REPORT.pdf,5,Ramy BENSEBAINI,41.0,33.0,80.0,0.0,0.0,0.0,19.0,14.0,74.0,0.0,0.0,0.0,1.0,0.0,44,4.0,1.0,6.0,2.0,10.0,3.0,1.0,0.0,1.0,7.0,4.0,25.0,7.0,10.0,4.0,48,9166.6,3831.6,3692.1,986.7,500.0,156.1,99.0,40.0,30.9,51
borussiadortmund:8,borussiadortmund,Borussia Dortmund,25,2025-06-21,https://www.fifatrainingcentre.com/media/native/tournaments/fcwc/2025/M25%20MSU%20V%20BVB%20POST%20MATCH%20REPORT.pdf,8,Felix NMECHA,15.0,13.0,87.0,1.0,0.0,0.0,2.0,1.0,50.0,1.0,0.0,1.0,1.0,1.0,44,2.0,0.0,2.0,1.0,6.0,19.0,0.0,0.0,0.0,1.0,4.0,23.0,6.0,2.0,3.0,48,7325.0,2402.5,3447.4,964.1,321.6,189.5,89.0,25.0,34.2,51
borussiadortmund:9,borussiadortmund,Borussia Dortmund,25,2025-06-21,https://www.fifatrainingcentre.com/media/native/tournaments/fcwc/2025/M25%20MSU%20V%20BVB%20POST%20MATCH%20REPORT.pdf,9,Serhou GUIRASSY,18.0,12.0,67.0,0.0,1.0,0.0,3.0,2.0,67.0,1.0,1.0,0.0,4.0,1.0,44,0.0,0.0,0.0,1.0,1.0,32.0,2.0,0.0,3.0,0.0,2.0,24.0,19.0,1.0,0.0,48,9089.7,3786.1,3674.4,1042.5,412.9,173.8,96.0,41.0,30.1,51
borussiadortmund:10,borussiadortmund,Borussia Dortmund,25,2025-06-21,https://www.fifatrainingcentre.com/media/native/tournaments/fcwc/2025/M25%20MSU%20V%20BVB%20POST%20MATCH%20REPORT.pdf,10,Julian BRANDT,23.0,18.0,78.0,2.0,2.0,1.0,2.0,1.0,50.0,0.0,0.0,0.0,0.0,0.0,44,0.0,0.0,2.0,0.0,4.0,34.0,0.0,0.0,0.0,0.0,2.0,11.0,6.0,1.0,0.0,48,7883.1,2522.4,3560.1,1220.4,489.7,90.4,105.0,43.0,28.1,51
borussiadortmund:13,borussiadortmund,Borussia Dortmund,25,2025-06-21,https://www.fifatrainingcentre.com/media/native/tournaments/fcwc/2025/M25%20MSU%20V%20BVB%20POST%20MATCH%20REPORT.pdf,13,Pascal GROSS,48.0,42.0,88.0,2.0,6.0,0.0,15.0,13.0,87.0,0.0,0.0,0.0,0.0,0.0,44,3.0,2.0,3.0,2.0,4.0,24.0,0.0,0.0,0.0,0.0,4.0,34.0,14.0,6.0,1.0,48,11586.3,3696.7,5203.6,1918.6,699.1,68.3,175.0,39.0,28.8,51
borussiadortmund:24,borussiadortmund,Borussia Dortmund,25,2025-06-21,https://www.fifatrainingcentre.com/media/native/tournaments/fcwc/2025/M25%20MSU%20V%20BVB%20POST%20MATCH%20REPORT.pdf,24,Daniel SVENSSON,40.0,35.0,88.0,0.0,4.0,2.0,11.0,8.0,73.0,0.0,0.0,0.0,1.0,0.0,44,0.0,0.0,0.0,1.0,3.0,29.0,0.0,0.0,0.0,1.0,4.0,28.0,17.0,1.0,1.0,48,11376.6,3602.4,4735.6,1680.6,922.7,435.3,150.0,70.0,31.2,51
borussiadortmund:25,borussiadortmund,Borussia Dortmund,25,2025-06-21,https://www.fifatrainingcentre.com/media/native/tournaments/fcwc/2025/M25%20MSU%20V%20BVB%20POST%20MATCH%20REPORT.pdf,25,Niklas SUELE,40.0,32.0,80.0,1.0,0.0,0.0,12.0,9.0,75.0,1.0,0.0,1.0,0.0,0.0,44,3.0,0.0,2.0,2.0,5.0,9.0,0.0,0.0,0.0,2.0,2.0,8.0,5.0,3.0,4.0,48,8245.0,3640.3,3439.3,689.2,285.5,190.7,66.0,26.0,31.9,51
borussiadortmund:77,borussiadortmund,Borussia Dortmund,25,2025-06-21,https://www.fifatrainingcentre.com/media/native/tournaments/fcwc/2025/M25%20MSU%20V%20BVB%20POST%20MATCH%20REPORT.pdf,77,Jobe BELLINGHAM,21.0,18.0,86.0,0.0,0.0,0.0,5.0,4.0,80.0,2.0,0.0,2.0,1.0,1.0,44,2.0,1.0,3.0,0.0,2.0,48.0,1.0,0.0,1.0,0.0,5.0,27.0,17.0,2.0,3.0,48,8991.8,3484.2,3463.2,1366.2,513.3,164.9,120.0,46.0,30.1,51
borussiadortmund:14,borussiadortmund,Borussia Dortmund,25,2025-06-21,https://www.fifatrainingcentre.com/media/native/tournaments/fcwc/2025/M25%20MSU%20V%20BVB%20POST%20MATCH%20REPORT.pdf,14,Maximilian BEIER,0.0,0.0,0.0,0.0,0.0,0.0,0.0,0.0,0.0,0.0,0.0,0.0,0.0,0.0,44,1.0,0.0,1.0,0.0,1.0,9.0,0.0,0.0,0.0,0.0,0.0,5.0,4.0,0.0,1.0,48,1543.8,472.6,692.3,256.6,81.6,40.7,22.0,4.0,30.4,51
borussiadortmund:17,borussiadortmund,Borussia Dortmund,25,2025-06-21,https://www.fifatrainingcentre.com/media/native/tournaments/fcwc/2025/M25%20MSU%20V%20BVB%20POST%20MATCH%20REPORT.pdf,17,Carney CHUKWUEMEKA,11.0,10.0,91.0,0.0,0.0,0.0,1.0,1.0,100.0,1.0,0.0,1.0,0.0,0.0,44,0.0,0.0,0.0,0.0,2.0,6.0,0.0,0.0,0.0,0.0,4.0,4.0,2.0,0.0,0.0,48,3577.2,1459.8,1457.4,410.8,177.2,72.0,38.0,15.0,28.7,51
borussiadortmund:20,borussiadortmund,Borussia Dortmund,25,2025-06-21,https://www.fifatrainingcentre.com/media/native/tournaments/fcwc/2025/M25%20MSU%20V%20BVB%20POST%20MATCH%20REPORT.pdf,20,Marcel SABITZER,13.0,9.0,69.0,0.0,0.0,0.0,3.0,2.0,67.0,1.0,1.0,0.0,0.0,0.0,44,1.0,1.0,0.0,1.0,1.0,6.0,0.0,0.0,2.0,1.0,2.0,10.0,1.0,3.0,1.0,48,3356.8,1297.7,1393.6,463.9,162.6,39.0,41.0,16.0,29.0,51
borussiadortmund:26,borussiadortmund,Borussia Dortmund,25,2025-06-21,https://www.fifatrainingcentre.com/media/native/tournaments/fcwc/2025/M25%20MSU%20V%20BVB%20POST%20MATCH%20REPORT.pdf,26,Julian RYERSON,5.0,4.0,80.0,0.0,0.0,0.0,4.0,3.0,75.0,0.0,0.0,0.0,0.0,0.0,44,0.0,0.0,0.0,0.0,1.0,1.0,0.0,0.0,0.0,0.0,0.0,2.0,2.0,0.0,0.0,48,1380.4,556.2,624.8,159.3,40.1,0.0,17.0,4.0,23.7,51
borussiadortmund:27,borussiadortmund,Borussia Dortmund,25,2025-06-21,https://www.fifatrainingcentre.com/media/native/tournaments/fcwc/2025/M25%20MSU%20V%20BVB%20POST%20MATCH%20REPORT.pdf,27,Karim ADEYEMI,0.0,0.0,0.0,0.0,0.0,0.0,0.0,0.0,0.0,0.0,0.0,0.0,0.0,0.0,44,0.0,0.0,0.0,0.0,0.0,2.0,0.0,0.0,0.0,0.0,1.0,4.0,1.0,0.0,0.0,48,505.2,188.4,233.4,75.3,8.0,0.0,8.0,1.0,23.2,51
fcinternazionalemilano:1,fcinternazionalemilano,FC Internazionale Milano,26,2025-06-21,https://www.fifatrainingcentre.com/media/native/tournaments/fcwc/2025/M26%20INT%20v%20URD%20POST%20MATCH%20REPORT.pdf,1,Yann SOMMER,33.0,32.0,97.0,0.0,0.0,0.0,3.0,3.0,100.0,0.0,0.0,0.0,0.0,0.0,43,0.0,0.0,0.0,0.0,0.0,0.0,0.0,0.0,0.0,0.0,0.0,0.0,0.0,1.0,0.0,48,5811.4,4549.3,1133.9,90.8,34.1,3.4,7.0,4.0,25.3,51
fcinternazionalemilano:6,fcinternazionalemilano,FC Internazionale Milano,26,2025-06-21,https://www.fifatrainingcentre.com/media/native/tournaments/fcwc/2025/M26%20INT%20v%20URD%20POST%20MATCH%20REPORT.pdf,6,Stefan DE VRIJ,99.0,97.0,98.0,1.0,0.0,0.0,16.0,15.0,94.0,3.0,0.0,3.0,0.0,0.0,43,1.0,1.0,2.0,3.0,3.0,4.0,0.0,0.0,0.0,2.0,17.0,7.0,3.0,6.0,1.0,48,10398.0,3970.6,4370.3,1363.7,546.4,147.0,123.0,42.0,30.1,51
fcinternazionalemilano:10,fcinternazionalemilano,FC Internazionale Milano,26,2025-06-21,https://www.fifatrainingcentre.com/media/native/tournaments/fcwc/2025/M26%20INT%20v%20URD%20POST%20MATCH%20REPORT.pdf,10,Lautaro MARTINEZ,24.0,21.0,88.0,1.0,0.0,0.0,3.0,2.0,67.0,1.0,1.0,0.0,3.0,1.0,43,0.0,0.0,3.0,0.0,1.0,17.0,3.0,0.0,3.0,0.0,2.0,17.0,12.0,0.0,2.0,48,10125.7,3877.7,4555.2,1164.3,371.7,156.8,110.0,33.0,31.6,51
fcinternazionalemilano:11,fcinternazionalemilano,FC Internazionale Milano,26,2025-06-21,https://www.fifatrainingcentre.com/media/native/tournaments/fcwc/2025/M26%20INT%20v%20URD%20POST%20MATCH%20REPORT.pdf,11,LUIS HENRIQUE,48.0,41.0,85.0,0.0,6.0,1.0,11.0,7.0,64.0,6.0,4.0,2.0,0.0,0.0,43,1.0,0.0,3.0,1.0,1.0,9.0,0.0,0.0,0.0,0.0,5.0,10.0,5.0,2.0,1.0,48,10984.7,3497.2,4700.1,1710.3,837.1,240.0,155.0,63.0,33.2,51
fcinternazionalemilano:21,fcinternazionalemilano,FC Internazionale Milano,26,2025-06-21,https://www.fifatrainingcentre.com/media/native/tournaments/fcwc/2025/M26%20INT%20v%20URD%20POST%20MATCH%20REPORT.pdf,21,Kristjan ASLLANI,106.0,100.0,94.0,1.0,6.0,2.0,29.0,25.0,86.0,1.0,1.0,0.0,4.0,0.0,43,2.0,1.0,0.0,0.0,2.0,10.0,0.0,0.0,0.0,0.0,8.0,16.0,4.0,1.0,0.0,48,9520.9,2786.4,4550.0,1768.4,328.6,87.5,158.0,26.0,28.6,51
fcinternazionalemilano:23,fcinternazionalemilano,FC Internazionale Milano,26,2025-06-21,https://www.fifatrainingcentre.com/media/native/tournaments/fcwc/2025/M26%20INT%20v%20URD%20POST%20MATCH%20REPORT.pdf,23,Nicolo BARELLA,115.0,98.0,85.0,6.0,7.0,1.0,44.0,29.0,66.0,4.0,2.0,2.0,4.0,0.0,43,4.0,1.0,0.0,0.0,3.0,4.0,0.0,0.0,1.0,0.0,13.0,3.0,3.0,3.0,2.0,48,12174.7,3769.1,6040.2,1819.8,434.6,110.9,163.0,30.0,30.5,51
fcinternazionalemilano:30,fcinternazionalemilano,FC Internazionale Milano,26,2025-06-21,https://www.fifatrainingcentre.com/media/native/tournaments/fcwc/2025/M26%20INT%20v%20URD%20POST%20MATCH%20REPORT.pdf,30,CARLOS AUGUSTO,116.0,112.0,97.0,0.0,2.0,0.0,23.0,19.0,83.0,3.0,1.0,2.0,0.0,0.0,43,6.0,4.0,1.0,3.0,3.0,2.0,6.0,0.0,7.0,3.0,6.0,6.0,3.0,13.0,4.0,48,11028.4,4190.3,4717.8,1491.7,521.9,106.7,128.0,38.0,29.1,51
fcinternazionalemilano:32,fcinternazionalemilano,FC Internazionale Milano,26,2025-06-21,https://www.fifatrainingcentre.com/media/native/tournaments/fcwc/2025/M26%20INT%20v%20URD%20POST%20MATCH%20REPORT.pdf,32,Federico DIMARCO,68.0,63.0,93.0,0.0,14.0,2.0,13.0,8.0,62.0,0.0,0.0,0.0,2.0,0.0,43,3.0,3.0,0.0,0.0,4.0,8.0,0.0,0.0,0.0,2.0,10.0,9.0,7.0,5.0,1.0,48,8681.6,2869.1,3595.0,1371.8,574.6,271.1,122.0,50.0,30.8,51
fcinternazionalemilano:36,fcinternazionalemilano,FC Internazionale Milano,26,2025-06-21,https://www.fifatrainingcentre.com/media/native/tournaments/fcwc/2025/M26%20INT%20v%20URD%20POST%20MATCH%20REPORT.pdf,36,Matteo DARMIAN,108.0,103.0,95.0,0.0,1.0,0.0,28.0,25.0,89.0,3.0,0.0,3.0,1.0,0.0,43,1.0,0.0,1.0,0.0,0.0,2.0,0.0,0.0,0.0,2.0,9.0,7.0,2.0,0.0,1.0,48,11143.0,4332.6,4530.3,1613.1,541.3,125.7,146.0,43.0,30.7,51
fcinternazionalemilano:59,fcinternazionalemilano,FC Internazionale Milano,26,2025-06-21,https://www.fifatrainingcentre.com/media/native/tournaments/fcwc/2025/M26%20INT%20v%20URD%20POST%20MATCH%20REPORT.pdf,59,Nicola ZALEWSKI,26.0,25.0,96.0,0.0,2.0,0.0,5.0,5.0,100.0,2.0,0.0,2.0,1.0,0.0,43,0.0,0.0,0.0,1.0,1.0,9.0,0.0,0.0,0.0,0.0,5.0,5.0,4.0,1.0,0.0,48,5711.2,1866.9,2604.1,836.8,288.6,114.8,72.0,24.0,33.4,51
fcinternazionalemilano:70,fcinternazionalemilano,FC Internazionale Milano,26,2025-06-21,https://www.fifatrainingcentre.com/media/native/tournaments/fcwc/2025/M26%20INT%20v%20URD%20POST%20MATCH%20REPORT.pdf,70,Sebastiano ESPOSITO,7.0,5.0,71.0,0.0,2.0,0.0,0.0,0.0,0.0,0.0,0.0,0.0,0.0,0.0,43,1.0,0.0,1.0,0.0,1.0,6.0,1.0,0.0,1.0,0.0,2.0,6.0,4.0,1.0,0.0,48,5876.9,1732.2,2647.5,1014.6,443.5,39.1,93.0,39.0,28.6,51
fcinternazionalemilano:8,fcinternazionalemilano,FC Internazionale Milano,26,2025-06-21,https://www.fifatrainingcentre.com/media/native/tournaments/fcwc/2025/M26%20INT%20v%20URD%20POST%20MATCH%20REPORT.pdf,8,Petar SUCIC,4.0,2.0,50.0,0.0,0.0,0.0,3.0,1.0,33.0,0.0,0.0,0.0,1.0,0.0,43,0.0,0.0,0.0,0.0,0.0,0.0,0.0,0.0,0.0,0.0,1.0,1.0,0.0,0.0,0.0,48,1115.1,316.5,577.6,188.5,32.6,0.0,16.0,1.0,21.4,51
fcinternazionalemilano:22,fcinternazionalemilano,FC Internazionale Milano,26,2025-06-21,https://www.fifatrainingcentre.com/media/native/tournaments/fcwc/2025/M26%20INT%20v%20URD%20POST%20MATCH%20REPORT.pdf,22,Henrikh MKHITARYAN,41.0,37.0,90.0,0.0,5.0,2.0,9.0,8.0,89.0,0.0,0.0,0.0,1.0,0.0,43,2.0,1.0,2.0,0.0,5.0,4.0,1.0,0.0,1.0,0.0,3.0,3.0,2.0,2.0,1.0,48,6343.6,1900.2,2675.4,1068.3,559.8,139.9,93.0,41.0,30.6,51
fcinternazionalemilano:45,fcinternazionalemilano,FC Internazionale Milano,26,2025-06-21,https://www.fifatrainingcentre.com/media/native/tournaments/fcwc/2025/M26%20INT%20v%20URD%20POST%20MATCH%20REPORT.pdf,45,Valentin CARBONI,11.0,10.0,91.0,0.0,0.0,0.0,3.0,3.0,100.0,0.0,0.0,0.0,3.0,1.0,43,2.0,1.0,1.0,0.0,3.0,2.0,0.0,0.0,0.0,0.0,1.0,3.0,2.0,1.0,0.0,48,2728.6,937.8,1251.5,360.3,165.3,13.6,32.0,11.0,26.7,51
fcinternazionalemilano:94,fcinternazionalemilano,FC Internazionale Milano,26,2025-06-21,https://www.fifatrainingcentre.com/media/native/tournaments/fcwc/2025/M26%20INT%20v%20URD%20POST%20MATCH%20REPORT.pdf,94,Francesco ESPOSITO,9.0,6.0,67.0,0.0,0.0,0.0,0.0,0.0,0.0,0.0,0.0,0.0,3.0,0.0,43,1.0,0.0,2.0,0.0,0.0,7.0,2.0,0.0,2.0,0.0,3.0,8.0,4.0,1.0,2.0,48,5399.7,1870.0,2595.7,668.5,221.3,44.2,56.0,20.0,27.8,51
fcinternazionalemilano:95,fcinternazionalemilano,FC Internazionale Milano,26,2025-06-21,https://www.fifatrainingcentre.com/media/native/tournaments/fcwc/2025/M26%20INT%20v%20URD%20POST%20MATCH%20REPORT.pdf,95,Alessandro BASTONI,28.0,25.0,89.0,0.0,6.0,2.0,17.0,11.0,65.0,1.0,0.0,1.0,0.0,0.0,43,0.0,0.0,1.0,0.0,0.0,2.0,1.0,0.0,1.0,3.0,2.0,0.0,0.0,3.0,2.0,48,2615.0,969.1,1230.5,312.3,89.4,13.6,34.0,5.0,27.1,51
urawareddiamonds:1,urawareddiamonds,Urawa Red Diamonds,26,2025-06-21,https://www.fifatrainingcentre.com/media/native/tournaments/fcwc/2025/M26%20INT%20v%20URD%20POST%20MATCH%20REPORT.pdf,1,Shusaku NISHIKAWA,47.0,19.0,40.0,0.0,0.0,0.0,27.0,9.0,33.0,0.0,0.0,0.0,0.0,0.0,45,0.0,0.0,0.0,0.0,0.0,0.0,0.0,0.0,0.0,2.0,2.0,0.0,0.0,10.0,0.0,49,4545.7,3752.6,735.4,45.7,12.0,0.0,4.0,1.0,22.8,52
urawareddiamonds:3,urawareddiamonds,Urawa Red Diamonds,26,2025-06-21,https://www.fifatrainingcentre.com/media/native/tournaments/fcwc/2025/M26%20INT%20v%20URD%20POST%20MATCH%20REPORT.pdf,3,DANILO BOZA,18.0,14.0,78.0,0.0,0.0,0.0,7.0,4.0,57.0,0.0,0.0,0.0,0.0,0.0,45,3.0,0.0,1.0,1.0,4.0,1.0,4.0,0.0,5.0,12.0,2.0,7.0,2.0,4.0,11.0,49,10392.6,4009.3,4878.8,1135.0,309.1,60.5,94.0,30.0,29.2,52
urawareddiamonds:4,urawareddiamonds,Urawa Red Diamonds,26,2025-06-21,https://www.fifatrainingcentre.com/media/native/tournaments/fcwc/2025/M26%20INT%20v%20URD%20POST%20MATCH%20REPORT.pdf,4,Hirokazu ISHIHARA,19.0,13.0,68.0,0.0,1.0,0.0,12.0,7.0,58.0,0.0,0.0,0.0,0.0,0.0,45,5.0,0.0,2.0,3.0,6.0,29.0,1.0,0.0,1.0,2.0,4.0,38.0,18.0,5.0,2.0,49,11537.2,3418.5,5469.6,1736.2,653.4,259.5,152.0,63.0,31.5,52
urawareddiamonds:5,urawareddiamonds,Urawa Red Diamonds,26,2025-06-21,https://www.fifatrainingcentre.com/media/native/tournaments/fcwc/2025/M26%20INT%20v%20URD%20POST%20MATCH%20REPORT.pdf,5,Marius HOIBRATEN,9.0,8.0,89.0,0.0,0.0,0.0,2.0,1.0,50.0,0.0,0.0,0.0,0.0,0.0,45,3.0,1.0,4.0,0.0,5.0,1.0,4.0,0.0,4.0,9.0,2.0,16.0,3.0,4.0,8.0,49,9915.3,3523.1,5049.0,991.5,286.1,65.6,102.0,25.0,30.5,52
urawareddiamonds:8,urawareddiamonds,Urawa Red Diamonds,26,2025-06-21,https://www.fifatrainingcentre.com/media/native/tournaments/fcwc/2025/M26%20INT%20v%20URD%20POST%20MATCH%20REPORT.pdf,8,MATHEUS SAVIO,11.0,6.0,55.0,0.0,1.0,0.0,4.0,2.0,50.0,3.0,1.0,2.0,0.0,0.0,45,5.0,0.0,4.0,0.0,5.0,45.0,1.0,0.0,1.0,2.0,3.0,41.0,24.0,3.0,5.0,49,10621.2,3191.0,5020.9,1525.2,648.7,235.5,135.0,52.0,32.9,52
urawareddiamonds:11,urawareddiamonds,Urawa Red Diamonds,26,2025-06-21,https://www.fifatrainingcentre.com/media/native/tournaments/fcwc/2025/M26%20INT%20v%20URD%20POST%20MATCH%20REPORT.pdf,11,Samuel GUSTAFSON,20.0,17.0,85.0,1.0,0.0,0.0,6.0,4.0,67.0,0.0,0.0,0.0,0.0,0.0,45,5.0,1.0,5.0,3.0,5.0,31.0,2.0,0.0,2.0,2.0,5.0,27.0,10.0,7.0,2.0,49,11376.4,3049.3,5810.0,1692.1,635.0,190.0,151.0,50.0,30.5,52
urawareddiamonds:13,urawareddiamonds,Urawa Red Diamonds,26,2025-06-21,https://www.fifatrainingcentre.com/media/native/tournaments/fcwc/2025/M26%20INT%20v%20URD%20POST%20MATCH%20REPORT.pdf,13,Ryoma WATANABE,13.0,8.0,62.0,0.0,1.0,1.0,3.0,2.0,67.0,0.0,0.0,0.0,3.0,1.0,45,8.0,1.0,4.0,1.0,10.0,41.0,0.0,0.0,0.0,3.0,3.0,27.0,20.0,4.0,6.0,49,12820.1,3618.2,6023.6,1997.8,781.0,399.5,171.0,71.0,31.3,52
urawareddiamonds:24,urawareddiamonds,Urawa Red Diamonds,26,2025-06-21,https://www.fifatrainingcentre.com/media/native/tournaments/fcwc/2025/M26%20INT%20v%20URD%20POST%20MATCH%20REPORT.pdf,24,Yusuke MATSUO,11.0,7.0,64.0,0.0,0.0,0.0,4.0,2.0,50.0,2.0,0.0,2.0,0.0,0.0,45,2.0,0.0,2.0,0.0,4.0,45.0,0.0,0.0,0.0,3.0,5.0,22.0,10.0,0.0,3.0,49,10004.9,3463.6,4275.9,1287.4,588.6,389.5,99.0,57.0,33.1,52
urawareddiamonds:25,urawareddiamonds,Urawa Red Diamonds,26,2025-06-21,https://www.fifatrainingcentre.com/media/native/tournaments/fcwc/2025/M26%20INT%20v%20URD%20POST%20MATCH%20REPORT.pdf,25,Kaito YASUI,16.0,14.0,88.0,0.0,0.0,0.0,6.0,5.0,83.0,0.0,0.0,0.0,0.0,0.0,45,4.0,0.0,6.0,1.0,6.0,21.0,0.0,0.0,0.0,4.0,8.0,29.0,3.0,8.0,6.0,49,12082.2,3669.0,5836.4,2040.2,414.0,122.6,183.0,38.0,30.8,52
urawareddiamonds:77,urawareddiamonds,Urawa Red Diamonds,26,2025-06-21,https://www.fifatrainingcentre.com/media/native/tournaments/fcwc/2025/M26%20INT%20v%20URD%20POST%20MATCH%20REPORT.pdf,77,Takuro KANEKO,13.0,6.0,46.0,0.0,1.0,1.0,6.0,2.0,33.0,4.0,2.0,2.0,0.0,0.0,45,0.0,0.0,2.0,1.0,1.0,39.0,2.0,0.0,2.0,5.0,4.0,40.0,20.0,1.0,7.0,49,8302.2,2408.3,3810.2,1326.8,655.7,101.3,124.0,48.0,27.6,52
urawareddiamonds:88,urawareddiamonds,Urawa Red Diamonds,26,2025-06-21,https://www.fifatrainingcentre.com/media/native/tournaments/fcwc/2025/M26%20INT%20v%20URD%20POST%20MATCH%20REPORT.pdf,88,Yoichi NAGANUMA,19.0,10.0,53.0,0.0,0.0,0.0,5.0,2.0,40.0,1.0,0.0,1.0,0.0,0.0,45,4.0,0.0,1.0,1.0,8.0,15.0,0.0,0.0,0.0,4.0,3.0,28.0,13.0,2.0,3.0,49,9776.0,3519.8,4499.5,1311.1,385.2,60.4,113.0,35.0,28.5,52
urawareddiamonds:6,urawareddiamonds,Urawa Red Diamonds,26,2025-06-21,https://www.fifatrainingcentre.com/media/native/tournaments/fcwc/2025/M26%20INT%20v%20URD%20POST%20MATCH%20REPORT.pdf,6,Taishi MATSUMOTO,1.0,0.0,0.0,0.0,0.0,0.0,1.0,0.0,0.0,0.0,0.0,0.0,0.0,0.0,45,0.0,0.0,0.0,0.0,0.0,9.0,0.0,0.0,1.0,1.0,2.0,7.0,6.0,1.0,1.0,49,2225.0,515.0,1079.6,398.9,211.0,20.6,28.0,13.0,29.3,52
urawareddiamonds:9,urawareddiamonds,Urawa Red Diamonds,26,2025-06-21,https://www.fifatrainingcentre.com/media/native/tournaments/fcwc/2025/M26%20INT%20v%20URD%20POST%20MATCH%20REPORT.pdf,9,Genki HARAGUCHI,3.0,1.0,33.0,0.0,0.0,0.0,1.0,0.0,0.0,0.0,0.0,0.0,0.0,0.0,45,0.0,0.0,0.0,0.0,0.0,3.0,0.0,0.0,0.0,0.0,0.0,1.0,0.0,0.0,0.0,49,1103.7,270.1,500.4,226.6,75.2,31.4,23.0,5.0,29.8,52
urawareddiamonds:12,urawareddiamonds,Urawa Red Diamonds,26,2025-06-21,https://www.fifatrainingcentre.com/media/native/tournaments/fcwc/2025/M26%20INT%20v%20URD%20POST%20MATCH%20REPORT.pdf,12,THIAGO SANTANA,4.0,3.0,75.0,0.0,0.0,0.0,0.0,0.0,0.0,0.0,0.0,0.0,0.0,0.0,45,2.0,0.0,0.0,0.0,3.0,7.0,0.0,0.0,0.0,0.0,0.0,1.0,0.0,0.0,1.0,49,1884.4,621.0,816.2,254.4,105.8,86.9,20.0,11.0,31.4,52
urawareddiamonds:14,urawareddiamonds,Urawa Red Diamonds,26,2025-06-21,https://www.fifatrainingcentre.com/media/native/tournaments/fcwc/2025/M26%20INT%20v%20URD%20POST%20MATCH%20REPORT.pdf,14,Takahiro SEKINE,2.0,0.0,0.0,0.0,0.0,0.0,0.0,0.0,0.0,0.0,0.0,0.0,2.0,0.0,45,2.0,0.0,0.0,1.0,4.0,14.0,0.0,0.0,0.0,0.0,1.0,5.0,3.0,1.0,1.0,49,3727.1,954.7,1786.7,526.6,283.1,176.0,52.0,21.0,31.7,52
urawareddiamonds:26,urawareddiamonds,Urawa Red Diamonds,26,2025-06-21,https://www.fifatrainingcentre.com/media/native/tournaments/fcwc/2025/M26%20INT%20v%20URD%20POST%20MATCH%20REPORT.pdf,26,Takuya OGIWARA,0.0,0.0,0.0,0.0,0.0,0.0,0.0,0.0,0.0,0.0,0.0,0.0,0.0,0.0,45,0.0,0.0,0.0,0.0,0.0,0.0,0.0,0.0,0.0,0.0,1.0,1.0,0.0,0.0,0.0,49,919.7,313.6,450.4,99.7,55.9,0.0,10.0,4.0,23.7,52
fluminensefc:1,fluminensefc,Fluminense FC,27,2025-06-21,https://www.fifatrainingcentre.com/media/native/tournaments/fcwc/2025/M27%20FLU%20V%20UHD%20POST%20MATCH%20REPORT.pdf,1,FABIO,11.0,10.0,91.0,0.0,0.0,0.0,1.0,0.0,0.0,0.0,0.0,0.0,0.0,0.0,43,0.0,0.0,0.0,0.0,0.0,0.0,0.0,0.0,0.0,0.0,1.0,0.0,0.0,1.0,0.0,48,3687.3,3162.3,472.7,37.2,15.1,0.0,1.0,2.0,24.2,51
fluminensefc:3,fluminensefc,Fluminense FC,27,2025-06-21,https://www.fifatrainingcentre.com/media/native/tournaments/fcwc/2025/M27%20FLU%20V%20UHD%20POST%20MATCH%20REPORT.pdf,3,THIAGO SILVA,82.0,79.0,96.0,0.0,0.0,0.0,15.0,13.0,87.0,1.0,0.0,1.0,1.0,0.0,43,0.0,0.0,1.0,0.0,0.0,1.0,3.0,0.0,3.0,9.0,9.0,5.0,1.0,6.0,5.0,48,7732.3,4574.9,2194.0,565.5,254.2,143.7,48.0,24.0,30.4,51
fluminensefc:8,fluminensefc,Fluminense FC,27,2025-06-21,https://www.fifatrainingcentre.com/media/native/tournaments/fcwc/2025/M27%20FLU%20V%20UHD%20POST%20MATCH%20REPORT.pdf,8,MARTINELLI,75.0,70.0,93.0,0.0,0.0,0.0,18.0,16.0,89.0,1.0,0.0,1.0,1.0,0.0,43,7.0,2.0,2.0,0.0,6.0,9.0,0.0,0.0,1.0,2.0,3.0,1.0,0.0,3.0,4.0,48,7385.1,2276.4,3348.9,1362.9,306.5,90.4,119.0,24.0,29.1,51
fluminensefc:10,fluminensefc,Fluminense FC,27,2025-06-21,https://www.fifatrainingcentre.com/media/native/tournaments/fcwc/2025/M27%20FLU%20V%20UHD%20POST%20MATCH%20REPORT.pdf,10,GANSO,34.0,29.0,85.0,0.0,0.0,0.0,7.0,6.0,86.0,1.0,1.0,0.0,3.0,0.0,43,1.0,1.0,0.0,0.0,1.0,12.0,0.0,0.0,0.0,0.0,3.0,8.0,5.0,1.0,0.0,48,4767.6,2225.7,1621.2,699.3,221.4,0.0,62.0,13.0,24.5,51
fluminensefc:12,fluminensefc,Fluminense FC,27,2025-06-21,https://www.fifatrainingcentre.com/media/native/tournaments/fcwc/2025/M27%20FLU%20V%20UHD%20POST%20MATCH%20REPORT.pdf,12,Gabriel FUENTES,83.0,79.0,95.0,2.0,10.0,5.0,24.0,20.0,83.0,4.0,3.0,1.0,1.0,0.0,43,5.0,2.0,2.0,0.0,5.0,11.0,2.0,0.0,2.0,0.0,12.0,6.0,3.0,6.0,1.0,48,10885.3,4270.9,4359.2,1318.2,520.3,416.6,111.0,49.0,31.4,51
fluminensefc:14,fluminensefc,Fluminense FC,27,2025-06-21,https://www.fifatrainingcentre.com/media/native/tournaments/fcwc/2025/M27%20FLU%20V%20UHD%20POST%20MATCH%20REPORT.pdf,14,German CANO,14.0,12.0,86.0,0.0,0.0,0.0,2.0,2.0,100.0,1.0,1.0,0.0,6.0,0.0,43,1.0,0.0,0.0,0.0,1.0,6.0,1.0,0.0,2.0,0.0,2.0,10.0,3.0,0.0,0.0,48,7885.1,4294.7,2402.0,867.4,310.9,10.2,71.0,22.0,26.1,51
fluminensefc:21,fluminensefc,Fluminense FC,27,2025-06-21,https://www.fifatrainingcentre.com/media/native/tournaments/fcwc/2025/M27%20FLU%20V%20UHD%20POST%20MATCH%20REPORT.pdf,21,Jhon ARIAS,62.0,55.0,89.0,0.0,14.0,9.0,20.0,17.0,85.0,2.0,1.0,1.0,4.0,1.0,43,1.0,0.0,0.0,0.0,4.0,11.0,1.0,0.0,1.0,0.0,1.0,12.0,7.0,0.0,0.0,48,9811.2,4469.3,3520.8,1060.8,605.0,155.4,92.0,43.0,30.0,51
fluminensefc:22,fluminensefc,Fluminense FC,27,2025-06-21,https://www.fifatrainingcentre.com/media/native/tournaments/fcwc/2025/M27%20FLU%20V%20UHD%20POST%20MATCH%20REPORT.pdf,22,Juan FREYTES,91.0,81.0,89.0,1.0,1.0,0.0,23.0,16.0,70.0,4.0,1.0,3.0,2.0,1.0,43,4.0,1.0,3.0,3.0,1.0,1.0,3.0,0.0,3.0,3.0,8.0,3.0,0.0,5.0,5.0,48,10186.3,3867.9,4489.0,1183.8,451.1,194.6,103.0,35.0,34.1,51
fluminensefc:23,fluminensefc,Fluminense FC,27,2025-06-21,https://www.fifatrainingcentre.com/media/native/tournaments/fcwc/2025/M27%20FLU%20V%20UHD%20POST%20MATCH%20REPORT.pdf,23,GUGA,85.0,80.0,94.0,2.0,6.0,1.0,15.0,11.0,73.0,1.0,1.0,0.0,1.0,0.0,43,1.0,1.0,2.0,2.0,1.0,8.0,3.0,0.0,5.0,3.0,9.0,10.0,6.0,9.0,4.0,48,9605.4,3246.6,4478.6,1277.4,450.9,152.0,114.0,39.0,30.2,51
fluminensefc:35,fluminensefc,Fluminense FC,27,2025-06-21,https://www.fifatrainingcentre.com/media/native/tournaments/fcwc/2025/M27%20FLU%20V%20UHD%20POST%20MATCH%20REPORT.pdf,35,HERCULES,57.0,54.0,95.0,1.0,0.0,0.0,10.0,10.0,100.0,0.0,0.0,0.0,1.0,0.0,43,3.0,1.0,4.0,3.0,5.0,14.0,2.0,0.0,2.0,1.0,7.0,20.0,10.0,7.0,2.0,48,10727.9,3887.3,5052.3,1159.1,484.4,144.8,109.0,35.0,27.7,51
fluminensefc:90,fluminensefc,Fluminense FC,27,2025-06-21,https://www.fifatrainingcentre.com/media/native/tournaments/fcwc/2025/M27%20FLU%20V%20UHD%20POST%20MATCH%20REPORT.pdf,90,Kevin SERNA,26.0,23.0,88.0,0.0,2.0,1.0,7.0,5.0,71.0,8.0,7.0,1.0,2.0,0.0,43,3.0,0.0,0.0,2.0,4.0,9.0,0.0,0.0,0.0,1.0,4.0,5.0,2.0,3.0,1.0,48,7410.3,2440.3,3236.2,1018.8,551.6,163.4,89.0,50.0,33.4,51
fluminensefc:2,fluminensefc,Fluminense FC,27,2025-06-21,https://www.fifatrainingcentre.com/media/native/tournaments/fcwc/2025/M27%20FLU%20V%20UHD%20POST%20MATCH%20REPORT.pdf,2,SAMUEL XAVIER,6.0,5.0,83.0,0.0,1.0,0.0,3.0,2.0,67.0,0.0,0.0,0.0,0.0,0.0,43,1.0,0.0,0.0,0.0,0.0,5.0,0.0,0.0,0.0,1.0,0.0,3.0,3.0,1.0,1.0,48,1268.3,410.4,526.2,161.3,84.3,86.1,11.0,9.0,30.6,51
fluminensefc:5,fluminensefc,Fluminense FC,27,2025-06-21,https://www.fifatrainingcentre.com/media/native/tournaments/fcwc/2025/M27%20FLU%20V%20UHD%20POST%20MATCH%20REPORT.pdf,5,Facundo BERNAL,3.0,3.0,100.0,0.0,0.0,0.0,0.0,0.0,0.0,0.0,0.0,0.0,0.0,0.0,43,1.0,0.0,1.0,1.0,0.0,4.0,1.0,0.0,1.0,1.0,0.0,4.0,0.0,1.0,1.0,48,1610.0,353.4,759.9,384.6,90.7,21.4,28.0,8.0,29.9,51
fluminensefc:9,fluminensefc,Fluminense FC,27,2025-06-21,https://www.fifatrainingcentre.com/media/native/tournaments/fcwc/2025/M27%20FLU%20V%20UHD%20POST%20MATCH%20REPORT.pdf,9,EVERALDO,7.0,6.0,86.0,0.0,1.0,0.0,1.0,1.0,100.0,2.0,2.0,0.0,0.0,0.0,43,0.0,0.0,1.0,0.0,1.0,14.0,1.0,0.0,1.0,1.0,0.0,7.0,5.0,2.0,1.0,48,4993.1,2571.2,1609.1,517.5,192.4,102.8,46.0,20.0,32.6,51
fluminensefc:11,fluminensefc,Fluminense FC,27,2025-06-21,https://www.fifatrainingcentre.com/media/native/tournaments/fcwc/2025/M27%20FLU%20V%20UHD%20POST%20MATCH%20REPORT.pdf,11,KENO,13.0,10.0,77.0,1.0,6.0,1.0,4.0,3.0,75.0,6.0,5.0,1.0,3.0,1.0,43,0.0,0.0,2.0,0.0,0.0,5.0,1.0,0.0,1.0,0.0,2.0,0.0,0.0,0.0,1.0,48,3518.2,1585.8,1213.0,457.6,183.7,78.1,37.0,19.0,29.4,51
fluminensefc:16,fluminensefc,Fluminense FC,27,2025-06-21,https://www.fifatrainingcentre.com/media/native/tournaments/fcwc/2025/M27%20FLU%20V%20UHD%20POST%20MATCH%20REPORT.pdf,16,NONATO,18.0,17.0,94.0,0.0,1.0,0.0,5.0,4.0,80.0,1.0,0.0,1.0,1.0,1.0,43,1.0,0.0,2.0,0.0,2.0,7.0,1.0,0.0,1.0,0.0,5.0,1.0,0.0,0.0,1.0,48,4523.4,1497.6,2182.0,562.8,215.0,65.9,50.0,17.0,28.8,51
ulsanhd:21,ulsanhd,Ulsan HD,27,2025-06-21,https://www.fifatrainingcentre.com/media/native/tournaments/fcwc/2025/M27%20FLU%20V%20UHD%20POST%20MATCH%20REPORT.pdf,21,JO Hyeonwoo,21.0,19.0,90.0,0.0,0.0,0.0,8.0,6.0,75.0,0.0,0.0,0.0,0.0,0.0,45,0.0,0.0,0.0,0.0,0.0,0.0,0.0,0.0,0.0,0.0,2.0,0.0,0.0,2.0,0.0,49,5656.0,4729.9,881.9,39.6,4.6,0.0,4.0,0.0,21.7,52
ulsanhd:6,ulsanhd,Ulsan HD,27,2025-06-21,https://www.fifatrainingcentre.com/media/native/tournaments/fcwc/2025/M27%20FLU%20V%20UHD%20POST%20MATCH%20REPORT.pdf,6,Darijan BOJANIC,48.0,34.0,71.0,2.0,2.0,0.0,21.0,12.0,57.0,1.0,1.0,0.0,0.0,0.0,45,0.0,0.0,4.0,1.0,7.0,19.0,0.0,0.0,0.0,0.0,7.0,14.0,7.0,2.0,1.0,49,10263.7,3041.7,5595.0,1269.8,321.5,35.8,101.0,22.0,26.8,52
ulsanhd:7,ulsanhd,Ulsan HD,27,2025-06-21,https://www.fifatrainingcentre.com/media/native/tournaments/fcwc/2025/M27%20FLU%20V%20UHD%20POST%20MATCH%20REPORT.pdf,7,KO Seungbeom,22.0,19.0,86.0,0.0,0.0,0.0,3.0,3.0,100.0,1.0,1.0,0.0,1.0,0.0,45,5.0,2.0,6.0,0.0,5.0,38.0,0.0,0.0,0.0,3.0,9.0,32.0,17.0,6.0,4.0,49,10893.5,3171.1,4786.8,1865.4,850.1,220.0,157.0,62.0,29.7,52
ulsanhd:11,ulsanhd,Ulsan HD,27,2025-06-21,https://www.fifatrainingcentre.com/media/native/tournaments/fcwc/2025/M27%20FLU%20V%20UHD%20POST%20MATCH%20REPORT.pdf,11,UM Wonsang,5.0,4.0,80.0,0.0,2.0,1.0,3.0,2.0,67.0,2.0,2.0,0.0,2.0,1.0,45,1.0,0.0,0.0,0.0,2.0,28.0,1.0,0.0,1.0,0.0,4.0,41.0,27.0,0.0,0.0,49,8689.4,2763.9,4181.7,1024.4,360.5,358.9,86.0,37.0,34.8,52
ulsanhd:13,ulsanhd,Ulsan HD,27,2025-06-21,https://www.fifatrainingcentre.com/media/native/tournaments/fcwc/2025/M27%20FLU%20V%20UHD%20POST%20MATCH%20REPORT.pdf,13,KANG Sangwoo,16.0,11.0,69.0,0.0,2.0,0.0,8.0,5.0,62.0,0.0,0.0,0.0,1.0,0.0,45,9.0,1.0,6.0,1.0,1.0,25.0,0.0,0.0,0.0,2.0,1.0,26.0,11.0,5.0,6.0,49,7990.1,2891.0,3536.2,937.4,492.2,133.3,89.0,34.0,31.1,52
ulsanhd:14,ulsanhd,Ulsan HD,27,2025-06-21,https://www.fifatrainingcentre.com/media/native/tournaments/fcwc/2025/M27%20FLU%20V%20UHD%20POST%20MATCH%20REPORT.pdf,14,LEE Jinhyun,32.0,25.0,78.0,1.0,5.0,1.0,6.0,4.0,67.0,2.0,1.0,1.0,2.0,1.0,45,2.0,1.0,3.0,1.0,3.0,47.0,0.0,0.0,0.0,2.0,9.0,18.0,7.0,3.0,3.0,49,12497.7,3610.2,6211.6,1971.2,543.9,160.8,165.0,35.0,30.1,52
ulsanhd:17,ulsanhd,Ulsan HD,27,2025-06-21,https://www.fifatrainingcentre.com/media/native/tournaments/fcwc/2025/M27%20FLU%20V%20UHD%20POST%20MATCH%20REPORT.pdf,17,Gustav LUDWIGSON,24.0,20.0,83.0,0.0,2.0,0.0,4.0,3.0,75.0,1.0,0.0,1.0,1.0,0.0,45,2.0,1.0,7.0,2.0,3.0,44.0,3.0,0.0,3.0,5.0,5.0,15.0,11.0,5.0,6.0,49,10902.4,3980.3,4559.7,1339.2,678.4,344.7,121.0,53.0,31.2,52
ulsanhd:19,ulsanhd,Ulsan HD,27,2025-06-21,https://www.fifatrainingcentre.com/media/native/tournaments/fcwc/2025/M27%20FLU%20V%20UHD%20POST%20MATCH%20REPORT.pdf,19,KIM Younggwon,31.0,26.0,84.0,0.0,0.0,0.0,14.0,10.0,71.0,0.0,0.0,0.0,0.0,0.0,45,4.0,0.0,0.0,1.0,5.0,4.0,0.0,0.0,0.0,5.0,4.0,2.0,1.0,2.0,6.0,49,8729.6,4663.3,3119.9,732.4,176.0,38.0,57.0,17.0,30.8,52
ulsanhd:28,ulsanhd,Ulsan HD,27,2025-06-21,https://www.fifatrainingcentre.com/media/native/tournaments/fcwc/2025/M27%20FLU%20V%20UHD%20POST%20MATCH%20REPORT.pdf,28,LEE Jaeik,18.0,13.0,72.0,0.0,0.0,0.0,8.0,4.0,50.0,0.0,0.0,0.0,0.0,0.0,45,1.0,0.0,2.0,1.0,4.0,6.0,1.0,0.0,1.0,4.0,3.0,17.0,3.0,2.0,5.0,49,8366.9,3803.3,3410.8,842.5,279.9,30.4,74.0,25.0,28.0,52
ulsanhd:66,ulsanhd,Ulsan HD,27,2025-06-21,https://www.fifatrainingcentre.com/media/native/tournaments/fcwc/2025/M27%20FLU%20V%20UHD%20POST%20MATCH%20REPORT.pdf,66,Milosz TROJAK,25.0,19.0,76.0,3.0,1.0,0.0,12.0,7.0,58.0,2.0,0.0,2.0,0.0,0.0,45,4.0,0.0,4.0,1.0,5.0,14.0,1.0,0.0,1.0,5.0,4.0,27.0,10.0,2.0,9.0,49,9730.5,4490.5,3871.4,1010.1,300.8,57.7,89.0,27.0,30.8,52
ulsanhd:97,ulsanhd,Ulsan HD,27,2025-06-21,https://www.fifatrainingcentre.com/media/native/tournaments/fcwc/2025/M27%20FLU%20V%20UHD%20POST%20MATCH%20REPORT.pdf,97,ERICK FARIAS,22.0,19.0,86.0,0.0,1.0,0.0,4.0,3.0,75.0,4.0,3.0,1.0,1.0,0.0,45,1.0,0.0,1.0,0.0,2.0,29.0,0.0,0.0,0.0,2.0,4.0,31.0,11.0,0.0,0.0,49,10583.2,4360.8,4025.3,1350.8,571.3,275.0,109.0,47.0,32.7,52
ulsanhd:5,ulsanhd,Ulsan HD,27,2025-06-21,https://www.fifatrainingcentre.com/media/native/tournaments/fcwc/2025/M27%20FLU%20V%20UHD%20POST%20MATCH%20REPORT.pdf,5,JUNG Wooyoung,6.0,5.0,83.0,0.0,0.0,0.0,2.0,2.0,100.0,0.0,0.0,0.0,0.0,0.0,45,1.0,1.0,0.0,1.0,1.0,1.0,1.0,0.0,1.0,0.0,1.0,1.0,0.0,2.0,0.0,49,1511.9,476.5,626.8,304.1,72.7,31.7,24.0,6.0,27.4,52
ulsanhd:18,ulsanhd,Ulsan HD,27,2025-06-21,https://www.fifatrainingcentre.com/media/native/tournaments/fcwc/2025/M27%20FLU%20V%20UHD%20POST%20MATCH%20REPORT.pdf,18,HEO Yool,0.0,0.0,0.0,0.0,0.0,0.0,0.0,0.0,0.0,0.0,0.0,0.0,0.0,0.0,45,0.0,0.0,0.0,0.0,0.0,3.0,0.0,0.0,0.0,0.0,0.0,6.0,3.0,0.0,0.0,49,1425.4,427.6,603.2,210.1,157.3,27.1,17.0,13.0,28.9,52
ulsanhd:27,ulsanhd,Ulsan HD,27,2025-06-21,https://www.fifatrainingcentre.com/media/native/tournaments/fcwc/2025/M27%20FLU%20V%20UHD%20POST%20MATCH%20REPORT.pdf,27,LEE Chungyong,8.0,8.0,100.0,0.0,0.0,0.0,1.0,1.0,100.0,0.0,0.0,0.0,0.0,0.0,45,0.0,0.0,0.0,0.0,1.0,2.0,0.0,0.0,0.0,0.0,0.0,6.0,1.0,0.0,0.0,49,1659.1,398.4,835.2,305.5,98.8,21.2,28.0,6.0,27.9,52
ulsanhd:36,ulsanhd,Ulsan HD,27,2025-06-21,https://www.fifatrainingcentre.com/media/native/tournaments/fcwc/2025/M27%20FLU%20V%20UHD%20POST%20MATCH%20REPORT.pdf,36,Matias LACAVA,3.0,3.0,100.0,0.0,0.0,0.0,1.0,1.0,100.0,3.0,2.0,1.0,1.0,0.0,45,2.0,2.0,1.0,0.0,2.0,5.0,1.0,0.0,1.0,1.0,0.0,4.0,2.0,2.0,1.0,49,2548.4,1036.2,854.3,347.8,207.5,102.6,34.0,15.0,32.1,52
ulsanhd:96,ulsanhd,Ulsan HD,27,2025-06-21,https://www.fifatrainingcentre.com/media/native/tournaments/fcwc/2025/M27%20FLU%20V%20UHD%20POST%20MATCH%20REPORT.pdf,96,CHOI Seokhyun,15.0,13.0,87.0,0.0,0.0,0.0,8.0,5.0,62.0,1.0,1.0,0.0,0.0,0.0,45,1.0,1.0,2.0,1.0,1.0,5.0,2.0,0.0,2.0,1.0,1.0,5.0,3.0,5.0,1.0,49,3565.8,1349.1,1267.6,540.9,302.9,105.2,45.0,22.0,31.7,52
cariverplate:1,cariverplate,CA River Plate,28,2025-06-21,https://www.fifatrainingcentre.com/media/native/tournaments/fcwc/2025/M28%20RIV%20V%20CFM%20POST%20MATCH%20REPORT.pdf,1,Franco ARMANI,8.0,7.0,88.0,0.0,0.0,0.0,2.0,1.0,50.0,0.0,0.0,0.0,0.0,0.0,43,0.0,0.0,0.0,0.0,0.0,0.0,0.0,0.0,0.0,0.0,2.0,0.0,0.0,2.0,0.0,48,5074.0,4472.6,568.9,32.5,0.0,0.0,4.0,0.0,20.0,51
cariverplate:4,cariverplate,CA River Plate,28,2025-06-21,https://www.fifatrainingcentre.com/media/native/tournaments/fcwc/2025/M28%20RIV%20V%20CFM%20POST%20MATCH%20REPORT.pdf,4,Gonzalo MONTIEL,36.0,29.0,81.0,0.0,2.0,0.0,11.0,7.0,64.0,0.0,0.0,0.0,0.0,0.0,43,4.0,1.0,3.0,2.0,5.0,4.0,0.0,0.0,0.0,2.0,4.0,20.0,2.0,6.0,5.0,48,10075.9,3651.9,3695.9,1518.2,777.5,432.4,138.0,65.0,32.4,51
cariverplate:8,cariverplate,CA River Plate,28,2025-06-21,https://www.fifatrainingcentre.com/media/native/tournaments/fcwc/2025/M28%20RIV%20V%20CFM%20POST%20MATCH%20REPORT.pdf,8,Maximiliano MEZA,15.0,12.0,80.0,1.0,0.0,0.0,2.0,2.0,100.0,2.0,2.0,0.0,1.0,0.0,43,6.0,1.0,0.0,0.0,6.0,22.0,1.0,0.0,1.0,0.0,2.0,10.0,6.0,1.0,1.0,48,7545.4,2796.9,2882.4,1075.0,618.3,172.8,109.0,51.0,30.2,51
cariverplate:11,cariverplate,CA River Plate,28,2025-06-21,https://www.fifatrainingcentre.com/media/native/tournaments/fcwc/2025/M28%20RIV%20V%20CFM%20POST%20MATCH%20REPORT.pdf,11,Facundo COLIDIO,18.0,13.0,72.0,0.0,0.0,0.0,7.0,4.0,57.0,5.0,5.0,0.0,2.0,0.0,43,3.0,1.0,2.0,1.0,3.0,55.0,3.0,0.0,3.0,0.0,1.0,11.0,6.0,3.0,1.0,48,9541.6,3572.8,3316.5,1591.2,713.3,347.8,137.0,59.0,30.2,51
cariverplate:17,cariverplate,CA River Plate,28,2025-06-21,https://www.fifatrainingcentre.com/media/native/tournaments/fcwc/2025/M28%20RIV%20V%20CFM%20POST%20MATCH%20REPORT.pdf,17,Paulo DIAZ,26.0,24.0,92.0,2.0,0.0,0.0,12.0,10.0,83.0,0.0,0.0,0.0,2.0,0.0,43,0.0,0.0,4.0,1.0,1.0,1.0,4.0,0.0,5.0,6.0,8.0,2.0,0.0,6.0,6.0,48,9227.7,3851.8,3516.6,1298.4,423.5,137.4,107.0,35.0,29.7,51
cariverplate:21,cariverplate,CA River Plate,28,2025-06-21,https://www.fifatrainingcentre.com/media/native/tournaments/fcwc/2025/M28%20RIV%20V%20CFM%20POST%20MATCH%20REPORT.pdf,21,Marcos ACUNA,31.0,28.0,90.0,0.0,12.0,4.0,17.0,11.0,65.0,3.0,3.0,0.0,0.0,0.0,43,3.0,1.0,0.0,1.0,4.0,5.0,2.0,0.0,4.0,4.0,8.0,12.0,3.0,7.0,2.0,48,9285.0,3954.1,3515.6,1154.8,432.8,227.7,104.0,34.0,31.5,51
cariverplate:22,cariverplate,CA River Plate,28,2025-06-21,https://www.fifatrainingcentre.com/media/native/tournaments/fcwc/2025/M28%20RIV%20V%20CFM%20POST%20MATCH%20REPORT.pdf,22,Kevin CASTANO,39.0,38.0,97.0,0.0,7.0,6.0,6.0,5.0,83.0,1.0,0.0,1.0,1.0,0.0,43,10.0,4.0,1.0,0.0,8.0,22.0,1.0,0.0,1.0,2.0,9.0,44.0,11.0,7.0,3.0,48,10003.8,3205.9,4298.0,1722.1,561.2,216.6,161.0,46.0,30.1,51
cariverplate:24,cariverplate,CA River Plate,28,2025-06-21,https://www.fifatrainingcentre.com/media/native/tournaments/fcwc/2025/M28%20RIV%20V%20CFM%20POST%20MATCH%20REPORT.pdf,24,Enzo PEREZ,17.0,15.0,88.0,1.0,0.0,0.0,5.0,4.0,80.0,1.0,0.0,1.0,0.0,0.0,43,2.0,0.0,1.0,1.0,5.0,11.0,3.0,0.0,3.0,1.0,5.0,30.0,7.0,3.0,2.0,48,9091.4,2937.5,3900.5,1581.6,490.8,181.0,131.0,38.0,30.2,51
cariverplate:28,cariverplate,CA River Plate,28,2025-06-21,https://www.fifatrainingcentre.com/media/native/tournaments/fcwc/2025/M28%20RIV%20V%20CFM%20POST%20MATCH%20REPORT.pdf,28,Lucas MARTINEZ QUARTA,22.0,16.0,73.0,1.0,0.0,0.0,9.0,6.0,67.0,0.0,0.0,0.0,2.0,0.0,43,4.0,0.0,2.0,0.0,3.0,4.0,3.0,0.0,3.0,8.0,2.0,2.0,0.0,3.0,7.0,48,9834.7,3657.2,4378.0,1257.6,383.0,158.9,107.0,35.0,31.2,51
cariverplate:30,cariverplate,CA River Plate,28,2025-06-21,https://www.fifatrainingcentre.com/media/native/tournaments/fcwc/2025/M28%20RIV%20V%20CFM%20POST%20MATCH%20REPORT.pdf,30,Franco MASTANTUONO,27.0,20.0,74.0,2.0,4.0,0.0,8.0,7.0,88.0,9.0,9.0,0.0,5.0,0.0,43,4.0,1.0,0.0,0.0,5.0,21.0,0.0,0.0,1.0,1.0,11.0,30.0,14.0,1.0,1.0,48,8632.9,3853.1,2794.5,1209.4,561.0,214.9,104.0,42.0,29.6,51
cariverplate:34,cariverplate,CA River Plate,28,2025-06-21,https://www.fifatrainingcentre.com/media/native/tournaments/fcwc/2025/M28%20RIV%20V%20CFM%20POST%20MATCH%20REPORT.pdf,34,Giuliano GALOPPO,11.0,9.0,82.0,1.0,0.0,0.0,4.0,3.0,75.0,0.0,0.0,0.0,3.0,0.0,43,5.0,0.0,1.0,0.0,5.0,15.0,0.0,0.0,0.0,3.0,4.0,23.0,8.0,3.0,1.0,48,8152.9,2485.4,3588.4,1518.2,457.5,103.4,140.0,32.0,28.8,51
cariverplate:5,cariverplate,CA River Plate,28,2025-06-21,https://www.fifatrainingcentre.com/media/native/tournaments/fcwc/2025/M28%20RIV%20V%20CFM%20POST%20MATCH%20REPORT.pdf,5,Matias KRANEVITTER,1.0,0.0,0.0,0.0,0.0,0.0,0.0,0.0,0.0,0.0,0.0,0.0,0.0,0.0,43,1.0,0.0,0.0,0.0,0.0,1.0,0.0,0.0,1.0,0.0,0.0,5.0,1.0,0.0,1.0,48,1144.8,432.9,463.7,158.0,65.7,24.5,13.0,5.0,27.6,51
cariverplate:9,cariverplate,CA River Plate,28,2025-06-21,https://www.fifatrainingcentre.com/media/native/tournaments/fcwc/2025/M28%20RIV%20V%20CFM%20POST%20MATCH%20REPORT.pdf,9,Miguel BORJA,6.0,5.0,83.0,1.0,0.0,0.0,0.0,0.0,0.0,0.0,0.0,0.0,2.0,0.0,43,0.0,0.0,1.0,0.0,2.0,10.0,2.0,0.0,2.0,0.0,3.0,10.0,6.0,1.0,0.0,48,2350.2,926.5,850.0,279.9,173.4,120.4,25.0,17.0,32.8,51
cariverplate:18,cariverplate,CA River Plate,28,2025-06-21,https://www.fifatrainingcentre.com/media/native/tournaments/fcwc/2025/M28%20RIV%20V%20CFM%20POST%20MATCH%20REPORT.pdf,18,Gonzalo MARTINEZ,3.0,1.0,33.0,0.0,0.0,0.0,3.0,1.0,33.0,0.0,0.0,0.0,0.0,0.0,43,0.0,0.0,0.0,0.0,0.0,4.0,1.0,0.0,1.0,0.0,1.0,5.0,4.0,0.0,0.0,48,1147.2,389.1,493.4,171.3,73.1,20.4,13.0,6.0,28.8,51
cariverplate:26,cariverplate,CA River Plate,28,2025-06-21,https://www.fifatrainingcentre.com/media/native/tournaments/fcwc/2025/M28%20RIV%20V%20CFM%20POST%20MATCH%20REPORT.pdf,26,Ignacio FERNANDEZ,6.0,5.0,83.0,0.0,0.0,0.0,2.0,2.0,100.0,0.0,0.0,0.0,1.0,0.0,43,0.0,0.0,0.0,0.0,0.0,5.0,0.0,0.0,1.0,0.0,1.0,13.0,2.0,0.0,0.0,48,2638.8,736.7,1171.7,472.9,228.5,29.0,47.0,17.0,30.7,51
cfmonterrey:1,cfmonterrey,CF Monterrey,28,2025-06-21,https://www.fifatrainingcentre.com/media/native/tournaments/fcwc/2025/M28%20RIV%20V%20CFM%20POST%20MATCH%20REPORT.pdf,1,Esteban ANDRADA,48.0,43.0,90.0,0.0,0.0,0.0,6.0,4.0,67.0,0.0,0.0,0.0,0.0,0.0,45,0.0,0.0,0.0,0.0,0.0,0.0,0.0,0.0,0.0,0.0,6.0,0.0,0.0,6.0,0.0,49,5435.1,4239.0,1123.6,70.2,2.4,0.0,7.0,0.0,20.4,52
cfmonterrey:3,cfmonterrey,CF Monterrey,28,2025-06-21,https://www.fifatrainingcentre.com/media/native/tournaments/fcwc/2025/M28%20RIV%20V%20CFM%20POST%20MATCH%20REPORT.pdf,3,Gerardo ARTEAGA,34.0,27.0,79.0,0.0,1.0,0.0,9.0,6.0,67.0,5.0,3.0,2.0,1.0,0.0,45,5.0,3.0,3.0,2.0,6.0,15.0,0.0,0.0,0.0,2.0,3.0,21.0,11.0,6.0,3.0,49,9552.9,3855.7,3353.2,1366.9,553.1,423.9,122.0,51.0,33.8,52
cfmonterrey:6,cfmonterrey,CF Monterrey,28,2025-06-21,https://www.fifatrainingcentre.com/media/native/tournaments/fcwc/2025/M28%20RIV%20V%20CFM%20POST%20MATCH%20REPORT.pdf,6,Nelson DEOSSA,30.0,26.0,87.0,0.0,1.0,0.0,8.0,7.0,88.0,12.0,6.0,6.0,0.0,0.0,45,7.0,5.0,2.0,0.0,5.0,16.0,2.0,0.0,2.0,1.0,9.0,10.0,7.0,6.0,2.0,49,9796.4,3762.2,3839.6,1276.3,517.7,400.6,109.0,41.0,32.7,52
cfmonterrey:7,cfmonterrey,CF Monterrey,28,2025-06-21,https://www.fifatrainingcentre.com/media/native/tournaments/fcwc/2025/M28%20RIV%20V%20CFM%20POST%20MATCH%20REPORT.pdf,7,German BERTERAME,6.0,5.0,83.0,0.0,0.0,0.0,0.0,0.0,0.0,0.0,0.0,0.0,0.0,0.0,45,0.0,0.0,0.0,0.0,1.0,11.0,0.0,0.0,0.0,3.0,0.0,9.0,6.0,3.0,2.0,49,6742.8,2526.1,2624.3,1043.1,344.6,204.6,78.0,31.0,30.8,52
cfmonterrey:10,cfmonterrey,CF Monterrey,28,2025-06-21,https://www.fifatrainingcentre.com/media/native/tournaments/fcwc/2025/M28%20RIV%20V%20CFM%20POST%20MATCH%20REPORT.pdf,10,Sergio CANALES,25.0,21.0,84.0,2.0,2.0,0.0,8.0,4.0,50.0,4.0,3.0,1.0,1.0,0.0,45,3.0,0.0,0.0,0.0,4.0,29.0,0.0,0.0,0.0,0.0,7.0,18.0,14.0,0.0,0.0,49,9905.1,3473.5,4445.9,1389.7,471.6,124.3,120.0,33.0,30.9,52
cfmonterrey:14,cfmonterrey,CF Monterrey,28,2025-06-21,https://www.fifatrainingcentre.com/media/native/tournaments/fcwc/2025/M28%20RIV%20V%20CFM%20POST%20MATCH%20REPORT.pdf,14,Erick AGUIRRE,38.0,30.0,79.0,0.0,1.0,0.0,14.0,9.0,64.0,0.0,0.0,0.0,0.0,0.0,45,4.0,0.0,1.0,1.0,5.0,12.0,1.0,0.0,1.0,0.0,6.0,10.0,7.0,2.0,3.0,49,9641.6,3859.7,3837.2,1208.2,534.0,202.5,110.0,44.0,32.1,52
cfmonterrey:17,cfmonterrey,CF Monterrey,28,2025-06-21,https://www.fifatrainingcentre.com/media/native/tournaments/fcwc/2025/M28%20RIV%20V%20CFM%20POST%20MATCH%20REPORT.pdf,17,Jesus CORONA,15.0,11.0,73.0,0.0,0.0,0.0,0.0,0.0,0.0,1.0,1.0,0.0,0.0,0.0,45,6.0,2.0,0.0,0.0,7.0,10.0,0.0,0.0,0.0,0.0,3.0,9.0,6.0,3.0,2.0,49,6636.9,2326.0,2610.5,891.7,508.6,300.0,83.0,39.0,31.1,52
cfmonterrey:29,cfmonterrey,CF Monterrey,28,2025-06-21,https://www.fifatrainingcentre.com/media/native/tournaments/fcwc/2025/M28%20RIV%20V%20CFM%20POST%20MATCH%20REPORT.pdf,29,Lucas OCAMPOS,11.0,8.0,73.0,0.0,0.0,0.0,0.0,0.0,0.0,0.0,0.0,0.0,1.0,0.0,45,0.0,0.0,1.0,0.0,2.0,10.0,2.0,0.0,2.0,0.0,2.0,6.0,1.0,1.0,0.0,49,6301.1,2825.1,2200.8,780.4,285.0,209.9,61.0,26.0,31.2,52
cfmonterrey:30,cfmonterrey,CF Monterrey,28,2025-06-21,https://www.fifatrainingcentre.com/media/native/tournaments/fcwc/2025/M28%20RIV%20V%20CFM%20POST%20MATCH%20REPORT.pdf,30,Jorge RODRIGUEZ,50.0,45.0,90.0,2.0,0.0,0.0,15.0,11.0,73.0,1.0,0.0,1.0,0.0,0.0,45,6.0,2.0,0.0,0.0,11.0,17.0,2.0,0.0,2.0,3.0,7.0,9.0,3.0,5.0,0.0,49,8337.4,2689.7,4001.1,1152.7,399.1,94.8,101.0,30.0,29.9,52
cfmonterrey:33,cfmonterrey,CF Monterrey,28,2025-06-21,https://www.fifatrainingcentre.com/media/native/tournaments/fcwc/2025/M28%20RIV%20V%20CFM%20POST%20MATCH%20REPORT.pdf,33,Stefan MEDINA,63.0,56.0,89.0,3.0,0.0,0.0,21.0,15.0,71.0,1.0,0.0,1.0,0.0,0.0,45,4.0,1.0,2.0,1.0,1.0,1.0,1.0,0.0,1.0,1.0,4.0,3.0,1.0,4.0,3.0,49,8740.8,3651.2,3511.3,1081.3,368.0,129.0,95.0,31.0,29.5,52
cfmonterrey:93,cfmonterrey,CF Monterrey,28,2025-06-21,https://www.fifatrainingcentre.com/media/native/tournaments/fcwc/2025/M28%20RIV%20V%20CFM%20POST%20MATCH%20REPORT.pdf,93,Sergio RAMOS,81.0,68.0,84.0,3.0,0.0,0.0,17.0,11.0,65.0,5.0,0.0,5.0,0.0,0.0,45,3.0,3.0,3.0,3.0,2.0,0.0,0.0,0.0,0.0,12.0,6.0,1.0,1.0,9.0,8.0,49,9006.2,3843.6,3638.3,1133.5,291.8,99.1,105.0,24.0,31.7,52
cfmonterrey:4,cfmonterrey,CF Monterrey,28,2025-06-21,https://www.fifatrainingcentre.com/media/native/tournaments/fcwc/2025/M28%20RIV%20V%20CFM%20POST%20MATCH%20REPORT.pdf,4,Victor GUZMAN,9.0,8.0,89.0,0.0,0.0,0.0,3.0,2.0,67.0,0.0,0.0,0.0,0.0,0.0,45,0.0,0.0,0.0,0.0,0.0,0.0,0.0,0.0,0.0,0.0,2.0,1.0,0.0,0.0,0.0,49,1379.0,599.2,623.5,98.2,18.1,40.0,12.0,2.0,31.7,52
cfmonterrey:5,cfmonterrey,CF Monterrey,28,2025-06-21,https://www.fifatrainingcentre.com/media/native/tournaments/fcwc/2025/M28%20RIV%20V%20CFM%20POST%20MATCH%20REPORT.pdf,5,Fidel AMBRIZ,22.0,18.0,82.0,0.0,0.0,0.0,5.0,2.0,40.0,0.0,0.0,0.0,0.0,0.0,45,3.0,1.0,1.0,0.0,4.0,7.0,1.0,0.0,1.0,2.0,0.0,9.0,5.0,2.0,2.0,49,3597.0,1020.5,1642.8,709.4,174.1,50.2,63.0,14.0,30.4,52
cfmonterrey:11,cfmonterrey,CF Monterrey,28,2025-06-21,https://www.fifatrainingcentre.com/media/native/tournaments/fcwc/2025/M28%20RIV%20V%20CFM%20POST%20MATCH%20REPORT.pdf,11,Alfonso ALVARADO,0.0,0.0,0.0,0.0,0.0,0.0,0.0,0.0,0.0,0.0,0.0,0.0,0.0,0.0,45,0.0,0.0,0.0,0.0,1.0,0.0,0.0,0.0,0.0,0.0,0.0,1.0,0.0,0.0,0.0,49,775.1,281.2,254.9,98.1,54.9,86.1,10.0,5.0,33.0,52
cfmonterrey:16,cfmonterrey,CF Monterrey,28,2025-06-21,https://www.fifatrainingcentre.com/media/native/tournaments/fcwc/2025/M28%20RIV%20V%20CFM%20POST%20MATCH%20REPORT.pdf,16,Johan ROJAS,9.0,7.0,78.0,0.0,3.0,0.0,1.0,1.0,100.0,1.0,1.0,0.0,0.0,0.0,45,1.0,1.0,1.0,0.0,0.0,8.0,0.0,0.0,1.0,1.0,0.0,4.0,2.0,2.0,0.0,49,3477.7,1330.4,1244.5,525.8,231.7,145.3,39.0,19.0,31.4,52
cfmonterrey:31,cfmonterrey,CF Monterrey,28,2025-06-21,https://www.fifatrainingcentre.com/media/native/tournaments/fcwc/2025/M28%20RIV%20V%20CFM%20POST%20MATCH%20REPORT.pdf,31,Roberto DE LA ROSA,6.0,5.0,83.0,0.0,0.0,0.0,0.0,0.0,0.0,1.0,1.0,0.0,0.0,0.0,45,0.0,0.0,0.0,0.0,0.0,5.0,0.0,0.0,0.0,0.0,0.0,3.0,1.0,0.0,0.0,49,3276.1,1140.5,1322.4,416.9,197.8,198.5,31.0,21.0,33.6,52
juventusfc:29,juventusfc,Juventus FC,29,2025-06-22,https://www.fifatrainingcentre.com/media/native/tournaments/fcwc/2025/M29%20JUV%20V%20WAC%20POST%20MATCH%20REPORT.pdf,29,Michele DI GREGORIO,34.0,26.0,76.0,1.0,0.0,0.0,14.0,7.0,50.0,0.0,0.0,0.0,0.0,0.0,42,0.0,0.0,0.0,0.0,0.0,0.0,0.0,0.0,0.0,0.0,2.0,0.0,0.0,6.0,0.0,47,6060.8,4617.7,1265.9,151.9,25.4,0.0,19.0,3.0,23.9,50
juventusfc:2,juventusfc,Juventus FC,29,2025-06-22,https://www.fifatrainingcentre.com/media/native/tournaments/fcwc/2025/M29%20JUV%20V%20WAC%20POST%20MATCH%20REPORT.pdf,2,ALBERTO COSTA,23.0,15.0,65.0,0.0,1.0,0.0,5.0,2.0,40.0,3.0,1.0,2.0,2.0,0.0,42,2.0,0.0,1.0,0.0,2.0,8.0,1.0,0.0,1.0,2.0,3.0,5.0,3.0,0.0,0.0,47,8507.2,2970.5,3219.2,1255.4,670.4,391.7,106.0,54.0,33.2,50
juventusfc:6,juventusfc,Juventus FC,29,2025-06-22,https://www.fifatrainingcentre.com/media/native/tournaments/fcwc/2025/M29%20JUV%20V%20WAC%20POST%20MATCH%20REPORT.pdf,6,Lloyd KELLY,63.0,61.0,97.0,0.0,5.0,1.0,15.0,13.0,87.0,2.0,0.0,2.0,0.0,0.0,42,2.0,1.0,2.0,4.0,5.0,3.0,3.0,0.0,3.0,2.0,7.0,2.0,0.0,7.0,3.0,47,10387.8,4427.1,3730.6,1291.6,683.3,255.2,107.0,55.0,31.1,50
juventusfc:7,juventusfc,Juventus FC,29,2025-06-22,https://www.fifatrainingcentre.com/media/native/tournaments/fcwc/2025/M29%20JUV%20V%20WAC%20POST%20MATCH%20REPORT.pdf,7,FRANCISCO CONCEICAO,18.0,17.0,94.0,1.0,3.0,1.0,7.0,4.0,57.0,6.0,4.0,2.0,0.0,0.0,42,3.0,1.0,2.0,0.0,5.0,11.0,0.0,0.0,0.0,1.0,3.0,7.0,5.0,2.0,2.0,47,8446.7,3125.2,3510.8,1071.4,506.0,233.3,88.0,43.0,32.0,50
juventusfc:10,juventusfc,Juventus FC,29,2025-06-22,https://www.fifatrainingcentre.com/media/native/tournaments/fcwc/2025/M29%20JUV%20V%20WAC%20POST%20MATCH%20REPORT.pdf,10,Kenan YILDIZ,26.0,22.0,85.0,0.0,6.0,1.0,6.0,4.0,67.0,8.0,6.0,2.0,2.0,2.0,42,0.0,0.0,1.0,3.0,4.0,13.0,0.0,0.0,1.0,0.0,6.0,3.0,2.0,3.0,0.0,47,9368.1,3590.3,3990.2,1228.3,448.6,110.7,103.0,34.0,30.9,50
juventusfc:15,juventusfc,Juventus FC,29,2025-06-22,https://www.fifatrainingcentre.com/media/native/tournaments/fcwc/2025/M29%20JUV%20V%20WAC%20POST%20MATCH%20REPORT.pdf,15,Pierre KALULU,66.0,62.0,94.0,1.0,1.0,0.0,17.0,12.0,71.0,3.0,1.0,2.0,0.0,0.0,42,2.0,1.0,4.0,1.0,5.0,9.0,1.0,0.0,1.0,4.0,8.0,17.0,4.0,5.0,5.0,47,10043.6,4300.5,3704.1,1298.8,584.5,155.7,110.0,51.0,30.2,50
juventusfc:16,juventusfc,Juventus FC,29,2025-06-22,https://www.fifatrainingcentre.com/media/native/tournaments/fcwc/2025/M29%20JUV%20V%20WAC%20POST%20MATCH%20REPORT.pdf,16,Weston McKENNIE,19.0,17.0,89.0,0.0,1.0,0.0,2.0,2.0,100.0,0.0,0.0,0.0,0.0,0.0,42,1.0,1.0,1.0,1.0,3.0,13.0,1.0,0.0,1.0,0.0,1.0,12.0,4.0,2.0,1.0,47,6171.9,1956.4,2605.1,1160.0,334.5,115.8,105.0,25.0,30.5,50
juventusfc:19,juventusfc,Juventus FC,29,2025-06-22,https://www.fifatrainingcentre.com/media/native/tournaments/fcwc/2025/M29%20JUV%20V%20WAC%20POST%20MATCH%20REPORT.pdf,19,Khephren THURAM,59.0,52.0,88.0,0.0,1.0,0.0,16.0,14.0,88.0,5.0,0.0,5.0,1.0,0.0,42,5.0,2.0,0.0,0.0,6.0,8.0,0.0,0.0,1.0,1.0,6.0,11.0,4.0,4.0,2.0,47,10482.1,4039.6,4265.6,1678.9,375.5,122.4,135.0,28.0,27.8,50
juventusfc:20,juventusfc,Juventus FC,29,2025-06-22,https://www.fifatrainingcentre.com/media/native/tournaments/fcwc/2025/M29%20JUV%20V%20WAC%20POST%20MATCH%20REPORT.pdf,20,Randal KOLO MUANI,13.0,9.0,69.0,0.0,0.0,0.0,2.0,0.0,0.0,2.0,2.0,0.0,1.0,0.0,42,0.0,0.0,1.0,0.0,3.0,14.0,0.0,0.0,0.0,0.0,1.0,10.0,6.0,0.0,1.0,47,7597.7,2961.0,3353.7,845.1,357.4,80.5,80.0,29.0,35.4,50
juventusfc:27,juventusfc,Juventus FC,29,2025-06-22,https://www.fifatrainingcentre.com/media/native/tournaments/fcwc/2025/M29%20JUV%20V%20WAC%20POST%20MATCH%20REPORT.pdf,27,Andrea CAMBIASO,55.0,42.0,76.0,0.0,0.0,0.0,11.0,8.0,73.0,3.0,0.0,3.0,1.0,0.0,42,0.0,0.0,1.0,2.0,2.0,11.0,0.0,0.0,0.0,1.0,6.0,9.0,6.0,2.0,1.0,47,10795.6,4010.3,4378.1,1512.5,737.5,157.2,139.0,59.0,31.1,50
juventusfc:37,juventusfc,Juventus FC,29,2025-06-22,https://www.fifatrainingcentre.com/media/native/tournaments/fcwc/2025/M29%20JUV%20V%20WAC%20POST%20MATCH%20REPORT.pdf,37,Nicolo SAVONA,85.0,81.0,95.0,3.0,0.0,0.0,18.0,16.0,89.0,1.0,0.0,1.0,0.0,0.0,42,2.0,0.0,2.0,2.0,4.0,3.0,1.0,0.0,1.0,6.0,3.0,9.0,5.0,5.0,6.0,47,10342.1,3983.3,4332.6,1336.4,451.0,238.8,114.0,38.0,32.6,50
juventusfc:4,juventusfc,Juventus FC,29,2025-06-22,https://www.fifatrainingcentre.com/media/native/tournaments/fcwc/2025/M29%20JUV%20V%20WAC%20POST%20MATCH%20REPORT.pdf,4,Federico GATTI,3.0,3.0,100.0,0.0,0.0,0.0,0.0,0.0,0.0,0.0,0.0,0.0,0.0,0.0,42,0.0,0.0,0.0,0.0,0.0,0.0,0.0,0.0,0.0,0.0,0.0,0.0,0.0,0.0,0.0,47,1027.8,489.4,353.4,83.9,101.1,0.0,10.0,3.0,25.0,50
juventusfc:5,juventusfc,Juventus FC,29,2025-06-22,https://www.fifatrainingcentre.com/media/native/tournaments/fcwc/2025/M29%20JUV%20V%20WAC%20POST%20MATCH%20REPORT.pdf,5,Manuel LOCATELLI,11.0,9.0,82.0,1.0,0.0,0.0,5.0,4.0,80.0,1.0,1.0,0.0,0.0,0.0,42,3.0,1.0,1.0,0.0,2.0,2.0,1.0,0.0,1.0,0.0,1.0,6.0,2.0,2.0,0.0,47,2532.1,888.6,1125.0,453.7,59.0,5.7,37.0,6.0,26.0,50
juventusfc:8,juventusfc,Juventus FC,29,2025-06-22,https://www.fifatrainingcentre.com/media/native/tournaments/fcwc/2025/M29%20JUV%20V%20WAC%20POST%20MATCH%20REPORT.pdf,8,Teun KOOPMEINERS,15.0,12.0,80.0,0.0,1.0,0.0,1.0,1.0,100.0,0.0,0.0,0.0,0.0,0.0,42,2.0,1.0,1.0,0.0,3.0,15.0,0.0,0.0,0.0,1.0,3.0,10.0,7.0,2.0,0.0,47,5688.5,1838.8,2266.3,1066.6,417.3,99.6,85.0,30.0,30.7,50
juventusfc:9,juventusfc,Juventus FC,29,2025-06-22,https://www.fifatrainingcentre.com/media/native/tournaments/fcwc/2025/M29%20JUV%20V%20WAC%20POST%20MATCH%20REPORT.pdf,9,Dusan VLAHOVIC,1.0,1.0,100.0,0.0,0.0,0.0,0.0,0.0,0.0,1.0,0.0,1.0,1.0,1.0,42,0.0,0.0,0.0,0.0,0.0,4.0,0.0,0.0,0.0,0.0,1.0,0.0,0.0,0.0,0.0,47,2230.4,842.3,950.4,278.3,104.8,54.7,22.0,10.0,31.1,50
juventusfc:11,juventusfc,Juventus FC,29,2025-06-22,https://www.fifatrainingcentre.com/media/native/tournaments/fcwc/2025/M29%20JUV%20V%20WAC%20POST%20MATCH%20REPORT.pdf,11,Nico GONZALEZ,4.0,3.0,75.0,0.0,0.0,0.0,0.0,0.0,0.0,0.0,0.0,0.0,0.0,0.0,42,1.0,0.0,0.0,0.0,1.0,1.0,1.0,0.0,1.0,1.0,0.0,2.0,1.0,0.0,1.0,47,2275.8,816.9,878.7,356.8,162.7,60.7,22.0,9.0,32.8,50
wydadac:12,wydadac,Wydad AC,29,2025-06-22,https://www.fifatrainingcentre.com/media/native/tournaments/fcwc/2025/M29%20JUV%20V%20WAC%20POST%20MATCH%20REPORT.pdf,12,El Mehdi BENABID,22.0,16.0,73.0,0.0,0.0,0.0,7.0,2.0,29.0,0.0,0.0,0.0,0.0,0.0,44,0.0,0.0,0.0,0.0,0.0,0.0,0.0,0.0,0.0,0.0,1.0,0.0,0.0,2.0,0.0,48,5217.5,4246.0,895.2,76.2,0.0,0.0,8.0,0.0,19.6,51
wydadac:2,wydadac,Wydad AC,29,2025-06-22,https://www.fifatrainingcentre.com/media/native/tournaments/fcwc/2025/M29%20JUV%20V%20WAC%20POST%20MATCH%20REPORT.pdf,2,Mohamed MOUFID,29.0,24.0,83.0,0.0,0.0,0.0,10.0,7.0,70.0,3.0,1.0,2.0,2.0,0.0,44,2.0,1.0,5.0,1.0,0.0,15.0,1.0,0.0,1.0,2.0,10.0,22.0,11.0,9.0,1.0,48,9693.8,3914.9,3824.9,1116.4,533.4,304.0,96.0,50.0,33.5,51
wydadac:4,wydadac,Wydad AC,29,2025-06-22,https://www.fifatrainingcentre.com/media/native/tournaments/fcwc/2025/M29%20JUV%20V%20WAC%20POST%20MATCH%20REPORT.pdf,4,Thembinkosi LORCH,33.0,26.0,79.0,1.0,1.0,1.0,9.0,7.0,78.0,1.0,1.0,0.0,4.0,1.0,44,0.0,0.0,2.0,0.0,1.0,37.0,0.0,0.0,0.0,0.0,8.0,18.0,11.0,1.0,0.0,48,10120.6,3426.3,3898.6,1591.7,834.9,369.0,137.0,78.0,32.2,51
wydadac:9,wydadac,Wydad AC,29,2025-06-22,https://www.fifatrainingcentre.com/media/native/tournaments/fcwc/2025/M29%20JUV%20V%20WAC%20POST%20MATCH%20REPORT.pdf,9,Samuel OBENG,5.0,2.0,40.0,0.0,0.0,0.0,1.0,0.0,0.0,0.0,0.0,0.0,1.0,0.0,44,1.0,0.0,1.0,0.0,4.0,19.0,1.0,0.0,1.0,0.0,0.0,16.0,13.0,0.0,1.0,48,5674.6,2042.5,2181.5,809.3,442.8,198.5,68.0,36.0,31.5,51
wydadac:11,wydadac,Wydad AC,29,2025-06-22,https://www.fifatrainingcentre.com/media/native/tournaments/fcwc/2025/M29%20JUV%20V%20WAC%20POST%20MATCH%20REPORT.pdf,11,Nordin AMRABAT,21.0,11.0,52.0,2.0,11.0,4.0,13.0,6.0,46.0,4.0,3.0,1.0,0.0,0.0,44,7.0,2.0,3.0,0.0,12.0,19.0,1.0,0.0,2.0,0.0,5.0,21.0,12.0,2.0,3.0,48,9210.2,4403.9,3202.1,951.7,409.1,243.5,86.0,37.0,32.0,51
wydadac:14,wydadac,Wydad AC,29,2025-06-22,https://www.fifatrainingcentre.com/media/native/tournaments/fcwc/2025/M29%20JUV%20V%20WAC%20POST%20MATCH%20REPORT.pdf,14,Abdelmounaim BOUTOUIL,28.0,23.0,82.0,1.0,0.0,0.0,12.0,8.0,67.0,0.0,0.0,0.0,0.0,0.0,44,2.0,1.0,3.0,0.0,2.0,1.0,0.0,0.0,0.0,4.0,6.0,8.0,0.0,4.0,1.0,48,7383.4,3261.3,3008.2,795.6,249.2,69.1,71.0,18.0,30.8,51
wydadac:18,wydadac,Wydad AC,29,2025-06-22,https://www.fifatrainingcentre.com/media/native/tournaments/fcwc/2025/M29%20JUV%20V%20WAC%20POST%20MATCH%20REPORT.pdf,18,Fahd MOUFI,24.0,16.0,67.0,0.0,2.0,1.0,13.0,7.0,54.0,0.0,0.0,0.0,0.0,0.0,44,2.0,1.0,3.0,0.0,4.0,19.0,1.0,0.0,1.0,1.0,2.0,31.0,5.0,2.0,5.0,48,9415.3,3744.7,3713.5,1245.5,533.5,178.2,108.0,42.0,29.4,51
wydadac:19,wydadac,Wydad AC,29,2025-06-22,https://www.fifatrainingcentre.com/media/native/tournaments/fcwc/2025/M29%20JUV%20V%20WAC%20POST%20MATCH%20REPORT.pdf,19,El Mehdi EL MOUBARIK,46.0,39.0,85.0,0.0,0.0,0.0,8.0,4.0,50.0,0.0,0.0,0.0,0.0,0.0,44,3.0,0.0,4.0,0.0,3.0,27.0,1.0,0.0,1.0,1.0,4.0,36.0,14.0,2.0,4.0,48,11207.8,3257.8,4860.1,2304.7,691.9,93.2,195.0,55.0,28.0,51
wydadac:22,wydadac,Wydad AC,29,2025-06-22,https://www.fifatrainingcentre.com/media/native/tournaments/fcwc/2025/M29%20JUV%20V%20WAC%20POST%20MATCH%20REPORT.pdf,22,Bart MEIJERS,4.0,2.0,50.0,0.0,0.0,0.0,2.0,0.0,0.0,0.0,0.0,0.0,1.0,0.0,44,1.0,1.0,1.0,0.0,8.0,5.0,0.0,0.0,0.0,2.0,0.0,34.0,8.0,2.0,1.0,48,5388.3,2109.9,2416.0,549.2,250.4,62.9,41.0,21.0,29.0,51
wydadac:23,wydadac,Wydad AC,29,2025-06-22,https://www.fifatrainingcentre.com/media/native/tournaments/fcwc/2025/M29%20JUV%20V%20WAC%20POST%20MATCH%20REPORT.pdf,23,Oussama ZEMRAOUI,30.0,26.0,87.0,1.0,0.0,0.0,6.0,6.0,100.0,1.0,1.0,0.0,0.0,0.0,44,7.0,2.0,2.0,0.0,8.0,27.0,0.0,0.0,1.0,0.0,7.0,10.0,4.0,3.0,2.0,48,9255.9,2750.0,4464.8,1372.7,500.8,167.6,117.0,41.0,30.7,51
wydadac:72,wydadac,Wydad AC,29,2025-06-22,https://www.fifatrainingcentre.com/media/native/tournaments/fcwc/2025/M29%20JUV%20V%20WAC%20POST%20MATCH%20REPORT.pdf,72,GUILHERME FERREIRA,29.0,21.0,72.0,0.0,0.0,0.0,12.0,8.0,67.0,2.0,1.0,1.0,2.0,0.0,44,3.0,0.0,4.0,1.0,4.0,2.0,2.0,0.0,2.0,8.0,4.0,11.0,3.0,3.0,7.0,48,9309.2,4354.7,3634.9,990.6,256.8,72.2,94.0,26.0,30.1,51
wydadac:16,wydadac,Wydad AC,29,2025-06-22,https://www.fifatrainingcentre.com/media/native/tournaments/fcwc/2025/M29%20JUV%20V%20WAC%20POST%20MATCH%20REPORT.pdf,16,Jamal HARKASS,2.0,2.0,100.0,0.0,1.0,1.0,2.0,2.0,100.0,0.0,0.0,0.0,0.0,0.0,44,0.0,0.0,0.0,1.0,1.0,0.0,0.0,0.0,0.0,3.0,0.0,0.0,0.0,3.0,0.0,48,1800.5,652.0,617.4,347.4,154.2,29.6,30.0,14.0,30.6,51
wydadac:21,wydadac,Wydad AC,29,2025-06-22,https://www.fifatrainingcentre.com/media/native/tournaments/fcwc/2025/M29%20JUV%20V%20WAC%20POST%20MATCH%20REPORT.pdf,21,Cassius MAILULA,5.0,5.0,100.0,0.0,1.0,1.0,2.0,2.0,100.0,0.0,0.0,0.0,1.0,0.0,44,0.0,0.0,0.0,0.0,0.0,3.0,0.0,0.0,0.0,0.0,0.0,4.0,1.0,0.0,0.0,48,1998.8,579.0,886.2,363.2,148.1,22.3,38.0,11.0,25.9,51
wydadac:25,wydadac,Wydad AC,29,2025-06-22,https://www.fifatrainingcentre.com/media/native/tournaments/fcwc/2025/M29%20JUV%20V%20WAC%20POST%20MATCH%20REPORT.pdf,25,Stephane AZIZ KI,6.0,6.0,100.0,0.0,1.0,0.0,1.0,1.0,100.0,0.0,0.0,0.0,1.0,0.0,44,0.0,0.0,0.0,0.0,0.0,2.0,0.0,0.0,0.0,0.0,0.0,4.0,2.0,0.0,0.0,48,940.6,296.8,428.5,139.5,53.7,22.0,13.0,5.0,28.1,51
wydadac:26,wydadac,Wydad AC,29,2025-06-22,https://www.fifatrainingcentre.com/media/native/tournaments/fcwc/2025/M29%20JUV%20V%20WAC%20POST%20MATCH%20REPORT.pdf,26,Selemani MWALIMU,8.0,8.0,100.0,0.0,0.0,0.0,2.0,2.0,100.0,1.0,1.0,0.0,1.0,0.0,44,1.0,0.0,1.0,1.0,2.0,18.0,0.0,0.0,0.0,1.0,3.0,13.0,11.0,2.0,0.0,48,5281.0,1806.1,1858.6,686.2,653.4,276.8,64.0,46.0,32.9,51
wydadac:99,wydadac,Wydad AC,29,2025-06-22,https://www.fifatrainingcentre.com/media/native/tournaments/fcwc/2025/M29%20JUV%20V%20WAC%20POST%20MATCH%20REPORT.pdf,99,OMAR ALSOMAH,7.0,6.0,86.0,0.0,0.0,0.0,0.0,0.0,0.0,0.0,0.0,0.0,1.0,0.0,44,0.0,0.0,0.0,0.0,1.0,9.0,0.0,0.0,0.0,0.0,2.0,3.0,2.0,1.0,0.0,48,4633.3,1881.8,1788.7,625.0,278.6,59.2,61.0,19.0,28.3,51
realmadridcf:1,realmadridcf,Real Madrid C. F.,30,2025-06-22,https://www.fifatrainingcentre.com/media/native/tournaments/fcwc/2025/M30%20RMA%20V%20PAC%20POST%20MATCH%20REPORT.pdf,1,Thibaut COURTOIS,39.0,30.0,77.0,0.0,0.0,0.0,16.0,7.0,44.0,0.0,0.0,0.0,0.0,0.0,43,0.0,0.0,0.0,0.0,0.0,0.0,0.0,0.0,0.0,1.0,4.0,0.0,0.0,7.0,1.0,48,5852.2,4508.5,1177.2,111.1,53.1,2.3,9.0,6.0,25.5,51
realmadridcf:5,realmadridcf,Real Madrid C. F.,30,2025-06-22,https://www.fifatrainingcentre.com/media/native/tournaments/fcwc/2025/M30%20RMA%20V%20PAC%20POST%20MATCH%20REPORT.pdf,5,Jude BELLINGHAM,40.0,36.0,90.0,0.0,0.0,0.0,7.0,7.0,100.0,2.0,0.0,2.0,2.0,1.0,43,3.0,1.0,2.0,0.0,2.0,13.0,0.0,1.0,2.0,1.0,2.0,7.0,3.0,2.0,3.0,48,7028.5,3130.0,2461.3,969.1,299.3,168.9,78.0,26.0,31.3,51
realmadridcf:7,realmadridcf,Real Madrid C. F.,30,2025-06-22,https://www.fifatrainingcentre.com/media/native/tournaments/fcwc/2025/M30%20RMA%20V%20PAC%20POST%20MATCH%20REPORT.pdf,7,VINICIUS JUNIOR,46.0,42.0,91.0,2.0,2.0,1.0,10.0,8.0,80.0,9.0,7.0,2.0,2.0,0.0,43,0.0,0.0,2.0,0.0,1.0,18.0,0.0,0.0,0.0,0.0,3.0,8.0,2.0,0.0,1.0,48,9231.8,4421.4,2700.6,1192.3,506.9,410.7,107.0,49.0,34.6,51
realmadridcf:8,realmadridcf,Real Madrid C. F.,30,2025-06-22,https://www.fifatrainingcentre.com/media/native/tournaments/fcwc/2025/M30%20RMA%20V%20PAC%20POST%20MATCH%20REPORT.pdf,8,Federico VALVERDE,51.0,49.0,96.0,0.0,0.0,0.0,10.0,10.0,100.0,5.0,0.0,5.0,2.0,1.0,43,5.0,2.0,4.0,1.0,5.0,17.0,2.0,0.0,5.0,0.0,6.0,8.0,3.0,7.0,1.0,48,10871.9,3868.3,4646.5,1320.8,642.4,393.9,114.0,51.0,34.5,51
realmadridcf:12,realmadridcf,Real Madrid C. F.,30,2025-06-22,https://www.fifatrainingcentre.com/media/native/tournaments/fcwc/2025/M30%20RMA%20V%20PAC%20POST%20MATCH%20REPORT.pdf,12,Trent ALEXANDERARNOLD,44.0,39.0,89.0,1.0,2.0,0.0,18.0,15.0,83.0,2.0,0.0,2.0,0.0,0.0,43,0.0,0.0,3.0,0.0,0.0,8.0,0.0,0.0,0.0,0.0,4.0,8.0,6.0,2.0,1.0,48,7793.4,3553.2,2963.5,818.3,287.5,170.9,77.0,24.0,33.0,51
realmadridcf:14,realmadridcf,Real Madrid C. F.,30,2025-06-22,https://www.fifatrainingcentre.com/media/native/tournaments/fcwc/2025/M30%20RMA%20V%20PAC%20POST%20MATCH%20REPORT.pdf,14,Aurelien TCHOUAMENI,58.0,55.0,95.0,0.0,0.0,0.0,12.0,10.0,83.0,0.0,0.0,0.0,0.0,0.0,43,1.0,1.0,4.0,1.0,0.0,0.0,0.0,0.0,0.0,5.0,4.0,3.0,0.0,4.0,6.0,48,9409.7,4315.7,3696.2,1120.0,214.6,63.2,100.0,16.0,32.3,51
realmadridcf:15,realmadridcf,Real Madrid C. F.,30,2025-06-22,https://www.fifatrainingcentre.com/media/native/tournaments/fcwc/2025/M30%20RMA%20V%20PAC%20POST%20MATCH%20REPORT.pdf,15,Arda GULER,37.0,33.0,89.0,2.0,1.0,0.0,13.0,10.0,77.0,2.0,1.0,1.0,2.0,1.0,43,3.0,0.0,2.0,0.0,4.0,10.0,0.0,0.0,0.0,0.0,3.0,16.0,7.0,2.0,0.0,48,7402.3,2421.4,3330.1,1129.3,413.7,107.8,96.0,36.0,30.1,51
realmadridcf:20,realmadridcf,Real Madrid C. F.,30,2025-06-22,https://www.fifatrainingcentre.com/media/native/tournaments/fcwc/2025/M30%20RMA%20V%20PAC%20POST%20MATCH%20REPORT.pdf,20,Fran GARCIA,68.0,59.0,87.0,0.0,1.0,0.0,17.0,13.0,76.0,1.0,0.0,1.0,0.0,0.0,43,2.0,2.0,3.0,2.0,4.0,18.0,0.0,0.0,0.0,3.0,4.0,9.0,5.0,5.0,4.0,48,11068.2,4138.6,4362.8,1302.8,782.7,481.4,105.0,64.0,33.7,51
realmadridcf:24,realmadridcf,Real Madrid C. F.,30,2025-06-22,https://www.fifatrainingcentre.com/media/native/tournaments/fcwc/2025/M30%20RMA%20V%20PAC%20POST%20MATCH%20REPORT.pdf,24,Dean HUIJSEN,79.0,72.0,91.0,0.0,0.0,0.0,34.0,31.0,91.0,9.0,1.0,8.0,0.0,0.0,43,2.0,2.0,2.0,1.0,4.0,4.0,2.0,0.0,2.0,6.0,3.0,9.0,3.0,8.0,5.0,48,10341.1,4045.3,4630.4,1014.2,516.8,134.4,92.0,36.0,31.1,51
realmadridcf:30,realmadridcf,Real Madrid C. F.,30,2025-06-22,https://www.fifatrainingcentre.com/media/native/tournaments/fcwc/2025/M30%20RMA%20V%20PAC%20POST%20MATCH%20REPORT.pdf,30,Gonzalo GARCIA,15.0,13.0,87.0,0.0,0.0,0.0,1.0,0.0,0.0,2.0,2.0,0.0,0.0,0.0,43,1.0,1.0,2.0,0.0,1.0,14.0,0.0,0.0,0.0,0.0,2.0,11.0,5.0,3.0,0.0,48,5460.2,2392.1,1863.5,624.7,420.4,159.6,49.0,35.0,30.1,51
realmadridcf:35,realmadridcf,Real Madrid C. F.,30,2025-06-22,https://www.fifatrainingcentre.com/media/native/tournaments/fcwc/2025/M30%20RMA%20V%20PAC%20POST%20MATCH%20REPORT.pdf,35,Raul ASENCIO,4.0,3.0,75.0,0.0,0.0,0.0,1.0,1.0,100.0,0.0,0.0,0.0,0.0,0.0,43,0.0,0.0,0.0,2.0,0.0,0.0,0.0,0.0,0.0,0.0,1.0,0.0,0.0,2.0,0.0,48,758.2,327.2,246.5,81.3,44.7,58.6,8.0,6.0,33.4,51
realmadridcf:10,realmadridcf,Real Madrid C. F.,30,2025-06-22,https://www.fifatrainingcentre.com/media/native/tournaments/fcwc/2025/M30%20RMA%20V%20PAC%20POST%20MATCH%20REPORT.pdf,10,Luka MODRIC,37.0,34.0,92.0,2.0,1.0,0.0,10.0,10.0,100.0,0.0,0.0,0.0,0.0,0.0,43,0.0,0.0,1.0,1.0,0.0,3.0,0.0,0.0,0.0,0.0,2.0,2.0,0.0,1.0,1.0,48,3944.1,1544.0,1768.6,542.7,67.6,21.2,44.0,7.0,29.5,51
realmadridcf:19,realmadridcf,Real Madrid C. F.,30,2025-06-22,https://www.fifatrainingcentre.com/media/native/tournaments/fcwc/2025/M30%20RMA%20V%20PAC%20POST%20MATCH%20REPORT.pdf,19,Dani CEBALLOS,50.0,49.0,98.0,1.0,0.0,0.0,10.0,9.0,90.0,2.0,0.0,2.0,0.0,0.0,43,2.0,1.0,1.0,0.0,2.0,3.0,0.0,0.0,1.0,0.0,1.0,4.0,0.0,1.0,2.0,48,4433.8,1533.1,2025.6,754.5,111.9,8.6,57.0,9.0,26.1,51
realmadridcf:21,realmadridcf,Real Madrid C. F.,30,2025-06-22,https://www.fifatrainingcentre.com/media/native/tournaments/fcwc/2025/M30%20RMA%20V%20PAC%20POST%20MATCH%20REPORT.pdf,21,Brahim DIAZ,24.0,23.0,96.0,0.0,1.0,0.0,4.0,4.0,100.0,0.0,0.0,0.0,0.0,0.0,43,1.0,0.0,1.0,0.0,2.0,4.0,0.0,1.0,2.0,0.0,2.0,1.0,1.0,0.0,1.0,48,5648.8,2021.3,2512.7,752.3,245.8,116.7,55.0,22.0,30.6,51
realmadridcf:22,realmadridcf,Real Madrid C. F.,30,2025-06-22,https://www.fifatrainingcentre.com/media/native/tournaments/fcwc/2025/M30%20RMA%20V%20PAC%20POST%20MATCH%20REPORT.pdf,22,Antonio RUEDIGER,16.0,15.0,94.0,0.0,0.0,0.0,2.0,2.0,100.0,0.0,0.0,0.0,0.0,0.0,43,1.0,1.0,2.0,0.0,0.0,1.0,0.0,0.0,0.0,0.0,0.0,1.0,0.0,2.0,0.0,48,2076.8,905.3,810.0,199.9,98.0,63.6,20.0,9.0,28.7,51
realmadridcf:44,realmadridcf,Real Madrid C. F.,30,2025-06-22,https://www.fifatrainingcentre.com/media/native/tournaments/fcwc/2025/M30%20RMA%20V%20PAC%20POST%20MATCH%20REPORT.pdf,44,Victor MUNOZ,0.0,0.0,0.0,0.0,1.0,0.0,0.0,0.0,0.0,0.0,0.0,0.0,0.0,0.0,43,0.0,0.0,0.0,0.0,2.0,8.0,0.0,0.0,0.0,0.0,0.0,4.0,3.0,0.0,0.0,48,1388.2,433.7,611.9,187.9,115.2,39.5,11.0,12.0,31.1,51
cfpachuca:25,cfpachuca,CF Pachuca,30,2025-06-22,https://www.fifatrainingcentre.com/media/native/tournaments/fcwc/2025/M30%20RMA%20V%20PAC%20POST%20MATCH%20REPORT.pdf,25,Carlos MORENO,19.0,16.0,84.0,0.0,0.0,0.0,2.0,1.0,50.0,0.0,0.0,0.0,0.0,0.0,45,0.0,0.0,0.0,0.0,0.0,0.0,0.0,0.0,0.0,0.0,3.0,0.0,0.0,5.0,0.0,49,5161.3,4093.6,889.7,154.1,16.9,7.0,14.0,2.0,26.2,52
cfpachuca:4,cfpachuca,CF Pachuca,30,2025-06-22,https://www.fifatrainingcentre.com/media/native/tournaments/fcwc/2025/M30%20RMA%20V%20PAC%20POST%20MATCH%20REPORT.pdf,4,EDUARDO BAUERMANN,36.0,34.0,94.0,0.0,0.0,0.0,8.0,6.0,75.0,0.0,0.0,0.0,1.0,0.0,45,4.0,0.0,3.0,4.0,8.0,5.0,2.0,0.0,2.0,1.0,3.0,6.0,4.0,8.0,1.0,49,9905.7,4502.3,3784.3,936.5,424.7,257.9,82.0,38.0,34.4,52
cfpachuca:8,cfpachuca,CF Pachuca,30,2025-06-22,https://www.fifatrainingcentre.com/media/native/tournaments/fcwc/2025/M30%20RMA%20V%20PAC%20POST%20MATCH%20REPORT.pdf,8,Bryan GONZALEZ,43.0,41.0,95.0,0.0,4.0,2.0,6.0,5.0,83.0,0.0,0.0,0.0,0.0,0.0,45,0.0,0.0,4.0,0.0,1.0,16.0,1.0,0.0,1.0,2.0,4.0,18.0,7.0,3.0,1.0,49,11396.9,4041.0,5028.7,1596.5,541.8,188.9,132.0,49.0,31.3,52
cfpachuca:12,cfpachuca,CF Pachuca,30,2025-06-22,https://www.fifatrainingcentre.com/media/native/tournaments/fcwc/2025/M30%20RMA%20V%20PAC%20POST%20MATCH%20REPORT.pdf,12,Alexei DOMINGUEZ,8.0,4.0,50.0,0.0,1.0,0.0,2.0,0.0,0.0,1.0,0.0,1.0,0.0,0.0,45,2.0,0.0,0.0,0.0,4.0,19.0,0.0,0.0,0.0,0.0,2.0,11.0,10.0,0.0,0.0,49,5372.6,2132.0,1960.9,695.1,411.7,172.9,65.0,35.0,32.3,52
cfpachuca:16,cfpachuca,CF Pachuca,30,2025-06-22,https://www.fifatrainingcentre.com/media/native/tournaments/fcwc/2025/M30%20RMA%20V%20PAC%20POST%20MATCH%20REPORT.pdf,16,Federico PEREIRA,66.0,63.0,95.0,1.0,2.0,1.0,13.0,11.0,85.0,2.0,0.0,2.0,1.0,0.0,45,7.0,3.0,2.0,1.0,7.0,9.0,1.0,0.0,1.0,4.0,4.0,11.0,4.0,7.0,3.0,49,10005.2,4053.7,4082.7,1222.5,464.5,181.9,105.0,39.0,32.0,52
cfpachuca:18,cfpachuca,CF Pachuca,30,2025-06-22,https://www.fifatrainingcentre.com/media/native/tournaments/fcwc/2025/M30%20RMA%20V%20PAC%20POST%20MATCH%20REPORT.pdf,18,Agustin PALAVECINO,61.0,52.0,85.0,5.0,2.0,1.0,20.0,14.0,70.0,4.0,1.0,3.0,4.0,0.0,45,2.0,0.0,3.0,2.0,6.0,31.0,0.0,0.0,0.0,0.0,4.0,33.0,16.0,5.0,0.0,49,9032.5,2831.2,4251.2,1461.9,442.3,45.8,118.0,33.0,27.0,52
cfpachuca:23,cfpachuca,CF Pachuca,30,2025-06-22,https://www.fifatrainingcentre.com/media/native/tournaments/fcwc/2025/M30%20RMA%20V%20PAC%20POST%20MATCH%20REPORT.pdf,23,Salomon RONDON,11.0,8.0,73.0,0.0,0.0,0.0,1.0,1.0,100.0,0.0,0.0,0.0,4.0,0.0,45,1.0,0.0,0.0,0.0,4.0,29.0,1.0,0.0,1.0,1.0,1.0,27.0,17.0,0.0,1.0,49,9409.9,4694.6,3517.0,792.2,258.0,148.1,79.0,22.0,32.6,52
cfpachuca:24,cfpachuca,CF Pachuca,30,2025-06-22,https://www.fifatrainingcentre.com/media/native/tournaments/fcwc/2025/M30%20RMA%20V%20PAC%20POST%20MATCH%20REPORT.pdf,24,Luis RODRIGUEZ,35.0,32.0,91.0,0.0,1.0,1.0,9.0,8.0,89.0,1.0,1.0,0.0,0.0,0.0,45,1.0,0.0,1.0,1.0,4.0,12.0,0.0,0.0,0.0,2.0,8.0,11.0,3.0,3.0,2.0,49,6293.8,2659.6,2354.3,741.5,340.6,197.8,60.0,27.0,30.1,52
cfpachuca:26,cfpachuca,CF Pachuca,30,2025-06-22,https://www.fifatrainingcentre.com/media/native/tournaments/fcwc/2025/M30%20RMA%20V%20PAC%20POST%20MATCH%20REPORT.pdf,26,Alan BAUTISTA,7.0,6.0,86.0,0.0,0.0,0.0,0.0,0.0,0.0,1.0,1.0,0.0,1.0,0.0,45,1.0,0.0,1.0,0.0,0.0,24.0,0.0,0.0,0.0,0.0,2.0,16.0,11.0,0.0,0.0,49,5607.3,1491.3,2679.0,916.3,353.7,167.0,87.0,26.0,31.7,52
cfpachuca:28,cfpachuca,CF Pachuca,30,2025-06-22,https://www.fifatrainingcentre.com/media/native/tournaments/fcwc/2025/M30%20RMA%20V%20PAC%20POST%20MATCH%20REPORT.pdf,28,Elias MONTIEL,67.0,63.0,94.0,2.0,3.0,0.0,18.0,17.0,94.0,4.0,1.0,3.0,3.0,1.0,45,1.0,1.0,1.0,1.0,8.0,18.0,0.0,0.0,0.0,0.0,3.0,6.0,3.0,3.0,0.0,49,11885.0,3411.9,5741.1,2026.2,589.1,116.8,179.0,46.0,30.3,52
cfpachuca:29,cfpachuca,CF Pachuca,30,2025-06-22,https://www.fifatrainingcentre.com/media/native/tournaments/fcwc/2025/M30%20RMA%20V%20PAC%20POST%20MATCH%20REPORT.pdf,29,KENEDY,20.0,19.0,95.0,0.0,0.0,0.0,3.0,3.0,100.0,1.0,0.0,1.0,3.0,0.0,45,0.0,0.0,1.0,1.0,0.0,22.0,0.0,0.0,0.0,0.0,6.0,12.0,8.0,1.0,1.0,49,7010.1,2648.8,2700.6,1075.5,365.7,219.6,92.0,34.0,34.2,52
cfpachuca:10,cfpachuca,CF Pachuca,30,2025-06-22,https://www.fifatrainingcentre.com/media/native/tournaments/fcwc/2025/M30%20RMA%20V%20PAC%20POST%20MATCH%20REPORT.pdf,10,JOHN KENNEDY,12.0,7.0,58.0,1.0,1.0,0.0,3.0,2.0,67.0,7.0,5.0,2.0,5.0,0.0,45,1.0,0.0,1.0,0.0,1.0,19.0,0.0,0.0,0.0,0.0,4.0,15.0,12.0,1.0,1.0,49,4722.9,1898.4,1991.3,646.8,180.3,6.1,48.0,14.0,25.4,52
cfpachuca:14,cfpachuca,CF Pachuca,30,2025-06-22,https://www.fifatrainingcentre.com/media/native/tournaments/fcwc/2025/M30%20RMA%20V%20PAC%20POST%20MATCH%20REPORT.pdf,14,Carlos SANCHEZ,8.0,7.0,88.0,0.0,3.0,1.0,3.0,1.0,33.0,2.0,2.0,0.0,1.0,0.0,45,3.0,0.0,3.0,0.0,3.0,14.0,0.0,0.0,0.0,0.0,3.0,9.0,8.0,1.0,1.0,49,4270.3,1449.7,1929.6,610.5,223.4,57.2,57.0,20.0,31.1,52
cfpachuca:19,cfpachuca,CF Pachuca,30,2025-06-22,https://www.fifatrainingcentre.com/media/native/tournaments/fcwc/2025/M30%20RMA%20V%20PAC%20POST%20MATCH%20REPORT.pdf,19,Eduardo LOPEZ,17.0,16.0,94.0,0.0,1.0,1.0,3.0,2.0,67.0,0.0,0.0,0.0,1.0,0.0,45,3.0,0.0,0.0,0.0,3.0,19.0,0.0,0.0,1.0,0.0,2.0,15.0,10.0,1.0,1.0,49,4102.9,1507.6,1842.1,632.4,115.7,5.1,56.0,9.0,25.5,52
cfpachuca:22,cfpachuca,CF Pachuca,30,2025-06-22,https://www.fifatrainingcentre.com/media/native/tournaments/fcwc/2025/M30%20RMA%20V%20PAC%20POST%20MATCH%20REPORT.pdf,22,Gustavo CABRAL,15.0,13.0,87.0,1.0,0.0,0.0,4.0,2.0,50.0,0.0,0.0,0.0,0.0,0.0,45,1.0,0.0,0.0,3.0,1.0,5.0,0.0,0.0,0.0,4.0,2.0,6.0,1.0,4.0,3.0,49,4987.8,2368.8,1922.7,473.9,182.6,39.8,38.0,16.0,28.1,52
cfpachuca:32,cfpachuca,CF Pachuca,30,2025-06-22,https://www.fifatrainingcentre.com/media/native/tournaments/fcwc/2025/M30%20RMA%20V%20PAC%20POST%20MATCH%20REPORT.pdf,32,Victor GUZMAN,19.0,17.0,89.0,0.0,0.0,0.0,2.0,1.0,50.0,0.0,0.0,0.0,0.0,0.0,45,2.0,0.0,1.0,1.0,3.0,24.0,0.0,0.0,1.0,0.0,1.0,12.0,7.0,1.0,1.0,49,2952.5,1029.7,1344.2,443.8,128.1,6.7,41.0,9.0,25.2,52
fcsalzburg:52,fcsalzburg,FC Salzburg,31,2025-06-22,https://www.fifatrainingcentre.com/media/native/tournaments/fcwc/2025/M31%20SAL%20V%20HIL%20POST%20MATCH%20REPORT.pdf,52,Christian ZAWIESCHITZKY,26.0,23.0,88.0,0.0,0.0,0.0,5.0,3.0,60.0,0.0,0.0,0.0,0.0,0.0,43,0.0,0.0,0.0,0.0,0.0,0.0,0.0,0.0,0.0,0.0,1.0,0.0,0.0,7.0,0.0,48,4079.7,3155.0,856.1,52.4,16.1,0.0,3.0,1.0,24.0,51
fcsalzburg:2,fcsalzburg,FC Salzburg,31,2025-06-22,https://www.fifatrainingcentre.com/media/native/tournaments/fcwc/2025/M31%20SAL%20V%20HIL%20POST%20MATCH%20REPORT.pdf,2,Jacob RASMUSSEN,73.0,69.0,95.0,0.0,0.0,0.0,14.0,12.0,86.0,0.0,0.0,0.0,0.0,0.0,43,1.0,0.0,6.0,3.0,1.0,2.0,1.0,0.0,1.0,8.0,5.0,20.0,1.0,11.0,5.0,48,8979.1,4625.6,3234.1,768.6,230.2,120.6,75.0,18.0,29.0,51
fcsalzburg:5,fcsalzburg,FC Salzburg,31,2025-06-22,https://www.fifatrainingcentre.com/media/native/tournaments/fcwc/2025/M31%20SAL%20V%20HIL%20POST%20MATCH%20REPORT.pdf,5,Soumaila DIABATE,14.0,9.0,64.0,0.0,0.0,0.0,4.0,2.0,50.0,0.0,0.0,0.0,1.0,0.0,43,2.0,1.0,5.0,1.0,2.0,11.0,0.0,0.0,0.0,5.0,1.0,20.0,2.0,6.0,2.0,48,5753.4,1752.7,2692.2,1082.8,202.0,23.7,94.0,17.0,27.7,51
fcsalzburg:9,fcsalzburg,FC Salzburg,31,2025-06-22,https://www.fifatrainingcentre.com/media/native/tournaments/fcwc/2025/M31%20SAL%20V%20HIL%20POST%20MATCH%20REPORT.pdf,9,Karim ONISIWO,8.0,6.0,75.0,0.0,1.0,1.0,1.0,0.0,0.0,1.0,1.0,0.0,2.0,0.0,43,3.0,0.0,2.0,0.0,4.0,22.0,1.0,0.0,1.0,3.0,3.0,26.0,14.0,2.0,3.0,48,7972.8,2588.3,3541.9,1135.4,507.9,199.2,106.0,42.0,33.3,51
fcsalzburg:13,fcsalzburg,FC Salzburg,31,2025-06-22,https://www.fifatrainingcentre.com/media/native/tournaments/fcwc/2025/M31%20SAL%20V%20HIL%20POST%20MATCH%20REPORT.pdf,13,Frans KRAETZIG,44.0,36.0,82.0,0.0,1.0,1.0,14.0,10.0,71.0,1.0,0.0,1.0,0.0,0.0,43,9.0,0.0,2.0,2.0,9.0,27.0,0.0,0.0,0.0,2.0,4.0,35.0,25.0,3.0,5.0,48,10294.6,4143.5,4205.8,1340.3,497.3,107.8,137.0,37.0,32.7,51
fcsalzburg:18,fcsalzburg,FC Salzburg,31,2025-06-22,https://www.fifatrainingcentre.com/media/native/tournaments/fcwc/2025/M31%20SAL%20V%20HIL%20POST%20MATCH%20REPORT.pdf,18,Mads BIDSTRUP,40.0,36.0,90.0,0.0,0.0,0.0,10.0,10.0,100.0,2.0,1.0,1.0,1.0,0.0,43,7.0,2.0,2.0,1.0,11.0,15.0,1.0,0.0,1.0,2.0,10.0,17.0,10.0,4.0,2.0,48,12029.0,3425.5,6114.4,1896.6,473.3,119.2,146.0,39.0,31.3,51
fcsalzburg:20,fcsalzburg,FC Salzburg,31,2025-06-22,https://www.fifatrainingcentre.com/media/native/tournaments/fcwc/2025/M31%20SAL%20V%20HIL%20POST%20MATCH%20REPORT.pdf,20,Edmund BAIDOO,8.0,7.0,88.0,0.0,1.0,0.0,1.0,1.0,100.0,1.0,1.0,0.0,2.0,0.0,43,3.0,0.0,0.0,0.0,5.0,26.0,0.0,0.0,0.0,0.0,1.0,22.0,14.0,0.0,0.0,48,9469.9,2961.0,4249.5,1213.1,670.8,375.4,110.0,59.0,33.6,51
fcsalzburg:22,fcsalzburg,FC Salzburg,31,2025-06-22,https://www.fifatrainingcentre.com/media/native/tournaments/fcwc/2025/M31%20SAL%20V%20HIL%20POST%20MATCH%20REPORT.pdf,22,Stefan LAINER,48.0,35.0,73.0,0.0,4.0,0.0,18.0,10.0,56.0,3.0,1.0,2.0,1.0,0.0,43,2.0,2.0,5.0,1.0,6.0,19.0,1.0,0.0,1.0,7.0,6.0,14.0,11.0,4.0,11.0,48,10360.6,4017.2,4277.2,1300.4,551.4,214.5,115.0,48.0,32.0,51
fcsalzburg:23,fcsalzburg,FC Salzburg,31,2025-06-22,https://www.fifatrainingcentre.com/media/native/tournaments/fcwc/2025/M31%20SAL%20V%20HIL%20POST%20MATCH%20REPORT.pdf,23,Joane GADOU,65.0,57.0,88.0,1.0,0.0,0.0,24.0,19.0,79.0,5.0,0.0,5.0,0.0,0.0,43,2.0,0.0,6.0,0.0,6.0,6.0,1.0,0.0,2.0,6.0,10.0,6.0,4.0,5.0,6.0,48,8778.5,4222.3,3334.4,747.1,291.3,183.3,60.0,28.0,33.3,51
fcsalzburg:30,fcsalzburg,FC Salzburg,31,2025-06-22,https://www.fifatrainingcentre.com/media/native/tournaments/fcwc/2025/M31%20SAL%20V%20HIL%20POST%20MATCH%20REPORT.pdf,30,Oscar GLOUKH,18.0,14.0,78.0,0.0,3.0,1.0,5.0,5.0,100.0,1.0,0.0,1.0,1.0,0.0,43,1.0,1.0,0.0,1.0,10.0,47.0,0.0,0.0,0.0,0.0,4.0,36.0,22.0,2.0,0.0,48,7510.9,2969.9,3183.5,1000.8,314.2,42.4,86.0,27.0,29.0,51
fcsalzburg:45,fcsalzburg,FC Salzburg,31,2025-06-22,https://www.fifatrainingcentre.com/media/native/tournaments/fcwc/2025/M31%20SAL%20V%20HIL%20POST%20MATCH%20REPORT.pdf,45,Dorgeles NENE,28.0,24.0,86.0,0.0,1.0,0.0,7.0,6.0,86.0,2.0,1.0,1.0,3.0,0.0,43,3.0,2.0,6.0,1.0,5.0,24.0,0.0,0.0,0.0,0.0,6.0,20.0,12.0,5.0,1.0,48,8802.8,3737.4,3214.6,1189.3,467.9,193.6,107.0,46.0,32.7,51
fcsalzburg:8,fcsalzburg,FC Salzburg,31,2025-06-22,https://www.fifatrainingcentre.com/media/native/tournaments/fcwc/2025/M31%20SAL%20V%20HIL%20POST%20MATCH%20REPORT.pdf,8,Sota KITANO,8.0,6.0,75.0,0.0,1.0,0.0,2.0,2.0,100.0,0.0,0.0,0.0,0.0,0.0,43,2.0,0.0,1.0,0.0,2.0,13.0,0.0,0.0,0.0,1.0,3.0,9.0,6.0,0.0,1.0,48,3051.8,1010.0,1183.9,498.1,258.1,101.7,41.0,26.0,29.9,51
fcsalzburg:11,fcsalzburg,FC Salzburg,31,2025-06-22,https://www.fifatrainingcentre.com/media/native/tournaments/fcwc/2025/M31%20SAL%20V%20HIL%20POST%20MATCH%20REPORT.pdf,11,Yorbe VERTESSEN,3.0,2.0,67.0,0.0,0.0,0.0,0.0,0.0,0.0,1.0,1.0,0.0,1.0,0.0,43,0.0,0.0,1.0,0.0,0.0,7.0,0.0,0.0,0.0,0.0,0.0,4.0,1.0,0.0,0.0,48,2193.7,661.6,980.9,367.3,150.4,33.5,30.0,10.0,30.0,51
fcsalzburg:14,fcsalzburg,FC Salzburg,31,2025-06-22,https://www.fifatrainingcentre.com/media/native/tournaments/fcwc/2025/M31%20SAL%20V%20HIL%20POST%20MATCH%20REPORT.pdf,14,Maurits KJAERGAARD,5.0,4.0,80.0,0.0,5.0,1.0,2.0,1.0,50.0,0.0,0.0,0.0,2.0,0.0,43,1.0,1.0,1.0,0.0,0.0,7.0,0.0,0.0,0.0,0.0,1.0,3.0,3.0,1.0,0.0,48,2360.6,610.9,1055.8,519.1,145.5,29.3,44.0,13.0,29.2,51
fcsalzburg:28,fcsalzburg,FC Salzburg,31,2025-06-22,https://www.fifatrainingcentre.com/media/native/tournaments/fcwc/2025/M31%20SAL%20V%20HIL%20POST%20MATCH%20REPORT.pdf,28,Adam DAGHIM,6.0,4.0,67.0,0.0,0.0,0.0,2.0,1.0,50.0,0.0,0.0,0.0,0.0,0.0,43,1.0,0.0,1.0,1.0,3.0,13.0,0.0,0.0,0.0,0.0,3.0,8.0,7.0,3.0,0.0,48,3642.8,1167.2,1619.8,478.6,212.8,164.3,44.0,20.0,34.2,51
fcsalzburg:36,fcsalzburg,FC Salzburg,31,2025-06-22,https://www.fifatrainingcentre.com/media/native/tournaments/fcwc/2025/M31%20SAL%20V%20HIL%20POST%20MATCH%20REPORT.pdf,36,John MELLBERG,26.0,24.0,92.0,0.0,0.0,0.0,6.0,6.0,100.0,0.0,0.0,0.0,1.0,0.0,43,0.0,0.0,2.0,1.0,0.0,2.0,3.0,0.0,3.0,6.0,4.0,5.0,0.0,6.0,5.0,48,4999.5,1927.6,2193.6,549.2,188.6,140.6,51.0,16.0,31.7,51
alhilal:37,alhilal,Al Hilal,31,2025-06-22,https://www.fifatrainingcentre.com/media/native/tournaments/fcwc/2025/M31%20SAL%20V%20HIL%20POST%20MATCH%20REPORT.pdf,37,Yassine BOUNOU,29.0,24.0,83.0,0.0,0.0,0.0,8.0,5.0,62.0,0.0,0.0,0.0,0.0,0.0,45,0.0,0.0,0.0,0.0,0.0,0.0,0.0,0.0,0.0,1.0,3.0,0.0,0.0,11.0,0.0,49,4056.8,3394.3,624.2,38.3,0.0,0.0,4.0,0.0,18.0,52
alhilal:3,alhilal,Al Hilal,31,2025-06-22,https://www.fifatrainingcentre.com/media/native/tournaments/fcwc/2025/M31%20SAL%20V%20HIL%20POST%20MATCH%20REPORT.pdf,3,Kalidou KOULIBALY,57.0,51.0,89.0,1.0,0.0,0.0,24.0,21.0,88.0,1.0,0.0,1.0,1.0,0.0,45,5.0,1.0,3.0,2.0,5.0,2.0,1.0,0.0,1.0,1.0,4.0,8.0,3.0,5.0,3.0,49,9321.3,4290.5,3287.5,1200.7,478.2,64.3,102.0,37.0,32.0,52
alhilal:6,alhilal,Al Hilal,31,2025-06-22,https://www.fifatrainingcentre.com/media/native/tournaments/fcwc/2025/M31%20SAL%20V%20HIL%20POST%20MATCH%20REPORT.pdf,6,RENAN LODI,60.0,51.0,85.0,1.0,5.0,0.0,16.0,10.0,62.0,1.0,1.0,0.0,0.0,0.0,45,5.0,3.0,3.0,0.0,5.0,19.0,0.0,0.0,0.0,1.0,9.0,33.0,15.0,5.0,2.0,49,9538.4,3888.1,3615.8,1251.7,602.2,180.5,110.0,46.0,30.7,52
alhilal:8,alhilal,Al Hilal,31,2025-06-22,https://www.fifatrainingcentre.com/media/native/tournaments/fcwc/2025/M31%20SAL%20V%20HIL%20POST%20MATCH%20REPORT.pdf,8,RUBEN NEVES,87.0,80.0,92.0,1.0,10.0,4.0,30.0,22.0,73.0,0.0,0.0,0.0,1.0,0.0,45,4.0,0.0,2.0,2.0,2.0,3.0,0.0,0.0,0.0,2.0,10.0,14.0,3.0,3.0,4.0,49,11137.5,3845.1,5068.8,1664.0,442.2,117.4,151.0,35.0,32.4,52
alhilal:11,alhilal,Al Hilal,31,2025-06-22,https://www.fifatrainingcentre.com/media/native/tournaments/fcwc/2025/M31%20SAL%20V%20HIL%20POST%20MATCH%20REPORT.pdf,11,MARCOS LEONARDO,11.0,7.0,64.0,0.0,0.0,0.0,0.0,0.0,0.0,1.0,1.0,0.0,1.0,0.0,45,0.0,0.0,0.0,0.0,0.0,22.0,1.0,0.0,1.0,0.0,2.0,8.0,3.0,0.0,0.0,49,9378.4,3960.6,4031.3,760.8,337.3,288.4,65.0,36.0,31.4,52
alhilal:16,alhilal,Al Hilal,31,2025-06-22,https://www.fifatrainingcentre.com/media/native/tournaments/fcwc/2025/M31%20SAL%20V%20HIL%20POST%20MATCH%20REPORT.pdf,16,NASSER ALDAWSARI,44.0,37.0,84.0,0.0,0.0,0.0,15.0,14.0,93.0,3.0,2.0,1.0,1.0,0.0,45,5.0,1.0,9.0,2.0,7.0,18.0,2.0,0.0,2.0,1.0,9.0,26.0,6.0,7.0,6.0,49,10597.8,3474.7,4429.5,1942.0,634.0,117.5,164.0,53.0,29.6,52
alhilal:20,alhilal,Al Hilal,31,2025-06-22,https://www.fifatrainingcentre.com/media/native/tournaments/fcwc/2025/M31%20SAL%20V%20HIL%20POST%20MATCH%20REPORT.pdf,20,JOAO CANCELO,55.0,45.0,82.0,0.0,3.0,0.0,24.0,13.0,54.0,3.0,3.0,0.0,3.0,0.0,45,0.0,0.0,2.0,0.0,0.0,5.0,0.0,0.0,0.0,3.0,5.0,7.0,5.0,1.0,4.0,49,8168.3,3884.0,2878.1,980.3,363.3,62.6,87.0,31.0,28.2,52
alhilal:22,alhilal,Al Hilal,31,2025-06-22,https://www.fifatrainingcentre.com/media/native/tournaments/fcwc/2025/M31%20SAL%20V%20HIL%20POST%20MATCH%20REPORT.pdf,22,Sergej MILINKOVICSAVIC,35.0,31.0,89.0,1.0,4.0,0.0,5.0,4.0,80.0,1.0,1.0,0.0,4.0,0.0,45,2.0,2.0,3.0,0.0,0.0,33.0,7.0,0.0,7.0,0.0,10.0,26.0,19.0,3.0,1.0,49,11308.0,4123.5,5214.1,1560.6,354.0,55.8,121.0,30.0,28.8,52
alhilal:29,alhilal,Al Hilal,31,2025-06-22,https://www.fifatrainingcentre.com/media/native/tournaments/fcwc/2025/M31%20SAL%20V%20HIL%20POST%20MATCH%20REPORT.pdf,29,SALEM ALDAWSARI,33.0,24.0,73.0,0.0,6.0,2.0,11.0,5.0,45.0,4.0,4.0,0.0,4.0,0.0,45,3.0,1.0,2.0,0.0,5.0,25.0,0.0,0.0,0.0,0.0,6.0,16.0,10.0,3.0,2.0,49,9321.8,4486.9,3052.2,1018.7,482.4,281.5,98.0,46.0,33.5,52
alhilal:77,alhilal,Al Hilal,31,2025-06-22,https://www.fifatrainingcentre.com/media/native/tournaments/fcwc/2025/M31%20SAL%20V%20HIL%20POST%20MATCH%20REPORT.pdf,77,MALCOM,34.0,31.0,91.0,0.0,0.0,0.0,2.0,1.0,50.0,4.0,3.0,1.0,3.0,0.0,45,1.0,0.0,2.0,0.0,1.0,14.0,1.0,0.0,1.0,0.0,2.0,5.0,5.0,1.0,1.0,49,7404.7,2770.3,3308.3,927.4,271.7,127.0,91.0,23.0,31.5,52
alhilal:87,alhilal,Al Hilal,31,2025-06-22,https://www.fifatrainingcentre.com/media/native/tournaments/fcwc/2025/M31%20SAL%20V%20HIL%20POST%20MATCH%20REPORT.pdf,87,HASSAN ALTAMBAKTI,63.0,58.0,92.0,0.0,0.0,0.0,11.0,10.0,91.0,0.0,0.0,0.0,0.0,0.0,45,5.0,0.0,6.0,2.0,4.0,3.0,2.0,0.0,3.0,4.0,5.0,1.0,0.0,5.0,5.0,49,9102.9,3513.1,3770.7,1129.7,456.3,233.1,99.0,43.0,33.3,52
alhilal:18,alhilal,Al Hilal,31,2025-06-22,https://www.fifatrainingcentre.com/media/native/tournaments/fcwc/2025/M31%20SAL%20V%20HIL%20POST%20MATCH%20REPORT.pdf,18,MUSAB ALJUWAYR,9.0,8.0,89.0,0.0,1.0,0.0,2.0,1.0,50.0,0.0,0.0,0.0,0.0,0.0,45,0.0,0.0,0.0,0.0,0.0,3.0,0.0,0.0,0.0,0.0,2.0,1.0,1.0,0.0,0.0,49,1087.8,306.4,469.9,229.9,72.4,9.2,22.0,6.0,26.0,52
alhilal:24,alhilal,Al Hilal,31,2025-06-22,https://www.fifatrainingcentre.com/media/native/tournaments/fcwc/2025/M31%20SAL%20V%20HIL%20POST%20MATCH%20REPORT.pdf,24,MOTEB ALHARBI,5.0,3.0,60.0,0.0,0.0,0.0,0.0,0.0,0.0,0.0,0.0,0.0,0.0,0.0,45,1.0,1.0,1.0,0.0,1.0,2.0,0.0,0.0,1.0,1.0,0.0,5.0,2.0,1.0,0.0,49,880.7,258.6,335.7,163.5,106.6,16.2,17.0,10.0,26.0,52
alhilal:28,alhilal,Al Hilal,31,2025-06-22,https://www.fifatrainingcentre.com/media/native/tournaments/fcwc/2025/M31%20SAL%20V%20HIL%20POST%20MATCH%20REPORT.pdf,28,MOHAMED KANNO,7.0,6.0,86.0,0.0,0.0,0.0,1.0,0.0,0.0,0.0,0.0,0.0,0.0,0.0,45,3.0,2.0,2.0,0.0,2.0,3.0,1.0,0.0,1.0,0.0,1.0,1.0,0.0,2.0,3.0,49,2612.9,1019.0,1030.6,364.2,163.1,35.9,31.0,13.0,28.7,52
alhilal:78,alhilal,Al Hilal,31,2025-06-22,https://www.fifatrainingcentre.com/media/native/tournaments/fcwc/2025/M31%20SAL%20V%20HIL%20POST%20MATCH%20REPORT.pdf,78,ALI LAJAMI,6.0,4.0,67.0,0.0,0.0,0.0,4.0,2.0,50.0,0.0,0.0,0.0,0.0,0.0,45,0.0,0.0,0.0,0.0,0.0,0.0,0.0,0.0,0.0,2.0,0.0,0.0,0.0,0.0,2.0,49,782.4,326.3,380.2,75.9,0.0,0.0,6.0,0.0,20.0,52
alhilal:88,alhilal,Al Hilal,31,2025-06-22,https://www.fifatrainingcentre.com/media/native/tournaments/fcwc/2025/M31%20SAL%20V%20HIL%20POST%20MATCH%20REPORT.pdf,88,HAMAD ALYAMI,5.0,5.0,100.0,0.0,1.0,1.0,0.0,0.0,0.0,0.0,0.0,0.0,0.0,0.0,45,0.0,0.0,0.0,0.0,0.0,1.0,0.0,0.0,0.0,1.0,1.0,1.0,1.0,0.0,1.0,49,1759.6,528.4,709.5,328.5,171.8,21.3,29.0,13.0,25.4,52
manchestercity:18,manchestercity,Manchester City,32,2025-06-22,https://www.fifatrainingcentre.com/media/native/tournaments/fcwc/2025/M32%20MCI%20V%20AIN%20POST%20MATCH%20REPORT.pdf,18,Stefan ORTEGA,34.0,31.0,91.0,0.0,0.0,0.0,4.0,1.0,25.0,0.0,0.0,0.0,0.0,0.0,43,0.0,0.0,0.0,0.0,0.0,0.0,0.0,0.0,0.0,1.0,5.0,0.0,0.0,4.0,0.0,48,5963.8,4247.8,1441.5,240.7,33.8,0.0,29.0,2.0,21.9,51
manchestercity:9,manchestercity,Manchester City,32,2025-06-22,https://www.fifatrainingcentre.com/media/native/tournaments/fcwc/2025/M32%20MCI%20V%20AIN%20POST%20MATCH%20REPORT.pdf,9,Erling HAALAND,11.0,10.0,91.0,0.0,0.0,0.0,2.0,2.0,100.0,0.0,0.0,0.0,7.0,1.0,43,1.0,1.0,0.0,0.0,2.0,25.0,1.0,0.0,3.0,0.0,2.0,26.0,17.0,1.0,0.0,48,10165.2,4437.2,3761.4,1235.2,544.7,186.6,102.0,38.0,33.7,51
manchestercity:14,manchestercity,Manchester City,32,2025-06-22,https://www.fifatrainingcentre.com/media/native/tournaments/fcwc/2025/M32%20MCI%20V%20AIN%20POST%20MATCH%20REPORT.pdf,14,Nico GONZALEZ,63.0,60.0,95.0,0.0,0.0,0.0,17.0,17.0,100.0,1.0,0.0,1.0,0.0,0.0,43,0.0,0.0,0.0,0.0,2.0,5.0,1.0,0.0,1.0,2.0,2.0,8.0,1.0,1.0,2.0,48,7710.7,2346.8,3822.1,1266.3,260.7,14.9,94.0,17.0,26.2,51
manchestercity:19,manchestercity,Manchester City,32,2025-06-22,https://www.fifatrainingcentre.com/media/native/tournaments/fcwc/2025/M32%20MCI%20V%20AIN%20POST%20MATCH%20REPORT.pdf,19,Ilkay GUENDOGAN,83.0,78.0,94.0,0.0,4.0,0.0,11.0,8.0,73.0,2.0,1.0,1.0,2.0,2.0,43,1.0,0.0,1.0,0.0,1.0,15.0,0.0,0.0,0.0,0.0,9.0,5.0,4.0,1.0,0.0,48,11357.0,3366.2,5490.9,1831.3,606.1,62.6,162.0,44.0,28.2,51
manchestercity:20,manchestercity,Manchester City,32,2025-06-22,https://www.fifatrainingcentre.com/media/native/tournaments/fcwc/2025/M32%20MCI%20V%20AIN%20POST%20MATCH%20REPORT.pdf,20,BERNARDO SILVA,41.0,37.0,90.0,1.0,3.0,1.0,8.0,8.0,100.0,2.0,2.0,0.0,0.0,0.0,43,1.0,0.0,2.0,0.0,1.0,28.0,0.0,0.0,0.0,0.0,4.0,19.0,15.0,1.0,1.0,48,9794.9,2716.8,4844.2,1641.6,572.3,20.0,148.0,47.0,26.4,51
manchestercity:21,manchestercity,Manchester City,32,2025-06-22,https://www.fifatrainingcentre.com/media/native/tournaments/fcwc/2025/M32%20MCI%20V%20AIN%20POST%20MATCH%20REPORT.pdf,21,Rayan AITNOURI,64.0,61.0,95.0,0.0,5.0,1.0,9.0,7.0,78.0,4.0,3.0,1.0,3.0,0.0,43,2.0,1.0,2.0,1.0,5.0,14.0,1.0,0.0,1.0,1.0,3.0,6.0,4.0,3.0,1.0,48,10969.2,3862.0,4766.6,1456.3,659.6,224.6,124.0,52.0,32.1,51
manchestercity:24,manchestercity,Manchester City,32,2025-06-22,https://www.fifatrainingcentre.com/media/native/tournaments/fcwc/2025/M32%20MCI%20V%20AIN%20POST%20MATCH%20REPORT.pdf,24,Josko GVARDIOL,87.0,81.0,93.0,2.0,0.0,0.0,20.0,20.0,100.0,0.0,0.0,0.0,1.0,0.0,43,1.0,0.0,2.0,3.0,1.0,3.0,3.0,0.0,3.0,2.0,8.0,4.0,1.0,5.0,2.0,48,8782.2,3469.5,3326.4,1094.7,598.7,292.9,97.0,46.0,33.2,51
manchestercity:25,manchestercity,Manchester City,32,2025-06-22,https://www.fifatrainingcentre.com/media/native/tournaments/fcwc/2025/M32%20MCI%20V%20AIN%20POST%20MATCH%20REPORT.pdf,25,Manuel AKANJI,106.0,104.0,98.0,1.0,0.0,0.0,19.0,19.0,100.0,2.0,0.0,2.0,0.0,0.0,43,2.0,1.0,2.0,4.0,1.0,2.0,0.0,0.0,0.0,2.0,5.0,8.0,1.0,7.0,1.0,48,10022.5,4077.6,3967.6,1196.5,564.5,216.2,106.0,41.0,32.2,51
manchestercity:27,manchestercity,Manchester City,32,2025-06-22,https://www.fifatrainingcentre.com/media/native/tournaments/fcwc/2025/M32%20MCI%20V%20AIN%20POST%20MATCH%20REPORT.pdf,27,MATHEUS NUNES,76.0,72.0,95.0,2.0,4.0,1.0,16.0,14.0,88.0,4.0,3.0,1.0,1.0,0.0,43,3.0,0.0,1.0,1.0,6.0,12.0,0.0,0.0,0.0,0.0,5.0,9.0,8.0,1.0,3.0,48,10620.2,3966.2,4358.8,1327.0,637.9,330.2,120.0,50.0,32.7,51
manchestercity:30,manchestercity,Manchester City,32,2025-06-22,https://www.fifatrainingcentre.com/media/native/tournaments/fcwc/2025/M32%20MCI%20V%20AIN%20POST%20MATCH%20REPORT.pdf,30,Claudio ECHEVERRI,10.0,8.0,80.0,0.0,0.0,0.0,3.0,2.0,67.0,0.0,0.0,0.0,1.0,1.0,43,0.0,0.0,0.0,0.0,0.0,9.0,0.0,0.0,0.0,0.0,0.0,15.0,6.0,0.0,0.0,48,5561.8,1802.9,2465.5,955.4,295.8,42.2,80.0,22.0,30.0,51
manchestercity:45,manchestercity,Manchester City,32,2025-06-22,https://www.fifatrainingcentre.com/media/native/tournaments/fcwc/2025/M32%20MCI%20V%20AIN%20POST%20MATCH%20REPORT.pdf,45,Abdukodir KHUSANOV,70.0,66.0,94.0,3.0,1.0,0.0,16.0,14.0,88.0,0.0,0.0,0.0,1.0,0.0,43,3.0,0.0,1.0,1.0,2.0,3.0,2.0,0.0,2.0,2.0,2.0,10.0,2.0,3.0,1.0,48,6562.6,2704.6,2740.4,713.8,248.0,155.9,63.0,26.0,32.6,51
manchestercity:3,manchestercity,Manchester City,32,2025-06-22,https://www.fifatrainingcentre.com/media/native/tournaments/fcwc/2025/M32%20MCI%20V%20AIN%20POST%20MATCH%20REPORT.pdf,3,RUBEN DIAS,24.0,23.0,96.0,0.0,0.0,0.0,6.0,6.0,100.0,0.0,0.0,0.0,0.0,0.0,43,0.0,0.0,1.0,0.0,1.0,2.0,1.0,0.0,1.0,0.0,3.0,2.0,2.0,2.0,0.0,48,2631.1,774.8,1207.0,381.9,153.7,113.7,30.0,13.0,29.9,51
manchestercity:16,manchestercity,Manchester City,32,2025-06-22,https://www.fifatrainingcentre.com/media/native/tournaments/fcwc/2025/M32%20MCI%20V%20AIN%20POST%20MATCH%20REPORT.pdf,16,RODRI,44.0,41.0,93.0,1.0,0.0,0.0,10.0,10.0,100.0,0.0,0.0,0.0,1.0,0.0,43,4.0,1.0,0.0,0.0,3.0,5.0,0.0,0.0,0.0,0.0,2.0,2.0,0.0,2.0,0.0,48,4430.2,1152.1,2201.2,823.2,204.0,49.7,75.0,15.0,28.3,51
manchestercity:29,manchestercity,Manchester City,32,2025-06-22,https://www.fifatrainingcentre.com/media/native/tournaments/fcwc/2025/M32%20MCI%20V%20AIN%20POST%20MATCH%20REPORT.pdf,29,Rayan CHERKI,20.0,18.0,90.0,0.0,0.0,0.0,5.0,5.0,100.0,3.0,3.0,0.0,2.0,1.0,43,1.0,1.0,0.0,0.0,1.0,10.0,0.0,0.0,0.0,0.0,2.0,4.0,1.0,1.0,0.0,48,2678.5,769.5,1171.7,548.8,131.4,57.2,50.0,13.0,32.7,51
manchestercity:47,manchestercity,Manchester City,32,2025-06-22,https://www.fifatrainingcentre.com/media/native/tournaments/fcwc/2025/M32%20MCI%20V%20AIN%20POST%20MATCH%20REPORT.pdf,47,Phil FODEN,34.0,33.0,97.0,0.0,2.0,1.0,7.0,7.0,100.0,1.0,1.0,0.0,2.0,0.0,43,0.0,0.0,1.0,0.0,1.0,18.0,0.0,0.0,0.0,0.0,5.0,14.0,9.0,0.0,1.0,48,6627.3,1694.6,3319.5,1100.8,395.2,117.2,92.0,34.0,31.5,51
manchestercity:52,manchestercity,Manchester City,32,2025-06-22,https://www.fifatrainingcentre.com/media/native/tournaments/fcwc/2025/M32%20MCI%20V%20AIN%20POST%20MATCH%20REPORT.pdf,52,Oscar BOBB,17.0,16.0,94.0,0.0,1.0,0.0,1.0,1.0,100.0,0.0,0.0,0.0,1.0,1.0,43,0.0,0.0,0.0,0.0,1.0,14.0,0.0,0.0,1.0,0.0,0.0,9.0,6.0,1.0,0.0,48,3934.5,1325.7,1623.7,551.0,318.8,115.2,50.0,24.0,31.2,51
alainfc:17,alainfc,Al Ain FC,32,2025-06-22,https://www.fifatrainingcentre.com/media/native/tournaments/fcwc/2025/M32%20MCI%20V%20AIN%20POST%20MATCH%20REPORT.pdf,17,KHALID EISA,25.0,13.0,52.0,0.0,0.0,0.0,15.0,5.0,33.0,0.0,0.0,0.0,0.0,0.0,45,0.0,0.0,0.0,0.0,0.0,0.0,0.0,0.0,0.0,0.0,0.0,0.0,0.0,2.0,0.0,49,3970.2,3322.6,601.8,42.9,2.9,0.0,4.0,0.0,21.0,52
alainfc:5,alainfc,Al Ain FC,32,2025-06-22,https://www.fifatrainingcentre.com/media/native/tournaments/fcwc/2025/M32%20MCI%20V%20AIN%20POST%20MATCH%20REPORT.pdf,5,PARK Yongwoo,27.0,24.0,89.0,0.0,0.0,0.0,2.0,1.0,50.0,1.0,1.0,0.0,0.0,0.0,45,2.0,1.0,0.0,2.0,3.0,4.0,0.0,0.0,0.0,0.0,3.0,4.0,2.0,4.0,0.0,49,8724.5,3750.6,3723.8,927.4,238.8,83.9,91.0,23.0,29.3,52
alainfc:6,alainfc,Al Ain FC,32,2025-06-22,https://www.fifatrainingcentre.com/media/native/tournaments/fcwc/2025/M32%20MCI%20V%20AIN%20POST%20MATCH%20REPORT.pdf,6,YAHIA NADER,17.0,13.0,76.0,0.0,0.0,0.0,3.0,2.0,67.0,2.0,2.0,0.0,0.0,0.0,45,0.0,0.0,1.0,0.0,1.0,9.0,0.0,0.0,0.0,2.0,7.0,15.0,2.0,0.0,3.0,49,5610.0,1505.3,2976.3,935.7,176.5,16.1,83.0,14.0,27.9,52
alainfc:8,alainfc,Al Ain FC,32,2025-06-22,https://www.fifatrainingcentre.com/media/native/tournaments/fcwc/2025/M32%20MCI%20V%20AIN%20POST%20MATCH%20REPORT.pdf,8,MOHAMMED ABBAS,6.0,5.0,83.0,0.0,0.0,0.0,1.0,0.0,0.0,1.0,1.0,0.0,0.0,0.0,45,2.0,0.0,3.0,2.0,7.0,35.0,0.0,0.0,0.0,1.0,2.0,24.0,19.0,3.0,1.0,49,7531.2,2574.9,3325.8,1050.3,456.5,123.8,89.0,32.0,30.5,52
alainfc:21,alainfc,Al Ain FC,32,2025-06-22,https://www.fifatrainingcentre.com/media/native/tournaments/fcwc/2025/M32%20MCI%20V%20AIN%20POST%20MATCH%20REPORT.pdf,21,Soufiane RAHIMI,7.0,7.0,100.0,0.0,0.0,0.0,1.0,1.0,100.0,0.0,0.0,0.0,0.0,0.0,45,1.0,0.0,1.0,0.0,1.0,27.0,2.0,0.0,2.0,1.0,0.0,3.0,0.0,0.0,2.0,49,5750.4,1997.4,2665.1,573.5,272.1,242.2,52.0,22.0,32.8,52
alainfc:25,alainfc,Al Ain FC,32,2025-06-22,https://www.fifatrainingcentre.com/media/native/tournaments/fcwc/2025/M32%20MCI%20V%20AIN%20POST%20MATCH%20REPORT.pdf,25,RAMY RABIA,35.0,27.0,77.0,1.0,0.0,0.0,14.0,8.0,57.0,1.0,0.0,1.0,0.0,0.0,45,5.0,2.0,2.0,1.0,4.0,10.0,1.0,0.0,1.0,6.0,2.0,11.0,3.0,8.0,4.0,49,9767.7,3877.2,4393.6,1091.4,313.8,91.8,104.0,25.0,31.1,52
alainfc:28,alainfc,Al Ain FC,32,2025-06-22,https://www.fifatrainingcentre.com/media/native/tournaments/fcwc/2025/M32%20MCI%20V%20AIN%20POST%20MATCH%20REPORT.pdf,28,Nassim CHADLI,16.0,9.0,56.0,1.0,1.0,0.0,6.0,2.0,33.0,2.0,0.0,2.0,2.0,0.0,45,1.0,0.0,1.0,0.0,7.0,27.0,0.0,0.0,0.0,0.0,4.0,7.0,2.0,0.0,1.0,49,9204.5,3111.9,3583.8,1429.3,648.0,431.3,118.0,54.0,33.0,52
alainfc:36,alainfc,Al Ain FC,32,2025-06-22,https://www.fifatrainingcentre.com/media/native/tournaments/fcwc/2025/M32%20MCI%20V%20AIN%20POST%20MATCH%20REPORT.pdf,36,Facundo ZABALA,18.0,12.0,67.0,0.0,1.0,0.0,9.0,5.0,56.0,1.0,0.0,1.0,0.0,0.0,45,3.0,0.0,2.0,0.0,7.0,19.0,0.0,0.0,0.0,3.0,0.0,28.0,16.0,0.0,3.0,49,6492.8,2945.0,2672.0,606.3,184.2,85.3,62.0,16.0,32.1,52
alainfc:56,alainfc,Al Ain FC,32,2025-06-22,https://www.fifatrainingcentre.com/media/native/tournaments/fcwc/2025/M32%20MCI%20V%20AIN%20POST%20MATCH%20REPORT.pdf,56,Amadou NIANG,30.0,21.0,70.0,0.0,0.0,0.0,13.0,5.0,38.0,1.0,1.0,0.0,1.0,0.0,45,1.0,0.0,1.0,1.0,2.0,4.0,1.0,0.0,2.0,4.0,2.0,20.0,3.0,4.0,1.0,49,9405.0,3538.6,4331.9,1190.7,199.0,144.9,99.0,21.0,33.0,52
alainfc:70,alainfc,Al Ain FC,32,2025-06-22,https://www.fifatrainingcentre.com/media/native/tournaments/fcwc/2025/M32%20MCI%20V%20AIN%20POST%20MATCH%20REPORT.pdf,70,Abdoul Karim TRAORE,25.0,24.0,96.0,0.0,0.0,0.0,5.0,5.0,100.0,1.0,1.0,0.0,0.0,0.0,45,5.0,3.0,1.0,1.0,8.0,39.0,0.0,0.0,1.0,1.0,7.0,15.0,8.0,5.0,1.0,49,11628.6,3554.9,6089.8,1474.8,420.6,88.5,142.0,36.0,31.2,52
alainfc:97,alainfc,Al Ain FC,32,2025-06-22,https://www.fifatrainingcentre.com/media/native/tournaments/fcwc/2025/M32%20MCI%20V%20AIN%20POST%20MATCH%20REPORT.pdf,97,Adis JASIC,19.0,15.0,79.0,0.0,0.0,0.0,3.0,1.0,33.0,1.0,1.0,0.0,1.0,0.0,45,12.0,2.0,5.0,0.0,13.0,31.0,0.0,0.0,1.0,2.0,1.0,38.0,28.0,2.0,7.0,49,11027.6,3589.8,5188.8,1541.7,500.7,206.6,136.0,43.0,31.6,52
alainfc:9,alainfc,Al Ain FC,32,2025-06-22,https://www.fifatrainingcentre.com/media/native/tournaments/fcwc/2025/M32%20MCI%20V%20AIN%20POST%20MATCH%20REPORT.pdf,9,Kodjo LABA,7.0,6.0,86.0,0.0,0.0,0.0,2.0,1.0,50.0,2.0,2.0,0.0,0.0,0.0,45,0.0,0.0,1.0,0.0,0.0,10.0,1.0,0.0,2.0,0.0,3.0,1.0,1.0,2.0,0.0,49,5236.3,1881.8,2293.0,547.6,321.2,192.6,50.0,23.0,31.1,52
alainfc:10,alainfc,Al Ain FC,32,2025-06-22,https://www.fifatrainingcentre.com/media/native/tournaments/fcwc/2025/M32%20MCI%20V%20AIN%20POST%20MATCH%20REPORT.pdf,10,KAKU,21.0,18.0,86.0,1.0,1.0,1.0,11.0,8.0,73.0,1.0,0.0,1.0,0.0,0.0,45,4.0,1.0,1.0,1.0,3.0,23.0,0.0,0.0,1.0,0.0,2.0,16.0,7.0,2.0,1.0,49,3897.7,1232.9,1660.8,642.1,289.7,72.1,55.0,19.0,28.4,52
alainfc:15,alainfc,Al Ain FC,32,2025-06-22,https://www.fifatrainingcentre.com/media/native/tournaments/fcwc/2025/M32%20MCI%20V%20AIN%20POST%20MATCH%20REPORT.pdf,15,ERIK,8.0,7.0,88.0,0.0,0.0,0.0,1.0,1.0,100.0,0.0,0.0,0.0,1.0,0.0,45,6.0,0.0,1.0,0.0,3.0,13.0,0.0,0.0,0.0,1.0,1.0,16.0,13.0,1.0,5.0,49,3813.1,1234.2,1543.4,494.1,294.9,246.5,40.0,21.0,31.8,52
alainfc:19,alainfc,Al Ain FC,32,2025-06-22,https://www.fifatrainingcentre.com/media/native/tournaments/fcwc/2025/M32%20MCI%20V%20AIN%20POST%20MATCH%20REPORT.pdf,19,Mateo SANABRIA,6.0,4.0,67.0,1.0,1.0,0.0,2.0,2.0,100.0,1.0,1.0,0.0,0.0,0.0,45,0.0,0.0,0.0,1.0,2.0,8.0,0.0,0.0,0.0,0.0,0.0,1.0,1.0,1.0,0.0,49,2620.8,685.4,1271.9,362.5,209.2,91.8,31.0,18.0,32.7,52
alainfc:20,alainfc,Al Ain FC,32,2025-06-22,https://www.fifatrainingcentre.com/media/native/tournaments/fcwc/2025/M32%20MCI%20V%20AIN%20POST%20MATCH%20REPORT.pdf,20,Matias PALACIOS,33.0,30.0,91.0,1.0,0.0,0.0,9.0,8.0,89.0,0.0,0.0,0.0,0.0,0.0,45,1.0,0.0,3.0,1.0,4.0,8.0,0.0,0.0,1.0,0.0,1.0,30.0,6.0,3.0,2.0,49,6280.2,1581.7,3162.8,1148.5,351.7,35.5,104.0,25.0,27.8,52
seattlesoundersfc:24,seattlesoundersfc,Seattle Sounders FC,33,2025-06-23,https://www.fifatrainingcentre.com/media/native/tournaments/fcwc/2025/M33%20SEA%20V%20PSG%20POST%20MATCH%20REPORT.pdf,24,Stefan FREI,29.0,20.0,69.0,0.0,0.0,0.0,13.0,5.0,38.0,0.0,0.0,0.0,0.0,0.0,42,0.0,0.0,0.0,0.0,0.0,0.0,0.0,0.0,0.0,0.0,3.0,0.0,0.0,5.0,0.0,47,5373.4,4353.4,930.4,74.4,15.2,0.0,6.0,1.0,24.5,50
seattlesoundersfc:5,seattlesoundersfc,Seattle Sounders FC,33,2025-06-23,https://www.fifatrainingcentre.com/media/native/tournaments/fcwc/2025/M33%20SEA%20V%20PSG%20POST%20MATCH%20REPORT.pdf,5,Nouhou TOLO,22.0,15.0,68.0,0.0,0.0,0.0,4.0,2.0,50.0,1.0,0.0,1.0,0.0,0.0,42,3.0,0.0,3.0,1.0,1.0,23.0,1.0,0.0,1.0,15.0,8.0,20.0,12.0,9.0,7.0,47,10356.3,3916.5,4462.5,1310.4,446.8,220.0,128.0,36.0,30.9,50
seattlesoundersfc:7,seattlesoundersfc,Seattle Sounders FC,33,2025-06-23,https://www.fifatrainingcentre.com/media/native/tournaments/fcwc/2025/M33%20SEA%20V%20PSG%20POST%20MATCH%20REPORT.pdf,7,Cristian ROLDAN,46.0,42.0,91.0,0.0,0.0,0.0,18.0,15.0,83.0,2.0,0.0,2.0,1.0,0.0,42,6.0,2.0,5.0,1.0,5.0,43.0,2.0,0.0,2.0,2.0,11.0,41.0,19.0,5.0,5.0,47,12502.6,2907.0,6660.4,1990.5,692.7,251.9,180.0,49.0,33.3,50
seattlesoundersfc:9,seattlesoundersfc,Seattle Sounders FC,33,2025-06-23,https://www.fifatrainingcentre.com/media/native/tournaments/fcwc/2025/M33%20SEA%20V%20PSG%20POST%20MATCH%20REPORT.pdf,9,Jesus FERREIRA,10.0,7.0,70.0,0.0,0.0,0.0,2.0,1.0,50.0,1.0,1.0,0.0,1.0,0.0,42,1.0,0.0,0.0,1.0,1.0,33.0,1.0,0.0,1.0,0.0,0.0,33.0,12.0,1.0,0.0,47,7171.7,2120.0,3253.0,1097.7,448.3,252.7,88.0,40.0,31.8,50
seattlesoundersfc:11,seattlesoundersfc,Seattle Sounders FC,33,2025-06-23,https://www.fifatrainingcentre.com/media/native/tournaments/fcwc/2025/M33%20SEA%20V%20PSG%20POST%20MATCH%20REPORT.pdf,11,Albert RUSNAK,25.0,18.0,72.0,0.0,3.0,1.0,6.0,3.0,50.0,1.0,1.0,0.0,0.0,0.0,42,2.0,1.0,0.0,0.0,1.0,26.0,0.0,0.0,0.0,0.0,3.0,15.0,10.0,1.0,0.0,47,8338.8,2894.9,4255.4,841.9,264.5,82.0,82.0,23.0,27.9,50
seattlesoundersfc:14,seattlesoundersfc,Seattle Sounders FC,33,2025-06-23,https://www.fifatrainingcentre.com/media/native/tournaments/fcwc/2025/M33%20SEA%20V%20PSG%20POST%20MATCH%20REPORT.pdf,14,Paul ROTHROCK,20.0,11.0,55.0,0.0,5.0,0.0,7.0,2.0,29.0,5.0,5.0,0.0,0.0,0.0,42,2.0,0.0,5.0,0.0,11.0,58.0,1.0,0.0,1.0,0.0,8.0,47.0,35.0,2.0,2.0,47,12290.6,3857.0,5099.8,2001.8,949.2,382.9,182.0,80.0,32.9,50
seattlesoundersfc:15,seattlesoundersfc,Seattle Sounders FC,33,2025-06-23,https://www.fifatrainingcentre.com/media/native/tournaments/fcwc/2025/M33%20SEA%20V%20PSG%20POST%20MATCH%20REPORT.pdf,15,Jon BELL,25.0,16.0,64.0,0.0,0.0,0.0,11.0,4.0,36.0,0.0,0.0,0.0,1.0,0.0,42,2.0,1.0,2.0,1.0,5.0,1.0,2.0,0.0,2.0,6.0,1.0,5.0,2.0,4.0,5.0,47,8098.9,2679.3,3992.1,1008.3,338.9,80.3,87.0,28.0,32.2,50
seattlesoundersfc:16,seattlesoundersfc,Seattle Sounders FC,33,2025-06-23,https://www.fifatrainingcentre.com/media/native/tournaments/fcwc/2025/M33%20SEA%20V%20PSG%20POST%20MATCH%20REPORT.pdf,16,Alex ROLDAN,39.0,31.0,79.0,1.0,0.0,0.0,13.0,11.0,85.0,2.0,1.0,1.0,0.0,0.0,42,5.0,1.0,3.0,1.0,12.0,28.0,0.0,0.0,0.0,1.0,9.0,29.0,18.0,4.0,3.0,47,11414.0,3405.3,6026.9,1431.4,347.6,202.8,128.0,31.0,31.9,50
seattlesoundersfc:18,seattlesoundersfc,Seattle Sounders FC,33,2025-06-23,https://www.fifatrainingcentre.com/media/native/tournaments/fcwc/2025/M33%20SEA%20V%20PSG%20POST%20MATCH%20REPORT.pdf,18,Obed VARGAS,23.0,18.0,78.0,1.0,0.0,0.0,9.0,8.0,89.0,3.0,0.0,3.0,2.0,0.0,42,4.0,1.0,5.0,0.0,6.0,35.0,0.0,0.0,1.0,3.0,8.0,25.0,12.0,3.0,5.0,47,11828.9,2566.1,5959.7,2482.6,728.9,91.5,219.0,53.0,30.3,50
seattlesoundersfc:25,seattlesoundersfc,Seattle Sounders FC,33,2025-06-23,https://www.fifatrainingcentre.com/media/native/tournaments/fcwc/2025/M33%20SEA%20V%20PSG%20POST%20MATCH%20REPORT.pdf,25,Jackson RAGEN,40.0,35.0,88.0,0.0,0.0,0.0,16.0,15.0,94.0,3.0,1.0,2.0,1.0,0.0,42,1.0,1.0,4.0,1.0,0.0,6.0,2.0,0.0,2.0,6.0,4.0,7.0,1.0,8.0,2.0,47,10790.9,3453.0,5703.5,1262.0,311.4,61.0,115.0,23.0,29.4,50
seattlesoundersfc:77,seattlesoundersfc,Seattle Sounders FC,33,2025-06-23,https://www.fifatrainingcentre.com/media/native/tournaments/fcwc/2025/M33%20SEA%20V%20PSG%20POST%20MATCH%20REPORT.pdf,77,Ryan KENT,13.0,11.0,85.0,0.0,0.0,0.0,6.0,6.0,100.0,3.0,3.0,0.0,0.0,0.0,42,3.0,0.0,0.0,0.0,3.0,24.0,0.0,0.0,0.0,0.0,3.0,14.0,11.0,0.0,0.0,47,7057.8,2364.0,2946.2,1310.2,369.5,68.0,115.0,32.0,30.1,50
seattlesoundersfc:13,seattlesoundersfc,Seattle Sounders FC,33,2025-06-23,https://www.fifatrainingcentre.com/media/native/tournaments/fcwc/2025/M33%20SEA%20V%20PSG%20POST%20MATCH%20REPORT.pdf,13,Jordan MORRIS,1.0,1.0,100.0,0.0,0.0,0.0,1.0,1.0,100.0,1.0,0.0,1.0,1.0,0.0,42,0.0,0.0,0.0,0.0,0.0,7.0,0.0,0.0,0.0,0.0,0.0,9.0,5.0,0.0,0.0,47,1061.6,299.5,494.5,195.5,61.3,10.9,16.0,6.0,26.5,50
seattlesoundersfc:19,seattlesoundersfc,Seattle Sounders FC,33,2025-06-23,https://www.fifatrainingcentre.com/media/native/tournaments/fcwc/2025/M33%20SEA%20V%20PSG%20POST%20MATCH%20REPORT.pdf,19,Danny MUSOVSKI,4.0,4.0,100.0,0.0,0.0,0.0,4.0,4.0,100.0,1.0,0.0,1.0,0.0,0.0,42,1.0,0.0,0.0,0.0,1.0,25.0,0.0,0.0,0.0,0.0,1.0,25.0,13.0,0.0,0.0,47,4390.9,1259.8,2015.1,694.8,293.8,127.4,60.0,25.0,31.1,50
seattlesoundersfc:75,seattlesoundersfc,Seattle Sounders FC,33,2025-06-23,https://www.fifatrainingcentre.com/media/native/tournaments/fcwc/2025/M33%20SEA%20V%20PSG%20POST%20MATCH%20REPORT.pdf,75,Danny LEYVA,12.0,10.0,83.0,0.0,3.0,1.0,1.0,1.0,100.0,0.0,0.0,0.0,0.0,0.0,42,0.0,0.0,0.0,1.0,0.0,18.0,0.0,0.0,0.0,0.0,2.0,9.0,6.0,1.0,0.0,47,3714.1,567.3,2010.9,797.6,264.9,73.4,67.0,21.0,28.9,50
seattlesoundersfc:85,seattlesoundersfc,Seattle Sounders FC,33,2025-06-23,https://www.fifatrainingcentre.com/media/native/tournaments/fcwc/2025/M33%20SEA%20V%20PSG%20POST%20MATCH%20REPORT.pdf,85,Kalani KOSSARIENZI,16.0,11.0,69.0,0.0,0.0,0.0,5.0,2.0,40.0,1.0,1.0,0.0,0.0,0.0,42,0.0,0.0,0.0,0.0,4.0,7.0,0.0,0.0,0.0,3.0,1.0,7.0,4.0,2.0,3.0,47,4836.1,1317.7,2260.6,776.7,387.4,93.7,73.0,32.0,30.0,50
seattlesoundersfc:93,seattlesoundersfc,Seattle Sounders FC,33,2025-06-23,https://www.fifatrainingcentre.com/media/native/tournaments/fcwc/2025/M33%20SEA%20V%20PSG%20POST%20MATCH%20REPORT.pdf,93,Georgi MINOUNGOU,7.0,6.0,86.0,0.0,2.0,0.0,2.0,1.0,50.0,2.0,1.0,1.0,0.0,0.0,42,0.0,0.0,1.0,0.0,0.0,10.0,0.0,0.0,0.0,0.0,4.0,4.0,2.0,1.0,0.0,47,2965.6,899.0,1186.2,508.2,270.0,102.4,42.0,22.0,33.0,50
parissaintgermain:1,parissaintgermain,Paris Saint-Germain,33,2025-06-23,https://www.fifatrainingcentre.com/media/native/tournaments/fcwc/2025/M33%20SEA%20V%20PSG%20POST%20MATCH%20REPORT.pdf,1,Gianluigi DONNARUMMA,32.0,30.0,94.0,0.0,0.0,0.0,4.0,3.0,75.0,0.0,0.0,0.0,0.0,0.0,44,0.0,0.0,0.0,0.0,0.0,0.0,0.0,0.0,0.0,0.0,3.0,0.0,0.0,2.0,0.0,48,4648.4,3723.6,764.3,126.3,34.2,0.0,12.0,3.0,24.8,51
parissaintgermain:2,parissaintgermain,Paris Saint-Germain,33,2025-06-23,https://www.fifatrainingcentre.com/media/native/tournaments/fcwc/2025/M33%20SEA%20V%20PSG%20POST%20MATCH%20REPORT.pdf,2,Achraf HAKIMI,95.0,85.0,89.0,2.0,4.0,1.0,24.0,19.0,79.0,0.0,0.0,0.0,2.0,1.0,44,4.0,3.0,1.0,3.0,5.0,7.0,0.0,0.0,3.0,3.0,4.0,15.0,6.0,8.0,3.0,48,10940.1,3905.2,4506.9,1350.1,723.5,454.4,121.0,66.0,34.9,51
parissaintgermain:5,parissaintgermain,Paris Saint-Germain,33,2025-06-23,https://www.fifatrainingcentre.com/media/native/tournaments/fcwc/2025/M33%20SEA%20V%20PSG%20POST%20MATCH%20REPORT.pdf,5,MARQUINHOS,112.0,112.0,100.0,4.0,0.0,0.0,35.0,35.0,100.0,0.0,0.0,0.0,0.0,0.0,44,1.0,0.0,3.0,0.0,4.0,7.0,6.0,0.0,6.0,7.0,11.0,6.0,5.0,3.0,5.0,48,10378.0,3858.8,4263.5,1442.7,597.9,215.0,123.0,48.0,32.8,51
parissaintgermain:7,parissaintgermain,Paris Saint-Germain,33,2025-06-23,https://www.fifatrainingcentre.com/media/native/tournaments/fcwc/2025/M33%20SEA%20V%20PSG%20POST%20MATCH%20REPORT.pdf,7,Khvicha KVARATSKHELIA,41.0,35.0,85.0,0.0,4.0,2.0,10.0,9.0,90.0,1.0,0.0,1.0,1.0,1.0,44,3.0,1.0,1.0,0.0,3.0,15.0,0.0,0.0,0.0,0.0,1.0,17.0,7.0,1.0,1.0,48,6995.8,2995.9,2706.3,881.9,360.4,51.3,86.0,32.0,31.9,51
parissaintgermain:8,parissaintgermain,Paris Saint-Germain,33,2025-06-23,https://www.fifatrainingcentre.com/media/native/tournaments/fcwc/2025/M33%20SEA%20V%20PSG%20POST%20MATCH%20REPORT.pdf,8,Fabian RUIZ,79.0,72.0,91.0,1.0,2.0,0.0,25.0,22.0,88.0,1.0,0.0,1.0,0.0,0.0,44,6.0,0.0,1.0,0.0,2.0,19.0,0.0,0.0,0.0,0.0,5.0,28.0,9.0,0.0,4.0,48,11739.8,3791.4,5389.4,1990.0,538.0,31.0,165.0,40.0,26.7,51
parissaintgermain:14,parissaintgermain,Paris Saint-Germain,33,2025-06-23,https://www.fifatrainingcentre.com/media/native/tournaments/fcwc/2025/M33%20SEA%20V%20PSG%20POST%20MATCH%20REPORT.pdf,14,Desire DOUE,64.0,57.0,89.0,2.0,1.0,0.0,23.0,16.0,70.0,8.0,7.0,1.0,4.0,0.0,44,5.0,3.0,3.0,1.0,5.0,20.0,0.0,0.0,0.0,0.0,6.0,21.0,10.0,4.0,4.0,48,10337.1,3039.6,4713.4,1733.5,659.3,191.2,160.0,57.0,33.3,51
parissaintgermain:17,parissaintgermain,Paris Saint-Germain,33,2025-06-23,https://www.fifatrainingcentre.com/media/native/tournaments/fcwc/2025/M33%20SEA%20V%20PSG%20POST%20MATCH%20REPORT.pdf,17,VITINHA,111.0,106.0,95.0,3.0,0.0,0.0,35.0,32.0,91.0,3.0,2.0,1.0,4.0,0.0,44,3.0,0.0,3.0,2.0,1.0,6.0,0.0,0.0,0.0,2.0,10.0,12.0,3.0,4.0,5.0,48,12327.7,3250.2,6567.1,1815.1,560.3,135.0,168.0,45.0,31.6,51
parissaintgermain:24,parissaintgermain,Paris Saint-Germain,33,2025-06-23,https://www.fifatrainingcentre.com/media/native/tournaments/fcwc/2025/M33%20SEA%20V%20PSG%20POST%20MATCH%20REPORT.pdf,24,Senny MAYULU,26.0,19.0,73.0,0.0,1.0,0.0,4.0,1.0,25.0,1.0,0.0,1.0,1.0,0.0,44,2.0,2.0,3.0,0.0,7.0,29.0,0.0,0.0,0.0,1.0,5.0,20.0,13.0,3.0,2.0,48,9442.9,2895.7,4381.1,1355.8,618.3,192.0,118.0,52.0,32.1,51
parissaintgermain:25,parissaintgermain,Paris Saint-Germain,33,2025-06-23,https://www.fifatrainingcentre.com/media/native/tournaments/fcwc/2025/M33%20SEA%20V%20PSG%20POST%20MATCH%20REPORT.pdf,25,NUNO MENDES,78.0,73.0,94.0,3.0,12.0,4.0,29.0,26.0,90.0,2.0,1.0,1.0,0.0,0.0,44,2.0,1.0,5.0,0.0,0.0,12.0,3.0,0.0,3.0,0.0,6.0,5.0,3.0,1.0,3.0,48,9859.8,3633.0,4279.7,1210.6,451.0,285.6,98.0,42.0,35.2,51
parissaintgermain:51,parissaintgermain,Paris Saint-Germain,33,2025-06-23,https://www.fifatrainingcentre.com/media/native/tournaments/fcwc/2025/M33%20SEA%20V%20PSG%20POST%20MATCH%20REPORT.pdf,51,Willian PACHO,89.0,87.0,98.0,2.0,0.0,0.0,9.0,8.0,89.0,0.0,0.0,0.0,0.0,0.0,44,5.0,3.0,2.0,2.0,7.0,4.0,1.0,0.0,1.0,3.0,5.0,6.0,1.0,6.0,4.0,48,9649.7,3882.0,3733.9,1221.8,641.3,170.7,111.0,51.0,30.4,51
parissaintgermain:87,parissaintgermain,Paris Saint-Germain,33,2025-06-23,https://www.fifatrainingcentre.com/media/native/tournaments/fcwc/2025/M33%20SEA%20V%20PSG%20POST%20MATCH%20REPORT.pdf,87,JOAO NEVES,45.0,43.0,96.0,0.0,0.0,0.0,8.0,8.0,100.0,1.0,0.0,1.0,1.0,0.0,44,5.0,0.0,1.0,1.0,4.0,12.0,2.0,0.0,2.0,1.0,3.0,9.0,2.0,2.0,2.0,48,8523.3,2118.7,4337.6,1335.8,580.8,150.4,123.0,43.0,29.2,51
parissaintgermain:9,parissaintgermain,Paris Saint-Germain,33,2025-06-23,https://www.fifatrainingcentre.com/media/native/tournaments/fcwc/2025/M33%20SEA%20V%20PSG%20POST%20MATCH%20REPORT.pdf,9,GONCALO RAMOS,9.0,7.0,78.0,0.0,0.0,0.0,5.0,3.0,60.0,3.0,2.0,1.0,0.0,0.0,44,0.0,0.0,0.0,0.0,0.0,7.0,3.0,0.0,3.0,1.0,0.0,7.0,5.0,0.0,1.0,48,2387.5,655.8,1096.6,394.3,157.6,83.2,41.0,15.0,29.0,51
parissaintgermain:29,parissaintgermain,Paris Saint-Germain,33,2025-06-23,https://www.fifatrainingcentre.com/media/native/tournaments/fcwc/2025/M33%20SEA%20V%20PSG%20POST%20MATCH%20REPORT.pdf,29,Bradley BARCOLA,13.0,11.0,85.0,0.0,2.0,0.0,2.0,2.0,100.0,3.0,3.0,0.0,0.0,0.0,44,3.0,1.0,1.0,0.0,4.0,15.0,0.0,0.0,1.0,0.0,2.0,7.0,3.0,2.0,0.0,48,3532.6,1334.4,1330.8,501.4,190.3,175.8,41.0,18.0,32.5,51
parissaintgermain:33,parissaintgermain,Paris Saint-Germain,33,2025-06-23,https://www.fifatrainingcentre.com/media/native/tournaments/fcwc/2025/M33%20SEA%20V%20PSG%20POST%20MATCH%20REPORT.pdf,33,Warren ZAIREEMERY,17.0,16.0,94.0,0.0,0.0,0.0,6.0,6.0,100.0,2.0,1.0,1.0,1.0,0.0,44,1.0,0.0,1.0,1.0,3.0,15.0,0.0,0.0,0.0,3.0,2.0,7.0,4.0,2.0,3.0,48,4418.6,1106.7,1878.4,910.6,383.2,139.7,74.0,26.0,30.3,51
parissaintgermain:49,parissaintgermain,Paris Saint-Germain,33,2025-06-23,https://www.fifatrainingcentre.com/media/native/tournaments/fcwc/2025/M33%20SEA%20V%20PSG%20POST%20MATCH%20REPORT.pdf,49,Ibrahim MBAYE,12.0,12.0,100.0,0.0,0.0,0.0,1.0,1.0,100.0,0.0,0.0,0.0,0.0,0.0,44,1.0,1.0,0.0,0.0,1.0,4.0,0.0,0.0,0.0,0.0,0.0,1.0,1.0,1.0,0.0,48,1530.0,506.4,580.6,254.6,133.3,55.0,24.0,12.0,32.1,51
atleticodemadrid:13,atleticodemadrid,Atlético De Madrid,34,2025-06-23,https://www.fifatrainingcentre.com/media/native/tournaments/fcwc/2025/M34%20ATM%20v%20BOT%20POST%20MATCH%20REPORT.pdf,13,Jan OBLAK,17.0,16.0,94.0,0.0,0.0,0.0,2.0,1.0,50.0,0.0,0.0,0.0,0.0,0.0,43,0.0,0.0,0.0,0.0,0.0,0.0,0.0,0.0,0.0,0.0,4.0,0.0,0.0,3.0,0.0,48,5844.3,4555.6,1117.9,141.2,29.6,0.0,18.0,3.0,24.0,51
atleticodemadrid:4,atleticodemadrid,Atlético De Madrid,34,2025-06-23,https://www.fifatrainingcentre.com/media/native/tournaments/fcwc/2025/M34%20ATM%20v%20BOT%20POST%20MATCH%20REPORT.pdf,4,Conor GALLAGHER,23.0,20.0,87.0,0.0,1.0,0.0,7.0,6.0,86.0,1.0,1.0,0.0,2.0,0.0,43,2.0,1.0,2.0,0.0,2.0,17.0,0.0,0.0,1.0,0.0,3.0,10.0,7.0,2.0,1.0,48,6330.9,1716.8,2913.2,1214.8,395.9,90.1,100.0,31.0,28.3,51
atleticodemadrid:5,atleticodemadrid,Atlético De Madrid,34,2025-06-23,https://www.fifatrainingcentre.com/media/native/tournaments/fcwc/2025/M34%20ATM%20v%20BOT%20POST%20MATCH%20REPORT.pdf,5,Rodrigo DE PAUL,66.0,59.0,89.0,2.0,4.0,0.0,28.0,22.0,79.0,2.0,1.0,1.0,1.0,0.0,43,1.0,0.0,1.0,0.0,1.0,11.0,0.0,0.0,0.0,0.0,6.0,14.0,6.0,1.0,0.0,48,7863.7,3035.2,3127.3,1128.9,481.4,90.9,93.0,38.0,32.7,51
atleticodemadrid:8,atleticodemadrid,Atlético De Madrid,34,2025-06-23,https://www.fifatrainingcentre.com/media/native/tournaments/fcwc/2025/M34%20ATM%20v%20BOT%20POST%20MATCH%20REPORT.pdf,8,Pablo BARRIOS,67.0,66.0,99.0,1.0,0.0,0.0,16.0,15.0,94.0,3.0,1.0,2.0,1.0,0.0,43,3.0,2.0,2.0,1.0,7.0,20.0,1.0,0.0,1.0,1.0,12.0,22.0,9.0,7.0,1.0,48,10488.8,3296.4,4416.3,1798.0,720.5,257.7,153.0,60.0,34.7,51
atleticodemadrid:9,atleticodemadrid,Atlético De Madrid,34,2025-06-23,https://www.fifatrainingcentre.com/media/native/tournaments/fcwc/2025/M34%20ATM%20v%20BOT%20POST%20MATCH%20REPORT.pdf,9,Alexander SORLOTH,17.0,14.0,82.0,0.0,1.0,0.0,1.0,1.0,100.0,0.0,0.0,0.0,5.0,0.0,43,0.0,0.0,2.0,1.0,2.0,20.0,3.0,0.0,3.0,1.0,3.0,7.0,6.0,1.0,2.0,48,9366.9,3423.4,3925.1,1433.6,487.3,97.4,129.0,39.0,32.2,51
atleticodemadrid:14,atleticodemadrid,Atlético De Madrid,34,2025-06-23,https://www.fifatrainingcentre.com/media/native/tournaments/fcwc/2025/M34%20ATM%20v%20BOT%20POST%20MATCH%20REPORT.pdf,14,Marcos LLORENTE,70.0,62.0,89.0,0.0,3.0,1.0,17.0,15.0,88.0,4.0,0.0,4.0,1.0,0.0,43,1.0,1.0,1.0,3.0,2.0,7.0,0.0,0.0,0.0,2.0,10.0,6.0,3.0,5.0,1.0,48,11077.2,4304.7,4385.4,1152.2,797.1,437.8,118.0,62.0,34.3,51
atleticodemadrid:15,atleticodemadrid,Atlético De Madrid,34,2025-06-23,https://www.fifatrainingcentre.com/media/native/tournaments/fcwc/2025/M34%20ATM%20v%20BOT%20POST%20MATCH%20REPORT.pdf,15,Clement LENGLET,86.0,79.0,92.0,4.0,1.0,1.0,30.0,25.0,83.0,3.0,0.0,3.0,0.0,0.0,43,5.0,1.0,3.0,3.0,4.0,6.0,2.0,0.0,2.0,3.0,7.0,5.0,1.0,6.0,4.0,48,11287.7,3959.1,4776.8,1640.3,725.9,185.6,152.0,53.0,30.8,51
atleticodemadrid:19,atleticodemadrid,Atlético De Madrid,34,2025-06-23,https://www.fifatrainingcentre.com/media/native/tournaments/fcwc/2025/M34%20ATM%20v%20BOT%20POST%20MATCH%20REPORT.pdf,19,Julian ALVAREZ,31.0,24.0,77.0,1.0,9.0,6.0,9.0,5.0,56.0,6.0,3.0,3.0,2.0,0.0,43,1.0,0.0,2.0,0.0,4.0,22.0,0.0,0.0,0.0,1.0,5.0,29.0,13.0,5.0,0.0,48,10803.3,3598.6,5143.7,1459.5,527.1,74.5,123.0,39.0,30.0,51
atleticodemadrid:21,atleticodemadrid,Atlético De Madrid,34,2025-06-23,https://www.fifatrainingcentre.com/media/native/tournaments/fcwc/2025/M34%20ATM%20v%20BOT%20POST%20MATCH%20REPORT.pdf,21,Javi GALAN,47.0,45.0,96.0,0.0,9.0,0.0,15.0,10.0,67.0,6.0,4.0,2.0,0.0,0.0,43,4.0,1.0,0.0,0.0,2.0,22.0,2.0,0.0,3.0,1.0,5.0,22.0,14.0,4.0,1.0,48,11378.6,4308.4,4050.4,1806.8,903.3,309.7,152.0,68.0,31.7,51
atleticodemadrid:22,atleticodemadrid,Atlético De Madrid,34,2025-06-23,https://www.fifatrainingcentre.com/media/native/tournaments/fcwc/2025/M34%20ATM%20v%20BOT%20POST%20MATCH%20REPORT.pdf,22,Giuliano SIMEONE,23.0,16.0,70.0,0.0,2.0,0.0,5.0,3.0,60.0,4.0,3.0,1.0,2.0,0.0,43,1.0,0.0,2.0,0.0,2.0,15.0,0.0,0.0,0.0,0.0,4.0,11.0,9.0,3.0,0.0,48,7991.1,2634.8,3385.0,1334.1,439.0,198.2,96.0,37.0,31.8,51
atleticodemadrid:24,atleticodemadrid,Atlético De Madrid,34,2025-06-23,https://www.fifatrainingcentre.com/media/native/tournaments/fcwc/2025/M34%20ATM%20v%20BOT%20POST%20MATCH%20REPORT.pdf,24,Robin LE NORMAND,51.0,50.0,98.0,1.0,0.0,0.0,11.0,11.0,100.0,1.0,0.0,1.0,0.0,0.0,43,3.0,1.0,2.0,1.0,8.0,6.0,5.0,0.0,5.0,6.0,6.0,21.0,4.0,6.0,4.0,48,10465.9,4202.7,4294.6,1237.1,507.7,223.8,97.0,42.0,32.7,51
atleticodemadrid:6,atleticodemadrid,Atlético De Madrid,34,2025-06-23,https://www.fifatrainingcentre.com/media/native/tournaments/fcwc/2025/M34%20ATM%20v%20BOT%20POST%20MATCH%20REPORT.pdf,6,KOKE,35.0,31.0,89.0,2.0,2.0,0.0,11.0,7.0,64.0,1.0,1.0,0.0,0.0,0.0,43,0.0,0.0,2.0,1.0,3.0,13.0,1.0,0.0,1.0,0.0,4.0,8.0,6.0,2.0,1.0,48,4409.5,928.0,1941.1,1268.5,254.2,17.8,94.0,18.0,27.0,51
atleticodemadrid:7,atleticodemadrid,Atlético De Madrid,34,2025-06-23,https://www.fifatrainingcentre.com/media/native/tournaments/fcwc/2025/M34%20ATM%20v%20BOT%20POST%20MATCH%20REPORT.pdf,7,Antoine GRIEZMANN,13.0,12.0,92.0,0.0,10.0,2.0,7.0,3.0,43.0,1.0,1.0,0.0,5.0,1.0,43,0.0,0.0,0.0,0.0,0.0,11.0,0.0,0.0,0.0,0.0,1.0,4.0,2.0,0.0,0.0,48,5472.2,2177.6,2106.4,883.2,264.1,40.9,71.0,20.0,28.8,51
atleticodemadrid:10,atleticodemadrid,Atlético De Madrid,34,2025-06-23,https://www.fifatrainingcentre.com/media/native/tournaments/fcwc/2025/M34%20ATM%20v%20BOT%20POST%20MATCH%20REPORT.pdf,10,Angel CORREA,15.0,14.0,93.0,1.0,1.0,0.0,8.0,8.0,100.0,1.0,1.0,0.0,2.0,0.0,43,1.0,0.0,0.0,0.0,2.0,8.0,0.0,0.0,0.0,0.0,5.0,4.0,4.0,0.0,1.0,48,3805.4,1372.1,1529.3,554.3,299.9,49.8,47.0,19.0,30.7,51
atleticodemadrid:12,atleticodemadrid,Atlético De Madrid,34,2025-06-23,https://www.fifatrainingcentre.com/media/native/tournaments/fcwc/2025/M34%20ATM%20v%20BOT%20POST%20MATCH%20REPORT.pdf,12,SAMUEL LINO,10.0,10.0,100.0,0.0,0.0,0.0,2.0,2.0,100.0,2.0,2.0,0.0,1.0,0.0,43,0.0,0.0,1.0,0.0,0.0,1.0,0.0,0.0,0.0,0.0,3.0,3.0,0.0,1.0,0.0,48,1671.5,392.9,824.8,260.1,127.8,65.9,21.0,13.0,28.7,51
atleticodemadrid:16,atleticodemadrid,Atlético De Madrid,34,2025-06-23,https://www.fifatrainingcentre.com/media/native/tournaments/fcwc/2025/M34%20ATM%20v%20BOT%20POST%20MATCH%20REPORT.pdf,16,Nahuel MOLINA,12.0,10.0,83.0,0.0,2.0,0.0,1.0,0.0,0.0,2.0,1.0,1.0,0.0,0.0,43,0.0,0.0,0.0,0.0,1.0,8.0,0.0,0.0,0.0,0.0,5.0,7.0,5.0,0.0,0.0,48,1595.3,453.7,694.5,322.6,70.6,53.9,26.0,7.0,31.7,51
botafogo:12,botafogo,Botafogo,34,2025-06-23,https://www.fifatrainingcentre.com/media/native/tournaments/fcwc/2025/M34%20ATM%20v%20BOT%20POST%20MATCH%20REPORT.pdf,12,JOHN,43.0,27.0,63.0,0.0,0.0,0.0,29.0,14.0,48.0,0.0,0.0,0.0,0.0,0.0,45,0.0,0.0,0.0,0.0,0.0,0.0,0.0,0.0,0.0,0.0,3.0,0.0,0.0,12.0,0.0,49,5715.6,4780.2,754.2,176.7,4.5,0.0,18.0,0.0,21.6,52
botafogo:2,botafogo,Botafogo,34,2025-06-23,https://www.fifatrainingcentre.com/media/native/tournaments/fcwc/2025/M34%20ATM%20v%20BOT%20POST%20MATCH%20REPORT.pdf,2,VITINHO,25.0,24.0,96.0,0.0,2.0,0.0,12.0,11.0,92.0,2.0,0.0,2.0,0.0,0.0,45,6.0,2.0,1.0,0.0,5.0,14.0,0.0,0.0,0.0,1.0,1.0,11.0,6.0,2.0,1.0,49,8756.9,3038.2,3539.8,1312.8,548.9,317.3,114.0,45.0,33.3,52
botafogo:7,botafogo,Botafogo,34,2025-06-23,https://www.fifatrainingcentre.com/media/native/tournaments/fcwc/2025/M34%20ATM%20v%20BOT%20POST%20MATCH%20REPORT.pdf,7,ARTUR,20.0,15.0,75.0,0.0,0.0,0.0,3.0,1.0,33.0,1.0,1.0,0.0,1.0,0.0,45,1.0,0.0,1.0,0.0,0.0,36.0,0.0,0.0,0.0,0.0,3.0,19.0,17.0,0.0,1.0,49,8607.2,3378.0,3233.6,1177.1,601.6,216.9,111.0,48.0,32.1,52
botafogo:10,botafogo,Botafogo,34,2025-06-23,https://www.fifatrainingcentre.com/media/native/tournaments/fcwc/2025/M34%20ATM%20v%20BOT%20POST%20MATCH%20REPORT.pdf,10,Jefferson SAVARINO,32.0,23.0,72.0,0.0,2.0,2.0,10.0,8.0,80.0,0.0,0.0,0.0,1.0,0.0,45,0.0,0.0,1.0,0.0,1.0,35.0,0.0,0.0,0.0,0.0,2.0,36.0,28.0,2.0,0.0,49,8202.8,3296.9,2931.5,1283.1,446.7,244.6,105.0,43.0,33.7,52
botafogo:13,botafogo,Botafogo,34,2025-06-23,https://www.fifatrainingcentre.com/media/native/tournaments/fcwc/2025/M34%20ATM%20v%20BOT%20POST%20MATCH%20REPORT.pdf,13,ALEX TELLES,20.0,17.0,85.0,0.0,3.0,0.0,6.0,4.0,67.0,0.0,0.0,0.0,0.0,0.0,45,3.0,0.0,1.0,2.0,4.0,14.0,1.0,0.0,1.0,6.0,1.0,24.0,12.0,3.0,5.0,49,7313.2,3180.0,2776.3,957.5,306.7,92.8,83.0,27.0,31.6,52
botafogo:17,botafogo,Botafogo,34,2025-06-23,https://www.fifatrainingcentre.com/media/native/tournaments/fcwc/2025/M34%20ATM%20v%20BOT%20POST%20MATCH%20REPORT.pdf,17,MARLON FREITAS,44.0,37.0,84.0,0.0,0.0,0.0,13.0,9.0,69.0,1.0,0.0,1.0,0.0,0.0,45,5.0,1.0,2.0,0.0,10.0,37.0,1.0,0.0,3.0,3.0,8.0,5.0,3.0,3.0,1.0,49,12236.3,3679.9,5781.0,2188.1,497.8,89.5,184.0,35.0,28.4,52
botafogo:20,botafogo,Botafogo,34,2025-06-23,https://www.fifatrainingcentre.com/media/native/tournaments/fcwc/2025/M34%20ATM%20v%20BOT%20POST%20MATCH%20REPORT.pdf,20,Alexander BARBOZA,39.0,32.0,82.0,0.0,0.0,0.0,15.0,11.0,73.0,1.0,1.0,0.0,1.0,0.0,45,6.0,1.0,3.0,3.0,5.0,3.0,2.0,1.0,3.0,8.0,6.0,3.0,2.0,4.0,10.0,49,10219.4,4040.5,4788.2,964.2,362.3,64.1,87.0,25.0,29.5,52
botafogo:25,botafogo,Botafogo,34,2025-06-23,https://www.fifatrainingcentre.com/media/native/tournaments/fcwc/2025/M34%20ATM%20v%20BOT%20POST%20MATCH%20REPORT.pdf,25,ALLAN,25.0,21.0,84.0,0.0,0.0,0.0,4.0,4.0,100.0,1.0,0.0,1.0,0.0,0.0,45,5.0,1.0,2.0,1.0,5.0,51.0,0.0,0.0,0.0,1.0,2.0,35.0,28.0,2.0,5.0,49,7537.5,2630.1,3020.0,1381.7,413.6,92.1,119.0,35.0,29.1,52
botafogo:26,botafogo,Botafogo,34,2025-06-23,https://www.fifatrainingcentre.com/media/native/tournaments/fcwc/2025/M34%20ATM%20v%20BOT%20POST%20MATCH%20REPORT.pdf,26,GREGORE,40.0,34.0,85.0,0.0,0.0,0.0,18.0,16.0,89.0,2.0,0.0,2.0,2.0,0.0,45,3.0,0.0,5.0,3.0,9.0,28.0,3.0,0.0,4.0,4.0,3.0,48.0,14.0,4.0,6.0,49,11513.8,3699.0,4977.5,2116.1,571.5,149.6,175.0,48.0,31.1,52
botafogo:32,botafogo,Botafogo,34,2025-06-23,https://www.fifatrainingcentre.com/media/native/tournaments/fcwc/2025/M34%20ATM%20v%20BOT%20POST%20MATCH%20REPORT.pdf,32,JAIR CUNHA,36.0,30.0,83.0,0.0,0.0,0.0,11.0,10.0,91.0,1.0,1.0,0.0,0.0,0.0,45,3.0,0.0,5.0,2.0,1.0,3.0,1.0,0.0,2.0,7.0,5.0,7.0,2.0,7.0,8.0,49,9975.3,3957.5,4670.6,1083.4,215.4,48.4,94.0,18.0,31.0,52
botafogo:99,botafogo,Botafogo,34,2025-06-23,https://www.fifatrainingcentre.com/media/native/tournaments/fcwc/2025/M34%20ATM%20v%20BOT%20POST%20MATCH%20REPORT.pdf,99,IGOR JESUS,28.0,22.0,79.0,1.0,0.0,0.0,3.0,3.0,100.0,1.0,1.0,0.0,1.0,0.0,45,0.0,0.0,3.0,0.0,1.0,13.0,1.0,0.0,1.0,2.0,4.0,10.0,8.0,3.0,1.0,49,10774.0,4015.3,4735.2,978.7,591.2,453.6,85.0,61.0,32.1,52
botafogo:4,botafogo,Botafogo,34,2025-06-23,https://www.fifatrainingcentre.com/media/native/tournaments/fcwc/2025/M34%20ATM%20v%20BOT%20POST%20MATCH%20REPORT.pdf,4,Mateo PONTE,10.0,6.0,60.0,0.0,1.0,0.0,4.0,2.0,50.0,3.0,3.0,0.0,0.0,0.0,45,2.0,1.0,0.0,0.0,3.0,7.0,0.0,0.0,0.0,1.0,2.0,5.0,3.0,1.0,1.0,49,2499.6,849.4,1037.3,383.5,174.1,55.3,34.0,13.0,32.5,52
botafogo:8,botafogo,Botafogo,34,2025-06-23,https://www.fifatrainingcentre.com/media/native/tournaments/fcwc/2025/M34%20ATM%20v%20BOT%20POST%20MATCH%20REPORT.pdf,8,Alvaro MONTORO,15.0,14.0,93.0,0.0,1.0,1.0,5.0,4.0,80.0,1.0,0.0,1.0,1.0,0.0,45,3.0,0.0,0.0,0.0,4.0,11.0,0.0,0.0,0.0,0.0,2.0,13.0,12.0,0.0,1.0,49,3455.6,1428.4,1296.5,429.8,186.4,114.5,39.0,16.0,32.1,52
botafogo:23,botafogo,Botafogo,34,2025-06-23,https://www.fifatrainingcentre.com/media/native/tournaments/fcwc/2025/M34%20ATM%20v%20BOT%20POST%20MATCH%20REPORT.pdf,23,Santiago RODRIGUEZ,11.0,10.0,91.0,0.0,1.0,0.0,2.0,1.0,50.0,0.0,0.0,0.0,0.0,0.0,45,2.0,0.0,1.0,0.0,3.0,15.0,0.0,0.0,0.0,2.0,1.0,10.0,9.0,1.0,2.0,49,3009.4,790.9,1173.1,662.7,296.3,86.4,50.0,17.0,28.2,52
botafogo:28,botafogo,Botafogo,34,2025-06-23,https://www.fifatrainingcentre.com/media/native/tournaments/fcwc/2025/M34%20ATM%20v%20BOT%20POST%20MATCH%20REPORT.pdf,28,NEWTON,7.0,6.0,86.0,0.0,0.0,0.0,2.0,2.0,100.0,0.0,0.0,0.0,0.0,0.0,45,2.0,1.0,2.0,0.0,3.0,30.0,0.0,0.0,0.0,0.0,1.0,20.0,12.0,3.0,1.0,49,4563.1,1303.7,1965.3,822.5,417.9,53.7,72.0,33.0,28.0,52
botafogo:66,botafogo,Botafogo,34,2025-06-23,https://www.fifatrainingcentre.com/media/native/tournaments/fcwc/2025/M34%20ATM%20v%20BOT%20POST%20MATCH%20REPORT.pdf,66,CUIABANO,13.0,10.0,77.0,0.0,1.0,1.0,9.0,6.0,67.0,0.0,0.0,0.0,0.0,0.0,45,0.0,0.0,6.0,1.0,1.0,8.0,1.0,0.0,1.0,3.0,2.0,12.0,4.0,2.0,5.0,49,3568.1,1291.2,1382.4,550.1,282.7,61.8,45.0,20.0,29.5,52
intermiamicf:19,intermiamicf,Inter Miami CF,35,2025-06-23,https://www.fifatrainingcentre.com/media/native/tournaments/fcwc/2025/M35%20MIA%20V%20SEP%20POST%20MATCH%20REPORT.pdf,19,Oscar USTARI,39.0,27.0,69.0,0.0,0.0,0.0,20.0,11.0,55.0,0.0,0.0,0.0,0.0,0.0,43,0.0,0.0,0.0,0.0,0.0,0.0,0.0,0.0,0.0,0.0,0.0,0.0,0.0,7.0,0.0,48,5133.6,4293.2,778.4,59.2,2.8,0.0,6.0,0.0,20.8,51
intermiamicf:5,intermiamicf,Inter Miami CF,35,2025-06-23,https://www.fifatrainingcentre.com/media/native/tournaments/fcwc/2025/M35%20MIA%20V%20SEP%20POST%20MATCH%20REPORT.pdf,5,Sergio BUSQUETS,76.0,71.0,93.0,1.0,0.0,0.0,22.0,18.0,82.0,0.0,0.0,0.0,0.0,0.0,43,3.0,0.0,4.0,0.0,4.0,24.0,1.0,0.0,1.0,2.0,6.0,4.0,1.0,0.0,5.0,48,10082.7,4145.7,4565.0,1083.8,240.6,47.6,104.0,16.0,27.3,51
intermiamicf:6,intermiamicf,Inter Miami CF,35,2025-06-23,https://www.fifatrainingcentre.com/media/native/tournaments/fcwc/2025/M35%20MIA%20V%20SEP%20POST%20MATCH%20REPORT.pdf,6,Tomas AVILES,44.0,40.0,91.0,0.0,0.0,0.0,8.0,5.0,62.0,0.0,0.0,0.0,0.0,0.0,43,1.0,1.0,3.0,0.0,5.0,11.0,1.0,0.0,1.0,9.0,5.0,5.0,2.0,6.0,4.0,48,9426.5,4169.2,4067.4,801.2,289.6,99.0,73.0,25.0,30.5,51
intermiamicf:8,intermiamicf,Inter Miami CF,35,2025-06-23,https://www.fifatrainingcentre.com/media/native/tournaments/fcwc/2025/M35%20MIA%20V%20SEP%20POST%20MATCH%20REPORT.pdf,8,Telasco SEGOVIA,43.0,40.0,93.0,0.0,0.0,0.0,8.0,7.0,88.0,0.0,0.0,0.0,1.0,0.0,43,6.0,1.0,1.0,0.0,10.0,26.0,0.0,0.0,0.0,1.0,6.0,9.0,6.0,2.0,1.0,48,8374.2,3142.7,2941.3,1485.1,738.9,66.3,138.0,51.0,27.4,51
intermiamicf:9,intermiamicf,Inter Miami CF,35,2025-06-23,https://www.fifatrainingcentre.com/media/native/tournaments/fcwc/2025/M35%20MIA%20V%20SEP%20POST%20MATCH%20REPORT.pdf,9,Luis SUAREZ,23.0,14.0,61.0,1.0,0.0,0.0,4.0,3.0,75.0,5.0,4.0,1.0,2.0,1.0,43,1.0,0.0,1.0,0.0,2.0,5.0,1.0,0.0,1.0,0.0,3.0,8.0,6.0,1.0,0.0,48,7878.5,3318.3,3102.5,878.6,444.3,134.8,84.0,36.0,27.7,51
intermiamicf:10,intermiamicf,Inter Miami CF,35,2025-06-23,https://www.fifatrainingcentre.com/media/native/tournaments/fcwc/2025/M35%20MIA%20V%20SEP%20POST%20MATCH%20REPORT.pdf,10,Lionel MESSI,67.0,59.0,88.0,1.0,1.0,0.0,19.0,15.0,79.0,5.0,5.0,0.0,2.0,0.0,43,3.0,0.0,0.0,0.0,2.0,8.0,0.0,0.0,0.0,0.0,3.0,6.0,3.0,0.0,0.0,48,7988.0,5112.1,1739.8,756.9,326.3,52.9,66.0,26.0,28.7,51
intermiamicf:21,intermiamicf,Inter Miami CF,35,2025-06-23,https://www.fifatrainingcentre.com/media/native/tournaments/fcwc/2025/M35%20MIA%20V%20SEP%20POST%20MATCH%20REPORT.pdf,21,Tadeo ALLENDE,22.0,19.0,86.0,0.0,0.0,0.0,2.0,2.0,100.0,3.0,1.0,2.0,2.0,1.0,43,2.0,0.0,5.0,0.0,8.0,40.0,4.0,0.0,4.0,0.0,1.0,16.0,13.0,0.0,4.0,48,9087.2,3567.7,3475.8,1229.9,534.0,279.7,103.0,48.0,33.5,51
intermiamicf:32,intermiamicf,Inter Miami CF,35,2025-06-23,https://www.fifatrainingcentre.com/media/native/tournaments/fcwc/2025/M35%20MIA%20V%20SEP%20POST%20MATCH%20REPORT.pdf,32,Noah ALLEN,37.0,30.0,81.0,1.0,2.0,1.0,9.0,7.0,78.0,0.0,0.0,0.0,0.0,0.0,43,3.0,2.0,4.0,1.0,4.0,16.0,1.0,0.0,1.0,7.0,5.0,20.0,13.0,9.0,2.0,48,10853.5,3936.2,4671.7,1223.9,608.3,413.3,110.0,53.0,33.1,51
intermiamicf:37,intermiamicf,Inter Miami CF,35,2025-06-23,https://www.fifatrainingcentre.com/media/native/tournaments/fcwc/2025/M35%20MIA%20V%20SEP%20POST%20MATCH%20REPORT.pdf,37,Maximiliano FALCON,68.0,65.0,96.0,0.0,0.0,0.0,18.0,17.0,94.0,0.0,0.0,0.0,0.0,0.0,43,3.0,2.0,2.0,0.0,5.0,6.0,6.0,0.0,6.0,7.0,4.0,6.0,6.0,6.0,8.0,48,9276.3,4391.5,3811.5,662.1,298.2,112.9,67.0,26.0,31.4,51
intermiamicf:55,intermiamicf,Inter Miami CF,35,2025-06-23,https://www.fifatrainingcentre.com/media/native/tournaments/fcwc/2025/M35%20MIA%20V%20SEP%20POST%20MATCH%20REPORT.pdf,55,Federico REDONDO,52.0,44.0,85.0,0.0,0.0,0.0,11.0,11.0,100.0,1.0,0.0,1.0,1.0,0.0,43,2.0,0.0,1.0,0.0,4.0,24.0,0.0,0.0,1.0,2.0,7.0,19.0,8.0,1.0,1.0,48,9108.5,3206.8,4278.5,1113.1,393.5,116.6,98.0,32.0,30.2,51
intermiamicf:57,intermiamicf,Inter Miami CF,35,2025-06-23,https://www.fifatrainingcentre.com/media/native/tournaments/fcwc/2025/M35%20MIA%20V%20SEP%20POST%20MATCH%20REPORT.pdf,57,Marcelo WEIGANDT,41.0,35.0,85.0,0.0,0.0,0.0,13.0,10.0,77.0,0.0,0.0,0.0,0.0,0.0,43,4.0,0.0,4.0,3.0,5.0,28.0,0.0,0.0,0.0,3.0,2.0,33.0,22.0,6.0,6.0,48,9637.8,3984.7,3997.6,932.0,394.6,328.9,87.0,34.0,32.1,51
intermiamicf:7,intermiamicf,Inter Miami CF,35,2025-06-23,https://www.fifatrainingcentre.com/media/native/tournaments/fcwc/2025/M35%20MIA%20V%20SEP%20POST%20MATCH%20REPORT.pdf,7,Fafa PICAULT,6.0,5.0,83.0,0.0,0.0,0.0,2.0,1.0,50.0,0.0,0.0,0.0,0.0,0.0,43,0.0,0.0,0.0,0.0,1.0,10.0,0.0,0.0,0.0,0.0,0.0,5.0,4.0,0.0,0.0,48,2210.6,613.1,977.1,394.2,199.0,27.2,35.0,14.0,29.2,51
intermiamicf:11,intermiamicf,Inter Miami CF,35,2025-06-23,https://www.fifatrainingcentre.com/media/native/tournaments/fcwc/2025/M35%20MIA%20V%20SEP%20POST%20MATCH%20REPORT.pdf,11,Baltasar RODRIGUEZ,12.0,9.0,75.0,0.0,0.0,0.0,0.0,0.0,0.0,1.0,0.0,1.0,0.0,0.0,43,0.0,0.0,0.0,0.0,2.0,6.0,0.0,0.0,0.0,0.0,1.0,2.0,1.0,0.0,0.0,48,2383.1,616.1,1133.1,377.2,186.6,70.1,32.0,16.0,27.1,51
intermiamicf:18,intermiamicf,Inter Miami CF,35,2025-06-23,https://www.fifatrainingcentre.com/media/native/tournaments/fcwc/2025/M35%20MIA%20V%20SEP%20POST%20MATCH%20REPORT.pdf,18,Jordi ALBA,11.0,11.0,100.0,0.0,1.0,1.0,1.0,1.0,100.0,1.0,1.0,0.0,0.0,0.0,43,2.0,0.0,1.0,0.0,2.0,13.0,0.0,0.0,0.0,2.0,0.0,5.0,1.0,0.0,3.0,48,3621.9,1232.6,1574.7,477.6,177.6,159.4,43.0,20.0,31.3,51
intermiamicf:30,intermiamicf,Inter Miami CF,35,2025-06-23,https://www.fifatrainingcentre.com/media/native/tournaments/fcwc/2025/M35%20MIA%20V%20SEP%20POST%20MATCH%20REPORT.pdf,30,Benjamin CREMASCHI,5.0,4.0,80.0,0.0,0.0,0.0,0.0,0.0,0.0,0.0,0.0,0.0,0.0,0.0,43,1.0,0.0,0.0,0.0,1.0,4.0,2.0,0.0,2.0,2.0,3.0,2.0,0.0,1.0,1.0,48,2552.4,880.2,1060.1,376.4,167.7,68.1,34.0,12.0,30.7,51
palmeiras:21,palmeiras,Palmeiras,35,2025-06-23,https://www.fifatrainingcentre.com/media/native/tournaments/fcwc/2025/M35%20MIA%20V%20SEP%20POST%20MATCH%20REPORT.pdf,21,WEVERTON,20.0,19.0,95.0,1.0,0.0,0.0,2.0,1.0,50.0,0.0,0.0,0.0,0.0,0.0,45,0.0,0.0,0.0,0.0,0.0,0.0,0.0,0.0,0.0,0.0,2.0,0.0,0.0,2.0,0.0,49,5133.2,4264.3,759.7,87.4,21.9,0.0,8.0,2.0,24.9,52
palmeiras:2,palmeiras,Palmeiras,35,2025-06-23,https://www.fifatrainingcentre.com/media/native/tournaments/fcwc/2025/M35%20MIA%20V%20SEP%20POST%20MATCH%20REPORT.pdf,2,MARCOS ROCHA,50.0,45.0,90.0,2.0,3.0,1.0,18.0,15.0,83.0,2.0,0.0,2.0,0.0,0.0,45,0.0,0.0,2.0,0.0,0.0,3.0,0.0,0.0,0.0,4.0,2.0,20.0,1.0,2.0,4.0,49,7353.9,2999.8,2960.0,830.6,399.8,163.8,68.0,33.0,29.8,52
palmeiras:8,palmeiras,Palmeiras,35,2025-06-23,https://www.fifatrainingcentre.com/media/native/tournaments/fcwc/2025/M35%20MIA%20V%20SEP%20POST%20MATCH%20REPORT.pdf,8,Richard RIOS,57.0,52.0,91.0,4.0,1.0,1.0,14.0,13.0,93.0,1.0,0.0,1.0,0.0,0.0,45,2.0,0.0,4.0,2.0,6.0,33.0,1.0,0.0,1.0,1.0,5.0,32.0,13.0,4.0,3.0,49,10901.0,4382.8,4052.1,1638.3,597.6,230.2,134.0,53.0,29.9,52
palmeiras:15,palmeiras,Palmeiras,35,2025-06-23,https://www.fifatrainingcentre.com/media/native/tournaments/fcwc/2025/M35%20MIA%20V%20SEP%20POST%20MATCH%20REPORT.pdf,15,Gustavo GOMEZ,38.0,33.0,87.0,2.0,1.0,0.0,13.0,10.0,77.0,0.0,0.0,0.0,3.0,0.0,45,5.0,1.0,2.0,0.0,8.0,10.0,5.0,0.0,5.0,4.0,5.0,33.0,6.0,7.0,4.0,49,8849.2,4563.8,2906.1,846.3,349.9,183.1,80.0,30.0,31.1,52
palmeiras:17,palmeiras,Palmeiras,35,2025-06-23,https://www.fifatrainingcentre.com/media/native/tournaments/fcwc/2025/M35%20MIA%20V%20SEP%20POST%20MATCH%20REPORT.pdf,17,Facundo TORRES,13.0,12.0,92.0,0.0,8.0,2.0,3.0,3.0,100.0,1.0,1.0,0.0,2.0,0.0,45,4.0,0.0,1.0,1.0,3.0,12.0,2.0,0.0,2.0,2.0,2.0,13.0,5.0,2.0,2.0,49,6661.5,2273.9,2916.0,924.2,476.5,70.8,81.0,38.0,30.3,52
palmeiras:22,palmeiras,Palmeiras,35,2025-06-23,https://www.fifatrainingcentre.com/media/native/tournaments/fcwc/2025/M35%20MIA%20V%20SEP%20POST%20MATCH%20REPORT.pdf,22,Joaquin PIQUEREZ,58.0,48.0,83.0,1.0,9.0,0.0,18.0,12.0,67.0,7.0,3.0,4.0,2.0,0.0,45,2.0,1.0,0.0,2.0,6.0,11.0,0.0,0.0,0.0,0.0,9.0,17.0,7.0,7.0,0.0,49,9882.3,4927.0,3248.1,1110.9,418.2,178.0,94.0,36.0,32.2,52
palmeiras:23,palmeiras,Palmeiras,35,2025-06-23,https://www.fifatrainingcentre.com/media/native/tournaments/fcwc/2025/M35%20MIA%20V%20SEP%20POST%20MATCH%20REPORT.pdf,23,RAPHAEL VEIGA,16.0,14.0,88.0,0.0,3.0,1.0,2.0,2.0,100.0,0.0,0.0,0.0,0.0,0.0,45,1.0,1.0,1.0,0.0,4.0,23.0,0.0,0.0,1.0,1.0,3.0,19.0,11.0,2.0,1.0,49,5872.7,1949.5,2621.6,1011.3,215.5,74.8,94.0,18.0,30.3,52
palmeiras:26,palmeiras,Palmeiras,35,2025-06-23,https://www.fifatrainingcentre.com/media/native/tournaments/fcwc/2025/M35%20MIA%20V%20SEP%20POST%20MATCH%20REPORT.pdf,26,MURILO,13.0,10.0,77.0,1.0,0.0,0.0,5.0,3.0,60.0,3.0,0.0,3.0,0.0,0.0,45,0.0,0.0,0.0,0.0,0.0,1.0,1.0,0.0,1.0,0.0,3.0,0.0,0.0,0.0,0.0,49,1674.6,705.7,784.0,116.3,33.8,34.8,9.0,3.0,33.8,52
palmeiras:30,palmeiras,Palmeiras,35,2025-06-23,https://www.fifatrainingcentre.com/media/native/tournaments/fcwc/2025/M35%20MIA%20V%20SEP%20POST%20MATCH%20REPORT.pdf,30,LUCAS EVANGELISTA,41.0,38.0,93.0,3.0,0.0,0.0,12.0,10.0,83.0,1.0,0.0,1.0,0.0,0.0,45,1.0,0.0,2.0,2.0,4.0,21.0,0.0,0.0,0.0,2.0,3.0,25.0,9.0,3.0,3.0,49,8689.9,2583.6,4534.6,1119.6,337.2,114.9,106.0,24.0,28.9,52
palmeiras:41,palmeiras,Palmeiras,35,2025-06-23,https://www.fifatrainingcentre.com/media/native/tournaments/fcwc/2025/M35%20MIA%20V%20SEP%20POST%20MATCH%20REPORT.pdf,41,ESTEVAO,26.0,24.0,92.0,0.0,4.0,3.0,3.0,3.0,100.0,6.0,4.0,2.0,2.0,0.0,45,2.0,0.0,2.0,2.0,4.0,22.0,0.0,0.0,0.0,0.0,4.0,21.0,11.0,2.0,1.0,49,10122.7,4052.0,3872.2,1206.4,688.1,304.0,106.0,60.0,34.0,52
palmeiras:42,palmeiras,Palmeiras,35,2025-06-23,https://www.fifatrainingcentre.com/media/native/tournaments/fcwc/2025/M35%20MIA%20V%20SEP%20POST%20MATCH%20REPORT.pdf,42,Jose Manuel LOPEZ,14.0,10.0,71.0,0.0,0.0,0.0,2.0,0.0,0.0,2.0,1.0,1.0,2.0,0.0,45,6.0,0.0,2.0,0.0,5.0,45.0,2.0,0.0,3.0,0.0,1.0,36.0,19.0,0.0,2.0,49,9588.7,3786.3,3998.5,1070.3,545.8,187.7,99.0,41.0,30.7,52
palmeiras:3,palmeiras,Palmeiras,35,2025-06-23,https://www.fifatrainingcentre.com/media/native/tournaments/fcwc/2025/M35%20MIA%20V%20SEP%20POST%20MATCH%20REPORT.pdf,3,BRUNO FUCHS,31.0,29.0,94.0,2.0,0.0,0.0,12.0,11.0,92.0,3.0,0.0,3.0,1.0,0.0,45,8.0,1.0,2.0,1.0,6.0,1.0,4.0,0.0,5.0,3.0,3.0,17.0,2.0,6.0,5.0,49,7442.9,3866.1,2245.8,786.1,380.7,164.2,70.0,28.0,30.1,52
palmeiras:9,palmeiras,Palmeiras,35,2025-06-23,https://www.fifatrainingcentre.com/media/native/tournaments/fcwc/2025/M35%20MIA%20V%20SEP%20POST%20MATCH%20REPORT.pdf,9,VITOR ROQUE,4.0,4.0,100.0,0.0,2.0,0.0,1.0,1.0,100.0,1.0,1.0,0.0,2.0,0.0,45,0.0,0.0,0.0,0.0,0.0,2.0,1.0,0.0,1.0,0.0,2.0,4.0,1.0,0.0,0.0,49,2685.2,1197.8,951.4,239.4,189.6,107.1,19.0,14.0,31.2,52
palmeiras:10,palmeiras,Palmeiras,35,2025-06-23,https://www.fifatrainingcentre.com/media/native/tournaments/fcwc/2025/M35%20MIA%20V%20SEP%20POST%20MATCH%20REPORT.pdf,10,PAULINHO,23.0,22.0,96.0,1.0,4.0,0.0,7.0,6.0,86.0,5.0,2.0,3.0,3.0,1.0,45,2.0,1.0,0.0,1.0,0.0,1.0,0.0,0.0,1.0,0.0,1.0,2.0,0.0,2.0,1.0,49,4284.1,1891.7,1414.4,558.6,233.1,186.2,42.0,19.0,29.8,52
palmeiras:18,palmeiras,Palmeiras,35,2025-06-23,https://www.fifatrainingcentre.com/media/native/tournaments/fcwc/2025/M35%20MIA%20V%20SEP%20POST%20MATCH%20REPORT.pdf,18,MAURICIO,27.0,26.0,96.0,0.0,0.0,0.0,7.0,7.0,100.0,2.0,1.0,1.0,3.0,1.0,45,0.0,0.0,1.0,0.0,3.0,9.0,0.0,0.0,0.0,0.0,4.0,12.0,4.0,0.0,0.0,49,5660.0,2089.1,2288.0,921.1,292.5,69.3,86.0,27.0,27.6,52
palmeiras:40,palmeiras,Palmeiras,35,2025-06-23,https://www.fifatrainingcentre.com/media/native/tournaments/fcwc/2025/M35%20MIA%20V%20SEP%20POST%20MATCH%20REPORT.pdf,40,ALLAN,10.0,9.0,90.0,0.0,3.0,1.0,4.0,2.0,50.0,1.0,0.0,1.0,1.0,0.0,45,2.0,0.0,0.0,0.0,2.0,3.0,0.0,0.0,0.0,0.0,2.0,5.0,2.0,0.0,1.0,49,3208.0,1348.4,1129.9,443.1,181.3,105.4,39.0,18.0,31.0,52
fcporto:14,fcporto,FC Porto,36,2025-06-23,https://www.fifatrainingcentre.com/media/native/tournaments/fcwc/2025/M36%20POR%20V%20AHL%20POST%20MATCH%20REPORT.pdf,14,CLAUDIO RAMOS,31.0,29.0,94.0,0.0,0.0,0.0,5.0,3.0,60.0,0.0,0.0,0.0,0.0,0.0,43,1.0,0.0,0.0,0.0,0.0,0.0,0.0,0.0,0.0,0.0,3.0,0.0,0.0,7.0,0.0,48,4973.4,3706.4,975.9,183.3,95.2,12.5,20.0,9.0,25.5,51
fcporto:5,fcporto,FC Porto,36,2025-06-23,https://www.fifatrainingcentre.com/media/native/tournaments/fcwc/2025/M36%20POR%20V%20AHL%20POST%20MATCH%20REPORT.pdf,5,Ivan MARCANO,68.0,61.0,90.0,0.0,1.0,0.0,25.0,21.0,84.0,3.0,0.0,3.0,0.0,0.0,43,3.0,2.0,3.0,1.0,6.0,21.0,3.0,0.0,3.0,5.0,3.0,11.0,7.0,8.0,4.0,48,9945.1,4177.0,3722.4,1139.3,613.5,293.0,100.0,48.0,31.1,51
fcporto:6,fcporto,FC Porto,36,2025-06-23,https://www.fifatrainingcentre.com/media/native/tournaments/fcwc/2025/M36%20POR%20V%20AHL%20POST%20MATCH%20REPORT.pdf,6,Stephen EUSTAQUIO,61.0,55.0,90.0,1.0,1.0,0.0,16.0,12.0,75.0,2.0,0.0,2.0,0.0,0.0,43,3.0,0.0,1.0,0.0,4.0,13.0,0.0,0.0,0.0,1.0,6.0,9.0,2.0,0.0,3.0,48,12218.2,4039.0,4646.9,2630.4,839.6,62.4,221.0,54.0,27.9,51
fcporto:7,fcporto,FC Porto,36,2025-06-23,https://www.fifatrainingcentre.com/media/native/tournaments/fcwc/2025/M36%20POR%20V%20AHL%20POST%20MATCH%20REPORT.pdf,7,WILLIAM GOMES,22.0,17.0,77.0,0.0,5.0,2.0,10.0,8.0,80.0,9.0,8.0,1.0,4.0,1.0,43,2.0,0.0,0.0,3.0,3.0,7.0,0.0,0.0,0.0,1.0,1.0,10.0,2.0,5.0,1.0,48,6452.2,2947.9,2197.1,795.3,405.3,106.6,80.0,34.0,31.4,51
fcporto:10,fcporto,FC Porto,36,2025-06-23,https://www.fifatrainingcentre.com/media/native/tournaments/fcwc/2025/M36%20POR%20V%20AHL%20POST%20MATCH%20REPORT.pdf,10,FABIO VIEIRA,18.0,14.0,78.0,2.0,6.0,3.0,6.0,4.0,67.0,1.0,1.0,0.0,1.0,0.0,43,3.0,1.0,1.0,0.0,6.0,12.0,0.0,0.0,0.0,0.0,2.0,11.0,7.0,1.0,2.0,48,7498.7,2760.1,3066.5,1045.5,527.8,98.8,94.0,37.0,30.3,51
fcporto:19,fcporto,FC Porto,36,2025-06-23,https://www.fifatrainingcentre.com/media/native/tournaments/fcwc/2025/M36%20POR%20V%20AHL%20POST%20MATCH%20REPORT.pdf,19,Danny NAMASO,14.0,11.0,79.0,0.0,0.0,0.0,3.0,2.0,67.0,0.0,0.0,0.0,0.0,0.0,43,2.0,1.0,0.0,0.0,4.0,27.0,0.0,0.0,0.0,1.0,0.0,21.0,18.0,1.0,1.0,48,5589.8,2057.5,2295.2,847.1,316.0,74.0,77.0,26.0,32.5,51
fcporto:22,fcporto,FC Porto,36,2025-06-23,https://www.fifatrainingcentre.com/media/native/tournaments/fcwc/2025/M36%20POR%20V%20AHL%20POST%20MATCH%20REPORT.pdf,22,Alan VARELA,22.0,19.0,86.0,0.0,2.0,0.0,5.0,3.0,60.0,0.0,0.0,0.0,0.0,0.0,43,0.0,0.0,1.0,1.0,2.0,4.0,0.0,0.0,1.0,1.0,6.0,6.0,1.0,1.0,1.0,48,5567.7,1863.3,2220.8,911.1,471.5,101.0,87.0,36.0,29.6,51
fcporto:23,fcporto,FC Porto,36,2025-06-23,https://www.fifatrainingcentre.com/media/native/tournaments/fcwc/2025/M36%20POR%20V%20AHL%20POST%20MATCH%20REPORT.pdf,23,JOAO MARIO,33.0,30.0,91.0,0.0,0.0,0.0,11.0,10.0,91.0,3.0,1.0,2.0,0.0,0.0,43,1.0,0.0,1.0,0.0,3.0,10.0,0.0,0.0,1.0,2.0,3.0,7.0,3.0,2.0,2.0,48,6587.9,2580.5,2717.4,782.8,407.3,99.9,65.0,35.0,30.7,51
fcporto:74,fcporto,FC Porto,36,2025-06-23,https://www.fifatrainingcentre.com/media/native/tournaments/fcwc/2025/M36%20POR%20V%20AHL%20POST%20MATCH%20REPORT.pdf,74,FRANCISCO MOURA,40.0,37.0,92.0,0.0,3.0,0.0,10.0,9.0,90.0,0.0,0.0,0.0,0.0,0.0,43,1.0,1.0,3.0,1.0,2.0,14.0,1.0,0.0,1.0,4.0,4.0,25.0,8.0,7.0,1.0,48,10868.4,3795.2,4020.3,1664.1,1013.7,375.2,136.0,76.0,31.7,51
fcporto:86,fcporto,FC Porto,36,2025-06-23,https://www.fifatrainingcentre.com/media/native/tournaments/fcwc/2025/M36%20POR%20V%20AHL%20POST%20MATCH%20REPORT.pdf,86,RODRIGO MORA,20.0,13.0,65.0,0.0,0.0,0.0,4.0,1.0,25.0,2.0,2.0,0.0,3.0,1.0,43,3.0,1.0,3.0,0.0,2.0,29.0,0.0,0.0,1.0,0.0,2.0,9.0,4.0,2.0,1.0,48,11318.1,4068.6,4960.8,1601.0,604.7,83.0,152.0,40.0,29.1,51
fcporto:97,fcporto,FC Porto,36,2025-06-23,https://www.fifatrainingcentre.com/media/native/tournaments/fcwc/2025/M36%20POR%20V%20AHL%20POST%20MATCH%20REPORT.pdf,97,ZE PEDRO,74.0,68.0,92.0,2.0,0.0,0.0,17.0,14.0,82.0,3.0,0.0,3.0,0.0,0.0,43,3.0,2.0,5.0,3.0,4.0,12.0,1.0,0.0,1.0,3.0,5.0,24.0,6.0,12.0,3.0,48,9502.3,3529.1,4153.7,1045.0,436.3,338.2,85.0,41.0,31.2,51
fcporto:9,fcporto,FC Porto,36,2025-06-23,https://www.fifatrainingcentre.com/media/native/tournaments/fcwc/2025/M36%20POR%20V%20AHL%20POST%20MATCH%20REPORT.pdf,9,Samu AGHEHOWA,10.0,7.0,70.0,0.0,0.0,0.0,0.0,0.0,0.0,1.0,1.0,0.0,3.0,1.0,43,0.0,0.0,0.0,0.0,0.0,5.0,1.0,0.0,1.0,0.0,2.0,6.0,3.0,0.0,0.0,48,4850.5,2622.0,1471.7,436.6,178.8,141.4,43.0,18.0,32.5,51
fcporto:11,fcporto,FC Porto,36,2025-06-23,https://www.fifatrainingcentre.com/media/native/tournaments/fcwc/2025/M36%20POR%20V%20AHL%20POST%20MATCH%20REPORT.pdf,11,PEPE,15.0,10.0,67.0,0.0,2.0,0.0,3.0,2.0,67.0,0.0,0.0,0.0,2.0,1.0,43,1.0,0.0,0.0,0.0,2.0,4.0,0.0,0.0,0.0,1.0,1.0,3.0,1.0,1.0,0.0,48,3613.6,1183.5,1418.8,646.6,238.9,125.8,55.0,18.0,32.7,51
fcporto:17,fcporto,FC Porto,36,2025-06-23,https://www.fifatrainingcentre.com/media/native/tournaments/fcwc/2025/M36%20POR%20V%20AHL%20POST%20MATCH%20REPORT.pdf,17,Gabri VEIGA,10.0,8.0,80.0,1.0,0.0,0.0,3.0,3.0,100.0,1.0,0.0,1.0,0.0,0.0,43,3.0,1.0,0.0,0.0,4.0,8.0,0.0,0.0,0.0,0.0,2.0,4.0,3.0,1.0,0.0,48,3401.6,1035.5,1402.8,605.8,242.7,114.7,48.0,16.0,29.9,51
fcporto:52,fcporto,FC Porto,36,2025-06-23,https://www.fifatrainingcentre.com/media/native/tournaments/fcwc/2025/M36%20POR%20V%20AHL%20POST%20MATCH%20REPORT.pdf,52,MARTIM FERNANDES,20.0,18.0,90.0,0.0,0.0,0.0,8.0,6.0,75.0,1.0,1.0,0.0,0.0,0.0,43,1.0,1.0,1.0,1.0,1.0,9.0,1.0,0.0,1.0,4.0,5.0,4.0,4.0,4.0,3.0,48,4404.5,1463.4,1697.7,746.8,374.6,121.9,56.0,28.0,32.0,51
fcporto:70,fcporto,FC Porto,36,2025-06-23,https://www.fifatrainingcentre.com/media/native/tournaments/fcwc/2025/M36%20POR%20V%20AHL%20POST%20MATCH%20REPORT.pdf,70,GONCALO BORGES,11.0,10.0,91.0,1.0,4.0,3.0,4.0,4.0,100.0,8.0,6.0,2.0,4.0,0.0,43,1.0,0.0,0.0,0.0,4.0,2.0,0.0,0.0,1.0,0.0,1.0,5.0,1.0,1.0,1.0,48,5335.8,2081.0,2259.9,694.7,221.9,78.3,62.0,15.0,34.5,51
alahlyfc:1,alahlyfc,Al Ahly FC,36,2025-06-23,https://www.fifatrainingcentre.com/media/native/tournaments/fcwc/2025/M36%20POR%20V%20AHL%20POST%20MATCH%20REPORT.pdf,1,MOHAMED ELSHENAWY,25.0,18.0,72.0,0.0,0.0,0.0,13.0,8.0,62.0,0.0,0.0,0.0,0.0,0.0,45,0.0,0.0,0.0,0.0,0.0,0.0,0.0,0.0,0.0,0.0,3.0,0.0,0.0,5.0,0.0,49,5421.0,4446.2,845.5,123.3,6.0,0.0,13.0,1.0,22.1,52
alahlyfc:4,alahlyfc,Al Ahly FC,36,2025-06-23,https://www.fifatrainingcentre.com/media/native/tournaments/fcwc/2025/M36%20POR%20V%20AHL%20POST%20MATCH%20REPORT.pdf,4,AHMED RAMADAN,42.0,38.0,90.0,0.0,0.0,0.0,19.0,15.0,79.0,1.0,0.0,1.0,0.0,0.0,45,5.0,2.0,3.0,1.0,2.0,6.0,3.0,0.0,3.0,2.0,3.0,1.0,1.0,9.0,2.0,49,9589.3,4101.9,4340.8,825.9,229.3,91.4,84.0,19.0,29.3,52
alahlyfc:5,alahlyfc,Al Ahly FC,36,2025-06-23,https://www.fifatrainingcentre.com/media/native/tournaments/fcwc/2025/M36%20POR%20V%20AHL%20POST%20MATCH%20REPORT.pdf,5,Mohamed Ali BEN ROMDHANE,25.0,21.0,84.0,0.0,0.0,0.0,11.0,10.0,91.0,3.0,2.0,1.0,1.0,1.0,45,0.0,0.0,0.0,0.0,2.0,9.0,0.0,0.0,0.0,0.0,7.0,17.0,4.0,0.0,0.0,49,10271.7,3543.1,4682.0,1412.1,579.8,54.7,123.0,40.0,30.2,52
alahlyfc:7,alahlyfc,Al Ahly FC,36,2025-06-23,https://www.fifatrainingcentre.com/media/native/tournaments/fcwc/2025/M36%20POR%20V%20AHL%20POST%20MATCH%20REPORT.pdf,7,TREZEGUET,14.0,11.0,79.0,0.0,1.0,0.0,6.0,4.0,67.0,2.0,1.0,1.0,3.0,0.0,45,2.0,0.0,1.0,0.0,1.0,4.0,1.0,0.0,1.0,3.0,3.0,3.0,2.0,0.0,2.0,49,6859.1,3147.1,2061.3,909.0,488.4,253.2,81.0,47.0,32.5,52
alahlyfc:8,alahlyfc,Al Ahly FC,36,2025-06-23,https://www.fifatrainingcentre.com/media/native/tournaments/fcwc/2025/M36%20POR%20V%20AHL%20POST%20MATCH%20REPORT.pdf,8,HAMDY FATHY,18.0,16.0,89.0,1.0,0.0,0.0,5.0,3.0,60.0,0.0,0.0,0.0,1.0,0.0,45,1.0,1.0,0.0,0.0,1.0,6.0,0.0,0.0,0.0,0.0,3.0,3.0,1.0,1.0,0.0,49,3810.8,1253.0,1778.8,660.6,104.4,14.1,55.0,8.0,26.8,52
alahlyfc:9,alahlyfc,Al Ahly FC,36,2025-06-23,https://www.fifatrainingcentre.com/media/native/tournaments/fcwc/2025/M36%20POR%20V%20AHL%20POST%20MATCH%20REPORT.pdf,9,WESSAM ABOU ALI,18.0,16.0,89.0,0.0,1.0,0.0,0.0,0.0,0.0,0.0,0.0,0.0,4.0,3.0,45,0.0,0.0,1.0,0.0,0.0,17.0,0.0,0.0,0.0,0.0,4.0,13.0,6.0,1.0,0.0,49,6332.1,2525.6,1880.8,1177.4,445.0,303.2,101.0,38.0,32.2,52
alahlyfc:14,alahlyfc,Al Ahly FC,36,2025-06-23,https://www.fifatrainingcentre.com/media/native/tournaments/fcwc/2025/M36%20POR%20V%20AHL%20POST%20MATCH%20REPORT.pdf,14,HUSSEIN ELSHAHAT,12.0,8.0,67.0,0.0,1.0,0.0,5.0,3.0,60.0,1.0,1.0,0.0,1.0,0.0,45,3.0,0.0,1.0,1.0,5.0,5.0,0.0,0.0,0.0,1.0,3.0,6.0,5.0,1.0,1.0,49,6714.6,2801.9,2222.5,987.7,653.1,49.3,100.0,43.0,27.4,52
alahlyfc:15,alahlyfc,Al Ahly FC,36,2025-06-23,https://www.fifatrainingcentre.com/media/native/tournaments/fcwc/2025/M36%20POR%20V%20AHL%20POST%20MATCH%20REPORT.pdf,15,Achraf DARI,21.0,19.0,90.0,0.0,0.0,0.0,3.0,2.0,67.0,0.0,0.0,0.0,0.0,0.0,45,3.0,0.0,5.0,2.0,1.0,4.0,2.0,0.0,3.0,6.0,0.0,9.0,4.0,7.0,7.0,49,9368.9,4185.9,4059.3,853.8,231.9,38.1,79.0,21.0,32.6,52
alahlyfc:25,alahlyfc,Al Ahly FC,36,2025-06-23,https://www.fifatrainingcentre.com/media/native/tournaments/fcwc/2025/M36%20POR%20V%20AHL%20POST%20MATCH%20REPORT.pdf,25,ZIZO,33.0,31.0,94.0,1.0,5.0,1.0,11.0,11.0,100.0,5.0,1.0,4.0,3.0,0.0,45,0.0,0.0,1.0,0.0,0.0,9.0,0.0,0.0,0.0,0.0,7.0,5.0,2.0,1.0,0.0,49,10891.8,4343.5,4173.4,1157.4,725.4,492.0,94.0,58.0,30.7,52
alahlyfc:30,alahlyfc,Al Ahly FC,36,2025-06-23,https://www.fifatrainingcentre.com/media/native/tournaments/fcwc/2025/M36%20POR%20V%20AHL%20POST%20MATCH%20REPORT.pdf,30,MOHAMED HANY,43.0,34.0,79.0,1.0,2.0,1.0,17.0,11.0,65.0,4.0,3.0,1.0,3.0,0.0,45,7.0,2.0,4.0,3.0,4.0,18.0,0.0,0.0,0.0,2.0,7.0,21.0,15.0,6.0,4.0,49,9956.7,4183.8,4113.2,1200.5,349.9,109.4,104.0,30.0,29.5,52
alahlyfc:36,alahlyfc,Al Ahly FC,36,2025-06-23,https://www.fifatrainingcentre.com/media/native/tournaments/fcwc/2025/M36%20POR%20V%20AHL%20POST%20MATCH%20REPORT.pdf,36,AHMED KOKA,42.0,38.0,90.0,0.0,2.0,1.0,19.0,16.0,84.0,0.0,0.0,0.0,2.0,0.0,45,7.0,0.0,4.0,3.0,7.0,14.0,1.0,0.0,1.0,2.0,6.0,21.0,15.0,3.0,7.0,49,10482.7,3998.5,4543.6,1353.9,401.1,185.6,116.0,37.0,31.7,52
alahlyfc:3,alahlyfc,Al Ahly FC,36,2025-06-23,https://www.fifatrainingcentre.com/media/native/tournaments/fcwc/2025/M36%20POR%20V%20AHL%20POST%20MATCH%20REPORT.pdf,3,OMAR KAMAL,11.0,11.0,100.0,1.0,2.0,0.0,0.0,0.0,0.0,0.0,0.0,0.0,1.0,0.0,45,4.0,0.0,0.0,0.0,4.0,4.0,1.0,0.0,1.0,0.0,2.0,4.0,4.0,0.0,0.0,49,4450.0,1762.5,1547.9,629.0,289.5,221.0,53.0,23.0,31.9,52
alahlyfc:10,alahlyfc,Al Ahly FC,36,2025-06-23,https://www.fifatrainingcentre.com/media/native/tournaments/fcwc/2025/M36%20POR%20V%20AHL%20POST%20MATCH%20REPORT.pdf,10,Nejc GRADISAR,7.0,6.0,86.0,0.0,0.0,0.0,3.0,2.0,67.0,0.0,0.0,0.0,1.0,0.0,45,0.0,0.0,0.0,0.0,1.0,10.0,5.0,0.0,5.0,4.0,1.0,3.0,2.0,0.0,3.0,49,4516.8,1492.7,1967.4,572.7,294.8,189.2,40.0,29.0,33.8,52
alahlyfc:17,alahlyfc,Al Ahly FC,36,2025-06-23,https://www.fifatrainingcentre.com/media/native/tournaments/fcwc/2025/M36%20POR%20V%20AHL%20POST%20MATCH%20REPORT.pdf,17,Achraf BENCHARKI,20.0,15.0,75.0,0.0,1.0,0.0,3.0,1.0,33.0,1.0,1.0,0.0,3.0,0.0,45,2.0,1.0,0.0,0.0,6.0,8.0,0.0,0.0,0.0,0.0,3.0,7.0,6.0,1.0,0.0,49,4915.3,1415.6,1897.1,825.9,474.7,301.9,72.0,34.0,32.3,52
alahlyfc:19,alahlyfc,Al Ahly FC,36,2025-06-23,https://www.fifatrainingcentre.com/media/native/tournaments/fcwc/2025/M36%20POR%20V%20AHL%20POST%20MATCH%20REPORT.pdf,19,MOHAMED AFSHA,9.0,9.0,100.0,0.0,0.0,0.0,1.0,1.0,100.0,1.0,0.0,1.0,0.0,0.0,45,0.0,0.0,0.0,0.0,1.0,6.0,0.0,0.0,0.0,0.0,0.0,2.0,2.0,0.0,0.0,49,1348.1,262.7,588.0,295.2,175.6,26.7,22.0,11.0,27.0,52
alahlyfc:23,alahlyfc,Al Ahly FC,36,2025-06-23,https://www.fifatrainingcentre.com/media/native/tournaments/fcwc/2025/M36%20POR%20V%20AHL%20POST%20MATCH%20REPORT.pdf,23,Aliou DIENG,25.0,22.0,88.0,2.0,0.0,0.0,10.0,7.0,70.0,1.0,0.0,1.0,0.0,0.0,45,5.0,3.0,9.0,0.0,6.0,12.0,1.0,0.0,2.0,2.0,8.0,11.0,7.0,11.0,3.0,49,7385.7,2507.7,3373.5,1055.2,339.4,109.9,88.0,32.0,31.1,52
aucklandcityfc:24,aucklandcityfc,Auckland City FC,37,2025-06-24,https://www.fifatrainingcentre.com/media/native/tournaments/fcwc/2025/M37%20AKL%20V%20BOC%20POST%20MATCH%20REPORT.pdf,24,Nathan GARROW,44.0,13.0,30.0,1.0,0.0,0.0,30.0,8.0,27.0,0.0,0.0,0.0,0.0,0.0,44,1.0,0.0,0.0,0.0,0.0,0.0,0.0,0.0,0.0,0.0,2.0,0.0,0.0,13.0,0.0,49,5056.0,3925.1,1039.7,56.7,29.2,5.3,5.0,2.0,27.1,52
aucklandcityfc:2,aucklandcityfc,Auckland City FC,37,2025-06-24,https://www.fifatrainingcentre.com/media/native/tournaments/fcwc/2025/M37%20AKL%20V%20BOC%20POST%20MATCH%20REPORT.pdf,2,Mario ILICH,33.0,29.0,88.0,2.0,0.0,0.0,8.0,6.0,75.0,2.0,1.0,1.0,0.0,0.0,44,1.0,0.0,3.0,0.0,1.0,44.0,2.0,0.0,2.0,1.0,7.0,30.0,25.0,1.0,1.0,49,12121.0,3447.7,6880.0,1564.2,179.0,50.1,136.0,13.0,44.9,52
aucklandcityfc:3,aucklandcityfc,Auckland City FC,37,2025-06-24,https://www.fifatrainingcentre.com/media/native/tournaments/fcwc/2025/M37%20AKL%20V%20BOC%20POST%20MATCH%20REPORT.pdf,3,Adam MITCHELL,8.0,6.0,75.0,0.0,0.0,0.0,3.0,3.0,100.0,0.0,0.0,0.0,0.0,0.0,44,1.0,0.0,4.0,0.0,1.0,0.0,4.0,0.0,4.0,13.0,1.0,3.0,0.0,4.0,9.0,49,9673.4,4578.0,3975.0,743.8,339.2,37.5,67.0,22.0,43.5,52
aucklandcityfc:4,aucklandcityfc,Auckland City FC,37,2025-06-24,https://www.fifatrainingcentre.com/media/native/tournaments/fcwc/2025/M37%20AKL%20V%20BOC%20POST%20MATCH%20REPORT.pdf,4,Christian GRAY,17.0,12.0,71.0,1.0,0.0,0.0,4.0,3.0,75.0,0.0,0.0,0.0,1.0,1.0,44,1.0,0.0,1.0,0.0,1.0,0.0,1.0,0.0,1.0,11.0,8.0,2.0,1.0,2.0,8.0,49,8969.4,4451.2,3741.7,607.8,142.9,25.7,47.0,11.0,41.9,52
aucklandcityfc:5,aucklandcityfc,Auckland City FC,37,2025-06-24,https://www.fifatrainingcentre.com/media/native/tournaments/fcwc/2025/M37%20AKL%20V%20BOC%20POST%20MATCH%20REPORT.pdf,5,Nikko BOXALL,17.0,17.0,100.0,2.0,0.0,0.0,8.0,8.0,100.0,1.0,0.0,1.0,0.0,0.0,44,0.0,0.0,5.0,1.0,2.0,1.0,2.0,0.0,2.0,20.0,0.0,2.0,1.0,8.0,15.0,49,8592.4,4274.0,3765.0,385.0,121.6,46.8,35.0,11.0,40.3,52
aucklandcityfc:7,aucklandcityfc,Auckland City FC,37,2025-06-24,https://www.fifatrainingcentre.com/media/native/tournaments/fcwc/2025/M37%20AKL%20V%20BOC%20POST%20MATCH%20REPORT.pdf,7,Myer BEVAN,13.0,8.0,62.0,0.0,0.0,0.0,6.0,2.0,33.0,2.0,1.0,1.0,0.0,0.0,44,1.0,0.0,3.0,1.0,7.0,25.0,3.0,0.0,3.0,3.0,6.0,14.0,14.0,1.0,6.0,49,11652.6,4407.2,5117.1,1473.8,456.8,197.7,105.0,41.0,43.8,52
aucklandcityfc:8,aucklandcityfc,Auckland City FC,37,2025-06-24,https://www.fifatrainingcentre.com/media/native/tournaments/fcwc/2025/M37%20AKL%20V%20BOC%20POST%20MATCH%20REPORT.pdf,8,Gerard GARRIGA,19.0,16.0,84.0,0.0,0.0,0.0,5.0,5.0,100.0,0.0,0.0,0.0,0.0,0.0,44,1.0,0.0,4.0,0.0,3.0,30.0,0.0,0.0,0.0,3.0,3.0,10.0,5.0,2.0,3.0,49,7964.8,1872.7,4568.8,1257.4,161.8,104.2,95.0,12.0,30.5,52
aucklandcityfc:10,aucklandcityfc,Auckland City FC,37,2025-06-24,https://www.fifatrainingcentre.com/media/native/tournaments/fcwc/2025/M37%20AKL%20V%20BOC%20POST%20MATCH%20REPORT.pdf,10,Dylan MANICKUM,16.0,12.0,75.0,0.0,0.0,0.0,1.0,0.0,0.0,2.0,2.0,0.0,1.0,0.0,44,2.0,0.0,0.0,0.0,4.0,18.0,0.0,0.0,0.0,1.0,2.0,8.0,5.0,0.0,2.0,49,9089.5,2483.3,4751.2,1295.9,496.7,62.4,121.0,31.0,44.1,52
aucklandcityfc:12,aucklandcityfc,Auckland City FC,37,2025-06-24,https://www.fifatrainingcentre.com/media/native/tournaments/fcwc/2025/M37%20AKL%20V%20BOC%20POST%20MATCH%20REPORT.pdf,12,Regont MURATI,25.0,21.0,84.0,0.0,0.0,0.0,5.0,4.0,80.0,1.0,0.0,1.0,1.0,0.0,44,3.0,0.0,2.0,0.0,3.0,7.0,1.0,0.0,1.0,3.0,7.0,9.0,8.0,1.0,3.0,49,6766.3,2651.7,3081.3,732.1,234.6,66.6,63.0,18.0,27.5,52
aucklandcityfc:17,aucklandcityfc,Auckland City FC,37,2025-06-24,https://www.fifatrainingcentre.com/media/native/tournaments/fcwc/2025/M37%20AKL%20V%20BOC%20POST%20MATCH%20REPORT.pdf,17,Jerson LAGOS,20.0,16.0,80.0,0.0,2.0,1.0,10.0,6.0,60.0,2.0,1.0,1.0,0.0,0.0,44,1.0,1.0,8.0,0.0,0.0,31.0,0.0,0.0,0.0,3.0,6.0,26.0,24.0,4.0,4.0,49,8826.4,3313.7,4533.8,746.4,133.5,99.1,65.0,13.0,42.6,52
aucklandcityfc:26,aucklandcityfc,Auckland City FC,37,2025-06-24,https://www.fifatrainingcentre.com/media/native/tournaments/fcwc/2025/M37%20AKL%20V%20BOC%20POST%20MATCH%20REPORT.pdf,26,David YOO,12.0,10.0,83.0,0.0,2.0,0.0,1.0,0.0,0.0,1.0,1.0,0.0,0.0,0.0,44,0.0,0.0,3.0,0.0,0.0,12.0,1.0,0.0,1.0,1.0,1.0,15.0,3.0,0.0,3.0,49,7438.7,2127.3,3909.2,1076.2,263.6,62.3,85.0,22.0,28.6,52
aucklandcityfc:14,aucklandcityfc,Auckland City FC,37,2025-06-24,https://www.fifatrainingcentre.com/media/native/tournaments/fcwc/2025/M37%20AKL%20V%20BOC%20POST%20MATCH%20REPORT.pdf,14,Jordan VALE,9.0,6.0,67.0,0.0,0.0,0.0,1.0,0.0,0.0,1.0,1.0,0.0,0.0,0.0,44,1.0,0.0,1.0,2.0,0.0,12.0,1.0,0.0,1.0,1.0,1.0,3.0,1.0,4.0,1.0,49,4752.9,1354.9,2313.5,792.2,260.4,31.9,63.0,16.0,28.7,52
aucklandcityfc:16,aucklandcityfc,Auckland City FC,37,2025-06-24,https://www.fifatrainingcentre.com/media/native/tournaments/fcwc/2025/M37%20AKL%20V%20BOC%20POST%20MATCH%20REPORT.pdf,16,Joe LEE,1.0,1.0,100.0,0.0,1.0,0.0,0.0,0.0,0.0,0.0,0.0,0.0,0.0,0.0,44,0.0,0.0,1.0,0.0,1.0,7.0,0.0,0.0,0.0,0.0,2.0,3.0,1.0,0.0,0.0,49,1979.3,521.3,860.2,385.9,181.2,30.6,35.0,14.0,28.9,52
aucklandcityfc:19,aucklandcityfc,Auckland City FC,37,2025-06-24,https://www.fifatrainingcentre.com/media/native/tournaments/fcwc/2025/M37%20AKL%20V%20BOC%20POST%20MATCH%20REPORT.pdf,19,Dylan CONNOLLY,9.0,4.0,44.0,0.0,0.0,0.0,6.0,3.0,50.0,0.0,0.0,0.0,0.0,0.0,44,2.0,0.0,2.0,0.0,2.0,9.0,0.0,0.0,0.0,4.0,1.0,12.0,11.0,0.0,5.0,49,4119.0,1628.7,1942.3,438.5,94.7,14.6,36.0,8.0,27.4,52
aucklandcityfc:20,aucklandcityfc,Auckland City FC,37,2025-06-24,https://www.fifatrainingcentre.com/media/native/tournaments/fcwc/2025/M37%20AKL%20V%20BOC%20POST%20MATCH%20REPORT.pdf,20,Matt ELLIS,4.0,3.0,75.0,0.0,1.0,0.0,1.0,0.0,0.0,0.0,0.0,0.0,0.0,0.0,44,2.0,1.0,1.0,1.0,1.0,18.0,0.0,0.0,0.0,2.0,0.0,10.0,8.0,3.0,1.0,49,4892.4,1532.7,2145.2,807.9,312.1,94.5,66.0,27.0,31.4,52
aucklandcityfc:27,aucklandcityfc,Auckland City FC,37,2025-06-24,https://www.fifatrainingcentre.com/media/native/tournaments/fcwc/2025/M37%20AKL%20V%20BOC%20POST%20MATCH%20REPORT.pdf,27,Haris ZEB,4.0,3.0,75.0,0.0,0.0,0.0,3.0,2.0,67.0,1.0,1.0,0.0,0.0,0.0,44,0.0,0.0,2.0,0.0,3.0,7.0,0.0,0.0,0.0,2.0,0.0,1.0,1.0,0.0,1.0,49,2825.6,1199.4,1094.5,314.2,180.4,37.0,30.0,15.0,27.3,52
cabocajuniors:25,cabocajuniors,CA Boca Juniors,37,2025-06-24,https://www.fifatrainingcentre.com/media/native/tournaments/fcwc/2025/M37%20AKL%20V%20BOC%20POST%20MATCH%20REPORT.pdf,25,Agustin MARCHESIN,15.0,14.0,93.0,0.0,0.0,0.0,1.0,1.0,100.0,0.0,0.0,0.0,0.0,0.0,46,0.0,0.0,0.0,0.0,0.0,0.0,0.0,0.0,0.0,0.0,3.0,0.0,0.0,4.0,0.0,50,3739.5,3229.6,458.2,35.0,6.1,10.6,4.0,2.0,40.8,53
cabocajuniors:5,cabocajuniors,CA Boca Juniors,37,2025-06-24,https://www.fifatrainingcentre.com/media/native/tournaments/fcwc/2025/M37%20AKL%20V%20BOC%20POST%20MATCH%20REPORT.pdf,5,Rodrigo BATTAGLIA,99.0,97.0,98.0,0.0,1.0,0.0,18.0,16.0,89.0,1.0,1.0,0.0,3.0,0.0,46,3.0,0.0,2.0,1.0,2.0,10.0,12.0,0.0,12.0,4.0,18.0,8.0,5.0,7.0,6.0,50,9693.1,4583.0,4155.3,788.8,101.0,65.1,70.0,11.0,44.3,53
cabocajuniors:7,cabocajuniors,CA Boca Juniors,37,2025-06-24,https://www.fifatrainingcentre.com/media/native/tournaments/fcwc/2025/M37%20AKL%20V%20BOC%20POST%20MATCH%20REPORT.pdf,7,Exequiel ZEBALLOS,20.0,19.0,95.0,1.0,8.0,2.0,6.0,3.0,50.0,1.0,0.0,1.0,0.0,0.0,46,3.0,1.0,1.0,1.0,2.0,4.0,0.0,0.0,0.0,0.0,1.0,3.0,2.0,2.0,1.0,50,2588.8,1029.1,1090.0,280.5,133.6,55.7,22.0,16.0,30.7,53
cabocajuniors:8,cabocajuniors,CA Boca Juniors,37,2025-06-24,https://www.fifatrainingcentre.com/media/native/tournaments/fcwc/2025/M37%20AKL%20V%20BOC%20POST%20MATCH%20REPORT.pdf,8,Carlos PALACIOS,107.0,100.0,93.0,2.0,2.0,1.0,38.0,32.0,84.0,0.0,0.0,0.0,7.0,0.0,46,3.0,0.0,3.0,0.0,4.0,12.0,0.0,0.0,1.0,3.0,14.0,10.0,6.0,2.0,6.0,50,10539.6,4438.3,4444.8,1343.3,240.2,73.0,121.0,23.0,44.5,53
cabocajuniors:10,cabocajuniors,CA Boca Juniors,37,2025-06-24,https://www.fifatrainingcentre.com/media/native/tournaments/fcwc/2025/M37%20AKL%20V%20BOC%20POST%20MATCH%20REPORT.pdf,10,Edinson CAVANI,8.0,8.0,100.0,0.0,0.0,0.0,2.0,2.0,100.0,1.0,1.0,0.0,4.0,0.0,46,0.0,0.0,0.0,0.0,0.0,10.0,1.0,0.0,1.0,0.0,1.0,4.0,2.0,0.0,0.0,50,5552.1,2817.0,2042.0,470.1,187.1,36.0,44.0,16.0,27.5,53
cabocajuniors:16,cabocajuniors,CA Boca Juniors,37,2025-06-24,https://www.fifatrainingcentre.com/media/native/tournaments/fcwc/2025/M37%20AKL%20V%20BOC%20POST%20MATCH%20REPORT.pdf,16,Miguel MERENTIEL,39.0,31.0,79.0,1.0,2.0,1.0,7.0,4.0,57.0,1.0,1.0,0.0,6.0,0.0,46,0.0,0.0,0.0,0.0,0.0,7.0,0.0,0.0,0.0,0.0,5.0,7.0,3.0,0.0,0.0,50,9322.8,4845.8,3223.7,867.5,299.0,86.8,79.0,29.0,44.4,53
cabocajuniors:17,cabocajuniors,CA Boca Juniors,37,2025-06-24,https://www.fifatrainingcentre.com/media/native/tournaments/fcwc/2025/M37%20AKL%20V%20BOC%20POST%20MATCH%20REPORT.pdf,17,Luis ADVINCULA,63.0,61.0,97.0,1.0,11.0,0.0,11.0,6.0,55.0,2.0,1.0,1.0,5.0,0.0,46,2.0,2.0,1.0,0.0,7.0,7.0,1.0,0.0,1.0,0.0,9.0,11.0,3.0,3.0,1.0,50,9381.7,4458.4,3468.0,970.0,396.3,89.0,77.0,32.0,44.9,53
cabocajuniors:20,cabocajuniors,CA Boca Juniors,37,2025-06-24,https://www.fifatrainingcentre.com/media/native/tournaments/fcwc/2025/M37%20AKL%20V%20BOC%20POST%20MATCH%20REPORT.pdf,20,Alan VELASCO,33.0,27.0,82.0,5.0,3.0,2.0,10.0,5.0,50.0,0.0,0.0,0.0,2.0,0.0,46,1.0,0.0,0.0,2.0,1.0,10.0,1.0,0.0,1.0,0.0,1.0,8.0,3.0,2.0,0.0,50,7397.9,2272.8,4035.4,863.4,212.5,13.9,73.0,17.0,26.0,53
cabocajuniors:23,cabocajuniors,CA Boca Juniors,37,2025-06-24,https://www.fifatrainingcentre.com/media/native/tournaments/fcwc/2025/M37%20AKL%20V%20BOC%20POST%20MATCH%20REPORT.pdf,23,Lautaro BLANCO,68.0,64.0,94.0,3.0,26.0,6.0,29.0,18.0,62.0,6.0,1.0,5.0,0.0,0.0,46,1.0,0.0,1.0,0.0,1.0,13.0,1.0,0.0,1.0,2.0,10.0,5.0,3.0,1.0,2.0,50,10653.5,5366.3,3743.2,1155.5,241.0,147.5,94.0,25.0,44.1,53
cabocajuniors:26,cabocajuniors,CA Boca Juniors,37,2025-06-24,https://www.fifatrainingcentre.com/media/native/tournaments/fcwc/2025/M37%20AKL%20V%20BOC%20POST%20MATCH%20REPORT.pdf,26,Marco PELLEGRINO,49.0,45.0,92.0,0.0,0.0,0.0,0.0,0.0,0.0,0.0,0.0,0.0,0.0,0.0,46,3.0,2.0,6.0,2.0,5.0,6.0,1.0,0.0,2.0,4.0,9.0,9.0,3.0,10.0,6.0,50,9620.1,4616.6,3950.5,798.6,176.5,78.0,56.0,15.0,44.5,53
cabocajuniors:40,cabocajuniors,CA Boca Juniors,37,2025-06-24,https://www.fifatrainingcentre.com/media/native/tournaments/fcwc/2025/M37%20AKL%20V%20BOC%20POST%20MATCH%20REPORT.pdf,40,Lautaro DI LOLLO,59.0,56.0,95.0,0.0,0.0,0.0,9.0,7.0,78.0,0.0,0.0,0.0,3.0,0.0,46,4.0,2.0,0.0,1.0,3.0,1.0,4.0,0.0,4.0,0.0,13.0,1.0,0.0,3.0,2.0,50,9943.7,4542.5,4279.6,782.9,279.0,59.7,62.0,16.0,44.2,53
cabocajuniors:9,cabocajuniors,CA Boca Juniors,37,2025-06-24,https://www.fifatrainingcentre.com/media/native/tournaments/fcwc/2025/M37%20AKL%20V%20BOC%20POST%20MATCH%20REPORT.pdf,9,Milton GIMENEZ,4.0,2.0,50.0,0.0,1.0,0.0,0.0,0.0,0.0,1.0,1.0,0.0,2.0,0.0,46,1.0,0.0,0.0,0.0,1.0,10.0,1.0,0.0,1.0,0.0,2.0,3.0,2.0,0.0,0.0,50,4109.0,2033.4,1551.4,373.6,102.9,47.6,32.0,8.0,29.0,53
cabocajuniors:22,cabocajuniors,CA Boca Juniors,37,2025-06-24,https://www.fifatrainingcentre.com/media/native/tournaments/fcwc/2025/M37%20AKL%20V%20BOC%20POST%20MATCH%20REPORT.pdf,22,Kevin ZENON,55.0,45.0,82.0,3.0,15.0,5.0,28.0,13.0,46.0,0.0,0.0,0.0,6.0,0.0,46,0.0,0.0,1.0,0.0,1.0,10.0,1.0,0.0,1.0,0.0,6.0,2.0,1.0,0.0,1.0,50,8053.0,3304.5,3477.6,844.8,370.4,55.6,71.0,26.0,44.4,53
cabocajuniors:27,cabocajuniors,CA Boca Juniors,37,2025-06-24,https://www.fifatrainingcentre.com/media/native/tournaments/fcwc/2025/M37%20AKL%20V%20BOC%20POST%20MATCH%20REPORT.pdf,27,Malcom BRAIDA,14.0,11.0,79.0,2.0,3.0,1.0,0.0,0.0,0.0,1.0,1.0,0.0,1.0,0.0,46,0.0,0.0,2.0,1.0,0.0,3.0,1.0,0.0,1.0,1.0,3.0,3.0,2.0,1.0,1.0,50,4554.4,1795.9,1761.5,659.6,283.7,53.7,53.0,23.0,27.8,53
slbenfica:1,slbenfica,SL Benfica,38,2025-06-24,https://www.fifatrainingcentre.com/media/native/tournaments/fcwc/2025/M38%20SLB%20V%20BAY%20POST%20MATCH%20REPORT%20.pdf,1,Anatoliy TRUBIN,37.0,21.0,57.0,0.0,0.0,0.0,24.0,11.0,46.0,0.0,0.0,0.0,0.0,0.0,42,0.0,0.0,0.0,0.0,0.0,0.0,0.0,0.0,0.0,0.0,1.0,0.0,0.0,6.0,0.0,47,4722.4,4041.5,660.8,20.2,0.0,0.0,2.0,0.0,17.9,50
slbenfica:4,slbenfica,SL Benfica,38,2025-06-24,https://www.fifatrainingcentre.com/media/native/tournaments/fcwc/2025/M38%20SLB%20V%20BAY%20POST%20MATCH%20REPORT%20.pdf,4,ANTONIO SILVA,24.0,22.0,92.0,1.0,0.0,0.0,10.0,10.0,100.0,1.0,0.0,1.0,0.0,0.0,42,2.0,0.0,2.0,1.0,4.0,5.0,2.0,0.0,2.0,10.0,2.0,9.0,5.0,2.0,9.0,47,9307.0,4379.3,3825.2,760.4,260.9,81.2,69.0,24.0,32.0,50
slbenfica:8,slbenfica,SL Benfica,38,2025-06-24,https://www.fifatrainingcentre.com/media/native/tournaments/fcwc/2025/M38%20SLB%20V%20BAY%20POST%20MATCH%20REPORT%20.pdf,8,Fredrik AURSNES,27.0,24.0,89.0,0.0,0.0,0.0,6.0,4.0,67.0,2.0,0.0,2.0,0.0,0.0,42,5.0,2.0,5.0,1.0,7.0,11.0,0.0,0.0,0.0,1.0,5.0,22.0,9.0,6.0,3.0,47,10240.4,4194.1,4543.0,963.2,360.6,179.5,85.0,29.0,32.0,50
slbenfica:11,slbenfica,SL Benfica,38,2025-06-24,https://www.fifatrainingcentre.com/media/native/tournaments/fcwc/2025/M38%20SLB%20V%20BAY%20POST%20MATCH%20REPORT%20.pdf,11,Angel DI MARIA,21.0,19.0,90.0,0.0,3.0,1.0,8.0,7.0,88.0,4.0,4.0,0.0,2.0,0.0,42,4.0,0.0,1.0,0.0,3.0,19.0,0.0,0.0,0.0,2.0,3.0,22.0,14.0,1.0,3.0,47,7880.6,4021.3,2496.0,785.1,396.9,181.3,72.0,35.0,31.1,50
slbenfica:14,slbenfica,SL Benfica,38,2025-06-24,https://www.fifatrainingcentre.com/media/native/tournaments/fcwc/2025/M38%20SLB%20V%20BAY%20POST%20MATCH%20REPORT%20.pdf,14,Evangelos PAVLIDIS,11.0,7.0,64.0,0.0,1.0,0.0,5.0,0.0,0.0,1.0,1.0,0.0,0.0,0.0,42,0.0,0.0,1.0,0.0,0.0,36.0,1.0,0.0,1.0,1.0,0.0,7.0,5.0,0.0,2.0,47,8817.1,3756.9,3781.4,797.8,329.6,151.4,70.0,27.0,32.7,50
slbenfica:18,slbenfica,SL Benfica,38,2025-06-24,https://www.fifatrainingcentre.com/media/native/tournaments/fcwc/2025/M38%20SLB%20V%20BAY%20POST%20MATCH%20REPORT%20.pdf,18,Leandro BARREIRO,19.0,13.0,68.0,0.0,1.0,1.0,4.0,3.0,75.0,1.0,1.0,0.0,0.0,0.0,42,1.0,0.0,4.0,0.0,4.0,21.0,1.0,0.0,1.0,1.0,8.0,10.0,4.0,3.0,3.0,47,10664.9,4302.9,4680.1,1431.0,196.4,54.5,120.0,19.0,29.9,50
slbenfica:21,slbenfica,SL Benfica,38,2025-06-24,https://www.fifatrainingcentre.com/media/native/tournaments/fcwc/2025/M38%20SLB%20V%20BAY%20POST%20MATCH%20REPORT%20.pdf,21,Andreas SCHJELDERUP,10.0,7.0,70.0,0.0,2.0,0.0,2.0,1.0,50.0,1.0,1.0,0.0,1.0,1.0,42,1.0,1.0,4.0,0.0,2.0,19.0,0.0,0.0,0.0,1.0,4.0,14.0,6.0,4.0,1.0,47,6133.7,2558.2,2362.4,754.1,378.5,80.5,69.0,28.0,31.5,50
slbenfica:25,slbenfica,SL Benfica,38,2025-06-24,https://www.fifatrainingcentre.com/media/native/tournaments/fcwc/2025/M38%20SLB%20V%20BAY%20POST%20MATCH%20REPORT%20.pdf,25,Gianluca PRESTIANNI,18.0,14.0,78.0,1.0,0.0,0.0,3.0,1.0,33.0,2.0,1.0,1.0,0.0,0.0,42,0.0,0.0,4.0,0.0,2.0,16.0,0.0,0.0,1.0,0.0,3.0,9.0,4.0,0.0,3.0,47,6110.6,2207.4,2736.7,808.2,250.3,108.0,79.0,22.0,30.3,50
slbenfica:26,slbenfica,SL Benfica,38,2025-06-24,https://www.fifatrainingcentre.com/media/native/tournaments/fcwc/2025/M38%20SLB%20V%20BAY%20POST%20MATCH%20REPORT%20.pdf,26,Samuel DAHL,33.0,28.0,85.0,0.0,0.0,0.0,8.0,6.0,75.0,2.0,1.0,1.0,0.0,0.0,42,5.0,1.0,5.0,1.0,10.0,23.0,0.0,0.0,1.0,1.0,7.0,19.0,11.0,4.0,4.0,47,9772.5,4142.4,4306.5,819.6,419.3,84.8,78.0,30.0,28.8,50
slbenfica:30,slbenfica,SL Benfica,38,2025-06-24,https://www.fifatrainingcentre.com/media/native/tournaments/fcwc/2025/M38%20SLB%20V%20BAY%20POST%20MATCH%20REPORT%20.pdf,30,Nicolas OTAMENDI,27.0,23.0,85.0,0.0,0.0,0.0,6.0,3.0,50.0,0.0,0.0,0.0,0.0,0.0,42,5.0,0.0,4.0,1.0,4.0,3.0,3.0,0.0,4.0,8.0,3.0,4.0,1.0,9.0,9.0,47,9066.7,4305.6,3753.1,734.1,230.3,43.6,71.0,18.0,28.6,50
slbenfica:85,slbenfica,SL Benfica,38,2025-06-24,https://www.fifatrainingcentre.com/media/native/tournaments/fcwc/2025/M38%20SLB%20V%20BAY%20POST%20MATCH%20REPORT%20.pdf,85,RENATO SANCHES,24.0,19.0,79.0,0.0,0.0,0.0,10.0,5.0,50.0,4.0,2.0,2.0,1.0,0.0,42,1.0,0.0,3.0,0.0,2.0,20.0,0.0,0.0,1.0,1.0,8.0,35.0,8.0,2.0,2.0,47,8202.2,3284.3,3616.0,1016.1,262.1,23.7,92.0,20.0,26.6,50
slbenfica:10,slbenfica,SL Benfica,38,2025-06-24,https://www.fifatrainingcentre.com/media/native/tournaments/fcwc/2025/M38%20SLB%20V%20BAY%20POST%20MATCH%20REPORT%20.pdf,10,Orkun KOKCU,7.0,5.0,71.0,0.0,0.0,0.0,5.0,4.0,80.0,1.0,0.0,1.0,2.0,0.0,42,3.0,0.0,3.0,1.0,3.0,7.0,0.0,0.0,0.0,0.0,1.0,5.0,3.0,1.0,3.0,47,4221.9,1658.1,1889.6,478.8,150.9,44.5,39.0,10.0,31.6,50
slbenfica:17,slbenfica,SL Benfica,38,2025-06-24,https://www.fifatrainingcentre.com/media/native/tournaments/fcwc/2025/M38%20SLB%20V%20BAY%20POST%20MATCH%20REPORT%20.pdf,17,Kerem AKTURKOGLU,6.0,5.0,83.0,0.0,0.0,0.0,3.0,2.0,67.0,2.0,0.0,2.0,1.0,0.0,42,1.0,0.0,3.0,0.0,0.0,9.0,0.0,0.0,0.0,0.0,2.0,13.0,6.0,0.0,2.0,47,4509.8,1945.1,1702.7,511.0,246.4,104.6,48.0,23.0,31.8,50
slbenfica:47,slbenfica,SL Benfica,38,2025-06-24,https://www.fifatrainingcentre.com/media/native/tournaments/fcwc/2025/M38%20SLB%20V%20BAY%20POST%20MATCH%20REPORT%20.pdf,47,TIAGO GOUVEIA,2.0,0.0,0.0,0.0,0.0,0.0,2.0,1.0,50.0,4.0,1.0,3.0,0.0,0.0,42,0.0,0.0,0.0,0.0,0.0,5.0,0.0,0.0,0.0,0.0,3.0,3.0,3.0,0.0,0.0,47,1379.5,498.5,558.8,121.9,127.3,72.9,10.0,9.0,31.6,50
slbenfica:81,slbenfica,SL Benfica,38,2025-06-24,https://www.fifatrainingcentre.com/media/native/tournaments/fcwc/2025/M38%20SLB%20V%20BAY%20POST%20MATCH%20REPORT%20.pdf,81,Adrian BAJRAMI,6.0,4.0,67.0,0.0,0.0,0.0,4.0,2.0,50.0,0.0,0.0,0.0,0.0,0.0,42,1.0,1.0,1.0,0.0,2.0,3.0,0.0,0.0,0.0,1.0,0.0,7.0,1.0,1.0,1.0,47,2048.9,915.3,842.3,188.5,82.1,20.5,14.0,8.0,27.2,50
slbenfica:84,slbenfica,SL Benfica,38,2025-06-24,https://www.fifatrainingcentre.com/media/native/tournaments/fcwc/2025/M38%20SLB%20V%20BAY%20POST%20MATCH%20REPORT%20.pdf,84,JOAO REGO,2.0,0.0,0.0,0.0,0.0,0.0,1.0,0.0,0.0,0.0,0.0,0.0,0.0,0.0,42,0.0,0.0,0.0,0.0,0.0,10.0,3.0,0.0,3.0,0.0,0.0,3.0,2.0,0.0,0.0,47,1609.1,433.8,768.7,242.9,121.7,42.0,20.0,9.0,27.6,50
fcbayernmunchen:1,fcbayernmunchen,FC Bayern München,38,2025-06-24,https://www.fifatrainingcentre.com/media/native/tournaments/fcwc/2025/M38%20SLB%20V%20BAY%20POST%20MATCH%20REPORT%20.pdf,1,Manuel NEUER,30.0,27.0,90.0,0.0,0.0,0.0,4.0,2.0,50.0,0.0,0.0,0.0,0.0,0.0,44,0.0,0.0,0.0,0.0,0.0,0.0,0.0,0.0,0.0,1.0,8.0,0.0,0.0,5.0,1.0,48,6065.1,4468.9,1278.7,285.7,31.8,0.0,25.0,3.0,23.3,51
fcbayernmunchen:2,fcbayernmunchen,FC Bayern München,38,2025-06-24,https://www.fifatrainingcentre.com/media/native/tournaments/fcwc/2025/M38%20SLB%20V%20BAY%20POST%20MATCH%20REPORT%20.pdf,2,Dayot UPAMECANO,75.0,73.0,97.0,0.0,0.0,0.0,13.0,12.0,92.0,0.0,0.0,0.0,0.0,0.0,44,4.0,2.0,1.0,0.0,4.0,3.0,1.0,0.0,1.0,1.0,7.0,11.0,2.0,5.0,0.0,48,6239.3,2450.6,2729.4,716.5,245.0,97.8,72.0,21.0,33.5,51
fcbayernmunchen:7,fcbayernmunchen,FC Bayern München,38,2025-06-24,https://www.fifatrainingcentre.com/media/native/tournaments/fcwc/2025/M38%20SLB%20V%20BAY%20POST%20MATCH%20REPORT%20.pdf,7,Serge GNABRY,23.0,20.0,87.0,0.0,3.0,1.0,5.0,2.0,40.0,1.0,1.0,0.0,1.0,0.0,44,0.0,0.0,1.0,0.0,1.0,13.0,0.0,0.0,0.0,1.0,1.0,18.0,9.0,1.0,1.0,48,4847.9,1892.2,1919.5,686.5,257.5,92.1,56.0,22.0,32.5,51
fcbayernmunchen:10,fcbayernmunchen,FC Bayern München,38,2025-06-24,https://www.fifatrainingcentre.com/media/native/tournaments/fcwc/2025/M38%20SLB%20V%20BAY%20POST%20MATCH%20REPORT%20.pdf,10,Leroy SANE,42.0,35.0,83.0,0.0,2.0,1.0,6.0,4.0,67.0,8.0,6.0,2.0,5.0,0.0,44,2.0,0.0,2.0,0.0,2.0,13.0,0.0,0.0,0.0,1.0,10.0,2.0,1.0,1.0,2.0,48,9314.3,4141.0,3097.6,1242.6,583.1,250.0,93.0,51.0,34.2,51
fcbayernmunchen:16,fcbayernmunchen,FC Bayern München,38,2025-06-24,https://www.fifatrainingcentre.com/media/native/tournaments/fcwc/2025/M38%20SLB%20V%20BAY%20POST%20MATCH%20REPORT%20.pdf,16,JOAO PALHINHA,52.0,50.0,96.0,1.0,0.0,0.0,9.0,8.0,89.0,1.0,1.0,0.0,0.0,0.0,44,1.0,0.0,2.0,0.0,3.0,5.0,0.0,0.0,0.0,0.0,4.0,14.0,1.0,1.0,1.0,48,5324.3,1870.5,2589.5,707.5,146.3,10.6,67.0,9.0,25.4,51
fcbayernmunchen:20,fcbayernmunchen,FC Bayern München,38,2025-06-24,https://www.fifatrainingcentre.com/media/native/tournaments/fcwc/2025/M38%20SLB%20V%20BAY%20POST%20MATCH%20REPORT%20.pdf,20,Tom BISCHOF,20.0,18.0,90.0,0.0,0.0,0.0,2.0,2.0,100.0,0.0,0.0,0.0,1.0,0.0,44,1.0,0.0,1.0,0.0,3.0,16.0,1.0,0.0,1.0,0.0,0.0,6.0,5.0,1.0,0.0,48,5748.7,1684.3,2805.0,975.4,271.5,12.5,91.0,20.0,27.8,51
fcbayernmunchen:22,fcbayernmunchen,FC Bayern München,38,2025-06-24,https://www.fifatrainingcentre.com/media/native/tournaments/fcwc/2025/M38%20SLB%20V%20BAY%20POST%20MATCH%20REPORT%20.pdf,22,RAPHAEL GUERREIRO,45.0,38.0,84.0,0.0,4.0,0.0,6.0,4.0,67.0,1.0,1.0,0.0,0.0,0.0,44,3.0,2.0,0.0,1.0,2.0,10.0,0.0,0.0,1.0,0.0,5.0,14.0,6.0,4.0,1.0,48,10506.0,3769.8,4939.2,1194.9,521.9,80.2,113.0,36.0,28.3,51
fcbayernmunchen:23,fcbayernmunchen,FC Bayern München,38,2025-06-24,https://www.fifatrainingcentre.com/media/native/tournaments/fcwc/2025/M38%20SLB%20V%20BAY%20POST%20MATCH%20REPORT%20.pdf,23,Sacha BOEY,40.0,37.0,92.0,0.0,0.0,0.0,7.0,4.0,57.0,1.0,1.0,0.0,0.0,0.0,44,3.0,0.0,3.0,1.0,3.0,7.0,1.0,0.0,3.0,0.0,3.0,15.0,4.0,3.0,1.0,48,6630.4,2517.0,2830.0,729.7,418.0,135.7,68.0,34.0,32.6,51
fcbayernmunchen:25,fcbayernmunchen,FC Bayern München,38,2025-06-24,https://www.fifatrainingcentre.com/media/native/tournaments/fcwc/2025/M38%20SLB%20V%20BAY%20POST%20MATCH%20REPORT%20.pdf,25,Thomas MUELLER,25.0,13.0,52.0,0.0,2.0,0.0,4.0,2.0,50.0,0.0,0.0,0.0,1.0,0.0,44,2.0,0.0,0.0,0.0,5.0,37.0,1.0,0.0,1.0,1.0,2.0,36.0,28.0,1.0,1.0,48,10626.4,4370.9,4258.3,1234.6,707.6,54.9,109.0,50.0,28.1,51
fcbayernmunchen:44,fcbayernmunchen,FC Bayern München,38,2025-06-24,https://www.fifatrainingcentre.com/media/native/tournaments/fcwc/2025/M38%20SLB%20V%20BAY%20POST%20MATCH%20REPORT%20.pdf,44,Josip STANISIC,93.0,89.0,96.0,0.0,1.0,0.0,23.0,22.0,96.0,1.0,0.0,1.0,0.0,0.0,44,3.0,1.0,1.0,2.0,4.0,8.0,0.0,0.0,0.0,2.0,11.0,10.0,6.0,8.0,1.0,48,9118.0,4109.0,3489.9,870.8,395.6,252.8,76.0,38.0,34.5,51
fcbayernmunchen:45,fcbayernmunchen,FC Bayern München,38,2025-06-24,https://www.fifatrainingcentre.com/media/native/tournaments/fcwc/2025/M38%20SLB%20V%20BAY%20POST%20MATCH%20REPORT%20.pdf,45,Aleksandar PAVLOVIC,104.0,99.0,95.0,1.0,0.0,0.0,31.0,29.0,94.0,8.0,0.0,8.0,1.0,0.0,44,5.0,3.0,1.0,1.0,4.0,11.0,0.0,0.0,1.0,0.0,10.0,8.0,1.0,5.0,1.0,48,12258.3,3440.0,5752.0,2248.0,673.3,145.1,195.0,46.0,28.8,51
fcbayernmunchen:4,fcbayernmunchen,FC Bayern München,38,2025-06-24,https://www.fifatrainingcentre.com/media/native/tournaments/fcwc/2025/M38%20SLB%20V%20BAY%20POST%20MATCH%20REPORT%20.pdf,4,Jonathan TAH,31.0,30.0,97.0,0.0,0.0,0.0,3.0,3.0,100.0,0.0,0.0,0.0,1.0,0.0,44,0.0,0.0,2.0,1.0,1.0,2.0,2.0,0.0,3.0,3.0,2.0,3.0,1.0,3.0,2.0,48,4119.6,1605.9,1786.6,371.3,255.6,100.1,28.0,15.0,30.8,51
fcbayernmunchen:6,fcbayernmunchen,FC Bayern München,38,2025-06-24,https://www.fifatrainingcentre.com/media/native/tournaments/fcwc/2025/M38%20SLB%20V%20BAY%20POST%20MATCH%20REPORT%20.pdf,6,Joshua KIMMICH,44.0,41.0,93.0,0.0,7.0,2.0,15.0,14.0,93.0,1.0,0.0,1.0,1.0,0.0,44,2.0,0.0,0.0,0.0,1.0,6.0,0.0,0.0,0.0,0.0,3.0,4.0,3.0,0.0,0.0,48,5989.5,1920.7,2817.2,953.5,228.2,69.8,76.0,21.0,31.4,51
fcbayernmunchen:9,fcbayernmunchen,FC Bayern München,38,2025-06-24,https://www.fifatrainingcentre.com/media/native/tournaments/fcwc/2025/M38%20SLB%20V%20BAY%20POST%20MATCH%20REPORT%20.pdf,9,Harry KANE,13.0,9.0,69.0,0.0,3.0,0.0,6.0,5.0,83.0,1.0,0.0,1.0,0.0,0.0,44,1.0,0.0,2.0,0.0,0.0,11.0,0.0,0.0,0.0,0.0,4.0,2.0,2.0,0.0,2.0,48,5424.7,2182.3,2477.2,524.7,216.3,24.2,49.0,12.0,28.0,51
fcbayernmunchen:17,fcbayernmunchen,FC Bayern München,38,2025-06-24,https://www.fifatrainingcentre.com/media/native/tournaments/fcwc/2025/M38%20SLB%20V%20BAY%20POST%20MATCH%20REPORT%20.pdf,17,Michael OLISE,40.0,36.0,90.0,1.0,8.0,2.0,13.0,11.0,85.0,3.0,3.0,0.0,2.0,0.0,44,1.0,0.0,0.0,0.0,0.0,8.0,0.0,0.0,0.0,0.0,6.0,6.0,5.0,0.0,1.0,48,5743.0,2164.3,2459.3,714.0,293.2,112.1,65.0,22.0,29.4,51
fcbayernmunchen:27,fcbayernmunchen,FC Bayern München,38,2025-06-24,https://www.fifatrainingcentre.com/media/native/tournaments/fcwc/2025/M38%20SLB%20V%20BAY%20POST%20MATCH%20REPORT%20.pdf,27,Konrad LAIMER,28.0,26.0,93.0,0.0,1.0,0.0,6.0,5.0,83.0,1.0,0.0,1.0,1.0,0.0,44,2.0,0.0,1.0,0.0,4.0,4.0,0.0,0.0,0.0,0.0,4.0,6.0,3.0,1.0,0.0,48,3930.4,1425.4,1534.4,616.3,270.3,84.0,52.0,28.0,30.6,51
lafc:1,lafc,LAFC,39,2025-06-24,https://www.fifatrainingcentre.com/media/native/tournaments/fcwc/2025/M39%20LAF%20V%20FLA%20POST%20MATCH%20REPORT.pdf,1,Hugo LLORIS,29.0,16.0,55.0,0.0,0.0,0.0,20.0,8.0,40.0,0.0,0.0,0.0,0.0,0.0,43,0.0,0.0,0.0,0.0,0.0,0.0,0.0,0.0,0.0,1.0,2.0,0.0,0.0,4.0,1.0,48,4354.1,3727.1,569.6,41.6,15.7,0.0,3.0,2.0,24.2,51
lafc:4,lafc,LAFC,39,2025-06-24,https://www.fifatrainingcentre.com/media/native/tournaments/fcwc/2025/M39%20LAF%20V%20FLA%20POST%20MATCH%20REPORT.pdf,4,Eddie SEGURA,36.0,33.0,92.0,0.0,0.0,0.0,14.0,11.0,79.0,0.0,0.0,0.0,1.0,0.0,43,5.0,1.0,4.0,0.0,9.0,4.0,2.0,0.0,2.0,5.0,3.0,22.0,6.0,5.0,5.0,48,9597.7,3996.9,4072.9,1154.3,261.0,112.7,99.0,21.0,30.8,51
lafc:5,lafc,LAFC,39,2025-06-24,https://www.fifatrainingcentre.com/media/native/tournaments/fcwc/2025/M39%20LAF%20V%20FLA%20POST%20MATCH%20REPORT.pdf,5,MARLON,24.0,22.0,92.0,0.0,0.0,0.0,10.0,8.0,80.0,0.0,0.0,0.0,0.0,0.0,43,4.0,2.0,3.0,0.0,3.0,4.0,0.0,0.0,0.0,0.0,1.0,13.0,3.0,2.0,3.0,48,4329.6,1755.2,1958.1,550.2,66.1,0.0,49.0,4.0,23.4,51
lafc:6,lafc,LAFC,39,2025-06-24,https://www.fifatrainingcentre.com/media/native/tournaments/fcwc/2025/M39%20LAF%20V%20FLA%20POST%20MATCH%20REPORT.pdf,6,IGOR JESUS,33.0,29.0,88.0,0.0,0.0,0.0,4.0,3.0,75.0,1.0,1.0,0.0,0.0,0.0,43,3.0,0.0,3.0,0.0,6.0,31.0,0.0,0.0,0.0,1.0,4.0,33.0,12.0,3.0,1.0,48,10560.3,3245.2,5448.3,1377.0,367.3,122.5,113.0,34.0,31.1,51
lafc:8,lafc,LAFC,39,2025-06-24,https://www.fifatrainingcentre.com/media/native/tournaments/fcwc/2025/M39%20LAF%20V%20FLA%20POST%20MATCH%20REPORT.pdf,8,Marky DELGADO,39.0,35.0,90.0,0.0,0.0,0.0,6.0,5.0,83.0,0.0,0.0,0.0,1.0,0.0,43,0.0,0.0,6.0,0.0,4.0,28.0,1.0,0.0,1.0,3.0,4.0,27.0,13.0,1.0,4.0,48,10743.0,2912.3,5729.2,1558.2,412.4,130.9,134.0,31.0,28.8,51
lafc:14,lafc,LAFC,39,2025-06-24,https://www.fifatrainingcentre.com/media/native/tournaments/fcwc/2025/M39%20LAF%20V%20FLA%20POST%20MATCH%20REPORT.pdf,14,Sergi PALENCIA,65.0,54.0,83.0,0.0,1.0,0.0,23.0,16.0,70.0,0.0,0.0,0.0,0.0,0.0,43,6.0,1.0,5.0,1.0,8.0,11.0,2.0,0.0,3.0,4.0,6.0,24.0,10.0,7.0,6.0,48,9333.1,3784.1,4384.8,744.6,344.3,75.4,69.0,28.0,28.7,51
lafc:24,lafc,LAFC,39,2025-06-24,https://www.fifatrainingcentre.com/media/native/tournaments/fcwc/2025/M39%20LAF%20V%20FLA%20POST%20MATCH%20REPORT.pdf,24,Ryan HOLLINGSHEAD,24.0,18.0,75.0,0.0,0.0,0.0,5.0,3.0,60.0,1.0,0.0,1.0,0.0,0.0,43,0.0,0.0,3.0,0.0,2.0,25.0,0.0,0.0,0.0,2.0,5.0,29.0,15.0,0.0,4.0,48,10381.9,3626.0,4794.9,1374.2,471.7,115.1,118.0,38.0,29.7,51
lafc:26,lafc,LAFC,39,2025-06-24,https://www.fifatrainingcentre.com/media/native/tournaments/fcwc/2025/M39%20LAF%20V%20FLA%20POST%20MATCH%20REPORT.pdf,26,Javairo DILROSUN,12.0,11.0,92.0,1.0,1.0,0.0,1.0,1.0,100.0,1.0,1.0,0.0,0.0,0.0,43,1.0,0.0,1.0,0.0,1.0,30.0,0.0,0.0,0.0,0.0,1.0,16.0,10.0,1.0,0.0,48,6785.3,2579.7,2778.0,974.8,374.1,78.7,88.0,26.0,31.2,51
lafc:30,lafc,LAFC,39,2025-06-24,https://www.fifatrainingcentre.com/media/native/tournaments/fcwc/2025/M39%20LAF%20V%20FLA%20POST%20MATCH%20REPORT.pdf,30,David MARTINEZ,15.0,13.0,87.0,1.0,3.0,1.0,4.0,2.0,50.0,3.0,0.0,3.0,1.0,0.0,43,2.0,0.0,1.0,1.0,3.0,40.0,0.0,0.0,0.0,0.0,5.0,11.0,6.0,1.0,0.0,48,7957.5,2776.2,3331.1,1337.9,317.1,195.2,119.0,29.0,31.3,51
lafc:33,lafc,LAFC,39,2025-06-24,https://www.fifatrainingcentre.com/media/native/tournaments/fcwc/2025/M39%20LAF%20V%20FLA%20POST%20MATCH%20REPORT.pdf,33,Aaron LONG,39.0,38.0,97.0,0.0,0.0,0.0,4.0,3.0,75.0,0.0,0.0,0.0,0.0,0.0,43,1.0,1.0,0.0,0.0,2.0,4.0,1.0,0.0,1.0,7.0,3.0,8.0,3.0,1.0,6.0,48,9087.2,4277.6,3963.8,635.8,191.9,18.2,56.0,15.0,28.9,51
lafc:99,lafc,LAFC,39,2025-06-24,https://www.fifatrainingcentre.com/media/native/tournaments/fcwc/2025/M39%20LAF%20V%20FLA%20POST%20MATCH%20REPORT.pdf,99,Denis BOUANGA,14.0,9.0,64.0,0.0,1.0,0.0,2.0,0.0,0.0,1.0,0.0,1.0,2.0,1.0,43,0.0,0.0,2.0,0.0,7.0,30.0,0.0,0.0,0.0,0.0,2.0,11.0,7.0,0.0,2.0,48,10225.1,4262.3,4216.2,890.1,478.8,377.8,75.0,41.0,33.8,51
lafc:9,lafc,LAFC,39,2025-06-24,https://www.fifatrainingcentre.com/media/native/tournaments/fcwc/2025/M39%20LAF%20V%20FLA%20POST%20MATCH%20REPORT.pdf,9,Olivier GIROUD,7.0,7.0,100.0,0.0,1.0,0.0,0.0,0.0,0.0,2.0,1.0,1.0,0.0,0.0,43,2.0,0.0,2.0,1.0,1.0,23.0,1.0,0.0,1.0,0.0,1.0,16.0,4.0,2.0,1.0,48,3455.8,1477.6,1259.4,378.4,198.2,142.2,44.0,18.0,29.1,51
lafc:11,lafc,LAFC,39,2025-06-24,https://www.fifatrainingcentre.com/media/native/tournaments/fcwc/2025/M39%20LAF%20V%20FLA%20POST%20MATCH%20REPORT.pdf,11,Timothy TILLMAN,7.0,6.0,86.0,0.0,0.0,0.0,4.0,2.0,50.0,1.0,1.0,0.0,0.0,0.0,43,1.0,0.0,0.0,0.0,1.0,10.0,0.0,0.0,0.0,0.0,1.0,2.0,1.0,0.0,0.0,48,2585.7,859.8,1129.6,466.8,118.3,11.2,41.0,11.0,28.0,51
lafc:23,lafc,LAFC,39,2025-06-24,https://www.fifatrainingcentre.com/media/native/tournaments/fcwc/2025/M39%20LAF%20V%20FLA%20POST%20MATCH%20REPORT.pdf,23,Frankie AMAYA,3.0,3.0,100.0,0.0,1.0,0.0,1.0,1.0,100.0,0.0,0.0,0.0,0.0,0.0,43,0.0,0.0,0.0,0.0,0.0,2.0,0.0,0.0,0.0,0.0,1.0,1.0,0.0,0.0,0.0,48,694.0,176.5,314.3,122.9,46.4,33.9,10.0,4.0,28.0,51
lafc:29,lafc,LAFC,39,2025-06-24,https://www.fifatrainingcentre.com/media/native/tournaments/fcwc/2025/M39%20LAF%20V%20FLA%20POST%20MATCH%20REPORT.pdf,29,Artem SMOLIAKOV,15.0,14.0,93.0,0.0,0.0,0.0,2.0,2.0,100.0,0.0,0.0,0.0,0.0,0.0,43,0.0,0.0,0.0,1.0,0.0,14.0,0.0,0.0,0.0,0.0,1.0,17.0,10.0,1.0,0.0,48,5287.1,1898.2,2253.4,641.5,345.5,148.6,54.0,26.0,32.6,51
crflamengo:1,crflamengo,CR Flamengo,39,2025-06-24,https://www.fifatrainingcentre.com/media/native/tournaments/fcwc/2025/M39%20LAF%20V%20FLA%20POST%20MATCH%20REPORT.pdf,1,Agustin ROSSI,20.0,16.0,80.0,0.0,0.0,0.0,7.0,3.0,43.0,0.0,0.0,0.0,0.0,0.0,45,0.0,0.0,0.0,0.0,0.0,0.0,0.0,0.0,0.0,1.0,4.0,0.0,0.0,1.0,1.0,49,4121.3,3494.9,589.8,34.5,2.0,0.0,4.0,0.0,20.4,52
crflamengo:2,crflamengo,CR Flamengo,39,2025-06-24,https://www.fifatrainingcentre.com/media/native/tournaments/fcwc/2025/M39%20LAF%20V%20FLA%20POST%20MATCH%20REPORT.pdf,2,Guillermo VARELA,69.0,65.0,94.0,0.0,5.0,2.0,10.0,8.0,80.0,0.0,0.0,0.0,0.0,0.0,45,2.0,1.0,3.0,3.0,1.0,6.0,3.0,0.0,4.0,0.0,5.0,11.0,3.0,8.0,1.0,49,10642.8,3848.3,4448.7,1430.6,605.2,310.0,136.0,49.0,32.1,52
crflamengo:3,crflamengo,CR Flamengo,39,2025-06-24,https://www.fifatrainingcentre.com/media/native/tournaments/fcwc/2025/M39%20LAF%20V%20FLA%20POST%20MATCH%20REPORT.pdf,3,LEO ORTIZ,80.0,73.0,91.0,0.0,0.0,0.0,23.0,19.0,83.0,0.0,0.0,0.0,1.0,0.0,45,2.0,1.0,4.0,1.0,2.0,1.0,5.0,0.0,5.0,1.0,6.0,4.0,1.0,5.0,3.0,49,8616.1,4069.0,3186.0,757.1,416.0,188.0,72.0,30.0,32.4,52
crflamengo:7,crflamengo,CR Flamengo,39,2025-06-24,https://www.fifatrainingcentre.com/media/native/tournaments/fcwc/2025/M39%20LAF%20V%20FLA%20POST%20MATCH%20REPORT.pdf,7,LUIZ ARAUJO,46.0,43.0,93.0,0.0,1.0,0.0,10.0,10.0,100.0,1.0,0.0,1.0,3.0,0.0,45,4.0,1.0,0.0,0.0,3.0,25.0,0.0,0.0,2.0,0.0,2.0,21.0,15.0,3.0,0.0,49,8339.4,3288.5,3081.6,1315.8,488.1,165.5,104.0,40.0,32.3,52
crflamengo:9,crflamengo,CR Flamengo,39,2025-06-24,https://www.fifatrainingcentre.com/media/native/tournaments/fcwc/2025/M39%20LAF%20V%20FLA%20POST%20MATCH%20REPORT.pdf,9,PEDRO,7.0,6.0,86.0,1.0,1.0,1.0,2.0,2.0,100.0,0.0,0.0,0.0,5.0,0.0,45,2.0,0.0,0.0,0.0,4.0,21.0,0.0,0.0,0.0,0.0,3.0,12.0,10.0,0.0,1.0,49,8334.6,3897.5,3275.9,892.2,220.1,48.8,87.0,16.0,28.6,52
crflamengo:10,crflamengo,CR Flamengo,39,2025-06-24,https://www.fifatrainingcentre.com/media/native/tournaments/fcwc/2025/M39%20LAF%20V%20FLA%20POST%20MATCH%20REPORT.pdf,10,Giorgian DE ARRASCAETA,49.0,42.0,86.0,0.0,7.0,0.0,14.0,11.0,79.0,2.0,0.0,2.0,2.0,0.0,45,5.0,0.0,0.0,1.0,1.0,21.0,1.0,0.0,1.0,0.0,3.0,21.0,13.0,1.0,3.0,49,7988.0,2936.8,3883.6,900.1,192.7,74.7,88.0,18.0,30.5,52
crflamengo:11,crflamengo,CR Flamengo,39,2025-06-24,https://www.fifatrainingcentre.com/media/native/tournaments/fcwc/2025/M39%20LAF%20V%20FLA%20POST%20MATCH%20REPORT.pdf,11,EVERTON,15.0,13.0,87.0,0.0,1.0,1.0,2.0,1.0,50.0,4.0,4.0,0.0,2.0,0.0,45,1.0,0.0,0.0,0.0,5.0,19.0,0.0,0.0,2.0,0.0,1.0,14.0,8.0,2.0,0.0,49,6210.6,2659.2,2289.9,739.0,389.8,132.7,72.0,36.0,32.6,52
crflamengo:13,crflamengo,CR Flamengo,39,2025-06-24,https://www.fifatrainingcentre.com/media/native/tournaments/fcwc/2025/M39%20LAF%20V%20FLA%20POST%20MATCH%20REPORT.pdf,13,DANILO,96.0,93.0,97.0,0.0,0.0,0.0,14.0,11.0,79.0,1.0,0.0,1.0,0.0,0.0,45,5.0,2.0,3.0,1.0,4.0,2.0,1.0,0.0,1.0,5.0,3.0,3.0,3.0,6.0,4.0,49,9193.8,3964.3,3293.2,1148.6,610.0,177.8,103.0,46.0,31.1,52
crflamengo:26,crflamengo,CR Flamengo,39,2025-06-24,https://www.fifatrainingcentre.com/media/native/tournaments/fcwc/2025/M39%20LAF%20V%20FLA%20POST%20MATCH%20REPORT.pdf,26,ALEX SANDRO,62.0,61.0,98.0,0.0,2.0,0.0,10.0,8.0,80.0,4.0,0.0,4.0,1.0,0.0,45,1.0,0.0,1.0,0.0,2.0,17.0,1.0,0.0,1.0,0.0,3.0,20.0,10.0,1.0,0.0,49,9088.6,3165.4,3701.4,1328.9,631.2,261.6,114.0,49.0,30.9,52
crflamengo:29,crflamengo,CR Flamengo,39,2025-06-24,https://www.fifatrainingcentre.com/media/native/tournaments/fcwc/2025/M39%20LAF%20V%20FLA%20POST%20MATCH%20REPORT.pdf,29,ALLAN,84.0,78.0,93.0,0.0,1.0,1.0,21.0,17.0,81.0,3.0,0.0,3.0,2.0,0.0,45,2.0,0.0,2.0,0.0,3.0,13.0,1.0,0.0,1.0,1.0,6.0,17.0,9.0,0.0,2.0,49,10542.3,3325.9,4790.8,1836.8,474.6,114.2,153.0,34.0,30.3,52
crflamengo:52,crflamengo,CR Flamengo,39,2025-06-24,https://www.fifatrainingcentre.com/media/native/tournaments/fcwc/2025/M39%20LAF%20V%20FLA%20POST%20MATCH%20REPORT.pdf,52,EVERTTON ARAUJO,81.0,75.0,93.0,0.0,0.0,0.0,11.0,10.0,91.0,0.0,0.0,0.0,2.0,0.0,45,1.0,0.0,0.0,1.0,2.0,9.0,0.0,0.0,0.0,0.0,9.0,12.0,4.0,1.0,1.0,49,9103.0,2931.1,4336.1,1221.6,494.9,119.4,105.0,30.0,29.0,52
crflamengo:17,crflamengo,CR Flamengo,39,2025-06-24,https://www.fifatrainingcentre.com/media/native/tournaments/fcwc/2025/M39%20LAF%20V%20FLA%20POST%20MATCH%20REPORT.pdf,17,Matias VINA,7.0,6.0,86.0,0.0,1.0,0.0,3.0,2.0,67.0,0.0,0.0,0.0,0.0,0.0,45,2.0,0.0,0.0,1.0,2.0,4.0,0.0,0.0,0.0,2.0,1.0,5.0,3.0,1.0,2.0,49,1460.4,463.5,597.1,255.0,104.1,40.7,24.0,10.0,31.0,52
crflamengo:21,crflamengo,CR Flamengo,39,2025-06-24,https://www.fifatrainingcentre.com/media/native/tournaments/fcwc/2025/M39%20LAF%20V%20FLA%20POST%20MATCH%20REPORT.pdf,21,JORGINHO,13.0,10.0,77.0,0.0,0.0,0.0,7.0,5.0,71.0,0.0,0.0,0.0,0.0,0.0,45,0.0,0.0,0.0,0.0,0.0,3.0,0.0,0.0,0.0,1.0,1.0,0.0,0.0,0.0,1.0,49,1573.3,362.6,881.8,299.4,29.5,0.0,27.0,2.0,24.5,52
crflamengo:23,crflamengo,CR Flamengo,39,2025-06-24,https://www.fifatrainingcentre.com/media/native/tournaments/fcwc/2025/M39%20LAF%20V%20FLA%20POST%20MATCH%20REPORT.pdf,23,JUNINHO,2.0,2.0,100.0,0.0,0.0,0.0,0.0,0.0,0.0,0.0,0.0,0.0,0.0,0.0,45,0.0,0.0,0.0,0.0,1.0,2.0,0.0,0.0,0.0,0.0,0.0,3.0,1.0,0.0,0.0,49,1577.4,420.2,719.2,257.9,111.6,68.5,22.0,11.0,32.6,52
crflamengo:27,crflamengo,CR Flamengo,39,2025-06-24,https://www.fifatrainingcentre.com/media/native/tournaments/fcwc/2025/M39%20LAF%20V%20FLA%20POST%20MATCH%20REPORT.pdf,27,BRUNO HENRIQUE,3.0,2.0,67.0,0.0,0.0,0.0,1.0,1.0,100.0,0.0,0.0,0.0,0.0,0.0,45,0.0,0.0,1.0,0.0,0.0,7.0,1.0,0.0,1.0,0.0,0.0,8.0,5.0,0.0,1.0,49,2336.3,843.9,1067.6,252.9,110.0,61.9,25.0,11.0,29.7,52
crflamengo:30,crflamengo,CR Flamengo,39,2025-06-24,https://www.fifatrainingcentre.com/media/native/tournaments/fcwc/2025/M39%20LAF%20V%20FLA%20POST%20MATCH%20REPORT.pdf,30,MICHAEL,11.0,9.0,82.0,0.0,1.0,0.0,0.0,0.0,0.0,0.0,0.0,0.0,0.0,0.0,45,0.0,0.0,1.0,1.0,3.0,6.0,0.0,0.0,0.0,0.0,1.0,6.0,4.0,1.0,1.0,49,3843.1,1212.9,1768.0,512.5,279.8,70.0,42.0,22.0,29.9,52
crflamengo:64,crflamengo,CR Flamengo,39,2025-06-24,https://www.fifatrainingcentre.com/media/native/tournaments/fcwc/2025/M39%20LAF%20V%20FLA%20POST%20MATCH%20REPORT.pdf,64,WALLACE YAN,19.0,16.0,84.0,0.0,1.0,1.0,4.0,3.0,75.0,1.0,0.0,1.0,1.0,1.0,45,0.0,0.0,0.0,0.0,1.0,5.0,0.0,0.0,0.0,0.0,2.0,2.0,2.0,0.0,0.0,49,2770.5,911.2,1058.8,559.1,182.6,58.7,48.0,15.0,30.3,52
esperancedetunisie:32,esperancedetunisie,Espérance De Tunisie,40,2025-06-24,https://www.fifatrainingcentre.com/media/native/tournaments/fcwc/2025/M40%20EST%20V%20CHE%20POST%20MATCH%20REPORT.pdf,32,Bechir BEN SAID,28.0,16.0,57.0,0.0,0.0,0.0,13.0,3.0,23.0,0.0,0.0,0.0,0.0,0.0,42,0.0,0.0,0.0,0.0,0.0,0.0,0.0,0.0,0.0,0.0,5.0,0.0,0.0,7.0,0.0,47,5064.8,4433.4,529.9,80.6,20.9,0.0,8.0,2.0,23.9,50
esperancedetunisie:2,esperancedetunisie,Espérance De Tunisie,40,2025-06-24,https://www.fifatrainingcentre.com/media/native/tournaments/fcwc/2025/M40%20EST%20V%20CHE%20POST%20MATCH%20REPORT.pdf,2,Mohamed BEN ALI,15.0,12.0,80.0,0.0,1.0,0.0,6.0,4.0,67.0,0.0,0.0,0.0,0.0,0.0,42,7.0,1.0,2.0,0.0,10.0,7.0,0.0,0.0,0.0,3.0,2.0,6.0,4.0,1.0,3.0,47,8816.0,4322.5,2828.4,901.6,527.9,235.6,86.0,47.0,30.3,50
esperancedetunisie:5,esperancedetunisie,Espérance De Tunisie,40,2025-06-24,https://www.fifatrainingcentre.com/media/native/tournaments/fcwc/2025/M40%20EST%20V%20CHE%20POST%20MATCH%20REPORT.pdf,5,Yassine MERIAH,22.0,18.0,82.0,1.0,0.0,0.0,12.0,8.0,67.0,1.0,1.0,0.0,0.0,0.0,42,1.0,0.0,2.0,1.0,5.0,11.0,1.0,0.0,1.0,5.0,3.0,19.0,12.0,3.0,4.0,47,8404.7,4004.6,3333.9,697.7,254.1,114.4,63.0,23.0,30.1,50
esperancedetunisie:10,esperancedetunisie,Espérance De Tunisie,40,2025-06-24,https://www.fifatrainingcentre.com/media/native/tournaments/fcwc/2025/M40%20EST%20V%20CHE%20POST%20MATCH%20REPORT.pdf,10,YAN SASSE,10.0,7.0,70.0,0.0,3.0,0.0,2.0,1.0,50.0,2.0,2.0,0.0,1.0,0.0,42,3.0,2.0,1.0,2.0,4.0,34.0,0.0,0.0,0.0,0.0,4.0,36.0,24.0,5.0,0.0,47,8785.0,3980.4,2778.6,1070.3,648.1,307.5,100.0,51.0,30.3,50
esperancedetunisie:14,esperancedetunisie,Espérance De Tunisie,40,2025-06-24,https://www.fifatrainingcentre.com/media/native/tournaments/fcwc/2025/M40%20EST%20V%20CHE%20POST%20MATCH%20REPORT.pdf,14,Onuche OGBELU,33.0,30.0,91.0,0.0,0.0,0.0,9.0,8.0,89.0,3.0,1.0,2.0,0.0,0.0,42,3.0,0.0,5.0,1.0,5.0,29.0,0.0,0.0,0.0,1.0,8.0,31.0,18.0,4.0,2.0,47,9207.6,3897.0,3692.3,1097.6,401.5,119.3,107.0,32.0,30.8,50
esperancedetunisie:15,esperancedetunisie,Espérance De Tunisie,40,2025-06-24,https://www.fifatrainingcentre.com/media/native/tournaments/fcwc/2025/M40%20EST%20V%20CHE%20POST%20MATCH%20REPORT.pdf,15,Mohamed Amine TOUGAI,29.0,25.0,86.0,0.0,0.0,0.0,13.0,9.0,69.0,0.0,0.0,0.0,0.0,0.0,42,1.0,0.0,3.0,0.0,1.0,3.0,1.0,1.0,2.0,3.0,2.0,14.0,3.0,3.0,4.0,47,8775.3,4245.6,3343.0,825.7,246.8,114.3,80.0,23.0,30.6,50
esperancedetunisie:19,esperancedetunisie,Espérance De Tunisie,40,2025-06-24,https://www.fifatrainingcentre.com/media/native/tournaments/fcwc/2025/M40%20EST%20V%20CHE%20POST%20MATCH%20REPORT.pdf,19,Achraf JABRI,10.0,6.0,60.0,0.0,0.0,0.0,1.0,0.0,0.0,1.0,1.0,0.0,0.0,0.0,42,0.0,0.0,1.0,0.0,1.0,25.0,0.0,0.0,0.0,2.0,1.0,10.0,8.0,1.0,2.0,47,5793.2,2531.4,2225.8,472.3,377.7,186.1,44.0,32.0,32.6,50
esperancedetunisie:20,esperancedetunisie,Espérance De Tunisie,40,2025-06-24,https://www.fifatrainingcentre.com/media/native/tournaments/fcwc/2025/M40%20EST%20V%20CHE%20POST%20MATCH%20REPORT.pdf,20,Mohamed Amine BEN HMIDA,27.0,23.0,85.0,0.0,1.0,0.0,12.0,8.0,67.0,0.0,0.0,0.0,0.0,0.0,42,0.0,0.0,2.0,0.0,3.0,23.0,0.0,0.0,0.0,0.0,3.0,35.0,20.0,0.0,2.0,47,9757.5,4700.9,3528.0,889.7,391.0,247.9,83.0,33.0,31.9,50
esperancedetunisie:21,esperancedetunisie,Espérance De Tunisie,40,2025-06-24,https://www.fifatrainingcentre.com/media/native/tournaments/fcwc/2025/M40%20EST%20V%20CHE%20POST%20MATCH%20REPORT.pdf,21,Abdramane KONATE,20.0,17.0,85.0,1.0,0.0,0.0,3.0,3.0,100.0,0.0,0.0,0.0,0.0,0.0,42,1.0,0.0,3.0,0.0,7.0,50.0,0.0,0.0,0.0,0.0,4.0,35.0,32.0,2.0,1.0,47,8237.4,3579.3,3127.2,1062.0,343.3,125.6,101.0,32.0,29.8,50
esperancedetunisie:24,esperancedetunisie,Espérance De Tunisie,40,2025-06-24,https://www.fifatrainingcentre.com/media/native/tournaments/fcwc/2025/M40%20EST%20V%20CHE%20POST%20MATCH%20REPORT.pdf,24,Elias MOKWANA,10.0,6.0,60.0,0.0,0.0,0.0,1.0,1.0,100.0,0.0,0.0,0.0,0.0,0.0,42,6.0,2.0,0.0,1.0,8.0,20.0,0.0,0.0,0.0,0.0,4.0,8.0,6.0,3.0,1.0,47,5471.1,1856.5,2192.8,836.2,392.0,193.5,74.0,34.0,32.9,50
esperancedetunisie:38,esperancedetunisie,Espérance De Tunisie,40,2025-06-24,https://www.fifatrainingcentre.com/media/native/tournaments/fcwc/2025/M40%20EST%20V%20CHE%20POST%20MATCH%20REPORT.pdf,38,Khalil GUENICHI,14.0,10.0,71.0,0.0,0.0,0.0,5.0,1.0,20.0,1.0,0.0,1.0,1.0,0.0,42,2.0,0.0,1.0,0.0,2.0,25.0,0.0,0.0,0.0,1.0,2.0,38.0,7.0,0.0,1.0,47,8806.1,3233.9,3697.8,1427.7,350.9,95.8,129.0,31.0,29.5,50
esperancedetunisie:4,esperancedetunisie,Espérance De Tunisie,40,2025-06-24,https://www.fifatrainingcentre.com/media/native/tournaments/fcwc/2025/M40%20EST%20V%20CHE%20POST%20MATCH%20REPORT.pdf,4,Mohamed Wael DERBALI,17.0,15.0,88.0,0.0,0.0,0.0,4.0,4.0,100.0,0.0,0.0,0.0,0.0,0.0,42,1.0,0.0,1.0,0.0,7.0,23.0,1.0,0.0,1.0,0.0,4.0,16.0,8.0,2.0,1.0,47,6160.1,1859.6,2656.4,1015.3,475.9,152.8,81.0,32.0,30.3,50
esperancedetunisie:8,esperancedetunisie,Espérance De Tunisie,40,2025-06-24,https://www.fifatrainingcentre.com/media/native/tournaments/fcwc/2025/M40%20EST%20V%20CHE%20POST%20MATCH%20REPORT.pdf,8,Houssem TKA,6.0,5.0,83.0,1.0,0.0,0.0,1.0,1.0,100.0,0.0,0.0,0.0,0.0,0.0,42,3.0,1.0,0.0,0.0,5.0,9.0,0.0,0.0,0.0,0.0,1.0,8.0,4.0,1.0,1.0,47,1790.8,545.5,814.1,280.7,134.9,15.6,25.0,13.0,29.4,50
esperancedetunisie:9,esperancedetunisie,Espérance De Tunisie,40,2025-06-24,https://www.fifatrainingcentre.com/media/native/tournaments/fcwc/2025/M40%20EST%20V%20CHE%20POST%20MATCH%20REPORT.pdf,9,RODRIGO RODRIGUES,3.0,1.0,33.0,0.0,0.0,0.0,1.0,0.0,0.0,0.0,0.0,0.0,0.0,0.0,42,0.0,0.0,0.0,0.0,0.0,25.0,1.0,0.0,1.0,0.0,2.0,16.0,9.0,0.0,0.0,47,3855.0,1639.8,1610.9,397.1,137.9,69.3,28.0,13.0,29.5,50
esperancedetunisie:13,esperancedetunisie,Espérance De Tunisie,40,2025-06-24,https://www.fifatrainingcentre.com/media/native/tournaments/fcwc/2025/M40%20EST%20V%20CHE%20POST%20MATCH%20REPORT.pdf,13,Raed BOUCHNIBA,4.0,4.0,100.0,0.0,1.0,0.0,0.0,0.0,0.0,0.0,0.0,0.0,0.0,0.0,42,0.0,0.0,0.0,0.0,0.0,5.0,0.0,0.0,1.0,0.0,0.0,5.0,2.0,1.0,0.0,47,2721.4,923.7,1181.8,336.0,188.9,91.0,32.0,15.0,28.9,50
esperancedetunisie:36,esperancedetunisie,Espérance De Tunisie,40,2025-06-24,https://www.fifatrainingcentre.com/media/native/tournaments/fcwc/2025/M40%20EST%20V%20CHE%20POST%20MATCH%20REPORT.pdf,36,Chiheb JBELI,7.0,5.0,71.0,0.0,0.0,0.0,1.0,0.0,0.0,0.0,0.0,0.0,0.0,0.0,42,0.0,0.0,1.0,0.0,0.0,8.0,0.0,0.0,0.0,0.0,0.0,9.0,4.0,0.0,0.0,47,2092.0,461.7,975.0,411.1,211.5,32.7,37.0,16.0,27.0,50
chelseafc:12,chelseafc,Chelsea FC,40,2025-06-24,https://www.fifatrainingcentre.com/media/native/tournaments/fcwc/2025/M40%20EST%20V%20CHE%20POST%20MATCH%20REPORT.pdf,12,Filip JORGENSEN,29.0,28.0,97.0,0.0,0.0,0.0,2.0,1.0,50.0,0.0,0.0,0.0,0.0,0.0,44,0.0,0.0,0.0,0.0,0.0,0.0,0.0,0.0,0.0,0.0,2.0,0.0,0.0,4.0,0.0,48,5625.7,4322.9,1093.7,186.7,22.4,0.0,21.0,2.0,22.9,51
chelseafc:4,chelseafc,Chelsea FC,40,2025-06-24,https://www.fifatrainingcentre.com/media/native/tournaments/fcwc/2025/M40%20EST%20V%20CHE%20POST%20MATCH%20REPORT.pdf,4,Tosin ADARABIOYO,121.0,116.0,96.0,0.0,0.0,0.0,26.0,23.0,88.0,0.0,0.0,0.0,1.0,1.0,44,1.0,1.0,1.0,5.0,2.0,3.0,4.0,0.0,4.0,1.0,4.0,5.0,1.0,9.0,2.0,48,8474.9,4646.8,2918.1,581.4,223.3,105.2,52.0,19.0,33.1,51
chelseafc:5,chelseafc,Chelsea FC,40,2025-06-24,https://www.fifatrainingcentre.com/media/native/tournaments/fcwc/2025/M40%20EST%20V%20CHE%20POST%20MATCH%20REPORT.pdf,5,Benoit BADIASHILE,94.0,90.0,96.0,0.0,0.0,0.0,16.0,13.0,81.0,0.0,0.0,0.0,2.0,0.0,44,2.0,1.0,0.0,3.0,3.0,1.0,2.0,0.0,2.0,3.0,6.0,6.0,3.0,4.0,3.0,48,8561.4,4369.6,3047.6,796.0,274.5,73.6,76.0,21.0,30.6,51
chelseafc:8,chelseafc,Chelsea FC,40,2025-06-24,https://www.fifatrainingcentre.com/media/native/tournaments/fcwc/2025/M40%20EST%20V%20CHE%20POST%20MATCH%20REPORT.pdf,8,Enzo FERNANDEZ,60.0,55.0,92.0,0.0,2.0,0.0,14.0,10.0,71.0,0.0,0.0,0.0,2.0,0.0,44,2.0,0.0,2.0,0.0,0.0,6.0,0.0,0.0,1.0,0.0,3.0,6.0,2.0,2.0,2.0,48,7592.4,2951.7,3038.5,1027.9,462.2,112.1,96.0,36.0,33.2,51
chelseafc:9,chelseafc,Chelsea FC,40,2025-06-24,https://www.fifatrainingcentre.com/media/native/tournaments/fcwc/2025/M40%20EST%20V%20CHE%20POST%20MATCH%20REPORT.pdf,9,Liam DELAP,13.0,10.0,77.0,0.0,0.0,0.0,3.0,2.0,67.0,1.0,0.0,1.0,2.0,1.0,44,0.0,0.0,0.0,0.0,1.0,11.0,0.0,0.0,0.0,0.0,2.0,4.0,3.0,0.0,0.0,48,6263.3,2838.5,2274.9,592.1,378.2,179.6,47.0,37.0,32.1,51
chelseafc:11,chelseafc,Chelsea FC,40,2025-06-24,https://www.fifatrainingcentre.com/media/native/tournaments/fcwc/2025/M40%20EST%20V%20CHE%20POST%20MATCH%20REPORT.pdf,11,Noni MADUEKE,15.0,14.0,93.0,0.0,2.0,0.0,3.0,3.0,100.0,4.0,2.0,2.0,1.0,0.0,44,0.0,0.0,0.0,0.0,0.0,6.0,0.0,0.0,0.0,0.0,4.0,4.0,4.0,0.0,0.0,48,5997.9,3170.4,1727.9,575.6,305.8,218.1,52.0,32.0,32.9,51
chelseafc:18,chelseafc,Chelsea FC,40,2025-06-24,https://www.fifatrainingcentre.com/media/native/tournaments/fcwc/2025/M40%20EST%20V%20CHE%20POST%20MATCH%20REPORT.pdf,18,Christopher NKUNKU,55.0,50.0,91.0,0.0,0.0,0.0,8.0,6.0,75.0,2.0,1.0,1.0,1.0,0.0,44,1.0,1.0,0.0,0.0,3.0,15.0,0.0,0.0,0.0,0.0,1.0,7.0,5.0,1.0,0.0,48,9886.1,3729.1,4122.9,1403.9,471.4,158.9,118.0,38.0,30.1,51
chelseafc:22,chelseafc,Chelsea FC,40,2025-06-24,https://www.fifatrainingcentre.com/media/native/tournaments/fcwc/2025/M40%20EST%20V%20CHE%20POST%20MATCH%20REPORT.pdf,22,Kiernan DEWSBURYHALL,51.0,40.0,78.0,1.0,4.0,1.0,8.0,7.0,88.0,1.0,1.0,0.0,0.0,0.0,44,0.0,0.0,0.0,0.0,0.0,14.0,0.0,0.0,0.0,0.0,3.0,10.0,7.0,0.0,0.0,48,10354.6,4660.9,3656.9,1298.6,536.9,201.2,112.0,44.0,28.7,51
chelseafc:27,chelseafc,Chelsea FC,40,2025-06-24,https://www.fifatrainingcentre.com/media/native/tournaments/fcwc/2025/M40%20EST%20V%20CHE%20POST%20MATCH%20REPORT.pdf,27,Malo GUSTO,61.0,59.0,97.0,0.0,1.0,1.0,11.0,10.0,91.0,2.0,0.0,2.0,1.0,0.0,44,3.0,0.0,1.0,0.0,4.0,1.0,0.0,0.0,0.0,2.0,10.0,3.0,1.0,0.0,4.0,48,8775.0,3439.0,3389.9,1197.6,490.2,258.2,111.0,45.0,35.6,51
chelseafc:34,chelseafc,Chelsea FC,40,2025-06-24,https://www.fifatrainingcentre.com/media/native/tournaments/fcwc/2025/M40%20EST%20V%20CHE%20POST%20MATCH%20REPORT.pdf,34,Josh ACHEAMPONG,96.0,89.0,93.0,1.0,0.0,0.0,25.0,24.0,96.0,11.0,0.0,11.0,1.0,0.0,44,1.0,0.0,2.0,1.0,4.0,11.0,0.0,0.0,0.0,0.0,7.0,5.0,5.0,3.0,0.0,48,9547.7,4521.4,3554.6,849.5,456.2,166.0,67.0,34.0,32.2,51
chelseafc:45,chelseafc,Chelsea FC,40,2025-06-24,https://www.fifatrainingcentre.com/media/native/tournaments/fcwc/2025/M40%20EST%20V%20CHE%20POST%20MATCH%20REPORT.pdf,45,Romeo LAVIA,41.0,37.0,90.0,0.0,0.0,0.0,8.0,8.0,100.0,1.0,1.0,0.0,1.0,0.0,44,2.0,1.0,2.0,2.0,1.0,15.0,0.0,0.0,0.0,0.0,4.0,14.0,7.0,5.0,1.0,48,5765.2,2499.0,2232.3,655.2,308.2,70.5,57.0,25.0,28.2,51
chelseafc:14,chelseafc,Chelsea FC,40,2025-06-24,https://www.fifatrainingcentre.com/media/native/tournaments/fcwc/2025/M40%20EST%20V%20CHE%20POST%20MATCH%20REPORT.pdf,14,DARIO ESSUGO,35.0,34.0,97.0,0.0,0.0,0.0,7.0,7.0,100.0,0.0,0.0,0.0,0.0,0.0,44,0.0,0.0,0.0,0.0,3.0,15.0,0.0,0.0,0.0,0.0,3.0,21.0,10.0,0.0,0.0,48,4126.0,1432.7,1937.5,550.1,149.0,56.8,52.0,12.0,27.1,51
chelseafc:17,chelseafc,Chelsea FC,40,2025-06-24,https://www.fifatrainingcentre.com/media/native/tournaments/fcwc/2025/M40%20EST%20V%20CHE%20POST%20MATCH%20REPORT.pdf,17,ANDREY SANTOS,20.0,19.0,95.0,0.0,0.0,0.0,3.0,3.0,100.0,0.0,0.0,0.0,1.0,0.0,44,3.0,2.0,0.0,0.0,3.0,4.0,0.0,0.0,0.0,0.0,1.0,6.0,2.0,2.0,0.0,48,3243.7,1103.1,1274.3,571.8,254.6,40.0,50.0,18.0,27.5,51
chelseafc:19,chelseafc,Chelsea FC,40,2025-06-24,https://www.fifatrainingcentre.com/media/native/tournaments/fcwc/2025/M40%20EST%20V%20CHE%20POST%20MATCH%20REPORT.pdf,19,Mamadou SARR,11.0,10.0,91.0,0.0,0.0,0.0,2.0,2.0,100.0,1.0,0.0,1.0,0.0,0.0,44,0.0,0.0,0.0,0.0,0.0,4.0,0.0,0.0,0.0,0.0,0.0,5.0,4.0,0.0,0.0,48,1664.9,590.7,813.6,191.5,58.5,10.7,19.0,4.0,27.4,51
chelseafc:32,chelseafc,Chelsea FC,40,2025-06-24,https://www.fifatrainingcentre.com/media/native/tournaments/fcwc/2025/M40%20EST%20V%20CHE%20POST%20MATCH%20REPORT.pdf,32,Tyrique GEORGE,6.0,5.0,83.0,0.0,1.0,0.0,0.0,0.0,0.0,0.0,0.0,0.0,2.0,1.0,44,0.0,0.0,0.0,0.0,1.0,4.0,0.0,0.0,0.0,0.0,0.0,4.0,2.0,0.0,0.0,48,2727.1,1102.2,1042.9,294.3,190.7,97.0,22.0,17.0,32.1,51
chelseafc:38,chelseafc,Chelsea FC,40,2025-06-24,https://www.fifatrainingcentre.com/media/native/tournaments/fcwc/2025/M40%20EST%20V%20CHE%20POST%20MATCH%20REPORT.pdf,38,Marc GUIU,7.0,6.0,86.0,0.0,1.0,0.0,0.0,0.0,0.0,0.0,0.0,0.0,1.0,0.0,44,0.0,0.0,0.0,0.0,1.0,9.0,0.0,0.0,1.0,0.0,0.0,4.0,1.0,0.0,0.0,48,3749.0,1409.7,1589.0,479.4,177.6,93.4,47.0,16.0,31.1,51
borussiadortmund:1,borussiadortmund,Borussia Dortmund,41,2025-06-25,https://www.fifatrainingcentre.com/media/native/tournaments/fcwc/2025/M41%20BVB%20V%20UHD%20POST%20MATCH%20REPORT.pdf,1,Gregor KOBEL,24.0,19.0,79.0,0.0,0.0,0.0,4.0,1.0,25.0,0.0,0.0,0.0,0.0,0.0,43,0.0,0.0,0.0,0.0,0.0,0.0,0.0,0.0,0.0,0.0,3.0,0.0,0.0,5.0,0.0,48,5305.4,3970.2,1194.6,119.7,20.9,0.0,13.0,2.0,23.7,51
borussiadortmund:2,borussiadortmund,Borussia Dortmund,41,2025-06-25,https://www.fifatrainingcentre.com/media/native/tournaments/fcwc/2025/M41%20BVB%20V%20UHD%20POST%20MATCH%20REPORT.pdf,2,YAN COUTO,36.0,36.0,100.0,0.0,6.0,1.0,8.0,6.0,75.0,3.0,2.0,1.0,2.0,0.0,43,4.0,1.0,1.0,2.0,6.0,23.0,1.0,0.0,1.0,0.0,2.0,17.0,11.0,3.0,1.0,48,9803.5,3457.1,4355.4,1205.1,637.3,148.6,107.0,49.0,30.4,51
borussiadortmund:3,borussiadortmund,Borussia Dortmund,41,2025-06-25,https://www.fifatrainingcentre.com/media/native/tournaments/fcwc/2025/M41%20BVB%20V%20UHD%20POST%20MATCH%20REPORT.pdf,3,Waldemar ANTON,89.0,87.0,98.0,1.0,0.0,0.0,13.0,12.0,92.0,1.0,0.0,1.0,1.0,0.0,43,4.0,0.0,2.0,1.0,5.0,4.0,2.0,1.0,3.0,3.0,7.0,15.0,3.0,5.0,1.0,48,10220.8,3761.0,4395.7,1386.2,559.9,118.0,138.0,39.0,29.7,51
borussiadortmund:5,borussiadortmund,Borussia Dortmund,41,2025-06-25,https://www.fifatrainingcentre.com/media/native/tournaments/fcwc/2025/M41%20BVB%20V%20UHD%20POST%20MATCH%20REPORT.pdf,5,Ramy BENSEBAINI,78.0,72.0,92.0,1.0,1.0,0.0,25.0,21.0,84.0,1.0,0.0,1.0,1.0,0.0,43,1.0,0.0,4.0,4.0,2.0,3.0,3.0,0.0,3.0,3.0,7.0,21.0,4.0,9.0,2.0,48,8890.5,4047.5,3374.7,954.4,436.3,77.6,87.0,32.0,32.8,51
borussiadortmund:8,borussiadortmund,Borussia Dortmund,41,2025-06-25,https://www.fifatrainingcentre.com/media/native/tournaments/fcwc/2025/M41%20BVB%20V%20UHD%20POST%20MATCH%20REPORT.pdf,8,Felix NMECHA,35.0,28.0,80.0,1.0,0.0,0.0,10.0,7.0,70.0,3.0,0.0,3.0,3.0,0.0,43,1.0,0.0,0.0,1.0,3.0,6.0,0.0,0.0,0.0,0.0,4.0,17.0,2.0,2.0,0.0,48,6578.2,2373.4,3010.5,827.2,270.5,96.6,74.0,20.0,29.2,51
borussiadortmund:9,borussiadortmund,Borussia Dortmund,41,2025-06-25,https://www.fifatrainingcentre.com/media/native/tournaments/fcwc/2025/M41%20BVB%20V%20UHD%20POST%20MATCH%20REPORT.pdf,9,Serhou GUIRASSY,16.0,15.0,94.0,0.0,0.0,0.0,3.0,3.0,100.0,2.0,1.0,1.0,7.0,0.0,43,0.0,0.0,1.0,0.0,0.0,21.0,0.0,0.0,1.0,0.0,3.0,8.0,4.0,0.0,1.0,48,7752.0,3404.6,2954.0,937.3,369.3,86.7,73.0,28.0,30.2,51
borussiadortmund:13,borussiadortmund,Borussia Dortmund,41,2025-06-25,https://www.fifatrainingcentre.com/media/native/tournaments/fcwc/2025/M41%20BVB%20V%20UHD%20POST%20MATCH%20REPORT.pdf,13,Pascal GROSS,60.0,51.0,85.0,6.0,5.0,1.0,16.0,12.0,75.0,0.0,0.0,0.0,1.0,0.0,43,1.0,0.0,1.0,1.0,4.0,13.0,0.0,0.0,0.0,1.0,2.0,7.0,4.0,3.0,0.0,48,9401.4,2951.0,4468.8,1576.1,371.5,34.1,138.0,29.0,26.9,51
borussiadortmund:24,borussiadortmund,Borussia Dortmund,41,2025-06-25,https://www.fifatrainingcentre.com/media/native/tournaments/fcwc/2025/M41%20BVB%20V%20UHD%20POST%20MATCH%20REPORT.pdf,24,Daniel SVENSSON,27.0,25.0,93.0,0.0,4.0,2.0,8.0,8.0,100.0,0.0,0.0,0.0,1.0,1.0,43,2.0,0.0,3.0,1.0,2.0,18.0,0.0,0.0,1.0,1.0,6.0,21.0,14.0,1.0,4.0,48,11552.7,3618.6,4864.5,1818.2,1039.9,211.6,155.0,74.0,32.0,51
borussiadortmund:26,borussiadortmund,Borussia Dortmund,41,2025-06-25,https://www.fifatrainingcentre.com/media/native/tournaments/fcwc/2025/M41%20BVB%20V%20UHD%20POST%20MATCH%20REPORT.pdf,26,Julian RYERSON,73.0,68.0,93.0,0.0,5.0,2.0,24.0,22.0,92.0,3.0,2.0,1.0,1.0,0.0,43,2.0,0.0,0.0,5.0,3.0,10.0,0.0,0.0,1.0,3.0,9.0,10.0,5.0,7.0,2.0,48,9983.0,4020.7,4062.7,1230.1,533.9,135.6,108.0,41.0,30.8,51
borussiadortmund:27,borussiadortmund,Borussia Dortmund,41,2025-06-25,https://www.fifatrainingcentre.com/media/native/tournaments/fcwc/2025/M41%20BVB%20V%20UHD%20POST%20MATCH%20REPORT.pdf,27,Karim ADEYEMI,26.0,21.0,81.0,0.0,5.0,4.0,3.0,1.0,33.0,6.0,6.0,0.0,1.0,0.0,43,0.0,0.0,2.0,0.0,0.0,17.0,0.0,0.0,0.0,0.0,1.0,17.0,10.0,0.0,0.0,48,5822.9,2538.4,2142.2,551.1,335.8,255.3,47.0,31.0,34.4,51
borussiadortmund:77,borussiadortmund,Borussia Dortmund,41,2025-06-25,https://www.fifatrainingcentre.com/media/native/tournaments/fcwc/2025/M41%20BVB%20V%20UHD%20POST%20MATCH%20REPORT.pdf,77,Jobe BELLINGHAM,26.0,24.0,92.0,0.0,1.0,0.0,7.0,7.0,100.0,0.0,0.0,0.0,5.0,0.0,43,0.0,0.0,1.0,0.0,3.0,12.0,1.0,0.0,1.0,0.0,3.0,9.0,4.0,0.0,0.0,48,6257.5,2562.8,2466.2,874.2,243.1,111.2,83.0,21.0,29.8,51
borussiadortmund:7,borussiadortmund,Borussia Dortmund,41,2025-06-25,https://www.fifatrainingcentre.com/media/native/tournaments/fcwc/2025/M41%20BVB%20V%20UHD%20POST%20MATCH%20REPORT.pdf,7,Giovanni REYNA,5.0,5.0,100.0,0.0,0.0,0.0,1.0,1.0,100.0,0.0,0.0,0.0,0.0,0.0,43,0.0,0.0,0.0,0.0,1.0,1.0,0.0,0.0,0.0,0.0,1.0,1.0,0.0,0.0,0.0,48,1844.7,662.0,728.1,347.1,107.6,0.0,33.0,6.0,23.4,51
borussiadortmund:10,borussiadortmund,Borussia Dortmund,41,2025-06-25,https://www.fifatrainingcentre.com/media/native/tournaments/fcwc/2025/M41%20BVB%20V%20UHD%20POST%20MATCH%20REPORT.pdf,10,Julian BRANDT,18.0,16.0,89.0,0.0,0.0,0.0,3.0,1.0,33.0,0.0,0.0,0.0,0.0,0.0,43,1.0,0.0,0.0,2.0,2.0,2.0,0.0,0.0,0.0,0.0,2.0,3.0,2.0,2.0,1.0,48,4186.5,1312.1,1814.9,772.8,212.3,74.4,64.0,18.0,29.5,51
borussiadortmund:14,borussiadortmund,Borussia Dortmund,41,2025-06-25,https://www.fifatrainingcentre.com/media/native/tournaments/fcwc/2025/M41%20BVB%20V%20UHD%20POST%20MATCH%20REPORT.pdf,14,Maximilian BEIER,7.0,6.0,86.0,0.0,1.0,0.0,1.0,1.0,100.0,0.0,0.0,0.0,0.0,0.0,43,2.0,1.0,1.0,0.0,1.0,20.0,0.0,0.0,0.0,0.0,2.0,11.0,7.0,1.0,0.0,48,4083.9,1287.5,1704.7,641.6,298.8,151.4,50.0,23.0,33.0,51
borussiadortmund:16,borussiadortmund,Borussia Dortmund,41,2025-06-25,https://www.fifatrainingcentre.com/media/native/tournaments/fcwc/2025/M41%20BVB%20V%20UHD%20POST%20MATCH%20REPORT.pdf,16,Julien DURANVILLE,9.0,8.0,89.0,0.0,1.0,1.0,5.0,5.0,100.0,4.0,2.0,2.0,2.0,0.0,43,1.0,0.0,1.0,0.0,0.0,11.0,0.0,0.0,0.0,0.0,2.0,10.0,4.0,0.0,0.0,48,3961.2,1609.9,1429.0,509.2,220.4,192.7,42.0,20.0,35.2,51
borussiadortmund:17,borussiadortmund,Borussia Dortmund,41,2025-06-25,https://www.fifatrainingcentre.com/media/native/tournaments/fcwc/2025/M41%20BVB%20V%20UHD%20POST%20MATCH%20REPORT.pdf,17,Carney CHUKWUEMEKA,4.0,3.0,75.0,0.0,0.0,0.0,1.0,1.0,100.0,2.0,2.0,0.0,2.0,0.0,43,1.0,1.0,0.0,0.0,1.0,4.0,0.0,0.0,0.0,0.0,0.0,3.0,2.0,1.0,0.0,48,1751.8,738.1,610.0,283.1,94.5,26.0,23.0,9.0,32.0,51
ulsanhd:21,ulsanhd,Ulsan HD,41,2025-06-25,https://www.fifatrainingcentre.com/media/native/tournaments/fcwc/2025/M41%20BVB%20V%20UHD%20POST%20MATCH%20REPORT.pdf,21,JO Hyeonwoo,40.0,29.0,72.0,0.0,0.0,0.0,18.0,9.0,50.0,0.0,0.0,0.0,0.0,0.0,45,0.0,0.0,0.0,0.0,0.0,0.0,0.0,0.0,0.0,0.0,4.0,0.0,0.0,16.0,0.0,49,5480.7,4485.6,917.1,78.1,0.0,0.0,12.0,0.0,19.1,52
ulsanhd:6,ulsanhd,Ulsan HD,41,2025-06-25,https://www.fifatrainingcentre.com/media/native/tournaments/fcwc/2025/M41%20BVB%20V%20UHD%20POST%20MATCH%20REPORT.pdf,6,Darijan BOJANIC,51.0,43.0,84.0,1.0,0.0,0.0,13.0,11.0,85.0,0.0,0.0,0.0,0.0,0.0,45,3.0,0.0,3.0,2.0,2.0,11.0,1.0,0.0,1.0,0.0,10.0,12.0,2.0,4.0,1.0,49,8663.2,2915.5,4434.7,1089.2,182.2,41.5,88.0,8.0,27.4,52
ulsanhd:13,ulsanhd,Ulsan HD,41,2025-06-25,https://www.fifatrainingcentre.com/media/native/tournaments/fcwc/2025/M41%20BVB%20V%20UHD%20POST%20MATCH%20REPORT.pdf,13,KANG Sangwoo,43.0,36.0,84.0,0.0,1.0,1.0,13.0,10.0,77.0,1.0,0.0,1.0,1.0,0.0,45,5.0,1.0,2.0,2.0,3.0,25.0,0.0,0.0,0.0,5.0,3.0,24.0,18.0,6.0,5.0,49,9892.9,4490.6,3810.0,965.0,486.0,141.3,93.0,36.0,32.4,52
ulsanhd:14,ulsanhd,Ulsan HD,41,2025-06-25,https://www.fifatrainingcentre.com/media/native/tournaments/fcwc/2025/M41%20BVB%20V%20UHD%20POST%20MATCH%20REPORT.pdf,14,LEE Jinhyun,41.0,31.0,76.0,1.0,2.0,0.0,10.0,5.0,50.0,2.0,1.0,1.0,1.0,0.0,45,7.0,0.0,3.0,0.0,7.0,14.0,0.0,0.0,0.0,1.0,2.0,13.0,11.0,0.0,3.0,49,11102.0,3658.1,5078.5,1714.8,548.9,101.7,147.0,30.0,30.2,52
ulsanhd:17,ulsanhd,Ulsan HD,41,2025-06-25,https://www.fifatrainingcentre.com/media/native/tournaments/fcwc/2025/M41%20BVB%20V%20UHD%20POST%20MATCH%20REPORT.pdf,17,Gustav LUDWIGSON,24.0,21.0,88.0,0.0,1.0,0.0,4.0,4.0,100.0,1.0,0.0,1.0,0.0,0.0,45,1.0,0.0,4.0,1.0,4.0,22.0,0.0,0.0,1.0,1.0,2.0,18.0,14.0,3.0,2.0,49,10278.5,4244.1,4071.2,1176.5,618.8,167.9,111.0,47.0,31.4,52
ulsanhd:19,ulsanhd,Ulsan HD,41,2025-06-25,https://www.fifatrainingcentre.com/media/native/tournaments/fcwc/2025/M41%20BVB%20V%20UHD%20POST%20MATCH%20REPORT.pdf,19,KIM Younggwon,27.0,23.0,85.0,0.0,0.0,0.0,12.0,10.0,83.0,0.0,0.0,0.0,0.0,0.0,45,2.0,0.0,8.0,2.0,5.0,9.0,0.0,0.0,0.0,3.0,0.0,11.0,2.0,6.0,6.0,49,8238.4,4578.4,2660.4,737.3,201.8,60.5,60.0,17.0,29.1,52
ulsanhd:22,ulsanhd,Ulsan HD,41,2025-06-25,https://www.fifatrainingcentre.com/media/native/tournaments/fcwc/2025/M41%20BVB%20V%20UHD%20POST%20MATCH%20REPORT.pdf,22,KIM Minhyeok,8.0,6.0,75.0,0.0,0.0,0.0,2.0,1.0,50.0,0.0,0.0,0.0,0.0,0.0,45,7.0,1.0,1.0,0.0,4.0,15.0,0.0,0.0,0.0,0.0,1.0,7.0,3.0,1.0,5.0,49,5772.6,2050.4,2440.2,882.9,301.7,97.4,78.0,22.0,29.8,52
ulsanhd:28,ulsanhd,Ulsan HD,41,2025-06-25,https://www.fifatrainingcentre.com/media/native/tournaments/fcwc/2025/M41%20BVB%20V%20UHD%20POST%20MATCH%20REPORT.pdf,28,LEE Jaeik,38.0,34.0,89.0,0.0,0.0,0.0,13.0,11.0,85.0,0.0,0.0,0.0,0.0,0.0,45,0.0,0.0,3.0,2.0,3.0,6.0,0.0,0.0,0.0,1.0,1.0,13.0,2.0,3.0,2.0,49,9174.8,4139.8,3602.3,956.5,351.2,125.0,74.0,26.0,31.6,52
ulsanhd:36,ulsanhd,Ulsan HD,41,2025-06-25,https://www.fifatrainingcentre.com/media/native/tournaments/fcwc/2025/M41%20BVB%20V%20UHD%20POST%20MATCH%20REPORT.pdf,36,Matias LACAVA,11.0,7.0,64.0,0.0,1.0,0.0,3.0,1.0,33.0,2.0,2.0,0.0,0.0,0.0,45,4.0,0.0,2.0,0.0,6.0,13.0,0.0,0.0,0.0,0.0,3.0,9.0,5.0,0.0,1.0,49,5476.6,2256.0,2116.1,588.8,346.8,168.8,42.0,36.0,31.4,52
ulsanhd:66,ulsanhd,Ulsan HD,41,2025-06-25,https://www.fifatrainingcentre.com/media/native/tournaments/fcwc/2025/M41%20BVB%20V%20UHD%20POST%20MATCH%20REPORT.pdf,66,Milosz TROJAK,35.0,24.0,69.0,1.0,0.0,0.0,16.0,9.0,56.0,0.0,0.0,0.0,0.0,0.0,45,1.0,0.0,1.0,1.0,1.0,6.0,0.0,0.0,0.0,2.0,6.0,9.0,3.0,1.0,3.0,49,8252.7,3876.7,3091.3,873.8,279.9,130.9,74.0,22.0,30.9,52
ulsanhd:97,ulsanhd,Ulsan HD,41,2025-06-25,https://www.fifatrainingcentre.com/media/native/tournaments/fcwc/2025/M41%20BVB%20V%20UHD%20POST%20MATCH%20REPORT.pdf,97,ERICK FARIAS,15.0,12.0,80.0,0.0,1.0,1.0,3.0,1.0,33.0,1.0,1.0,0.0,0.0,0.0,45,1.0,0.0,0.0,0.0,1.0,12.0,1.0,0.0,1.0,0.0,2.0,13.0,7.0,0.0,0.0,49,7971.2,3742.0,2962.2,716.4,358.8,191.8,64.0,26.0,33.0,52
ulsanhd:7,ulsanhd,Ulsan HD,41,2025-06-25,https://www.fifatrainingcentre.com/media/native/tournaments/fcwc/2025/M41%20BVB%20V%20UHD%20POST%20MATCH%20REPORT.pdf,7,KO Seungbeom,17.0,13.0,76.0,0.0,0.0,0.0,2.0,2.0,100.0,0.0,0.0,0.0,1.0,0.0,45,5.0,0.0,3.0,0.0,3.0,15.0,0.0,0.0,1.0,0.0,5.0,7.0,4.0,0.0,4.0,49,6016.6,1669.7,2529.4,1207.3,526.8,83.4,100.0,34.0,29.5,52
ulsanhd:16,ulsanhd,Ulsan HD,41,2025-06-25,https://www.fifatrainingcentre.com/media/native/tournaments/fcwc/2025/M41%20BVB%20V%20UHD%20POST%20MATCH%20REPORT.pdf,16,LEE Huigyun,4.0,3.0,75.0,0.0,0.0,0.0,1.0,1.0,100.0,1.0,0.0,1.0,0.0,0.0,45,0.0,0.0,0.0,0.0,2.0,6.0,0.0,0.0,0.0,0.0,3.0,8.0,4.0,0.0,0.0,49,1937.5,516.5,884.8,326.4,198.2,11.7,29.0,13.0,27.8,52
ulsanhd:18,ulsanhd,Ulsan HD,41,2025-06-25,https://www.fifatrainingcentre.com/media/native/tournaments/fcwc/2025/M41%20BVB%20V%20UHD%20POST%20MATCH%20REPORT.pdf,18,HEO Yool,0.0,0.0,0.0,0.0,0.0,0.0,0.0,0.0,0.0,0.0,0.0,0.0,0.0,0.0,45,0.0,0.0,0.0,0.0,1.0,1.0,0.0,0.0,0.0,0.0,0.0,2.0,1.0,0.0,0.0,49,1049.4,341.2,427.2,148.5,75.2,57.2,11.0,7.0,30.2,52
ulsanhd:26,ulsanhd,Ulsan HD,41,2025-06-25,https://www.fifatrainingcentre.com/media/native/tournaments/fcwc/2025/M41%20BVB%20V%20UHD%20POST%20MATCH%20REPORT.pdf,26,PARK Minseo,21.0,17.0,81.0,2.0,0.0,0.0,2.0,0.0,0.0,0.0,0.0,0.0,0.0,0.0,45,1.0,0.0,1.0,0.0,1.0,7.0,0.0,0.0,0.0,0.0,4.0,8.0,3.0,0.0,0.0,49,5018.4,1908.9,1907.8,663.3,402.1,136.4,55.0,28.0,30.4,52
ulsanhd:27,ulsanhd,Ulsan HD,41,2025-06-25,https://www.fifatrainingcentre.com/media/native/tournaments/fcwc/2025/M41%20BVB%20V%20UHD%20POST%20MATCH%20REPORT.pdf,27,LEE Chungyong,5.0,4.0,80.0,0.0,0.0,0.0,1.0,0.0,0.0,0.0,0.0,0.0,0.0,0.0,45,0.0,0.0,0.0,0.0,2.0,4.0,1.0,0.0,1.0,1.0,0.0,3.0,3.0,0.0,1.0,49,1895.5,548.1,744.4,412.9,183.3,6.8,34.0,12.0,25.4,52
mamelodisundownsfc:30,mamelodisundownsfc,Mamelodi Sundowns FC,42,2025-06-25,https://www.fifatrainingcentre.com/media/native/tournaments/fcwc/2025/M42%20MSU%20V%20FLU%20POST%20MATCH%20REPORT.pdf,30,Ronwen WILLIAMS,41.0,33.0,80.0,0.0,0.0,0.0,10.0,3.0,30.0,0.0,0.0,0.0,0.0,0.0,42,0.0,0.0,0.0,0.0,0.0,0.0,0.0,0.0,0.0,0.0,3.0,0.0,0.0,5.0,0.0,47,4996.2,4092.7,807.8,72.9,22.7,0.0,8.0,2.0,22.2,50
mamelodisundownsfc:4,mamelodisundownsfc,Mamelodi Sundowns FC,42,2025-06-25,https://www.fifatrainingcentre.com/media/native/tournaments/fcwc/2025/M42%20MSU%20V%20FLU%20POST%20MATCH%20REPORT.pdf,4,Teboho MOKOENA,55.0,50.0,91.0,1.0,0.0,0.0,13.0,9.0,69.0,0.0,0.0,0.0,1.0,0.0,42,2.0,0.0,0.0,1.0,4.0,3.0,1.0,0.0,2.0,1.0,4.0,6.0,3.0,2.0,1.0,47,4584.2,1589.6,2235.1,635.5,104.0,20.0,49.0,10.0,29.9,50
mamelodisundownsfc:10,mamelodisundownsfc,Mamelodi Sundowns FC,42,2025-06-25,https://www.fifatrainingcentre.com/media/native/tournaments/fcwc/2025/M42%20MSU%20V%20FLU%20POST%20MATCH%20REPORT.pdf,10,LUCAS RIBEIRO,30.0,26.0,87.0,1.0,3.0,0.0,10.0,9.0,90.0,4.0,3.0,1.0,2.0,0.0,42,3.0,1.0,0.0,0.0,5.0,10.0,0.0,0.0,1.0,0.0,2.0,1.0,0.0,2.0,0.0,47,6546.5,3415.1,2080.6,713.3,242.9,94.6,64.0,22.0,29.9,50
mamelodisundownsfc:11,mamelodisundownsfc,Mamelodi Sundowns FC,42,2025-06-25,https://www.fifatrainingcentre.com/media/native/tournaments/fcwc/2025/M42%20MSU%20V%20FLU%20POST%20MATCH%20REPORT.pdf,11,Marcelo ALLENDE,77.0,71.0,92.0,1.0,2.0,1.0,17.0,14.0,82.0,1.0,0.0,1.0,1.0,0.0,42,3.0,0.0,1.0,0.0,3.0,13.0,0.0,0.0,1.0,2.0,3.0,16.0,8.0,0.0,3.0,47,11142.0,3945.1,5187.1,1498.1,432.7,79.0,134.0,27.0,26.3,50
mamelodisundownsfc:13,mamelodisundownsfc,Mamelodi Sundowns FC,42,2025-06-25,https://www.fifatrainingcentre.com/media/native/tournaments/fcwc/2025/M42%20MSU%20V%20FLU%20POST%20MATCH%20REPORT.pdf,13,Iqraam RAYNERS,9.0,8.0,89.0,0.0,0.0,0.0,2.0,1.0,50.0,3.0,3.0,0.0,0.0,0.0,42,1.0,0.0,0.0,0.0,3.0,35.0,0.0,0.0,0.0,0.0,4.0,27.0,24.0,0.0,0.0,47,8721.7,4568.6,2239.8,986.7,675.5,251.2,86.0,56.0,33.1,50
mamelodisundownsfc:17,mamelodisundownsfc,Mamelodi Sundowns FC,42,2025-06-25,https://www.fifatrainingcentre.com/media/native/tournaments/fcwc/2025/M42%20MSU%20V%20FLU%20POST%20MATCH%20REPORT.pdf,17,Tashreeq MATTHEWS,14.0,13.0,93.0,1.0,0.0,0.0,3.0,1.0,33.0,2.0,2.0,0.0,1.0,0.0,42,4.0,1.0,0.0,0.0,8.0,27.0,0.0,0.0,0.0,0.0,2.0,27.0,20.0,2.0,1.0,47,6405.1,2472.4,2423.6,852.3,447.1,209.7,75.0,42.0,32.3,50
mamelodisundownsfc:18,mamelodisundownsfc,Mamelodi Sundowns FC,42,2025-06-25,https://www.fifatrainingcentre.com/media/native/tournaments/fcwc/2025/M42%20MSU%20V%20FLU%20POST%20MATCH%20REPORT.pdf,18,Themba ZWANE,57.0,51.0,89.0,0.0,0.0,0.0,9.0,6.0,67.0,1.0,1.0,0.0,0.0,0.0,42,7.0,1.0,1.0,0.0,4.0,14.0,0.0,0.0,1.0,1.0,4.0,9.0,6.0,1.0,2.0,47,8762.0,3460.3,3406.3,1413.7,432.7,49.0,121.0,31.0,27.5,50
mamelodisundownsfc:20,mamelodisundownsfc,Mamelodi Sundowns FC,42,2025-06-25,https://www.fifatrainingcentre.com/media/native/tournaments/fcwc/2025/M42%20MSU%20V%20FLU%20POST%20MATCH%20REPORT.pdf,20,Grant KEKANA,66.0,62.0,94.0,0.0,0.0,0.0,14.0,10.0,71.0,0.0,0.0,0.0,0.0,0.0,42,1.0,1.0,0.0,1.0,0.0,4.0,1.0,0.0,1.0,4.0,1.0,5.0,2.0,3.0,3.0,47,8546.3,3793.5,3635.8,748.6,283.8,84.7,71.0,23.0,27.7,50
mamelodisundownsfc:24,mamelodisundownsfc,Mamelodi Sundowns FC,42,2025-06-25,https://www.fifatrainingcentre.com/media/native/tournaments/fcwc/2025/M42%20MSU%20V%20FLU%20POST%20MATCH%20REPORT.pdf,24,Keanu CUPIDO,46.0,42.0,91.0,0.0,0.0,0.0,7.0,6.0,86.0,0.0,0.0,0.0,0.0,0.0,42,0.0,0.0,0.0,2.0,0.0,0.0,1.0,0.0,1.0,3.0,5.0,0.0,0.0,2.0,3.0,47,5702.7,2436.6,2391.9,573.6,201.4,99.2,56.0,16.0,30.6,50
mamelodisundownsfc:25,mamelodisundownsfc,Mamelodi Sundowns FC,42,2025-06-25,https://www.fifatrainingcentre.com/media/native/tournaments/fcwc/2025/M42%20MSU%20V%20FLU%20POST%20MATCH%20REPORT.pdf,25,Khuliso MUDAU,55.0,47.0,85.0,0.0,0.0,0.0,11.0,6.0,55.0,3.0,3.0,0.0,1.0,0.0,42,5.0,2.0,1.0,1.0,7.0,5.0,1.0,0.0,1.0,2.0,6.0,13.0,5.0,6.0,3.0,47,8068.8,3680.5,2966.0,770.0,457.0,195.4,74.0,37.0,33.3,50
mamelodisundownsfc:29,mamelodisundownsfc,Mamelodi Sundowns FC,42,2025-06-25,https://www.fifatrainingcentre.com/media/native/tournaments/fcwc/2025/M42%20MSU%20V%20FLU%20POST%20MATCH%20REPORT.pdf,29,Divine LUNGA,43.0,36.0,84.0,0.0,0.0,0.0,10.0,9.0,90.0,0.0,0.0,0.0,1.0,0.0,42,3.0,0.0,4.0,3.0,6.0,10.0,3.0,0.0,4.0,0.0,6.0,7.0,6.0,7.0,3.0,47,8549.7,3944.5,3066.9,865.2,466.8,206.3,79.0,37.0,32.0,50
mamelodisundownsfc:5,mamelodisundownsfc,Mamelodi Sundowns FC,42,2025-06-25,https://www.fifatrainingcentre.com/media/native/tournaments/fcwc/2025/M42%20MSU%20V%20FLU%20POST%20MATCH%20REPORT.pdf,5,Mosa LEBUSA,21.0,20.0,95.0,0.0,1.0,0.0,0.0,0.0,0.0,0.0,0.0,0.0,0.0,0.0,42,0.0,0.0,2.0,0.0,0.0,0.0,0.0,0.0,0.0,1.0,2.0,0.0,0.0,1.0,1.0,47,3165.2,1322.6,1220.6,432.3,160.9,28.8,38.0,14.0,28.5,50
mamelodisundownsfc:8,mamelodisundownsfc,Mamelodi Sundowns FC,42,2025-06-25,https://www.fifatrainingcentre.com/media/native/tournaments/fcwc/2025/M42%20MSU%20V%20FLU%20POST%20MATCH%20REPORT.pdf,8,Jayden ADAMS,42.0,40.0,95.0,0.0,0.0,0.0,9.0,9.0,100.0,0.0,0.0,0.0,0.0,0.0,42,3.0,0.0,0.0,1.0,7.0,4.0,1.0,0.0,1.0,1.0,5.0,8.0,6.0,1.0,2.0,47,4825.7,1948.7,2225.5,487.7,158.1,5.7,47.0,12.0,25.6,50
mamelodisundownsfc:9,mamelodisundownsfc,Mamelodi Sundowns FC,42,2025-06-25,https://www.fifatrainingcentre.com/media/native/tournaments/fcwc/2025/M42%20MSU%20V%20FLU%20POST%20MATCH%20REPORT.pdf,9,ARTHUR SALES,9.0,8.0,89.0,0.0,0.0,0.0,2.0,1.0,50.0,1.0,1.0,0.0,0.0,0.0,42,1.0,0.0,3.0,0.0,2.0,12.0,0.0,0.0,0.0,0.0,0.0,10.0,10.0,0.0,3.0,47,3801.9,1389.3,1455.3,607.8,262.7,86.9,49.0,25.0,29.4,50
mamelodisundownsfc:16,mamelodisundownsfc,Mamelodi Sundowns FC,42,2025-06-25,https://www.fifatrainingcentre.com/media/native/tournaments/fcwc/2025/M42%20MSU%20V%20FLU%20POST%20MATCH%20REPORT.pdf,16,Kutlwano LETLHAKU,3.0,2.0,67.0,0.0,0.0,0.0,1.0,0.0,0.0,0.0,0.0,0.0,0.0,0.0,42,2.0,1.0,0.0,0.0,3.0,2.0,0.0,0.0,0.0,0.0,1.0,2.0,2.0,1.0,0.0,47,1414.0,538.0,565.1,194.8,84.1,32.0,19.0,7.0,29.3,50
mamelodisundownsfc:38,mamelodisundownsfc,Mamelodi Sundowns FC,42,2025-06-25,https://www.fifatrainingcentre.com/media/native/tournaments/fcwc/2025/M42%20MSU%20V%20FLU%20POST%20MATCH%20REPORT.pdf,38,Peter SHALULILE,1.0,1.0,100.0,0.0,0.0,0.0,0.0,0.0,0.0,0.0,0.0,0.0,0.0,0.0,42,2.0,0.0,0.0,1.0,2.0,0.0,0.0,0.0,0.0,0.0,2.0,0.0,0.0,1.0,1.0,47,1821.6,916.7,636.1,192.5,69.0,7.3,16.0,4.0,26.1,50
fluminensefc:1,fluminensefc,Fluminense FC,42,2025-06-25,https://www.fifatrainingcentre.com/media/native/tournaments/fcwc/2025/M42%20MSU%20V%20FLU%20POST%20MATCH%20REPORT.pdf,1,FABIO,15.0,11.0,73.0,0.0,0.0,0.0,6.0,2.0,33.0,0.0,0.0,0.0,0.0,0.0,44,0.0,0.0,0.0,0.0,0.0,0.0,0.0,0.0,0.0,0.0,4.0,0.0,0.0,3.0,0.0,48,3837.3,3572.7,238.1,26.4,0.0,0.0,4.0,0.0,19.1,51
fluminensefc:2,fluminensefc,Fluminense FC,42,2025-06-25,https://www.fifatrainingcentre.com/media/native/tournaments/fcwc/2025/M42%20MSU%20V%20FLU%20POST%20MATCH%20REPORT.pdf,2,SAMUEL XAVIER,41.0,29.0,71.0,1.0,3.0,0.0,13.0,10.0,77.0,4.0,1.0,3.0,0.0,0.0,44,2.0,0.0,1.0,2.0,3.0,17.0,1.0,0.0,2.0,0.0,5.0,24.0,9.0,2.0,2.0,48,8654.4,4104.2,3038.6,923.7,481.7,106.3,76.0,35.0,30.5,51
fluminensefc:4,fluminensefc,Fluminense FC,42,2025-06-25,https://www.fifatrainingcentre.com/media/native/tournaments/fcwc/2025/M42%20MSU%20V%20FLU%20POST%20MATCH%20REPORT.pdf,4,IGNACIO,26.0,23.0,88.0,0.0,0.0,0.0,7.0,5.0,71.0,0.0,0.0,0.0,1.0,0.0,44,2.0,0.0,1.0,1.0,3.0,3.0,2.0,1.0,3.0,6.0,3.0,15.0,3.0,4.0,5.0,48,8527.9,4489.2,2783.2,761.9,345.4,148.1,70.0,31.0,33.1,51
fluminensefc:6,fluminensefc,Fluminense FC,42,2025-06-25,https://www.fifatrainingcentre.com/media/native/tournaments/fcwc/2025/M42%20MSU%20V%20FLU%20POST%20MATCH%20REPORT.pdf,6,RENE,30.0,26.0,87.0,0.0,2.0,0.0,16.0,11.0,69.0,1.0,0.0,1.0,0.0,0.0,44,4.0,2.0,4.0,1.0,1.0,12.0,0.0,0.0,0.0,3.0,4.0,14.0,5.0,6.0,2.0,48,8753.0,4438.8,2996.9,770.8,357.4,189.1,62.0,34.0,31.2,51
fluminensefc:8,fluminensefc,Fluminense FC,42,2025-06-25,https://www.fifatrainingcentre.com/media/native/tournaments/fcwc/2025/M42%20MSU%20V%20FLU%20POST%20MATCH%20REPORT.pdf,8,MARTINELLI,24.0,22.0,92.0,1.0,1.0,0.0,10.0,9.0,90.0,0.0,0.0,0.0,0.0,0.0,44,3.0,0.0,4.0,0.0,5.0,19.0,0.0,0.0,0.0,1.0,2.0,8.0,3.0,2.0,4.0,48,8399.1,3060.1,3435.0,1467.4,375.9,60.6,117.0,29.0,27.1,51
fluminensefc:14,fluminensefc,Fluminense FC,42,2025-06-25,https://www.fifatrainingcentre.com/media/native/tournaments/fcwc/2025/M42%20MSU%20V%20FLU%20POST%20MATCH%20REPORT.pdf,14,German CANO,10.0,8.0,80.0,1.0,0.0,0.0,0.0,0.0,0.0,0.0,0.0,0.0,1.0,0.0,44,1.0,1.0,1.0,0.0,2.0,30.0,0.0,0.0,1.0,0.0,1.0,36.0,16.0,2.0,1.0,48,7777.6,3627.3,2656.8,1069.6,356.1,67.8,92.0,29.0,29.0,51
fluminensefc:16,fluminensefc,Fluminense FC,42,2025-06-25,https://www.fifatrainingcentre.com/media/native/tournaments/fcwc/2025/M42%20MSU%20V%20FLU%20POST%20MATCH%20REPORT.pdf,16,NONATO,20.0,15.0,75.0,0.0,0.0,0.0,8.0,6.0,75.0,3.0,1.0,2.0,1.0,0.0,44,3.0,0.0,5.0,1.0,10.0,44.0,0.0,0.0,1.0,0.0,6.0,46.0,21.0,2.0,4.0,48,9251.1,3582.9,3909.3,1271.8,461.2,25.8,115.0,33.0,31.8,51
fluminensefc:17,fluminensefc,Fluminense FC,42,2025-06-25,https://www.fifatrainingcentre.com/media/native/tournaments/fcwc/2025/M42%20MSU%20V%20FLU%20POST%20MATCH%20REPORT.pdf,17,Agustin CANOBBIO,15.0,13.0,87.0,0.0,1.0,0.0,2.0,1.0,50.0,0.0,0.0,0.0,0.0,0.0,44,1.0,1.0,1.0,0.0,6.0,21.0,0.0,0.0,0.0,0.0,3.0,18.0,14.0,1.0,1.0,48,7981.2,2583.6,3188.1,1209.4,634.8,365.2,112.0,48.0,31.3,51
fluminensefc:21,fluminensefc,Fluminense FC,42,2025-06-25,https://www.fifatrainingcentre.com/media/native/tournaments/fcwc/2025/M42%20MSU%20V%20FLU%20POST%20MATCH%20REPORT.pdf,21,Jhon ARIAS,35.0,33.0,94.0,0.0,4.0,2.0,6.0,3.0,50.0,6.0,4.0,2.0,2.0,0.0,44,4.0,3.0,1.0,1.0,6.0,13.0,0.0,0.0,0.0,0.0,5.0,13.0,6.0,4.0,1.0,48,8499.3,4541.1,2693.2,741.6,398.6,124.9,70.0,32.0,31.8,51
fluminensefc:22,fluminensefc,Fluminense FC,42,2025-06-25,https://www.fifatrainingcentre.com/media/native/tournaments/fcwc/2025/M42%20MSU%20V%20FLU%20POST%20MATCH%20REPORT.pdf,22,Juan FREYTES,33.0,22.0,67.0,3.0,0.0,0.0,15.0,9.0,60.0,0.0,0.0,0.0,0.0,0.0,44,3.0,0.0,2.0,0.0,1.0,2.0,0.0,0.0,0.0,4.0,4.0,6.0,1.0,3.0,3.0,48,8571.0,3812.5,3291.9,865.9,423.9,176.7,79.0,33.0,31.6,51
fluminensefc:35,fluminensefc,Fluminense FC,42,2025-06-25,https://www.fifatrainingcentre.com/media/native/tournaments/fcwc/2025/M42%20MSU%20V%20FLU%20POST%20MATCH%20REPORT.pdf,35,HERCULES,16.0,12.0,75.0,2.0,0.0,0.0,6.0,5.0,83.0,0.0,0.0,0.0,0.0,0.0,44,3.0,1.0,4.0,0.0,5.0,15.0,0.0,0.0,1.0,2.0,5.0,31.0,9.0,2.0,3.0,48,6961.8,2828.6,3102.5,723.9,276.5,30.3,66.0,20.0,27.5,51
fluminensefc:5,fluminensefc,Fluminense FC,42,2025-06-25,https://www.fifatrainingcentre.com/media/native/tournaments/fcwc/2025/M42%20MSU%20V%20FLU%20POST%20MATCH%20REPORT.pdf,5,Facundo BERNAL,4.0,3.0,75.0,0.0,0.0,0.0,0.0,0.0,0.0,1.0,1.0,0.0,1.0,0.0,44,2.0,0.0,0.0,0.0,5.0,3.0,0.0,0.0,0.0,0.0,4.0,8.0,4.0,0.0,1.0,48,3191.1,1263.6,1301.7,429.8,165.1,30.8,43.0,15.0,29.4,51
fluminensefc:9,fluminensefc,Fluminense FC,42,2025-06-25,https://www.fifatrainingcentre.com/media/native/tournaments/fcwc/2025/M42%20MSU%20V%20FLU%20POST%20MATCH%20REPORT.pdf,9,EVERALDO,1.0,0.0,0.0,0.0,0.0,0.0,1.0,0.0,0.0,0.0,0.0,0.0,0.0,0.0,44,0.0,0.0,0.0,0.0,0.0,9.0,0.0,0.0,0.0,0.0,0.0,2.0,2.0,0.0,0.0,48,1255.2,477.0,434.5,242.1,79.2,22.5,19.0,8.0,30.4,51
fluminensefc:11,fluminensefc,Fluminense FC,42,2025-06-25,https://www.fifatrainingcentre.com/media/native/tournaments/fcwc/2025/M42%20MSU%20V%20FLU%20POST%20MATCH%20REPORT.pdf,11,KENO,6.0,4.0,67.0,0.0,0.0,0.0,1.0,0.0,0.0,1.0,1.0,0.0,0.0,0.0,44,0.0,0.0,1.0,0.0,1.0,7.0,0.0,0.0,0.0,0.0,3.0,5.0,5.0,1.0,0.0,48,2486.0,1267.8,743.6,310.7,135.9,28.0,30.0,11.0,29.4,51
fluminensefc:29,fluminensefc,Fluminense FC,42,2025-06-25,https://www.fifatrainingcentre.com/media/native/tournaments/fcwc/2025/M42%20MSU%20V%20FLU%20POST%20MATCH%20REPORT.pdf,29,THIAGO SANTOS,1.0,1.0,100.0,0.0,0.0,0.0,0.0,0.0,0.0,0.0,0.0,0.0,0.0,0.0,44,0.0,0.0,1.0,0.0,0.0,0.0,1.0,0.0,1.0,1.0,1.0,1.0,0.0,2.0,1.0,48,1249.9,482.9,439.0,219.4,88.2,20.4,19.0,6.0,26.2,51
fluminensefc:45,fluminensefc,Fluminense FC,42,2025-06-25,https://www.fifatrainingcentre.com/media/native/tournaments/fcwc/2025/M42%20MSU%20V%20FLU%20POST%20MATCH%20REPORT.pdf,45,LIMA,4.0,2.0,50.0,0.0,0.0,0.0,1.0,0.0,0.0,0.0,0.0,0.0,0.0,0.0,44,2.0,1.0,1.0,0.0,2.0,8.0,0.0,0.0,0.0,0.0,1.0,3.0,3.0,2.0,0.0,48,2213.7,710.8,1064.2,374.6,41.9,22.1,31.0,4.0,28.6,51
fcinternazionalemilano:1,fcinternazionalemilano,FC Internazionale Milano,43,2025-06-25,https://www.fifatrainingcentre.com/media/native/tournaments/fcwc/2025/M43%20INT%20V%20RIV%20POST%20MATCH%20REPORT.pdf,1,Yann SOMMER,42.0,28.0,67.0,0.0,0.0,0.0,17.0,7.0,41.0,0.0,0.0,0.0,0.0,0.0,42,0.0,0.0,0.0,0.0,0.0,0.0,0.0,0.0,0.0,0.0,4.0,0.0,0.0,11.0,0.0,47,5373.8,4314.6,938.2,94.2,26.8,0.0,10.0,3.0,24.4,50
fcinternazionalemilano:2,fcinternazionalemilano,FC Internazionale Milano,43,2025-06-25,https://www.fifatrainingcentre.com/media/native/tournaments/fcwc/2025/M43%20INT%20V%20RIV%20POST%20MATCH%20REPORT.pdf,2,Denzel DUMFRIES,30.0,23.0,77.0,0.0,2.0,1.0,6.0,3.0,50.0,3.0,2.0,1.0,0.0,0.0,42,2.0,2.0,4.0,0.0,1.0,5.0,1.0,0.0,2.0,1.0,5.0,11.0,1.0,5.0,2.0,47,10109.6,4178.9,3129.2,1550.5,831.3,419.6,135.0,64.0,33.1,50
fcinternazionalemilano:10,fcinternazionalemilano,FC Internazionale Milano,43,2025-06-25,https://www.fifatrainingcentre.com/media/native/tournaments/fcwc/2025/M43%20INT%20V%20RIV%20POST%20MATCH%20REPORT.pdf,10,Lautaro MARTINEZ,19.0,18.0,95.0,1.0,0.0,0.0,4.0,4.0,100.0,2.0,2.0,0.0,6.0,0.0,42,1.0,0.0,1.0,0.0,1.0,8.0,1.0,0.0,2.0,0.0,3.0,8.0,5.0,0.0,1.0,47,7368.6,3066.4,2823.5,867.4,479.1,132.1,78.0,32.0,29.6,50
fcinternazionalemilano:15,fcinternazionalemilano,FC Internazionale Milano,43,2025-06-25,https://www.fifatrainingcentre.com/media/native/tournaments/fcwc/2025/M43%20INT%20V%20RIV%20POST%20MATCH%20REPORT.pdf,15,Francesco ACERBI,35.0,33.0,94.0,0.0,0.0,0.0,10.0,10.0,100.0,0.0,0.0,0.0,1.0,0.0,42,2.0,0.0,6.0,2.0,1.0,7.0,4.0,0.0,4.0,4.0,3.0,3.0,0.0,5.0,9.0,47,9546.6,3748.9,3930.6,1213.5,397.5,256.1,104.0,34.0,30.8,50
fcinternazionalemilano:21,fcinternazionalemilano,FC Internazionale Milano,43,2025-06-25,https://www.fifatrainingcentre.com/media/native/tournaments/fcwc/2025/M43%20INT%20V%20RIV%20POST%20MATCH%20REPORT.pdf,21,Kristjan ASLLANI,65.0,57.0,88.0,1.0,1.0,1.0,26.0,20.0,77.0,2.0,1.0,1.0,1.0,0.0,42,2.0,0.0,2.0,3.0,1.0,9.0,0.0,0.0,0.0,5.0,7.0,14.0,6.0,5.0,6.0,47,11263.0,3397.3,5148.5,2059.1,567.8,90.5,175.0,40.0,30.3,50
fcinternazionalemilano:22,fcinternazionalemilano,FC Internazionale Milano,43,2025-06-25,https://www.fifatrainingcentre.com/media/native/tournaments/fcwc/2025/M43%20INT%20V%20RIV%20POST%20MATCH%20REPORT.pdf,22,Henrikh MKHITARYAN,43.0,34.0,79.0,0.0,0.0,0.0,15.0,12.0,80.0,6.0,2.0,4.0,2.0,0.0,42,5.0,0.0,0.0,0.0,11.0,14.0,1.0,0.0,2.0,1.0,9.0,8.0,2.0,2.0,0.0,47,10996.2,3619.1,4099.0,1856.5,1006.0,415.6,166.0,69.0,32.9,50
fcinternazionalemilano:23,fcinternazionalemilano,FC Internazionale Milano,43,2025-06-25,https://www.fifatrainingcentre.com/media/native/tournaments/fcwc/2025/M43%20INT%20V%20RIV%20POST%20MATCH%20REPORT.pdf,23,Nicolo BARELLA,29.0,24.0,83.0,1.0,1.0,1.0,12.0,8.0,67.0,4.0,2.0,2.0,0.0,0.0,42,3.0,1.0,3.0,0.0,6.0,15.0,2.0,0.0,2.0,1.0,5.0,12.0,5.0,2.0,5.0,47,7888.8,2606.0,3145.4,1344.3,527.0,266.0,104.0,40.0,31.9,50
fcinternazionalemilano:32,fcinternazionalemilano,FC Internazionale Milano,43,2025-06-25,https://www.fifatrainingcentre.com/media/native/tournaments/fcwc/2025/M43%20INT%20V%20RIV%20POST%20MATCH%20REPORT.pdf,32,Federico DIMARCO,17.0,15.0,88.0,0.0,9.0,2.0,3.0,2.0,67.0,0.0,0.0,0.0,1.0,0.0,42,3.0,1.0,0.0,1.0,1.0,6.0,0.0,0.0,0.0,2.0,2.0,12.0,5.0,2.0,2.0,47,7053.5,2452.8,2416.9,1036.3,744.7,402.7,90.0,57.0,33.2,50
fcinternazionalemilano:36,fcinternazionalemilano,FC Internazionale Milano,43,2025-06-25,https://www.fifatrainingcentre.com/media/native/tournaments/fcwc/2025/M43%20INT%20V%20RIV%20POST%20MATCH%20REPORT.pdf,36,Matteo DARMIAN,35.0,28.0,80.0,1.0,0.0,0.0,13.0,10.0,77.0,0.0,0.0,0.0,0.0,0.0,42,8.0,3.0,5.0,2.0,10.0,5.0,1.0,0.0,2.0,7.0,3.0,13.0,5.0,11.0,6.0,47,8623.3,3478.3,3231.8,1350.1,425.4,137.8,124.0,38.0,31.3,50
fcinternazionalemilano:94,fcinternazionalemilano,FC Internazionale Milano,43,2025-06-25,https://www.fifatrainingcentre.com/media/native/tournaments/fcwc/2025/M43%20INT%20V%20RIV%20POST%20MATCH%20REPORT.pdf,94,Francesco ESPOSITO,20.0,18.0,90.0,0.0,0.0,0.0,4.0,3.0,75.0,1.0,1.0,0.0,4.0,1.0,42,1.0,1.0,0.0,0.0,1.0,17.0,3.0,0.0,3.0,1.0,1.0,9.0,6.0,1.0,1.0,47,9424.6,3044.7,3925.4,1495.3,769.2,190.0,138.0,55.0,28.7,50
fcinternazionalemilano:95,fcinternazionalemilano,FC Internazionale Milano,43,2025-06-25,https://www.fifatrainingcentre.com/media/native/tournaments/fcwc/2025/M43%20INT%20V%20RIV%20POST%20MATCH%20REPORT.pdf,95,Alessandro BASTONI,44.0,33.0,75.0,2.0,2.0,0.0,14.0,7.0,50.0,3.0,1.0,2.0,1.0,1.0,42,5.0,1.0,4.0,0.0,9.0,8.0,1.0,0.0,2.0,2.0,8.0,21.0,7.0,5.0,6.0,47,9889.7,4063.3,3615.9,1340.1,518.8,351.6,110.0,45.0,32.0,50
fcinternazionalemilano:6,fcinternazionalemilano,FC Internazionale Milano,43,2025-06-25,https://www.fifatrainingcentre.com/media/native/tournaments/fcwc/2025/M43%20INT%20V%20RIV%20POST%20MATCH%20REPORT.pdf,6,Stefan DE VRIJ,11.0,9.0,82.0,0.0,0.0,0.0,2.0,1.0,50.0,0.0,0.0,0.0,0.0,0.0,42,2.0,0.0,1.0,1.0,2.0,0.0,1.0,0.0,2.0,0.0,0.0,2.0,2.0,2.0,0.0,47,1344.1,460.5,638.3,196.6,48.6,0.0,17.0,3.0,23.8,50
fcinternazionalemilano:8,fcinternazionalemilano,FC Internazionale Milano,43,2025-06-25,https://www.fifatrainingcentre.com/media/native/tournaments/fcwc/2025/M43%20INT%20V%20RIV%20POST%20MATCH%20REPORT.pdf,8,Petar SUCIC,17.0,16.0,94.0,0.0,1.0,0.0,7.0,6.0,86.0,2.0,0.0,2.0,0.0,0.0,42,3.0,1.0,0.0,0.0,2.0,10.0,0.0,0.0,0.0,0.0,3.0,8.0,4.0,1.0,0.0,47,3863.7,1135.5,1589.0,707.8,357.7,73.7,68.0,23.0,27.5,50
fcinternazionalemilano:30,fcinternazionalemilano,FC Internazionale Milano,43,2025-06-25,https://www.fifatrainingcentre.com/media/native/tournaments/fcwc/2025/M43%20INT%20V%20RIV%20POST%20MATCH%20REPORT.pdf,30,CARLOS AUGUSTO,11.0,11.0,100.0,0.0,2.0,1.0,1.0,1.0,100.0,0.0,0.0,0.0,0.0,0.0,42,1.0,0.0,1.0,1.0,1.0,3.0,1.0,0.0,1.0,0.0,1.0,1.0,1.0,1.0,1.0,47,3281.1,1479.8,1107.0,381.4,264.9,48.0,37.0,16.0,29.7,50
fcinternazionalemilano:45,fcinternazionalemilano,FC Internazionale Milano,43,2025-06-25,https://www.fifatrainingcentre.com/media/native/tournaments/fcwc/2025/M43%20INT%20V%20RIV%20POST%20MATCH%20REPORT.pdf,45,Valentin CARBONI,6.0,6.0,100.0,0.0,0.0,0.0,0.0,0.0,0.0,1.0,1.0,0.0,0.0,0.0,42,3.0,1.0,0.0,0.0,3.0,9.0,0.0,0.0,0.0,0.0,2.0,4.0,3.0,1.0,0.0,47,2688.9,791.2,1199.6,499.6,157.2,41.2,39.0,12.0,26.4,50
fcinternazionalemilano:70,fcinternazionalemilano,FC Internazionale Milano,43,2025-06-25,https://www.fifatrainingcentre.com/media/native/tournaments/fcwc/2025/M43%20INT%20V%20RIV%20POST%20MATCH%20REPORT.pdf,70,Sebastiano ESPOSITO,5.0,4.0,80.0,0.0,0.0,0.0,0.0,0.0,0.0,1.0,1.0,0.0,0.0,0.0,42,1.0,1.0,0.0,0.0,2.0,8.0,0.0,0.0,0.0,0.0,2.0,2.0,2.0,2.0,0.0,47,1670.3,411.0,732.6,332.4,182.2,12.2,32.0,16.0,26.4,50
cariverplate:1,cariverplate,CA River Plate,43,2025-06-25,https://www.fifatrainingcentre.com/media/native/tournaments/fcwc/2025/M43%20INT%20V%20RIV%20POST%20MATCH%20REPORT.pdf,1,Franco ARMANI,31.0,24.0,77.0,0.0,0.0,0.0,21.0,15.0,71.0,0.0,0.0,0.0,0.0,0.0,44,0.0,0.0,0.0,0.0,0.0,0.0,0.0,0.0,0.0,0.0,2.0,0.0,0.0,5.0,0.0,48,5221.1,4258.0,922.8,38.9,1.5,0.0,3.0,0.0,20.3,51
cariverplate:4,cariverplate,CA River Plate,43,2025-06-25,https://www.fifatrainingcentre.com/media/native/tournaments/fcwc/2025/M43%20INT%20V%20RIV%20POST%20MATCH%20REPORT.pdf,4,Gonzalo MONTIEL,35.0,31.0,89.0,0.0,1.0,0.0,9.0,7.0,78.0,0.0,0.0,0.0,1.0,0.0,44,2.0,0.0,2.0,0.0,1.0,6.0,1.0,0.0,1.0,3.0,7.0,10.0,3.0,3.0,1.0,48,10962.0,3596.7,3998.8,1805.6,1137.2,423.6,152.0,89.0,33.6,51
cariverplate:5,cariverplate,CA River Plate,43,2025-06-25,https://www.fifatrainingcentre.com/media/native/tournaments/fcwc/2025/M43%20INT%20V%20RIV%20POST%20MATCH%20REPORT.pdf,5,Matias KRANEVITTER,19.0,11.0,58.0,1.0,1.0,0.0,9.0,3.0,33.0,1.0,1.0,0.0,0.0,0.0,44,6.0,2.0,0.0,1.0,6.0,14.0,0.0,0.0,0.0,2.0,8.0,13.0,5.0,3.0,3.0,48,7077.3,2549.1,2552.0,1201.6,606.2,168.5,106.0,43.0,29.9,51
cariverplate:8,cariverplate,CA River Plate,43,2025-06-25,https://www.fifatrainingcentre.com/media/native/tournaments/fcwc/2025/M43%20INT%20V%20RIV%20POST%20MATCH%20REPORT.pdf,8,Maximiliano MEZA,11.0,9.0,82.0,0.0,2.0,0.0,4.0,1.0,25.0,2.0,1.0,1.0,1.0,0.0,44,2.0,1.0,0.0,0.0,3.0,24.0,0.0,0.0,0.0,0.0,8.0,18.0,12.0,1.0,0.0,48,6862.5,2162.6,2841.1,1163.5,535.3,160.0,100.0,39.0,30.7,51
cariverplate:9,cariverplate,CA River Plate,43,2025-06-25,https://www.fifatrainingcentre.com/media/native/tournaments/fcwc/2025/M43%20INT%20V%20RIV%20POST%20MATCH%20REPORT.pdf,9,Miguel BORJA,15.0,11.0,73.0,1.0,0.0,0.0,2.0,1.0,50.0,0.0,0.0,0.0,1.0,0.0,44,3.0,2.0,2.0,0.0,2.0,23.0,3.0,0.0,3.0,0.0,4.0,12.0,5.0,3.0,1.0,48,9224.5,3554.9,3754.9,1048.8,566.2,299.7,97.0,54.0,31.8,51
cariverplate:11,cariverplate,CA River Plate,43,2025-06-25,https://www.fifatrainingcentre.com/media/native/tournaments/fcwc/2025/M43%20INT%20V%20RIV%20POST%20MATCH%20REPORT.pdf,11,Facundo COLIDIO,22.0,12.0,55.0,0.0,0.0,0.0,7.0,2.0,29.0,4.0,3.0,1.0,1.0,0.0,44,0.0,0.0,1.0,0.0,5.0,25.0,3.0,0.0,4.0,1.0,6.0,15.0,13.0,1.0,0.0,48,7167.8,2634.8,2648.5,1114.1,513.5,257.0,91.0,43.0,33.5,51
cariverplate:17,cariverplate,CA River Plate,43,2025-06-25,https://www.fifatrainingcentre.com/media/native/tournaments/fcwc/2025/M43%20INT%20V%20RIV%20POST%20MATCH%20REPORT.pdf,17,Paulo DIAZ,26.0,22.0,85.0,2.0,0.0,0.0,7.0,4.0,57.0,0.0,0.0,0.0,1.0,0.0,44,6.0,1.0,5.0,1.0,4.0,4.0,1.0,0.0,1.0,7.0,3.0,17.0,3.0,9.0,7.0,48,9602.4,3624.2,3853.0,1527.7,496.9,100.7,135.0,36.0,29.2,51
cariverplate:21,cariverplate,CA River Plate,43,2025-06-25,https://www.fifatrainingcentre.com/media/native/tournaments/fcwc/2025/M43%20INT%20V%20RIV%20POST%20MATCH%20REPORT.pdf,21,Marcos ACUNA,41.0,35.0,85.0,0.0,11.0,5.0,25.0,18.0,72.0,2.0,1.0,1.0,0.0,0.0,44,6.0,2.0,3.0,0.0,11.0,12.0,0.0,0.0,1.0,3.0,9.0,18.0,8.0,6.0,3.0,48,9639.1,3906.0,3414.6,1348.6,656.6,313.3,110.0,55.0,32.6,51
cariverplate:28,cariverplate,CA River Plate,43,2025-06-25,https://www.fifatrainingcentre.com/media/native/tournaments/fcwc/2025/M43%20INT%20V%20RIV%20POST%20MATCH%20REPORT.pdf,28,Lucas MARTINEZ QUARTA,26.0,24.0,92.0,1.0,0.0,0.0,12.0,10.0,83.0,0.0,0.0,0.0,0.0,0.0,44,2.0,1.0,5.0,1.0,7.0,3.0,0.0,0.0,1.0,6.0,6.0,5.0,3.0,3.0,7.0,48,7732.0,2623.4,3066.7,1407.7,537.1,97.1,111.0,37.0,29.5,51
cariverplate:29,cariverplate,CA River Plate,43,2025-06-25,https://www.fifatrainingcentre.com/media/native/tournaments/fcwc/2025/M43%20INT%20V%20RIV%20POST%20MATCH%20REPORT.pdf,29,Rodrigo ALIENDRO,25.0,16.0,64.0,1.0,0.0,0.0,8.0,4.0,50.0,3.0,2.0,1.0,1.0,0.0,44,5.0,1.0,5.0,0.0,5.0,16.0,0.0,0.0,1.0,0.0,14.0,18.0,6.0,4.0,3.0,48,7497.7,2383.0,2639.8,1485.9,711.4,277.6,124.0,56.0,30.1,51
cariverplate:30,cariverplate,CA River Plate,43,2025-06-25,https://www.fifatrainingcentre.com/media/native/tournaments/fcwc/2025/M43%20INT%20V%20RIV%20POST%20MATCH%20REPORT.pdf,30,Franco MASTANTUONO,23.0,18.0,78.0,0.0,4.0,1.0,10.0,6.0,60.0,7.0,4.0,3.0,4.0,0.0,44,3.0,0.0,0.0,0.0,6.0,25.0,1.0,0.0,1.0,0.0,6.0,11.0,8.0,0.0,2.0,48,9315.0,4300.8,2507.3,1320.9,731.4,454.5,117.0,66.0,32.9,51
cariverplate:6,cariverplate,CA River Plate,43,2025-06-25,https://www.fifatrainingcentre.com/media/native/tournaments/fcwc/2025/M43%20INT%20V%20RIV%20POST%20MATCH%20REPORT.pdf,6,German PEZZELLA,13.0,12.0,92.0,1.0,0.0,0.0,3.0,2.0,67.0,0.0,0.0,0.0,0.0,0.0,44,2.0,0.0,2.0,0.0,3.0,4.0,0.0,0.0,0.0,1.0,0.0,9.0,2.0,1.0,1.0,48,2885.1,1002.1,1216.3,441.4,181.7,43.6,38.0,13.0,28.4,51
cariverplate:10,cariverplate,CA River Plate,43,2025-06-25,https://www.fifatrainingcentre.com/media/native/tournaments/fcwc/2025/M43%20INT%20V%20RIV%20POST%20MATCH%20REPORT.pdf,10,Manuel LANZINI,9.0,9.0,100.0,0.0,1.0,1.0,2.0,2.0,100.0,1.0,1.0,0.0,0.0,0.0,44,2.0,0.0,2.0,0.0,3.0,23.0,0.0,0.0,0.0,0.0,2.0,20.0,12.0,0.0,2.0,48,3806.2,1091.5,1583.3,678.8,346.7,105.9,70.0,24.0,29.4,51
cariverplate:26,cariverplate,CA River Plate,43,2025-06-25,https://www.fifatrainingcentre.com/media/native/tournaments/fcwc/2025/M43%20INT%20V%20RIV%20POST%20MATCH%20REPORT.pdf,26,Ignacio FERNANDEZ,14.0,12.0,86.0,0.0,1.0,0.0,3.0,2.0,67.0,2.0,0.0,2.0,0.0,0.0,44,1.0,0.0,0.0,0.0,1.0,17.0,0.0,0.0,0.0,0.0,1.0,16.0,9.0,0.0,0.0,48,4827.3,1267.6,1853.8,998.4,574.7,132.8,93.0,43.0,30.5,51
cariverplate:35,cariverplate,CA River Plate,43,2025-06-25,https://www.fifatrainingcentre.com/media/native/tournaments/fcwc/2025/M43%20INT%20V%20RIV%20POST%20MATCH%20REPORT.pdf,35,Giorgio COSTANTINI,13.0,12.0,92.0,0.0,0.0,0.0,0.0,0.0,0.0,1.0,1.0,0.0,0.0,0.0,44,2.0,0.0,0.0,1.0,5.0,13.0,0.0,0.0,0.0,0.0,0.0,13.0,4.0,1.0,1.0,48,3794.5,1045.8,1515.7,814.3,305.2,113.4,75.0,20.0,29.2,51
urawareddiamonds:1,urawareddiamonds,Urawa Red Diamonds,44,2025-06-25,https://www.fifatrainingcentre.com/media/native/tournaments/fcwc/2025/M44%20URD%20V%20CFM%20POST%20MATCH%20REPORT.pdf,1,Shusaku NISHIKAWA,45.0,35.0,78.0,1.0,0.0,0.0,22.0,14.0,64.0,0.0,0.0,0.0,0.0,0.0,42,0.0,0.0,0.0,0.0,0.0,0.0,0.0,0.0,0.0,0.0,2.0,0.0,0.0,8.0,0.0,47,5471.8,4147.5,1206.6,100.5,17.2,0.0,9.0,2.0,22.5,50
urawareddiamonds:3,urawareddiamonds,Urawa Red Diamonds,44,2025-06-25,https://www.fifatrainingcentre.com/media/native/tournaments/fcwc/2025/M44%20URD%20V%20CFM%20POST%20MATCH%20REPORT.pdf,3,DANILO BOZA,47.0,42.0,89.0,0.0,0.0,0.0,18.0,16.0,89.0,1.0,0.0,1.0,1.0,0.0,42,2.0,0.0,2.0,2.0,4.0,3.0,2.0,0.0,2.0,5.0,5.0,4.0,1.0,5.0,4.0,47,10853.4,3988.9,4679.6,1314.0,590.8,280.1,109.0,41.0,32.2,50
urawareddiamonds:5,urawareddiamonds,Urawa Red Diamonds,44,2025-06-25,https://www.fifatrainingcentre.com/media/native/tournaments/fcwc/2025/M44%20URD%20V%20CFM%20POST%20MATCH%20REPORT.pdf,5,Marius HOIBRATEN,26.0,25.0,96.0,0.0,0.0,0.0,5.0,5.0,100.0,0.0,0.0,0.0,1.0,0.0,42,1.0,1.0,1.0,1.0,2.0,0.0,3.0,0.0,3.0,3.0,2.0,17.0,2.0,4.0,3.0,47,10480.0,3500.9,4972.6,1392.3,418.4,195.8,122.0,29.0,31.9,50
urawareddiamonds:8,urawareddiamonds,Urawa Red Diamonds,44,2025-06-25,https://www.fifatrainingcentre.com/media/native/tournaments/fcwc/2025/M44%20URD%20V%20CFM%20POST%20MATCH%20REPORT.pdf,8,MATHEUS SAVIO,30.0,27.0,90.0,2.0,10.0,2.0,8.0,6.0,75.0,4.0,4.0,0.0,2.0,0.0,42,2.0,1.0,2.0,0.0,7.0,24.0,0.0,0.0,1.0,1.0,4.0,28.0,18.0,2.0,1.0,47,8818.8,3011.0,3511.2,1421.7,671.5,203.3,123.0,52.0,32.1,50
urawareddiamonds:11,urawareddiamonds,Urawa Red Diamonds,44,2025-06-25,https://www.fifatrainingcentre.com/media/native/tournaments/fcwc/2025/M44%20URD%20V%20CFM%20POST%20MATCH%20REPORT.pdf,11,Samuel GUSTAFSON,28.0,24.0,86.0,0.0,0.0,0.0,8.0,6.0,75.0,0.0,0.0,0.0,0.0,0.0,42,5.0,3.0,1.0,0.0,3.0,7.0,0.0,0.0,0.0,0.0,3.0,7.0,5.0,5.0,0.0,47,5958.2,1557.7,2975.6,966.7,368.0,90.2,80.0,31.0,29.0,50
urawareddiamonds:13,urawareddiamonds,Urawa Red Diamonds,44,2025-06-25,https://www.fifatrainingcentre.com/media/native/tournaments/fcwc/2025/M44%20URD%20V%20CFM%20POST%20MATCH%20REPORT.pdf,13,Ryoma WATANABE,40.0,37.0,92.0,0.0,1.0,0.0,10.0,8.0,80.0,2.0,2.0,0.0,2.0,0.0,42,2.0,1.0,3.0,0.0,2.0,35.0,1.0,0.0,1.0,2.0,7.0,32.0,20.0,3.0,3.0,47,12527.5,3631.2,5270.3,2405.1,978.8,242.0,208.0,66.0,29.7,50
urawareddiamonds:14,urawareddiamonds,Urawa Red Diamonds,44,2025-06-25,https://www.fifatrainingcentre.com/media/native/tournaments/fcwc/2025/M44%20URD%20V%20CFM%20POST%20MATCH%20REPORT.pdf,14,Takahiro SEKINE,38.0,32.0,84.0,0.0,1.0,0.0,16.0,10.0,62.0,5.0,1.0,4.0,0.0,0.0,42,5.0,1.0,3.0,1.0,7.0,10.0,0.0,0.0,0.0,3.0,6.0,19.0,7.0,4.0,5.0,47,8150.0,2546.3,3496.3,1317.4,581.9,208.2,112.0,43.0,30.7,50
urawareddiamonds:24,urawareddiamonds,Urawa Red Diamonds,44,2025-06-25,https://www.fifatrainingcentre.com/media/native/tournaments/fcwc/2025/M44%20URD%20V%20CFM%20POST%20MATCH%20REPORT.pdf,24,Yusuke MATSUO,24.0,19.0,79.0,0.0,3.0,1.0,11.0,8.0,73.0,6.0,5.0,1.0,1.0,0.0,42,2.0,1.0,2.0,0.0,4.0,35.0,0.0,0.0,0.0,0.0,5.0,52.0,28.0,1.0,1.0,47,10895.6,4132.6,4352.7,1508.6,688.0,213.8,124.0,59.0,29.9,50
urawareddiamonds:25,urawareddiamonds,Urawa Red Diamonds,44,2025-06-25,https://www.fifatrainingcentre.com/media/native/tournaments/fcwc/2025/M44%20URD%20V%20CFM%20POST%20MATCH%20REPORT.pdf,25,Kaito YASUI,30.0,28.0,93.0,0.0,0.0,0.0,12.0,12.0,100.0,1.0,1.0,0.0,0.0,0.0,42,8.0,3.0,1.0,0.0,5.0,14.0,1.0,0.0,2.0,0.0,10.0,32.0,8.0,4.0,4.0,47,9628.0,3070.6,4294.0,1696.9,464.4,102.1,143.0,39.0,31.6,50
urawareddiamonds:77,urawareddiamonds,Urawa Red Diamonds,44,2025-06-25,https://www.fifatrainingcentre.com/media/native/tournaments/fcwc/2025/M44%20URD%20V%20CFM%20POST%20MATCH%20REPORT.pdf,77,Takuro KANEKO,14.0,11.0,79.0,0.0,1.0,0.0,2.0,0.0,0.0,2.0,2.0,0.0,1.0,0.0,42,0.0,0.0,1.0,0.0,0.0,11.0,0.0,0.0,0.0,0.0,4.0,16.0,9.0,1.0,0.0,47,5469.8,1733.9,2392.4,777.3,402.0,164.2,66.0,31.0,30.7,50
urawareddiamonds:88,urawareddiamonds,Urawa Red Diamonds,44,2025-06-25,https://www.fifatrainingcentre.com/media/native/tournaments/fcwc/2025/M44%20URD%20V%20CFM%20POST%20MATCH%20REPORT.pdf,88,Yoichi NAGANUMA,32.0,29.0,91.0,1.0,1.0,1.0,9.0,8.0,89.0,3.0,3.0,0.0,0.0,0.0,42,1.0,0.0,0.0,0.0,4.0,15.0,0.0,0.0,0.0,2.0,4.0,23.0,13.0,0.0,3.0,47,10757.9,3806.9,4080.8,1754.2,866.2,249.8,148.0,65.0,31.9,50
urawareddiamonds:6,urawareddiamonds,Urawa Red Diamonds,44,2025-06-25,https://www.fifatrainingcentre.com/media/native/tournaments/fcwc/2025/M44%20URD%20V%20CFM%20POST%20MATCH%20REPORT.pdf,6,Taishi MATSUMOTO,8.0,7.0,88.0,0.0,1.0,0.0,2.0,1.0,50.0,0.0,0.0,0.0,1.0,0.0,42,1.0,0.0,4.0,0.0,2.0,17.0,0.0,0.0,0.0,0.0,3.0,17.0,14.0,2.0,1.0,47,6851.8,1631.1,2971.4,1577.9,515.8,155.5,131.0,41.0,30.2,50
urawareddiamonds:12,urawareddiamonds,Urawa Red Diamonds,44,2025-06-25,https://www.fifatrainingcentre.com/media/native/tournaments/fcwc/2025/M44%20URD%20V%20CFM%20POST%20MATCH%20REPORT.pdf,12,THIAGO SANTANA,9.0,5.0,56.0,0.0,0.0,0.0,1.0,0.0,0.0,1.0,1.0,0.0,2.0,0.0,42,1.0,0.0,3.0,0.0,5.0,18.0,2.0,0.0,2.0,1.0,1.0,23.0,15.0,0.0,2.0,47,5645.2,2084.9,2162.0,824.0,380.6,193.7,70.0,29.0,31.6,50
urawareddiamonds:21,urawareddiamonds,Urawa Red Diamonds,44,2025-06-25,https://www.fifatrainingcentre.com/media/native/tournaments/fcwc/2025/M44%20URD%20V%20CFM%20POST%20MATCH%20REPORT.pdf,21,Tomoaki OKUBO,5.0,5.0,100.0,0.0,2.0,0.0,1.0,0.0,0.0,1.0,0.0,1.0,0.0,0.0,42,0.0,0.0,0.0,0.0,0.0,12.0,0.0,0.0,0.0,0.0,1.0,8.0,6.0,0.0,0.0,47,3273.5,792.8,1342.3,657.3,348.7,132.5,56.0,25.0,31.7,50
urawareddiamonds:26,urawareddiamonds,Urawa Red Diamonds,44,2025-06-25,https://www.fifatrainingcentre.com/media/native/tournaments/fcwc/2025/M44%20URD%20V%20CFM%20POST%20MATCH%20REPORT.pdf,26,Takuya OGIWARA,12.0,7.0,58.0,0.0,0.0,0.0,4.0,1.0,25.0,0.0,0.0,0.0,1.0,0.0,42,2.0,1.0,2.0,0.0,1.0,6.0,0.0,0.0,0.0,2.0,3.0,11.0,2.0,1.0,3.0,47,3074.8,1111.4,1139.5,482.3,219.7,121.9,39.0,18.0,32.3,50
urawareddiamonds:41,urawareddiamonds,Urawa Red Diamonds,44,2025-06-25,https://www.fifatrainingcentre.com/media/native/tournaments/fcwc/2025/M44%20URD%20V%20CFM%20POST%20MATCH%20REPORT.pdf,41,Rio NITTA,3.0,3.0,100.0,0.0,3.0,0.0,1.0,1.0,100.0,1.0,0.0,1.0,0.0,0.0,42,0.0,0.0,1.0,0.0,0.0,6.0,0.0,0.0,0.0,0.0,4.0,5.0,3.0,1.0,1.0,47,2175.8,570.0,817.1,381.0,217.7,190.0,29.0,19.0,33.5,50
cfmonterrey:1,cfmonterrey,CF Monterrey,44,2025-06-25,https://www.fifatrainingcentre.com/media/native/tournaments/fcwc/2025/M44%20URD%20V%20CFM%20POST%20MATCH%20REPORT.pdf,1,Esteban ANDRADA,45.0,43.0,96.0,0.0,0.0,0.0,6.0,6.0,100.0,0.0,0.0,0.0,0.0,0.0,44,0.0,0.0,0.0,0.0,0.0,0.0,0.0,0.0,0.0,1.0,1.0,0.0,0.0,5.0,0.0,48,5571.5,4417.9,1071.6,68.2,11.4,2.4,7.0,1.0,25.3,51
cfmonterrey:2,cfmonterrey,CF Monterrey,44,2025-06-25,https://www.fifatrainingcentre.com/media/native/tournaments/fcwc/2025/M44%20URD%20V%20CFM%20POST%20MATCH%20REPORT.pdf,2,Ricardo CHAVEZ,60.0,54.0,90.0,1.0,2.0,0.0,18.0,14.0,78.0,1.0,1.0,0.0,1.0,0.0,44,4.0,2.0,5.0,0.0,6.0,16.0,1.0,0.0,1.0,5.0,6.0,16.0,6.0,4.0,3.0,48,11212.9,3461.7,5154.2,1417.1,774.6,405.3,131.0,64.0,31.2,51
cfmonterrey:5,cfmonterrey,CF Monterrey,44,2025-06-25,https://www.fifatrainingcentre.com/media/native/tournaments/fcwc/2025/M44%20URD%20V%20CFM%20POST%20MATCH%20REPORT.pdf,5,Fidel AMBRIZ,67.0,62.0,93.0,1.0,0.0,0.0,10.0,9.0,90.0,0.0,0.0,0.0,0.0,0.0,44,6.0,2.0,3.0,1.0,9.0,4.0,3.0,0.0,3.0,3.0,4.0,5.0,4.0,5.0,5.0,48,10360.4,3002.3,5083.5,1570.9,606.2,97.4,139.0,50.0,27.6,51
cfmonterrey:6,cfmonterrey,CF Monterrey,44,2025-06-25,https://www.fifatrainingcentre.com/media/native/tournaments/fcwc/2025/M44%20URD%20V%20CFM%20POST%20MATCH%20REPORT.pdf,6,Nelson DEOSSA,52.0,46.0,88.0,1.0,1.0,0.0,12.0,10.0,83.0,3.0,2.0,1.0,4.0,1.0,44,5.0,2.0,4.0,0.0,5.0,33.0,1.0,0.0,1.0,0.0,9.0,25.0,11.0,3.0,1.0,48,11509.4,3823.6,4715.5,1727.2,885.3,357.9,148.0,70.0,34.2,51
cfmonterrey:7,cfmonterrey,CF Monterrey,44,2025-06-25,https://www.fifatrainingcentre.com/media/native/tournaments/fcwc/2025/M44%20URD%20V%20CFM%20POST%20MATCH%20REPORT.pdf,7,German BERTERAME,21.0,17.0,81.0,0.0,1.0,0.0,3.0,2.0,67.0,2.0,2.0,0.0,4.0,2.0,44,3.0,1.0,4.0,1.0,3.0,24.0,0.0,0.0,0.0,3.0,2.0,8.0,4.0,6.0,2.0,48,10543.4,3930.9,4097.3,1458.5,666.9,389.7,126.0,55.0,32.3,51
cfmonterrey:8,cfmonterrey,CF Monterrey,44,2025-06-25,https://www.fifatrainingcentre.com/media/native/tournaments/fcwc/2025/M44%20URD%20V%20CFM%20POST%20MATCH%20REPORT.pdf,8,Oliver TORRES,57.0,50.0,88.0,3.0,3.0,1.0,18.0,15.0,83.0,0.0,0.0,0.0,2.0,0.0,44,5.0,0.0,0.0,0.0,6.0,27.0,0.0,0.0,0.0,1.0,5.0,30.0,16.0,1.0,1.0,48,11932.4,3739.3,5194.2,2194.5,653.6,150.8,180.0,44.0,29.7,51
cfmonterrey:11,cfmonterrey,CF Monterrey,44,2025-06-25,https://www.fifatrainingcentre.com/media/native/tournaments/fcwc/2025/M44%20URD%20V%20CFM%20POST%20MATCH%20REPORT.pdf,11,Alfonso ALVARADO,7.0,3.0,43.0,0.0,1.0,0.0,2.0,1.0,50.0,0.0,0.0,0.0,2.0,0.0,44,0.0,0.0,1.0,0.0,4.0,34.0,0.0,0.0,0.0,0.0,5.0,38.0,29.0,0.0,0.0,48,7970.1,2904.5,3282.1,1037.6,579.7,166.2,101.0,43.0,31.4,51
cfmonterrey:17,cfmonterrey,CF Monterrey,44,2025-06-25,https://www.fifatrainingcentre.com/media/native/tournaments/fcwc/2025/M44%20URD%20V%20CFM%20POST%20MATCH%20REPORT.pdf,17,Jesus CORONA,27.0,23.0,85.0,0.0,2.0,1.0,3.0,2.0,67.0,8.0,6.0,2.0,2.0,1.0,44,2.0,1.0,2.0,1.0,2.0,14.0,0.0,0.0,0.0,0.0,5.0,16.0,9.0,2.0,3.0,48,7555.7,2535.9,3430.4,973.0,407.7,208.8,95.0,38.0,31.2,51
cfmonterrey:21,cfmonterrey,CF Monterrey,44,2025-06-25,https://www.fifatrainingcentre.com/media/native/tournaments/fcwc/2025/M44%20URD%20V%20CFM%20POST%20MATCH%20REPORT.pdf,21,Luis REYES,39.0,32.0,82.0,0.0,1.0,0.0,11.0,7.0,64.0,1.0,1.0,0.0,0.0,0.0,44,1.0,0.0,1.0,1.0,0.0,6.0,0.0,0.0,0.0,5.0,4.0,11.0,4.0,1.0,6.0,48,7553.9,2467.6,3331.2,1117.1,541.1,96.9,102.0,32.0,31.4,51
cfmonterrey:33,cfmonterrey,CF Monterrey,44,2025-06-25,https://www.fifatrainingcentre.com/media/native/tournaments/fcwc/2025/M44%20URD%20V%20CFM%20POST%20MATCH%20REPORT.pdf,33,Stefan MEDINA,62.0,57.0,92.0,1.0,0.0,0.0,16.0,14.0,88.0,1.0,0.0,1.0,0.0,0.0,44,4.0,2.0,2.0,0.0,2.0,3.0,0.0,0.0,0.0,4.0,3.0,2.0,0.0,6.0,4.0,48,9035.4,3468.8,3831.8,1193.7,357.1,184.0,97.0,30.0,31.3,51
cfmonterrey:93,cfmonterrey,CF Monterrey,44,2025-06-25,https://www.fifatrainingcentre.com/media/native/tournaments/fcwc/2025/M44%20URD%20V%20CFM%20POST%20MATCH%20REPORT.pdf,93,Sergio RAMOS,105.0,102.0,97.0,8.0,0.0,0.0,29.0,28.0,97.0,1.0,0.0,1.0,0.0,0.0,44,2.0,2.0,3.0,2.0,2.0,3.0,3.0,0.0,3.0,1.0,7.0,7.0,2.0,8.0,2.0,48,10688.5,3900.0,4797.3,1363.8,554.4,73.1,130.0,36.0,27.5,51
cfmonterrey:3,cfmonterrey,CF Monterrey,44,2025-06-25,https://www.fifatrainingcentre.com/media/native/tournaments/fcwc/2025/M44%20URD%20V%20CFM%20POST%20MATCH%20REPORT.pdf,3,Gerardo ARTEAGA,17.0,16.0,94.0,0.0,0.0,0.0,3.0,3.0,100.0,0.0,0.0,0.0,0.0,0.0,44,0.0,0.0,1.0,0.0,0.0,5.0,0.0,0.0,0.0,0.0,3.0,4.0,3.0,0.0,0.0,48,3339.8,1319.3,1182.1,421.6,238.8,178.0,31.0,21.0,33.8,51
cfmonterrey:4,cfmonterrey,CF Monterrey,44,2025-06-25,https://www.fifatrainingcentre.com/media/native/tournaments/fcwc/2025/M44%20URD%20V%20CFM%20POST%20MATCH%20REPORT.pdf,4,Victor GUZMAN,6.0,5.0,83.0,0.0,0.0,0.0,3.0,2.0,67.0,0.0,0.0,0.0,0.0,0.0,44,0.0,0.0,0.0,0.0,0.0,0.0,0.0,0.0,0.0,1.0,1.0,0.0,0.0,0.0,1.0,48,1068.6,405.7,508.7,86.7,37.3,30.2,8.0,2.0,27.1,51
cfmonterrey:19,cfmonterrey,CF Monterrey,44,2025-06-25,https://www.fifatrainingcentre.com/media/native/tournaments/fcwc/2025/M44%20URD%20V%20CFM%20POST%20MATCH%20REPORT.pdf,19,Jordi CORTIZO,7.0,6.0,86.0,0.0,2.0,1.0,3.0,2.0,67.0,2.0,1.0,1.0,0.0,0.0,44,0.0,0.0,0.0,0.0,0.0,0.0,0.0,0.0,0.0,1.0,3.0,0.0,0.0,0.0,1.0,48,1653.5,451.9,594.7,365.2,219.8,22.0,27.0,14.0,28.4,51
cfmonterrey:31,cfmonterrey,CF Monterrey,44,2025-06-25,https://www.fifatrainingcentre.com/media/native/tournaments/fcwc/2025/M44%20URD%20V%20CFM%20POST%20MATCH%20REPORT.pdf,31,Roberto DE LA ROSA,3.0,2.0,67.0,0.0,1.0,0.0,1.0,0.0,0.0,0.0,0.0,0.0,1.0,0.0,44,0.0,0.0,0.0,0.0,0.0,4.0,2.0,0.0,2.0,0.0,0.0,9.0,4.0,1.0,0.0,48,3237.2,1081.1,1384.9,466.0,239.9,65.4,38.0,19.0,28.0,51
cfmonterrey:37,cfmonterrey,CF Monterrey,44,2025-06-25,https://www.fifatrainingcentre.com/media/native/tournaments/fcwc/2025/M44%20URD%20V%20CFM%20POST%20MATCH%20REPORT.pdf,37,Iker FIMBRES,26.0,26.0,100.0,0.0,1.0,0.0,4.0,3.0,75.0,0.0,0.0,0.0,1.0,0.0,44,1.0,1.0,0.0,0.0,2.0,6.0,0.0,0.0,0.0,1.0,2.0,2.0,2.0,1.0,1.0,48,3954.8,1045.3,1782.1,831.4,232.7,63.3,68.0,19.0,28.4,51
juventusfc:29,juventusfc,Juventus FC,45,2025-06-26,https://www.fifatrainingcentre.com/media/native/tournaments/fcwc/2025/M45%20JUV%20V%20MCI%20POST%20MATCH%20REPORT.pdf,29,Michele DI GREGORIO,21.0,15.0,71.0,0.0,0.0,0.0,7.0,2.0,29.0,0.0,0.0,0.0,0.0,0.0,43,0.0,0.0,0.0,0.0,0.0,0.0,0.0,0.0,0.0,2.0,2.0,0.0,0.0,4.0,2.0,48,4537.2,3694.4,707.6,76.6,45.7,12.8,6.0,2.0,28.2,51
juventusfc:2,juventusfc,Juventus FC,45,2025-06-26,https://www.fifatrainingcentre.com/media/native/tournaments/fcwc/2025/M45%20JUV%20V%20MCI%20POST%20MATCH%20REPORT.pdf,2,ALBERTO COSTA,11.0,10.0,91.0,0.0,1.0,1.0,2.0,2.0,100.0,0.0,0.0,0.0,0.0,0.0,43,6.0,0.0,0.0,0.0,8.0,28.0,0.0,0.0,0.0,0.0,3.0,28.0,20.0,0.0,2.0,48,6440.0,2352.0,2589.3,891.1,429.5,178.1,48.0,9.0,33.8,51
juventusfc:5,juventusfc,Juventus FC,45,2025-06-26,https://www.fifatrainingcentre.com/media/native/tournaments/fcwc/2025/M45%20JUV%20V%20MCI%20POST%20MATCH%20REPORT.pdf,5,Manuel LOCATELLI,30.0,24.0,80.0,3.0,0.0,0.0,13.0,11.0,85.0,1.0,1.0,0.0,0.0,0.0,43,2.0,0.0,0.0,1.0,5.0,22.0,0.0,0.0,0.0,5.0,2.0,13.0,3.0,1.0,1.0,48,7122.5,2127.0,3607.4,1153.8,221.9,12.5,17.0,0.0,26.4,51
juventusfc:6,juventusfc,Juventus FC,45,2025-06-26,https://www.fifatrainingcentre.com/media/native/tournaments/fcwc/2025/M45%20JUV%20V%20MCI%20POST%20MATCH%20REPORT.pdf,6,Lloyd KELLY,33.0,26.0,79.0,0.0,0.0,0.0,11.0,5.0,45.0,0.0,0.0,0.0,0.0,0.0,43,1.0,1.0,4.0,0.0,5.0,17.0,0.0,0.0,0.0,5.0,5.0,29.0,16.0,3.0,3.0,48,9355.0,3917.4,3622.8,1190.3,479.1,145.5,58.0,10.0,32.0,51
juventusfc:8,juventusfc,Juventus FC,45,2025-06-26,https://www.fifatrainingcentre.com/media/native/tournaments/fcwc/2025/M45%20JUV%20V%20MCI%20POST%20MATCH%20REPORT.pdf,8,Teun KOOPMEINERS,13.0,10.0,77.0,0.0,1.0,1.0,2.0,2.0,100.0,1.0,0.0,1.0,1.0,1.0,43,0.0,0.0,4.0,0.0,2.0,36.0,0.0,0.0,0.0,1.0,3.0,20.0,12.0,1.0,4.0,48,7296.6,2101.7,3371.7,1330.1,415.8,77.4,38.0,6.0,27.9,51
juventusfc:9,juventusfc,Juventus FC,45,2025-06-26,https://www.fifatrainingcentre.com/media/native/tournaments/fcwc/2025/M45%20JUV%20V%20MCI%20POST%20MATCH%20REPORT.pdf,9,Dusan VLAHOVIC,14.0,11.0,79.0,1.0,0.0,0.0,0.0,0.0,0.0,3.0,3.0,0.0,2.0,1.0,43,2.0,0.0,0.0,0.0,2.0,39.0,1.0,0.0,1.0,0.0,4.0,22.0,16.0,1.0,0.0,48,9905.8,3763.0,4424.9,1090.7,409.9,217.3,52.0,15.0,32.0,51
juventusfc:11,juventusfc,Juventus FC,45,2025-06-26,https://www.fifatrainingcentre.com/media/native/tournaments/fcwc/2025/M45%20JUV%20V%20MCI%20POST%20MATCH%20REPORT.pdf,11,Nico GONZALEZ,11.0,10.0,91.0,0.0,0.0,0.0,4.0,4.0,100.0,3.0,2.0,1.0,0.0,0.0,43,5.0,1.0,4.0,0.0,10.0,44.0,0.0,0.0,0.0,0.0,2.0,34.0,23.0,4.0,4.0,48,10366.7,3663.6,4684.0,1351.6,427.8,239.7,53.0,11.0,33.2,51
juventusfc:15,juventusfc,Juventus FC,45,2025-06-26,https://www.fifatrainingcentre.com/media/native/tournaments/fcwc/2025/M45%20JUV%20V%20MCI%20POST%20MATCH%20REPORT.pdf,15,Pierre KALULU,28.0,23.0,82.0,0.0,0.0,0.0,11.0,8.0,73.0,1.0,0.0,1.0,0.0,0.0,43,7.0,2.0,2.0,0.0,6.0,14.0,1.0,0.0,1.0,2.0,5.0,15.0,6.0,3.0,4.0,48,9728.5,3798.5,3924.5,1215.4,668.1,122.0,65.0,12.0,29.8,51
juventusfc:16,juventusfc,Juventus FC,45,2025-06-26,https://www.fifatrainingcentre.com/media/native/tournaments/fcwc/2025/M45%20JUV%20V%20MCI%20POST%20MATCH%20REPORT.pdf,16,Weston McKENNIE,17.0,12.0,71.0,0.0,0.0,0.0,2.0,1.0,50.0,0.0,0.0,0.0,0.0,0.0,43,2.0,1.0,6.0,1.0,1.0,32.0,0.0,0.0,0.0,1.0,6.0,11.0,7.0,4.0,4.0,48,9567.2,3313.5,4380.4,1472.6,344.9,55.8,33.0,6.0,28.4,51
juventusfc:18,juventusfc,Juventus FC,45,2025-06-26,https://www.fifatrainingcentre.com/media/native/tournaments/fcwc/2025/M45%20JUV%20V%20MCI%20POST%20MATCH%20REPORT.pdf,18,Filip KOSTIC,25.0,18.0,72.0,0.0,2.0,0.0,7.0,4.0,57.0,1.0,1.0,0.0,0.0,0.0,43,8.0,3.0,3.0,0.0,12.0,37.0,0.0,0.0,0.0,1.0,2.0,39.0,24.0,5.0,4.0,48,10040.4,3977.3,3634.8,1307.0,962.7,158.5,79.0,14.0,31.8,51
juventusfc:37,juventusfc,Juventus FC,45,2025-06-26,https://www.fifatrainingcentre.com/media/native/tournaments/fcwc/2025/M45%20JUV%20V%20MCI%20POST%20MATCH%20REPORT.pdf,37,Nicolo SAVONA,20.0,16.0,80.0,0.0,0.0,0.0,5.0,4.0,80.0,0.0,0.0,0.0,0.0,0.0,43,3.0,1.0,4.0,0.0,4.0,7.0,0.0,0.0,0.0,2.0,2.0,10.0,4.0,4.0,2.0,48,6471.7,2530.6,2569.0,838.9,404.5,128.8,47.0,12.0,31.8,51
juventusfc:4,juventusfc,Juventus FC,45,2025-06-26,https://www.fifatrainingcentre.com/media/native/tournaments/fcwc/2025/M45%20JUV%20V%20MCI%20POST%20MATCH%20REPORT.pdf,4,Federico GATTI,10.0,10.0,100.0,0.0,0.0,0.0,0.0,0.0,0.0,0.0,0.0,0.0,0.0,0.0,43,0.0,0.0,1.0,1.0,1.0,2.0,0.0,0.0,0.0,0.0,0.0,3.0,1.0,1.0,0.0,48,3135.8,1381.9,1335.8,331.9,72.5,13.8,10.0,2.0,27.1,51
juventusfc:10,juventusfc,Juventus FC,45,2025-06-26,https://www.fifatrainingcentre.com/media/native/tournaments/fcwc/2025/M45%20JUV%20V%20MCI%20POST%20MATCH%20REPORT.pdf,10,Kenan YILDIZ,6.0,5.0,83.0,0.0,0.0,0.0,2.0,2.0,100.0,1.0,1.0,0.0,2.0,0.0,43,1.0,0.0,1.0,0.0,4.0,16.0,0.0,0.0,0.0,0.0,1.0,13.0,7.0,2.0,0.0,48,3607.5,1283.4,1561.3,516.9,198.2,47.6,27.0,4.0,30.4,51
juventusfc:17,juventusfc,Juventus FC,45,2025-06-26,https://www.fifatrainingcentre.com/media/native/tournaments/fcwc/2025/M45%20JUV%20V%20MCI%20POST%20MATCH%20REPORT.pdf,17,Vasilije ADZIC,3.0,1.0,33.0,0.0,0.0,0.0,2.0,0.0,0.0,0.0,0.0,0.0,0.0,0.0,43,0.0,0.0,0.0,0.0,1.0,4.0,0.0,0.0,1.0,0.0,1.0,1.0,1.0,1.0,0.0,48,1554.3,280.9,862.9,298.5,93.2,18.8,8.0,1.0,27.7,51
juventusfc:19,juventusfc,Juventus FC,45,2025-06-26,https://www.fifatrainingcentre.com/media/native/tournaments/fcwc/2025/M45%20JUV%20V%20MCI%20POST%20MATCH%20REPORT.pdf,19,Khephren THURAM,16.0,13.0,81.0,1.0,0.0,0.0,3.0,1.0,33.0,1.0,0.0,1.0,0.0,0.0,43,2.0,0.0,0.0,0.0,2.0,12.0,1.0,0.0,1.0,1.0,4.0,5.0,2.0,0.0,1.0,48,3951.0,1176.2,1732.0,876.6,143.5,22.7,16.0,2.0,26.6,51
juventusfc:27,juventusfc,Juventus FC,45,2025-06-26,https://www.fifatrainingcentre.com/media/native/tournaments/fcwc/2025/M45%20JUV%20V%20MCI%20POST%20MATCH%20REPORT.pdf,27,Andrea CAMBIASO,11.0,11.0,100.0,0.0,0.0,0.0,1.0,1.0,100.0,1.0,0.0,1.0,0.0,0.0,43,1.0,0.0,0.0,0.0,1.0,8.0,0.0,0.0,0.0,0.0,1.0,8.0,4.0,0.0,0.0,48,3647.6,1351.0,1529.0,499.4,243.3,24.9,19.0,1.0,30.6,51
manchestercity:31,manchestercity,Manchester City,45,2025-06-26,https://www.fifatrainingcentre.com/media/native/tournaments/fcwc/2025/M45%20JUV%20V%20MCI%20POST%20MATCH%20REPORT.pdf,31,EDERSON,29.0,25.0,86.0,0.0,0.0,0.0,9.0,9.0,100.0,0.0,0.0,0.0,0.0,0.0,45,0.0,0.0,0.0,0.0,0.0,0.0,0.0,0.0,0.0,1.0,1.0,0.0,0.0,2.0,0.0,49,4028.4,3422.3,582.3,20.1,3.7,0.0,1.0,0.0,21.0,52
manchestercity:3,manchestercity,Manchester City,45,2025-06-26,https://www.fifatrainingcentre.com/media/native/tournaments/fcwc/2025/M45%20JUV%20V%20MCI%20POST%20MATCH%20REPORT.pdf,3,RUBEN DIAS,106.0,98.0,92.0,0.0,0.0,0.0,18.0,12.0,67.0,2.0,0.0,2.0,0.0,0.0,45,4.0,2.0,1.0,0.0,6.0,0.0,0.0,0.0,0.0,1.0,10.0,2.0,1.0,3.0,2.0,49,10557.6,4097.5,4663.6,1310.9,390.3,95.3,43.0,9.0,31.9,52
manchestercity:4,manchestercity,Manchester City,45,2025-06-26,https://www.fifatrainingcentre.com/media/native/tournaments/fcwc/2025/M45%20JUV%20V%20MCI%20POST%20MATCH%20REPORT.pdf,4,Tijjani REIJNDERS,88.0,84.0,95.0,1.0,0.0,0.0,20.0,17.0,85.0,2.0,1.0,1.0,4.0,0.0,45,3.0,0.0,1.0,0.0,0.0,7.0,0.0,0.0,0.0,0.0,5.0,12.0,2.0,1.0,1.0,49,11226.5,3399.9,4937.0,2030.7,708.4,150.4,72.0,14.0,31.3,52
manchestercity:7,manchestercity,Manchester City,45,2025-06-26,https://www.fifatrainingcentre.com/media/native/tournaments/fcwc/2025/M45%20JUV%20V%20MCI%20POST%20MATCH%20REPORT.pdf,7,OMAR MARMOUSH,11.0,11.0,100.0,0.0,4.0,1.0,2.0,1.0,50.0,0.0,0.0,0.0,3.0,0.0,45,0.0,0.0,0.0,2.0,1.0,14.0,2.0,0.0,2.0,0.0,1.0,7.0,4.0,2.0,0.0,49,5064.8,2095.6,1735.6,736.9,267.5,229.2,45.0,14.0,32.7,52
manchestercity:11,manchestercity,Manchester City,45,2025-06-26,https://www.fifatrainingcentre.com/media/native/tournaments/fcwc/2025/M45%20JUV%20V%20MCI%20POST%20MATCH%20REPORT.pdf,11,Jeremy DOKU,30.0,28.0,93.0,0.0,1.0,0.0,8.0,8.0,100.0,9.0,5.0,4.0,3.0,1.0,45,2.0,1.0,0.0,0.0,3.0,8.0,0.0,0.0,0.0,0.0,6.0,5.0,5.0,1.0,1.0,49,7358.5,2890.2,2833.2,1040.2,472.8,122.1,50.0,12.0,29.4,52
manchestercity:16,manchestercity,Manchester City,45,2025-06-26,https://www.fifatrainingcentre.com/media/native/tournaments/fcwc/2025/M45%20JUV%20V%20MCI%20POST%20MATCH%20REPORT.pdf,16,RODRI,72.0,66.0,92.0,0.0,0.0,0.0,11.0,11.0,100.0,1.0,0.0,1.0,1.0,0.0,45,3.0,0.0,1.0,1.0,5.0,3.0,0.0,0.0,0.0,0.0,8.0,3.0,1.0,2.0,1.0,49,7997.5,2608.6,3791.0,1159.9,344.3,93.7,33.0,5.0,39.6,52
manchestercity:20,manchestercity,Manchester City,45,2025-06-26,https://www.fifatrainingcentre.com/media/native/tournaments/fcwc/2025/M45%20JUV%20V%20MCI%20POST%20MATCH%20REPORT.pdf,20,BERNARDO SILVA,61.0,56.0,92.0,1.0,1.0,0.0,11.0,9.0,82.0,2.0,0.0,2.0,3.0,0.0,45,3.0,0.0,2.0,0.0,3.0,22.0,0.0,0.0,0.0,0.0,3.0,23.0,11.0,1.0,1.0,49,9472.9,2849.1,4486.7,1527.8,521.5,87.8,47.0,5.0,28.2,52
manchestercity:21,manchestercity,Manchester City,45,2025-06-26,https://www.fifatrainingcentre.com/media/native/tournaments/fcwc/2025/M45%20JUV%20V%20MCI%20POST%20MATCH%20REPORT.pdf,21,Rayan AITNOURI,56.0,56.0,100.0,0.0,2.0,2.0,5.0,5.0,100.0,3.0,1.0,2.0,1.0,0.0,45,1.0,1.0,1.0,1.0,1.0,7.0,1.0,0.0,2.0,0.0,2.0,6.0,4.0,4.0,0.0,49,8472.3,2967.4,4207.0,769.3,317.5,211.1,50.0,12.0,31.8,52
manchestercity:25,manchestercity,Manchester City,45,2025-06-26,https://www.fifatrainingcentre.com/media/native/tournaments/fcwc/2025/M45%20JUV%20V%20MCI%20POST%20MATCH%20REPORT.pdf,25,Manuel AKANJI,97.0,93.0,96.0,0.0,0.0,0.0,14.0,11.0,79.0,1.0,0.0,1.0,1.0,0.0,45,0.0,0.0,0.0,1.0,0.0,2.0,4.0,0.0,4.0,1.0,4.0,2.0,1.0,3.0,0.0,49,9197.1,3858.5,3674.8,1182.7,387.8,93.3,45.0,8.0,30.9,52
manchestercity:26,manchestercity,Manchester City,45,2025-06-26,https://www.fifatrainingcentre.com/media/native/tournaments/fcwc/2025/M45%20JUV%20V%20MCI%20POST%20MATCH%20REPORT.pdf,26,SAVINHO,41.0,38.0,93.0,0.0,3.0,1.0,4.0,4.0,100.0,2.0,1.0,1.0,3.0,1.0,45,1.0,1.0,2.0,0.0,4.0,27.0,0.0,0.0,0.0,0.0,5.0,25.0,18.0,1.0,1.0,49,10489.0,3905.9,3659.6,1615.5,921.4,386.6,98.0,21.0,33.1,52
manchestercity:27,manchestercity,Manchester City,45,2025-06-26,https://www.fifatrainingcentre.com/media/native/tournaments/fcwc/2025/M45%20JUV%20V%20MCI%20POST%20MATCH%20REPORT.pdf,27,MATHEUS NUNES,92.0,88.0,96.0,0.0,2.0,1.0,20.0,17.0,85.0,2.0,1.0,1.0,0.0,0.0,45,3.0,0.0,6.0,2.0,10.0,10.0,0.0,0.0,0.0,0.0,9.0,20.0,9.0,3.0,2.0,49,10048.1,3873.2,4031.9,1183.9,598.4,360.8,78.0,21.0,32.0,52
manchestercity:9,manchestercity,Manchester City,45,2025-06-26,https://www.fifatrainingcentre.com/media/native/tournaments/fcwc/2025/M45%20JUV%20V%20MCI%20POST%20MATCH%20REPORT.pdf,9,Erling HAALAND,8.0,7.0,88.0,0.0,0.0,0.0,1.0,1.0,100.0,1.0,1.0,0.0,3.0,1.0,45,0.0,0.0,1.0,0.0,0.0,17.0,0.0,0.0,0.0,0.0,3.0,10.0,5.0,0.0,1.0,49,4838.1,1978.9,1772.4,642.8,272.0,172.0,40.0,12.0,30.9,52
manchestercity:19,manchestercity,Manchester City,45,2025-06-26,https://www.fifatrainingcentre.com/media/native/tournaments/fcwc/2025/M45%20JUV%20V%20MCI%20POST%20MATCH%20REPORT.pdf,19,Ilkay GUENDOGAN,31.0,31.0,100.0,0.0,3.0,0.0,1.0,1.0,100.0,0.0,0.0,0.0,0.0,0.0,45,0.0,0.0,1.0,0.0,0.0,3.0,0.0,0.0,0.0,0.0,1.0,3.0,1.0,0.0,0.0,49,3179.8,936.3,1544.8,557.0,133.1,8.6,17.0,1.0,26.4,52
manchestercity:29,manchestercity,Manchester City,45,2025-06-26,https://www.fifatrainingcentre.com/media/native/tournaments/fcwc/2025/M45%20JUV%20V%20MCI%20POST%20MATCH%20REPORT.pdf,29,Rayan CHERKI,23.0,22.0,96.0,0.0,1.0,0.0,4.0,3.0,75.0,2.0,2.0,0.0,1.0,0.0,45,0.0,0.0,0.0,0.0,0.0,9.0,0.0,0.0,0.0,0.0,1.0,7.0,3.0,0.0,0.0,49,2314.8,649.3,969.7,423.8,193.1,78.8,21.0,7.0,30.5,52
manchestercity:47,manchestercity,Manchester City,45,2025-06-26,https://www.fifatrainingcentre.com/media/native/tournaments/fcwc/2025/M45%20JUV%20V%20MCI%20POST%20MATCH%20REPORT.pdf,47,Phil FODEN,18.0,15.0,83.0,0.0,0.0,0.0,2.0,1.0,50.0,1.0,0.0,1.0,1.0,1.0,45,0.0,0.0,0.0,0.0,3.0,8.0,0.0,0.0,0.0,0.0,0.0,7.0,6.0,0.0,0.0,49,3325.2,1008.7,1459.5,528.6,255.8,72.5,37.0,10.0,28.9,52
manchestercity:75,manchestercity,Manchester City,45,2025-06-26,https://www.fifatrainingcentre.com/media/native/tournaments/fcwc/2025/M45%20JUV%20V%20MCI%20POST%20MATCH%20REPORT.pdf,75,Nico OREILLY,18.0,18.0,100.0,0.0,0.0,0.0,0.0,0.0,0.0,0.0,0.0,0.0,0.0,0.0,45,0.0,0.0,0.0,0.0,2.0,0.0,0.0,0.0,0.0,1.0,0.0,2.0,1.0,0.0,1.0,49,2168.6,704.5,985.2,279.4,147.2,52.2,18.0,4.0,28.6,52
wydadac:12,wydadac,Wydad AC,46,2025-06-26,https://www.fifatrainingcentre.com/media/native/tournaments/fcwc/2025/M46%20WAC%20V%20AIN%20POST%20MATCH%20REPORT.pdf,12,El Mehdi BENABID,44.0,38.0,86.0,0.0,0.0,0.0,12.0,8.0,67.0,0.0,0.0,0.0,0.0,0.0,43,0.0,0.0,0.0,0.0,0.0,0.0,0.0,0.0,0.0,0.0,6.0,0.0,0.0,6.0,0.0,48,5315.9,4254.7,927.2,114.8,19.2,0.0,13.0,2.0,24.1,51
wydadac:2,wydadac,Wydad AC,46,2025-06-26,https://www.fifatrainingcentre.com/media/native/tournaments/fcwc/2025/M46%20WAC%20V%20AIN%20POST%20MATCH%20REPORT.pdf,2,Mohamed MOUFID,36.0,30.0,83.0,0.0,5.0,0.0,13.0,8.0,62.0,1.0,1.0,0.0,0.0,0.0,43,2.0,0.0,3.0,1.0,4.0,15.0,1.0,0.0,1.0,1.0,0.0,13.0,10.0,4.0,0.0,48,9678.9,4501.1,3458.0,930.7,523.5,265.7,83.0,43.0,33.1,51
wydadac:4,wydadac,Wydad AC,46,2025-06-26,https://www.fifatrainingcentre.com/media/native/tournaments/fcwc/2025/M46%20WAC%20V%20AIN%20POST%20MATCH%20REPORT.pdf,4,Thembinkosi LORCH,32.0,29.0,91.0,0.0,1.0,1.0,9.0,9.0,100.0,2.0,1.0,1.0,1.0,0.0,43,1.0,0.0,1.0,0.0,1.0,19.0,0.0,0.0,0.0,0.0,9.0,21.0,10.0,1.0,0.0,48,9762.4,3809.0,3845.1,1280.9,580.5,246.9,105.0,55.0,31.3,51
wydadac:11,wydadac,Wydad AC,46,2025-06-26,https://www.fifatrainingcentre.com/media/native/tournaments/fcwc/2025/M46%20WAC%20V%20AIN%20POST%20MATCH%20REPORT.pdf,11,Nordin AMRABAT,22.0,21.0,95.0,2.0,12.0,1.0,12.0,9.0,75.0,3.0,2.0,1.0,0.0,0.0,43,5.0,1.0,2.0,0.0,4.0,12.0,1.0,1.0,2.0,0.0,3.0,13.0,7.0,3.0,2.0,48,8505.4,4687.2,2518.2,784.8,313.9,201.3,70.0,32.0,33.6,51
wydadac:16,wydadac,Wydad AC,46,2025-06-26,https://www.fifatrainingcentre.com/media/native/tournaments/fcwc/2025/M46%20WAC%20V%20AIN%20POST%20MATCH%20REPORT.pdf,16,Jamal HARKASS,23.0,23.0,100.0,0.0,0.0,0.0,2.0,2.0,100.0,0.0,0.0,0.0,0.0,0.0,43,1.0,0.0,5.0,0.0,1.0,0.0,2.0,0.0,2.0,3.0,0.0,4.0,1.0,5.0,3.0,48,4816.4,2418.0,1627.1,479.2,207.4,84.7,39.0,17.0,32.1,51
wydadac:19,wydadac,Wydad AC,46,2025-06-26,https://www.fifatrainingcentre.com/media/native/tournaments/fcwc/2025/M46%20WAC%20V%20AIN%20POST%20MATCH%20REPORT.pdf,19,El Mehdi EL MOUBARIK,41.0,38.0,93.0,2.0,0.0,0.0,8.0,7.0,88.0,0.0,0.0,0.0,0.0,0.0,43,1.0,0.0,2.0,1.0,3.0,10.0,0.0,0.0,0.0,1.0,4.0,10.0,5.0,1.0,2.0,48,8290.7,2715.8,3933.3,1324.6,317.0,0.0,112.0,23.0,24.8,51
wydadac:21,wydadac,Wydad AC,46,2025-06-26,https://www.fifatrainingcentre.com/media/native/tournaments/fcwc/2025/M46%20WAC%20V%20AIN%20POST%20MATCH%20REPORT.pdf,21,Cassius MAILULA,13.0,11.0,85.0,0.0,0.0,0.0,2.0,0.0,0.0,0.0,0.0,0.0,2.0,1.0,43,1.0,1.0,1.0,0.0,4.0,14.0,0.0,0.0,0.0,0.0,3.0,8.0,7.0,1.0,1.0,48,6962.7,2545.9,3099.3,992.2,291.1,34.1,82.0,27.0,31.0,51
wydadac:23,wydadac,Wydad AC,46,2025-06-26,https://www.fifatrainingcentre.com/media/native/tournaments/fcwc/2025/M46%20WAC%20V%20AIN%20POST%20MATCH%20REPORT.pdf,23,Oussama ZEMRAOUI,31.0,25.0,81.0,0.0,0.0,0.0,12.0,8.0,67.0,1.0,0.0,1.0,0.0,0.0,43,1.0,0.0,1.0,0.0,0.0,25.0,0.0,0.0,0.0,1.0,4.0,5.0,3.0,2.0,1.0,48,8877.9,3116.7,4539.7,1054.0,127.5,40.0,84.0,11.0,27.0,51
wydadac:24,wydadac,Wydad AC,46,2025-06-26,https://www.fifatrainingcentre.com/media/native/tournaments/fcwc/2025/M46%20WAC%20V%20AIN%20POST%20MATCH%20REPORT.pdf,24,Ayoub BOUCHETA,46.0,41.0,89.0,2.0,3.0,0.0,17.0,15.0,88.0,4.0,3.0,1.0,2.0,0.0,43,0.0,0.0,3.0,3.0,5.0,11.0,1.0,0.0,2.0,3.0,4.0,12.0,7.0,6.0,1.0,48,10316.7,4637.4,3574.5,1394.3,500.0,210.5,121.0,40.0,32.7,51
wydadac:72,wydadac,Wydad AC,46,2025-06-26,https://www.fifatrainingcentre.com/media/native/tournaments/fcwc/2025/M46%20WAC%20V%20AIN%20POST%20MATCH%20REPORT.pdf,72,GUILHERME FERREIRA,27.0,26.0,96.0,2.0,0.0,0.0,9.0,8.0,89.0,0.0,0.0,0.0,0.0,0.0,43,7.0,3.0,4.0,2.0,5.0,5.0,1.0,0.0,2.0,7.0,2.0,0.0,0.0,9.0,8.0,48,8381.2,4397.1,2903.3,702.0,285.5,93.4,59.0,22.0,31.6,51
wydadac:99,wydadac,Wydad AC,46,2025-06-26,https://www.fifatrainingcentre.com/media/native/tournaments/fcwc/2025/M46%20WAC%20V%20AIN%20POST%20MATCH%20REPORT.pdf,99,OMAR ALSOMAH,6.0,4.0,67.0,0.0,0.0,0.0,1.0,0.0,0.0,0.0,0.0,0.0,1.0,0.0,43,0.0,0.0,1.0,0.0,3.0,6.0,5.0,0.0,5.0,0.0,2.0,7.0,2.0,0.0,0.0,48,6093.4,2866.8,2281.9,679.3,228.1,37.2,57.0,21.0,29.3,51
wydadac:5,wydadac,Wydad AC,46,2025-06-26,https://www.fifatrainingcentre.com/media/native/tournaments/fcwc/2025/M46%20WAC%20V%20AIN%20POST%20MATCH%20REPORT.pdf,5,Ismail MOUTARAJJI,19.0,17.0,89.0,0.0,2.0,1.0,11.0,8.0,73.0,0.0,0.0,0.0,0.0,0.0,43,1.0,1.0,0.0,0.0,2.0,3.0,0.0,0.0,0.0,0.0,1.0,4.0,2.0,1.0,0.0,48,2409.4,820.4,942.5,402.7,178.6,65.2,37.0,11.0,32.6,51
wydadac:9,wydadac,Wydad AC,46,2025-06-26,https://www.fifatrainingcentre.com/media/native/tournaments/fcwc/2025/M46%20WAC%20V%20AIN%20POST%20MATCH%20REPORT.pdf,9,Samuel OBENG,2.0,2.0,100.0,0.0,0.0,0.0,0.0,0.0,0.0,0.0,0.0,0.0,1.0,0.0,43,2.0,0.0,0.0,0.0,2.0,13.0,2.0,0.0,2.0,0.0,1.0,5.0,1.0,1.0,0.0,48,3611.7,1514.5,1284.9,493.2,253.6,65.4,44.0,22.0,29.0,51
wydadac:22,wydadac,Wydad AC,46,2025-06-26,https://www.fifatrainingcentre.com/media/native/tournaments/fcwc/2025/M46%20WAC%20V%20AIN%20POST%20MATCH%20REPORT.pdf,22,Bart MEIJERS,11.0,11.0,100.0,1.0,0.0,0.0,0.0,0.0,0.0,0.0,0.0,0.0,0.0,0.0,43,2.0,1.0,1.0,0.0,2.0,4.0,4.0,0.0,4.0,4.0,0.0,5.0,1.0,5.0,2.0,48,4267.9,1834.9,1720.4,487.1,116.5,108.9,40.0,10.0,30.3,51
wydadac:26,wydadac,Wydad AC,46,2025-06-26,https://www.fifatrainingcentre.com/media/native/tournaments/fcwc/2025/M46%20WAC%20V%20AIN%20POST%20MATCH%20REPORT.pdf,26,Selemani MWALIMU,5.0,4.0,80.0,0.0,0.0,0.0,2.0,1.0,50.0,2.0,1.0,1.0,2.0,0.0,43,0.0,0.0,1.0,0.0,1.0,5.0,0.0,0.0,0.0,0.0,4.0,4.0,2.0,1.0,0.0,48,4161.1,1420.3,1598.9,823.8,270.4,47.7,66.0,22.0,29.6,51
wydadac:27,wydadac,Wydad AC,46,2025-06-26,https://www.fifatrainingcentre.com/media/native/tournaments/fcwc/2025/M46%20WAC%20V%20AIN%20POST%20MATCH%20REPORT.pdf,27,Ismail BENKTIB,12.0,10.0,83.0,0.0,0.0,0.0,5.0,4.0,80.0,0.0,0.0,0.0,0.0,0.0,43,1.0,0.0,0.0,1.0,1.0,1.0,0.0,0.0,0.0,0.0,1.0,1.0,1.0,1.0,0.0,48,2466.1,788.0,1005.5,513.0,114.5,45.1,43.0,11.0,30.8,51
alainfc:1,alainfc,Al Ain FC,46,2025-06-26,https://www.fifatrainingcentre.com/media/native/tournaments/fcwc/2025/M46%20WAC%20V%20AIN%20POST%20MATCH%20REPORT.pdf,1,RUI PATRICIO,21.0,10.0,48.0,0.0,0.0,0.0,13.0,3.0,23.0,0.0,0.0,0.0,0.0,0.0,45,0.0,0.0,0.0,0.0,0.0,0.0,0.0,0.0,0.0,0.0,1.0,0.0,0.0,2.0,0.0,49,5473.9,4743.7,604.8,125.4,0.0,0.0,11.0,0.0,20.0,52
alainfc:4,alainfc,Al Ain FC,46,2025-06-26,https://www.fifatrainingcentre.com/media/native/tournaments/fcwc/2025/M46%20WAC%20V%20AIN%20POST%20MATCH%20REPORT.pdf,4,Yahya BENKHALEQ,33.0,29.0,88.0,0.0,0.0,0.0,13.0,12.0,92.0,3.0,1.0,2.0,0.0,0.0,45,3.0,1.0,2.0,3.0,3.0,6.0,0.0,0.0,0.0,0.0,5.0,4.0,3.0,6.0,2.0,49,9161.9,4078.2,3556.6,931.2,347.5,248.4,90.0,33.0,33.8,52
alainfc:5,alainfc,Al Ain FC,46,2025-06-26,https://www.fifatrainingcentre.com/media/native/tournaments/fcwc/2025/M46%20WAC%20V%20AIN%20POST%20MATCH%20REPORT.pdf,5,PARK Yongwoo,38.0,36.0,95.0,0.0,0.0,0.0,12.0,10.0,83.0,0.0,0.0,0.0,0.0,0.0,45,2.0,2.0,2.0,1.0,3.0,3.0,2.0,0.0,2.0,1.0,7.0,12.0,2.0,9.0,2.0,49,9324.6,4501.0,3497.7,984.2,272.9,68.8,94.0,31.0,33.3,52
alainfc:9,alainfc,Al Ain FC,46,2025-06-26,https://www.fifatrainingcentre.com/media/native/tournaments/fcwc/2025/M46%20WAC%20V%20AIN%20POST%20MATCH%20REPORT.pdf,9,Kodjo LABA,9.0,9.0,100.0,1.0,1.0,1.0,2.0,2.0,100.0,3.0,3.0,0.0,4.0,1.0,45,1.0,0.0,0.0,0.0,1.0,10.0,3.0,0.0,3.0,1.0,3.0,5.0,4.0,0.0,1.0,49,7955.5,3827.3,2731.1,827.2,381.1,188.8,72.0,39.0,31.1,52
alainfc:10,alainfc,Al Ain FC,46,2025-06-26,https://www.fifatrainingcentre.com/media/native/tournaments/fcwc/2025/M46%20WAC%20V%20AIN%20POST%20MATCH%20REPORT.pdf,10,KAKU,22.0,21.0,95.0,0.0,6.0,2.0,8.0,6.0,75.0,0.0,0.0,0.0,2.0,1.0,45,2.0,0.0,1.0,0.0,1.0,17.0,0.0,0.0,0.0,0.0,3.0,11.0,9.0,1.0,0.0,49,6865.0,2689.9,2839.5,933.5,353.4,48.7,86.0,27.0,27.2,52
alainfc:20,alainfc,Al Ain FC,46,2025-06-26,https://www.fifatrainingcentre.com/media/native/tournaments/fcwc/2025/M46%20WAC%20V%20AIN%20POST%20MATCH%20REPORT.pdf,20,Matias PALACIOS,53.0,48.0,91.0,3.0,3.0,3.0,17.0,16.0,94.0,0.0,0.0,0.0,3.0,0.0,45,2.0,2.0,5.0,0.0,4.0,12.0,0.0,0.0,0.0,2.0,3.0,17.0,5.0,4.0,4.0,49,10684.3,3792.6,4522.9,1817.5,491.5,59.8,158.0,38.0,28.9,52
alainfc:21,alainfc,Al Ain FC,46,2025-06-26,https://www.fifatrainingcentre.com/media/native/tournaments/fcwc/2025/M46%20WAC%20V%20AIN%20POST%20MATCH%20REPORT.pdf,21,Soufiane RAHIMI,21.0,13.0,62.0,0.0,2.0,1.0,4.0,2.0,50.0,2.0,2.0,0.0,4.0,0.0,45,1.0,1.0,0.0,0.0,2.0,8.0,1.0,0.0,1.0,1.0,3.0,9.0,5.0,2.0,0.0,49,10265.9,4793.0,3477.9,1214.7,537.8,242.4,105.0,47.0,34.1,52
alainfc:25,alainfc,Al Ain FC,46,2025-06-26,https://www.fifatrainingcentre.com/media/native/tournaments/fcwc/2025/M46%20WAC%20V%20AIN%20POST%20MATCH%20REPORT.pdf,25,RAMY RABIA,36.0,32.0,89.0,0.0,1.0,0.0,6.0,4.0,67.0,0.0,0.0,0.0,2.0,0.0,45,4.0,1.0,1.0,2.0,6.0,4.0,1.0,0.0,1.0,4.0,6.0,15.0,6.0,4.0,4.0,49,9468.3,4389.1,3739.9,892.0,317.2,130.2,84.0,30.0,32.3,52
alainfc:36,alainfc,Al Ain FC,46,2025-06-26,https://www.fifatrainingcentre.com/media/native/tournaments/fcwc/2025/M46%20WAC%20V%20AIN%20POST%20MATCH%20REPORT.pdf,36,Facundo ZABALA,31.0,27.0,87.0,0.0,2.0,1.0,14.0,11.0,79.0,6.0,5.0,1.0,2.0,0.0,45,3.0,0.0,3.0,3.0,8.0,15.0,0.0,1.0,1.0,2.0,5.0,9.0,6.0,4.0,2.0,49,9458.8,5072.0,3120.0,722.2,370.7,174.0,65.0,35.0,31.7,52
alainfc:70,alainfc,Al Ain FC,46,2025-06-26,https://www.fifatrainingcentre.com/media/native/tournaments/fcwc/2025/M46%20WAC%20V%20AIN%20POST%20MATCH%20REPORT.pdf,70,Abdoul Karim TRAORE,36.0,28.0,78.0,1.0,0.0,0.0,12.0,10.0,83.0,2.0,1.0,1.0,1.0,0.0,45,9.0,4.0,2.0,1.0,12.0,13.0,0.0,0.0,2.0,1.0,7.0,11.0,8.0,6.0,1.0,49,10291.7,4395.8,3933.6,1393.0,480.9,88.3,116.0,36.0,29.7,52
alainfc:97,alainfc,Al Ain FC,46,2025-06-26,https://www.fifatrainingcentre.com/media/native/tournaments/fcwc/2025/M46%20WAC%20V%20AIN%20POST%20MATCH%20REPORT.pdf,97,Adis JASIC,27.0,20.0,74.0,0.0,4.0,0.0,9.0,5.0,56.0,3.0,0.0,3.0,0.0,0.0,45,1.0,1.0,2.0,0.0,3.0,10.0,0.0,0.0,0.0,3.0,7.0,19.0,4.0,3.0,1.0,49,7081.3,2622.5,3110.1,884.5,365.2,99.0,76.0,32.0,29.6,52
alainfc:6,alainfc,Al Ain FC,46,2025-06-26,https://www.fifatrainingcentre.com/media/native/tournaments/fcwc/2025/M46%20WAC%20V%20AIN%20POST%20MATCH%20REPORT.pdf,6,YAHIA NADER,6.0,3.0,50.0,0.0,0.0,0.0,1.0,1.0,100.0,0.0,0.0,0.0,0.0,0.0,45,0.0,0.0,0.0,0.0,0.0,1.0,0.0,0.0,0.0,0.0,2.0,2.0,1.0,0.0,0.0,49,1615.5,438.2,730.2,318.0,95.0,34.0,31.0,8.0,28.1,52
alainfc:8,alainfc,Al Ain FC,46,2025-06-26,https://www.fifatrainingcentre.com/media/native/tournaments/fcwc/2025/M46%20WAC%20V%20AIN%20POST%20MATCH%20REPORT.pdf,8,MOHAMMED ABBAS,23.0,18.0,78.0,0.0,0.0,0.0,6.0,4.0,67.0,1.0,0.0,1.0,0.0,0.0,45,3.0,1.0,0.0,0.0,4.0,12.0,0.0,0.0,0.0,1.0,1.0,7.0,3.0,2.0,0.0,49,3510.3,1493.0,1320.6,527.1,160.0,9.6,52.0,14.0,28.7,52
alainfc:13,alainfc,Al Ain FC,46,2025-06-26,https://www.fifatrainingcentre.com/media/native/tournaments/fcwc/2025/M46%20WAC%20V%20AIN%20POST%20MATCH%20REPORT.pdf,13,Houssine RAHIMI,1.0,1.0,100.0,0.0,0.0,0.0,0.0,0.0,0.0,0.0,0.0,0.0,0.0,0.0,45,0.0,0.0,0.0,0.0,0.0,3.0,0.0,0.0,0.0,0.0,0.0,1.0,0.0,0.0,0.0,49,747.1,243.5,207.9,154.0,88.3,53.4,14.0,9.0,30.1,52
alainfc:28,alainfc,Al Ain FC,46,2025-06-26,https://www.fifatrainingcentre.com/media/native/tournaments/fcwc/2025/M46%20WAC%20V%20AIN%20POST%20MATCH%20REPORT.pdf,28,Nassim CHADLI,10.0,9.0,90.0,0.0,1.0,0.0,5.0,2.0,40.0,2.0,1.0,1.0,0.0,0.0,45,0.0,0.0,0.0,0.0,0.0,1.0,0.0,0.0,0.0,0.0,5.0,0.0,0.0,0.0,0.0,49,3453.9,1469.3,1256.7,439.5,149.1,139.3,38.0,12.0,32.9,52
alainfc:56,alainfc,Al Ain FC,46,2025-06-26,https://www.fifatrainingcentre.com/media/native/tournaments/fcwc/2025/M46%20WAC%20V%20AIN%20POST%20MATCH%20REPORT.pdf,56,Amadou NIANG,1.0,0.0,0.0,0.0,0.0,0.0,0.0,0.0,0.0,0.0,0.0,0.0,0.0,0.0,45,0.0,0.0,0.0,0.0,0.0,0.0,0.0,0.0,0.0,0.0,0.0,0.0,0.0,1.0,0.0,49,642.2,244.6,234.8,114.3,18.7,29.7,8.0,2.0,28.5,52
alhilal:37,alhilal,Al Hilal,47,2025-06-26,https://www.fifatrainingcentre.com/media/native/tournaments/fcwc/2025/M47%20HIL%20V%20PAC%20POST%20MATCH%20REPORT.pdf,37,Yassine BOUNOU,38.0,30.0,79.0,1.0,0.0,0.0,12.0,8.0,67.0,0.0,0.0,0.0,0.0,0.0,42,0.0,0.0,0.0,0.0,0.0,0.0,0.0,0.0,0.0,0.0,2.0,0.0,0.0,7.0,0.0,47,4799.5,3976.4,791.7,31.4,0.0,0.0,3.0,0.0,19.3,50
alhilal:3,alhilal,Al Hilal,47,2025-06-26,https://www.fifatrainingcentre.com/media/native/tournaments/fcwc/2025/M47%20HIL%20V%20PAC%20POST%20MATCH%20REPORT.pdf,3,Kalidou KOULIBALY,45.0,38.0,84.0,3.0,0.0,0.0,22.0,20.0,91.0,2.0,0.0,2.0,0.0,0.0,42,4.0,1.0,3.0,3.0,5.0,13.0,7.0,0.0,7.0,8.0,9.0,17.0,6.0,6.0,10.0,47,9213.7,4113.5,3485.2,1196.6,373.2,45.2,100.0,29.0,32.2,50
alhilal:6,alhilal,Al Hilal,47,2025-06-26,https://www.fifatrainingcentre.com/media/native/tournaments/fcwc/2025/M47%20HIL%20V%20PAC%20POST%20MATCH%20REPORT.pdf,6,RENAN LODI,38.0,35.0,92.0,1.0,0.0,0.0,8.0,7.0,88.0,1.0,1.0,0.0,0.0,0.0,42,1.0,1.0,2.0,2.0,3.0,13.0,1.0,0.0,1.0,1.0,3.0,21.0,9.0,3.0,1.0,47,8058.3,3044.6,3057.8,1264.7,542.5,148.7,116.0,41.0,31.5,50
alhilal:8,alhilal,Al Hilal,47,2025-06-26,https://www.fifatrainingcentre.com/media/native/tournaments/fcwc/2025/M47%20HIL%20V%20PAC%20POST%20MATCH%20REPORT.pdf,8,RUBEN NEVES,59.0,50.0,85.0,1.0,2.0,0.0,21.0,14.0,67.0,0.0,0.0,0.0,1.0,0.0,42,2.0,0.0,3.0,1.0,1.0,7.0,1.0,0.0,2.0,3.0,5.0,13.0,4.0,2.0,6.0,47,10270.8,4060.7,4671.6,1078.2,365.3,95.0,101.0,29.0,31.8,50
alhilal:11,alhilal,Al Hilal,47,2025-06-26,https://www.fifatrainingcentre.com/media/native/tournaments/fcwc/2025/M47%20HIL%20V%20PAC%20POST%20MATCH%20REPORT.pdf,11,MARCOS LEONARDO,16.0,11.0,69.0,0.0,1.0,1.0,4.0,1.0,25.0,2.0,2.0,0.0,3.0,1.0,42,1.0,0.0,1.0,0.0,1.0,28.0,1.0,0.0,1.0,0.0,3.0,17.0,13.0,1.0,0.0,47,9983.0,4102.8,3985.3,950.0,628.1,316.8,89.0,52.0,31.3,50
alhilal:16,alhilal,Al Hilal,47,2025-06-26,https://www.fifatrainingcentre.com/media/native/tournaments/fcwc/2025/M47%20HIL%20V%20PAC%20POST%20MATCH%20REPORT.pdf,16,NASSER ALDAWSARI,42.0,41.0,98.0,1.0,1.0,0.0,14.0,13.0,93.0,1.0,0.0,1.0,0.0,0.0,42,6.0,2.0,7.0,1.0,9.0,28.0,1.0,0.0,3.0,1.0,7.0,26.0,16.0,4.0,8.0,47,11957.7,3525.1,5110.5,2481.7,754.0,86.4,190.0,64.0,29.7,50
alhilal:20,alhilal,Al Hilal,47,2025-06-26,https://www.fifatrainingcentre.com/media/native/tournaments/fcwc/2025/M47%20HIL%20V%20PAC%20POST%20MATCH%20REPORT.pdf,20,JOAO CANCELO,44.0,37.0,84.0,1.0,1.0,0.0,12.0,9.0,75.0,4.0,3.0,1.0,1.0,0.0,42,4.0,1.0,1.0,0.0,7.0,14.0,1.0,0.0,1.0,2.0,5.0,21.0,11.0,4.0,3.0,47,9448.2,4058.2,3164.7,1335.3,630.0,259.9,125.0,47.0,31.1,50
alhilal:22,alhilal,Al Hilal,47,2025-06-26,https://www.fifatrainingcentre.com/media/native/tournaments/fcwc/2025/M47%20HIL%20V%20PAC%20POST%20MATCH%20REPORT.pdf,22,Sergej MILINKOVICSAVIC,37.0,33.0,89.0,0.0,2.0,0.0,10.0,9.0,90.0,3.0,2.0,1.0,1.0,0.0,42,4.0,1.0,4.0,0.0,5.0,21.0,9.0,0.0,9.0,1.0,7.0,8.0,6.0,4.0,2.0,47,12277.4,3748.2,6133.7,1920.2,416.1,59.3,163.0,35.0,28.8,50
alhilal:29,alhilal,Al Hilal,47,2025-06-26,https://www.fifatrainingcentre.com/media/native/tournaments/fcwc/2025/M47%20HIL%20V%20PAC%20POST%20MATCH%20REPORT.pdf,29,SALEM ALDAWSARI,32.0,23.0,72.0,0.0,5.0,1.0,8.0,5.0,62.0,7.0,5.0,2.0,1.0,1.0,42,3.0,0.0,1.0,0.0,4.0,24.0,0.0,0.0,0.0,0.0,7.0,20.0,10.0,0.0,1.0,47,7667.8,3275.7,2504.2,1020.0,574.4,293.5,92.0,53.0,32.5,50
alhilal:77,alhilal,Al Hilal,47,2025-06-26,https://www.fifatrainingcentre.com/media/native/tournaments/fcwc/2025/M47%20HIL%20V%20PAC%20POST%20MATCH%20REPORT.pdf,77,MALCOM,35.0,31.0,89.0,0.0,0.0,0.0,7.0,6.0,86.0,0.0,0.0,0.0,1.0,0.0,42,0.0,0.0,0.0,0.0,2.0,29.0,0.0,0.0,0.0,1.0,2.0,29.0,18.0,0.0,1.0,47,9275.4,3335.6,3940.6,1232.1,462.5,304.6,108.0,43.0,30.9,50
alhilal:87,alhilal,Al Hilal,47,2025-06-26,https://www.fifatrainingcentre.com/media/native/tournaments/fcwc/2025/M47%20HIL%20V%20PAC%20POST%20MATCH%20REPORT.pdf,87,HASSAN ALTAMBAKTI,33.0,30.0,91.0,0.0,0.0,0.0,11.0,9.0,82.0,0.0,0.0,0.0,0.0,0.0,42,3.0,3.0,4.0,1.0,4.0,8.0,1.0,0.0,2.0,3.0,3.0,13.0,5.0,7.0,4.0,47,7375.8,2983.6,3154.9,841.6,251.9,143.7,76.0,23.0,30.0,50
alhilal:18,alhilal,Al Hilal,47,2025-06-26,https://www.fifatrainingcentre.com/media/native/tournaments/fcwc/2025/M47%20HIL%20V%20PAC%20POST%20MATCH%20REPORT.pdf,18,MUSAB ALJUWAYR,3.0,2.0,67.0,0.0,0.0,0.0,1.0,1.0,100.0,0.0,0.0,0.0,0.0,0.0,42,1.0,1.0,0.0,0.0,1.0,6.0,0.0,0.0,0.0,0.0,2.0,4.0,4.0,1.0,0.0,47,1338.6,362.0,622.5,206.8,87.7,59.7,23.0,8.0,30.0,50
alhilal:24,alhilal,Al Hilal,47,2025-06-26,https://www.fifatrainingcentre.com/media/native/tournaments/fcwc/2025/M47%20HIL%20V%20PAC%20POST%20MATCH%20REPORT.pdf,24,MOTEB ALHARBI,6.0,5.0,83.0,0.0,1.0,0.0,2.0,2.0,100.0,1.0,1.0,0.0,0.0,0.0,42,0.0,0.0,2.0,1.0,2.0,6.0,0.0,0.0,0.0,1.0,1.0,3.0,1.0,2.0,2.0,47,2703.6,1057.4,888.1,443.0,200.0,115.0,37.0,20.0,33.7,50
alhilal:28,alhilal,Al Hilal,47,2025-06-26,https://www.fifatrainingcentre.com/media/native/tournaments/fcwc/2025/M47%20HIL%20V%20PAC%20POST%20MATCH%20REPORT.pdf,28,MOHAMED KANNO,10.0,9.0,90.0,0.0,0.0,0.0,1.0,1.0,100.0,0.0,0.0,0.0,0.0,0.0,42,2.0,0.0,1.0,0.0,1.0,5.0,0.0,0.0,0.0,0.0,4.0,9.0,2.0,0.0,0.0,47,2359.6,877.0,867.6,416.8,166.2,32.0,44.0,14.0,28.1,50
alhilal:78,alhilal,Al Hilal,47,2025-06-26,https://www.fifatrainingcentre.com/media/native/tournaments/fcwc/2025/M47%20HIL%20V%20PAC%20POST%20MATCH%20REPORT.pdf,78,ALI LAJAMI,9.0,8.0,89.0,0.0,0.0,0.0,3.0,3.0,100.0,0.0,0.0,0.0,0.0,0.0,42,1.0,0.0,1.0,1.0,1.0,1.0,0.0,0.0,0.0,0.0,1.0,5.0,1.0,1.0,1.0,47,2102.0,913.6,922.1,181.4,57.7,27.3,15.0,5.0,26.3,50
alhilal:88,alhilal,Al Hilal,47,2025-06-26,https://www.fifatrainingcentre.com/media/native/tournaments/fcwc/2025/M47%20HIL%20V%20PAC%20POST%20MATCH%20REPORT.pdf,88,HAMAD ALYAMI,3.0,2.0,67.0,0.0,0.0,0.0,2.0,2.0,100.0,0.0,0.0,0.0,0.0,0.0,42,0.0,0.0,1.0,0.0,0.0,5.0,0.0,0.0,0.0,0.0,0.0,3.0,3.0,0.0,0.0,47,1275.8,410.3,531.3,214.6,77.0,42.6,15.0,5.0,32.1,50
cfpachuca:13,cfpachuca,CF Pachuca,47,2025-06-26,https://www.fifatrainingcentre.com/media/native/tournaments/fcwc/2025/M47%20HIL%20V%20PAC%20POST%20MATCH%20REPORT.pdf,13,Sebastian JURADO,31.0,24.0,77.0,0.0,0.0,0.0,11.0,4.0,36.0,0.0,0.0,0.0,0.0,0.0,44,0.0,0.0,0.0,0.0,0.0,0.0,0.0,0.0,0.0,0.0,3.0,0.0,0.0,1.0,0.0,48,4670.6,3501.5,1019.4,140.9,8.7,0.0,16.0,1.0,21.9,51
cfpachuca:2,cfpachuca,CF Pachuca,47,2025-06-26,https://www.fifatrainingcentre.com/media/native/tournaments/fcwc/2025/M47%20HIL%20V%20PAC%20POST%20MATCH%20REPORT.pdf,2,Sergio BARRETO,25.0,23.0,92.0,0.0,0.0,0.0,2.0,1.0,50.0,0.0,0.0,0.0,0.0,0.0,44,0.0,0.0,2.0,1.0,1.0,4.0,1.0,0.0,3.0,3.0,1.0,3.0,1.0,3.0,2.0,48,6327.5,2397.1,2799.3,638.5,391.5,101.1,62.0,25.0,31.1,51
cfpachuca:3,cfpachuca,CF Pachuca,47,2025-06-26,https://www.fifatrainingcentre.com/media/native/tournaments/fcwc/2025/M47%20HIL%20V%20PAC%20POST%20MATCH%20REPORT.pdf,3,Alonso ACEVES,57.0,54.0,95.0,0.0,4.0,1.0,12.0,11.0,92.0,0.0,0.0,0.0,0.0,0.0,44,2.0,1.0,4.0,0.0,4.0,24.0,0.0,0.0,0.0,1.0,8.0,17.0,10.0,3.0,2.0,48,10722.8,3629.8,4346.7,1508.7,913.8,323.9,134.0,68.0,32.8,51
cfpachuca:4,cfpachuca,CF Pachuca,47,2025-06-26,https://www.fifatrainingcentre.com/media/native/tournaments/fcwc/2025/M47%20HIL%20V%20PAC%20POST%20MATCH%20REPORT.pdf,4,EDUARDO BAUERMANN,64.0,56.0,88.0,0.0,0.0,0.0,19.0,14.0,74.0,0.0,0.0,0.0,1.0,0.0,44,4.0,3.0,3.0,1.0,5.0,8.0,2.0,0.0,2.0,6.0,5.0,15.0,2.0,11.0,4.0,48,9592.1,4139.8,3776.9,1046.9,481.0,147.6,97.0,37.0,33.4,51
cfpachuca:12,cfpachuca,CF Pachuca,47,2025-06-26,https://www.fifatrainingcentre.com/media/native/tournaments/fcwc/2025/M47%20HIL%20V%20PAC%20POST%20MATCH%20REPORT.pdf,12,Alexei DOMINGUEZ,15.0,12.0,80.0,0.0,0.0,0.0,2.0,1.0,50.0,2.0,2.0,0.0,1.0,0.0,44,5.0,2.0,4.0,1.0,8.0,18.0,0.0,0.0,0.0,0.0,7.0,10.0,5.0,6.0,2.0,48,7361.6,2258.1,3289.5,1017.7,612.7,183.7,89.0,50.0,32.9,51
cfpachuca:14,cfpachuca,CF Pachuca,47,2025-06-26,https://www.fifatrainingcentre.com/media/native/tournaments/fcwc/2025/M47%20HIL%20V%20PAC%20POST%20MATCH%20REPORT.pdf,14,Carlos SANCHEZ,36.0,29.0,81.0,0.0,2.0,0.0,11.0,6.0,55.0,1.0,0.0,1.0,0.0,0.0,44,4.0,1.0,0.0,1.0,5.0,13.0,0.0,0.0,0.0,1.0,9.0,17.0,8.0,2.0,0.0,48,8301.1,3128.6,3306.9,1050.9,603.8,210.9,94.0,48.0,31.7,51
cfpachuca:16,cfpachuca,CF Pachuca,47,2025-06-26,https://www.fifatrainingcentre.com/media/native/tournaments/fcwc/2025/M47%20HIL%20V%20PAC%20POST%20MATCH%20REPORT.pdf,16,Federico PEREIRA,68.0,58.0,85.0,0.0,0.0,0.0,17.0,11.0,65.0,0.0,0.0,0.0,1.0,0.0,44,4.0,1.0,4.0,1.0,6.0,3.0,0.0,0.0,0.0,4.0,8.0,11.0,4.0,6.0,5.0,48,9921.6,3910.6,4164.2,1086.3,553.4,207.1,98.0,46.0,32.1,51
cfpachuca:18,cfpachuca,CF Pachuca,47,2025-06-26,https://www.fifatrainingcentre.com/media/native/tournaments/fcwc/2025/M47%20HIL%20V%20PAC%20POST%20MATCH%20REPORT.pdf,18,Agustin PALAVECINO,46.0,41.0,89.0,0.0,5.0,1.0,13.0,11.0,85.0,1.0,0.0,1.0,1.0,0.0,44,2.0,1.0,2.0,0.0,5.0,27.0,0.0,0.0,0.0,1.0,4.0,27.0,16.0,2.0,2.0,48,9905.2,2938.7,4495.8,1784.9,636.0,49.9,152.0,46.0,28.6,51
cfpachuca:23,cfpachuca,CF Pachuca,47,2025-06-26,https://www.fifatrainingcentre.com/media/native/tournaments/fcwc/2025/M47%20HIL%20V%20PAC%20POST%20MATCH%20REPORT.pdf,23,Salomon RONDON,14.0,10.0,71.0,1.0,1.0,0.0,0.0,0.0,0.0,1.0,0.0,1.0,2.0,0.0,44,0.0,0.0,0.0,0.0,2.0,21.0,1.0,0.0,2.0,0.0,3.0,14.0,11.0,1.0,0.0,48,9384.0,4235.7,3760.0,873.5,404.5,110.3,75.0,31.0,32.7,51
cfpachuca:28,cfpachuca,CF Pachuca,47,2025-06-26,https://www.fifatrainingcentre.com/media/native/tournaments/fcwc/2025/M47%20HIL%20V%20PAC%20POST%20MATCH%20REPORT.pdf,28,Elias MONTIEL,46.0,34.0,74.0,2.0,7.0,4.0,13.0,6.0,46.0,1.0,1.0,0.0,0.0,0.0,44,3.0,0.0,2.0,2.0,6.0,36.0,0.0,0.0,0.0,1.0,5.0,24.0,13.0,6.0,1.0,48,11824.5,3334.9,5418.7,2238.5,667.6,164.8,193.0,50.0,30.7,51
cfpachuca:29,cfpachuca,CF Pachuca,47,2025-06-26,https://www.fifatrainingcentre.com/media/native/tournaments/fcwc/2025/M47%20HIL%20V%20PAC%20POST%20MATCH%20REPORT.pdf,29,KENEDY,13.0,9.0,69.0,0.0,0.0,0.0,4.0,2.0,50.0,2.0,1.0,1.0,1.0,0.0,44,1.0,0.0,1.0,0.0,2.0,20.0,1.0,0.0,3.0,0.0,1.0,17.0,14.0,2.0,0.0,48,7115.9,2799.7,2594.3,995.9,458.1,267.9,85.0,41.0,32.1,51
cfpachuca:5,cfpachuca,CF Pachuca,47,2025-06-26,https://www.fifatrainingcentre.com/media/native/tournaments/fcwc/2025/M47%20HIL%20V%20PAC%20POST%20MATCH%20REPORT.pdf,5,Pedro PEDRAZA,14.0,13.0,93.0,0.0,0.0,0.0,2.0,1.0,50.0,0.0,0.0,0.0,0.0,0.0,44,1.0,0.0,0.0,0.0,1.0,4.0,0.0,0.0,0.0,0.0,0.0,3.0,2.0,0.0,0.0,48,2530.6,754.5,1235.7,363.1,137.4,39.9,30.0,10.0,28.1,51
cfpachuca:8,cfpachuca,CF Pachuca,47,2025-06-26,https://www.fifatrainingcentre.com/media/native/tournaments/fcwc/2025/M47%20HIL%20V%20PAC%20POST%20MATCH%20REPORT.pdf,8,Bryan GONZALEZ,24.0,23.0,96.0,0.0,1.0,0.0,3.0,2.0,67.0,0.0,0.0,0.0,1.0,0.0,44,0.0,0.0,0.0,0.0,0.0,4.0,1.0,0.0,1.0,2.0,1.0,4.0,2.0,1.0,2.0,48,4419.4,1658.8,1828.1,541.7,301.5,89.3,51.0,24.0,29.8,51
cfpachuca:9,cfpachuca,CF Pachuca,47,2025-06-26,https://www.fifatrainingcentre.com/media/native/tournaments/fcwc/2025/M47%20HIL%20V%20PAC%20POST%20MATCH%20REPORT.pdf,9,Illian HERNANDEZ,3.0,3.0,100.0,0.0,0.0,0.0,1.0,1.0,100.0,0.0,0.0,0.0,2.0,0.0,44,0.0,0.0,0.0,0.0,3.0,8.0,2.0,0.0,2.0,0.0,1.0,7.0,4.0,0.0,0.0,48,2343.7,835.8,925.4,420.1,159.7,2.7,33.0,11.0,25.3,51
cfpachuca:26,cfpachuca,CF Pachuca,47,2025-06-26,https://www.fifatrainingcentre.com/media/native/tournaments/fcwc/2025/M47%20HIL%20V%20PAC%20POST%20MATCH%20REPORT.pdf,26,Alan BAUTISTA,14.0,12.0,86.0,0.0,0.0,0.0,3.0,1.0,33.0,0.0,0.0,0.0,2.0,0.0,44,1.0,0.0,1.0,0.0,2.0,16.0,0.0,0.0,0.0,1.0,4.0,8.0,5.0,0.0,1.0,48,4046.2,1072.7,1566.4,834.7,541.0,31.5,72.0,36.0,26.7,51
cfpachuca:30,cfpachuca,CF Pachuca,47,2025-06-26,https://www.fifatrainingcentre.com/media/native/tournaments/fcwc/2025/M47%20HIL%20V%20PAC%20POST%20MATCH%20REPORT.pdf,30,Aviles HURTADO,18.0,16.0,89.0,0.0,0.0,0.0,5.0,5.0,100.0,0.0,0.0,0.0,0.0,0.0,44,1.0,1.0,0.0,0.0,2.0,11.0,0.0,0.0,0.0,0.0,1.0,11.0,5.0,1.0,0.0,48,4334.4,1390.8,1815.0,719.6,285.9,123.1,69.0,23.0,30.9,51
fcsalzburg:52,fcsalzburg,FC Salzburg,48,2025-06-26,https://www.fifatrainingcentre.com/media/native/tournaments/fcwc/2025/M48%20SAL%20V%20RMA%20POST%20MATCH%20REPORT.pdf,52,Christian ZAWIESCHITZKY,30.0,28.0,93.0,0.0,0.0,0.0,7.0,6.0,86.0,0.0,0.0,0.0,0.0,0.0,42,0.0,0.0,0.0,0.0,0.0,0.0,0.0,0.0,0.0,0.0,5.0,0.0,0.0,6.0,0.0,47,4889.8,3371.5,1351.2,136.1,31.0,0.0,13.0,2.0,24.6,50
fcsalzburg:2,fcsalzburg,FC Salzburg,48,2025-06-26,https://www.fifatrainingcentre.com/media/native/tournaments/fcwc/2025/M48%20SAL%20V%20RMA%20POST%20MATCH%20REPORT.pdf,2,Jacob RASMUSSEN,84.0,79.0,94.0,0.0,0.0,0.0,30.0,29.0,97.0,0.0,0.0,0.0,0.0,0.0,42,2.0,1.0,5.0,3.0,3.0,1.0,2.0,0.0,2.0,6.0,5.0,1.0,0.0,8.0,6.0,47,10047.6,4351.5,3870.0,1162.0,512.9,151.3,100.0,35.0,30.0,50
fcsalzburg:5,fcsalzburg,FC Salzburg,48,2025-06-26,https://www.fifatrainingcentre.com/media/native/tournaments/fcwc/2025/M48%20SAL%20V%20RMA%20POST%20MATCH%20REPORT.pdf,5,Soumaila DIABATE,44.0,43.0,98.0,1.0,0.0,0.0,7.0,7.0,100.0,1.0,0.0,1.0,0.0,0.0,42,3.0,1.0,7.0,0.0,5.0,16.0,0.0,0.0,0.0,2.0,7.0,37.0,13.0,4.0,7.0,47,9738.1,2501.4,4718.8,1927.6,462.7,127.7,163.0,32.0,31.6,50
fcsalzburg:13,fcsalzburg,FC Salzburg,48,2025-06-26,https://www.fifatrainingcentre.com/media/native/tournaments/fcwc/2025/M48%20SAL%20V%20RMA%20POST%20MATCH%20REPORT.pdf,13,Frans KRAETZIG,56.0,49.0,88.0,0.0,4.0,0.0,6.0,5.0,83.0,1.0,0.0,1.0,1.0,0.0,42,2.0,1.0,4.0,0.0,5.0,20.0,0.0,0.0,0.0,0.0,7.0,27.0,18.0,4.0,1.0,47,11022.9,3915.8,4126.7,1845.4,859.7,275.2,157.0,73.0,30.9,50
fcsalzburg:15,fcsalzburg,FC Salzburg,48,2025-06-26,https://www.fifatrainingcentre.com/media/native/tournaments/fcwc/2025/M48%20SAL%20V%20RMA%20POST%20MATCH%20REPORT.pdf,15,Mamady DIAMBOU,24.0,23.0,96.0,0.0,0.0,0.0,7.0,7.0,100.0,0.0,0.0,0.0,0.0,0.0,42,5.0,1.0,3.0,0.0,5.0,7.0,1.0,0.0,1.0,0.0,2.0,21.0,7.0,1.0,3.0,47,6392.0,1594.5,3123.3,1344.7,268.6,60.9,107.0,22.0,29.9,50
fcsalzburg:20,fcsalzburg,FC Salzburg,48,2025-06-26,https://www.fifatrainingcentre.com/media/native/tournaments/fcwc/2025/M48%20SAL%20V%20RMA%20POST%20MATCH%20REPORT.pdf,20,Edmund BAIDOO,28.0,26.0,93.0,1.0,0.0,0.0,7.0,6.0,86.0,2.0,2.0,0.0,1.0,0.0,42,10.0,2.0,3.0,0.0,11.0,32.0,0.0,0.0,0.0,0.0,5.0,26.0,18.0,3.0,4.0,47,11777.0,2885.2,5718.5,1881.2,911.3,381.0,168.0,68.0,32.5,50
fcsalzburg:21,fcsalzburg,FC Salzburg,48,2025-06-26,https://www.fifatrainingcentre.com/media/native/tournaments/fcwc/2025/M48%20SAL%20V%20RMA%20POST%20MATCH%20REPORT.pdf,21,Petar RATKOV,11.0,7.0,64.0,0.0,1.0,0.0,2.0,1.0,50.0,0.0,0.0,0.0,1.0,0.0,42,1.0,0.0,0.0,0.0,2.0,16.0,2.0,0.0,2.0,0.0,1.0,21.0,9.0,0.0,0.0,47,5735.7,1847.0,2744.4,830.4,250.6,63.3,71.0,19.0,29.2,50
fcsalzburg:22,fcsalzburg,FC Salzburg,48,2025-06-26,https://www.fifatrainingcentre.com/media/native/tournaments/fcwc/2025/M48%20SAL%20V%20RMA%20POST%20MATCH%20REPORT.pdf,22,Stefan LAINER,53.0,42.0,79.0,1.0,2.0,1.0,22.0,16.0,73.0,1.0,1.0,0.0,0.0,0.0,42,6.0,2.0,4.0,2.0,9.0,31.0,0.0,0.0,1.0,2.0,11.0,43.0,17.0,7.0,3.0,47,11386.9,3656.2,5062.4,1533.0,721.0,414.3,142.0,60.0,32.0,50
fcsalzburg:23,fcsalzburg,FC Salzburg,48,2025-06-26,https://www.fifatrainingcentre.com/media/native/tournaments/fcwc/2025/M48%20SAL%20V%20RMA%20POST%20MATCH%20REPORT.pdf,23,Joane GADOU,57.0,50.0,88.0,0.0,0.0,0.0,18.0,13.0,72.0,6.0,1.0,5.0,0.0,0.0,42,6.0,1.0,4.0,0.0,3.0,4.0,0.0,0.0,1.0,5.0,9.0,10.0,2.0,6.0,7.0,47,10177.6,4126.9,4169.1,989.7,537.4,354.5,83.0,50.0,35.8,50
fcsalzburg:30,fcsalzburg,FC Salzburg,48,2025-06-26,https://www.fifatrainingcentre.com/media/native/tournaments/fcwc/2025/M48%20SAL%20V%20RMA%20POST%20MATCH%20REPORT.pdf,30,Oscar GLOUKH,47.0,37.0,79.0,0.0,3.0,0.0,16.0,9.0,56.0,4.0,2.0,2.0,2.0,0.0,42,4.0,1.0,2.0,1.0,5.0,43.0,0.0,0.0,0.0,2.0,7.0,28.0,23.0,4.0,3.0,47,11306.5,3832.9,4889.8,1828.2,616.3,139.3,168.0,54.0,31.2,50
fcsalzburg:45,fcsalzburg,FC Salzburg,48,2025-06-26,https://www.fifatrainingcentre.com/media/native/tournaments/fcwc/2025/M48%20SAL%20V%20RMA%20POST%20MATCH%20REPORT.pdf,45,Dorgeles NENE,55.0,45.0,82.0,1.0,0.0,0.0,11.0,8.0,73.0,1.0,1.0,0.0,2.0,0.0,42,4.0,0.0,3.0,0.0,5.0,46.0,0.0,0.0,0.0,0.0,10.0,22.0,16.0,0.0,3.0,47,11238.7,3723.8,4925.1,1811.7,657.8,120.3,172.0,47.0,33.9,50
fcsalzburg:6,fcsalzburg,FC Salzburg,48,2025-06-26,https://www.fifatrainingcentre.com/media/native/tournaments/fcwc/2025/M48%20SAL%20V%20RMA%20POST%20MATCH%20REPORT.pdf,6,Samson BAIDOO,2.0,2.0,100.0,0.0,0.0,0.0,0.0,0.0,0.0,0.0,0.0,0.0,0.0,0.0,42,0.0,0.0,0.0,1.0,0.0,1.0,0.0,0.0,0.0,1.0,0.0,1.0,0.0,2.0,0.0,47,675.7,116.8,356.6,141.8,56.4,4.1,14.0,3.0,25.5,50
fcsalzburg:9,fcsalzburg,FC Salzburg,48,2025-06-26,https://www.fifatrainingcentre.com/media/native/tournaments/fcwc/2025/M48%20SAL%20V%20RMA%20POST%20MATCH%20REPORT.pdf,9,Karim ONISIWO,0.0,0.0,0.0,0.0,0.0,0.0,0.0,0.0,0.0,0.0,0.0,0.0,0.0,0.0,42,0.0,0.0,0.0,0.0,0.0,2.0,0.0,0.0,0.0,0.0,0.0,0.0,0.0,0.0,0.0,47,570.9,135.9,347.2,79.0,8.8,0.0,6.0,1.0,21.6,50
fcsalzburg:11,fcsalzburg,FC Salzburg,48,2025-06-26,https://www.fifatrainingcentre.com/media/native/tournaments/fcwc/2025/M48%20SAL%20V%20RMA%20POST%20MATCH%20REPORT.pdf,11,Yorbe VERTESSEN,7.0,5.0,71.0,0.0,0.0,0.0,2.0,1.0,50.0,0.0,0.0,0.0,1.0,0.0,42,0.0,0.0,0.0,0.0,1.0,8.0,0.0,0.0,1.0,0.0,2.0,5.0,3.0,0.0,0.0,47,2569.0,737.9,1151.2,433.7,152.3,93.9,39.0,12.0,28.5,50
fcsalzburg:14,fcsalzburg,FC Salzburg,48,2025-06-26,https://www.fifatrainingcentre.com/media/native/tournaments/fcwc/2025/M48%20SAL%20V%20RMA%20POST%20MATCH%20REPORT.pdf,14,Maurits KJAERGAARD,31.0,27.0,87.0,0.0,4.0,1.0,12.0,11.0,92.0,3.0,3.0,0.0,2.0,0.0,42,0.0,0.0,0.0,2.0,1.0,11.0,0.0,0.0,0.0,1.0,3.0,11.0,1.0,2.0,1.0,47,6325.3,1597.2,2975.8,1213.1,400.0,139.2,100.0,29.0,31.4,50
fcsalzburg:28,fcsalzburg,FC Salzburg,48,2025-06-26,https://www.fifatrainingcentre.com/media/native/tournaments/fcwc/2025/M48%20SAL%20V%20RMA%20POST%20MATCH%20REPORT.pdf,28,Adam DAGHIM,12.0,10.0,83.0,0.0,3.0,1.0,5.0,5.0,100.0,4.0,4.0,0.0,2.0,0.0,42,3.0,1.0,0.0,0.0,2.0,18.0,0.0,0.0,0.0,0.0,3.0,21.0,13.0,1.0,0.0,47,6340.5,1592.4,3181.4,846.6,373.4,346.8,76.0,40.0,35.1,50
realmadridcf:1,realmadridcf,Real Madrid C. F.,48,2025-06-26,https://www.fifatrainingcentre.com/media/native/tournaments/fcwc/2025/M48%20SAL%20V%20RMA%20POST%20MATCH%20REPORT.pdf,1,Thibaut COURTOIS,35.0,33.0,94.0,0.0,0.0,0.0,13.0,11.0,85.0,0.0,0.0,0.0,0.0,0.0,44,0.0,0.0,0.0,0.0,0.0,0.0,0.0,0.0,0.0,0.0,3.0,0.0,0.0,5.0,0.0,48,5469.6,4262.4,1108.9,71.6,18.1,8.7,5.0,2.0,25.9,51
realmadridcf:5,realmadridcf,Real Madrid C. F.,48,2025-06-26,https://www.fifatrainingcentre.com/media/native/tournaments/fcwc/2025/M48%20SAL%20V%20RMA%20POST%20MATCH%20REPORT.pdf,5,Jude BELLINGHAM,59.0,55.0,93.0,0.0,3.0,0.0,10.0,9.0,90.0,3.0,2.0,1.0,0.0,0.0,44,1.0,1.0,3.0,1.0,4.0,20.0,0.0,0.0,0.0,1.0,10.0,20.0,8.0,3.0,3.0,48,9835.0,3887.2,3710.9,1322.7,621.2,293.0,110.0,51.0,31.4,51
realmadridcf:7,realmadridcf,Real Madrid C. F.,48,2025-06-26,https://www.fifatrainingcentre.com/media/native/tournaments/fcwc/2025/M48%20SAL%20V%20RMA%20POST%20MATCH%20REPORT.pdf,7,VINICIUS JUNIOR,31.0,25.0,81.0,2.0,4.0,1.0,10.0,5.0,50.0,7.0,7.0,0.0,3.0,1.0,44,0.0,0.0,0.0,0.0,1.0,35.0,0.0,0.0,0.0,0.0,7.0,36.0,27.0,0.0,0.0,48,8153.2,3395.7,2644.9,1401.0,458.7,252.9,124.0,42.0,34.3,51
realmadridcf:8,realmadridcf,Real Madrid C. F.,48,2025-06-26,https://www.fifatrainingcentre.com/media/native/tournaments/fcwc/2025/M48%20SAL%20V%20RMA%20POST%20MATCH%20REPORT.pdf,8,Federico VALVERDE,55.0,49.0,89.0,2.0,0.0,0.0,10.0,8.0,80.0,3.0,2.0,1.0,3.0,1.0,44,1.0,0.0,2.0,1.0,3.0,35.0,1.0,0.0,1.0,1.0,8.0,42.0,13.0,1.0,3.0,48,9552.2,2806.3,4202.8,1656.8,624.5,261.9,136.0,47.0,33.9,51
realmadridcf:12,realmadridcf,Real Madrid C. F.,48,2025-06-26,https://www.fifatrainingcentre.com/media/native/tournaments/fcwc/2025/M48%20SAL%20V%20RMA%20POST%20MATCH%20REPORT.pdf,12,Trent ALEXANDERARNOLD,64.0,53.0,83.0,1.0,8.0,2.0,20.0,13.0,65.0,2.0,2.0,0.0,0.0,0.0,44,4.0,2.0,6.0,2.0,5.0,19.0,0.0,0.0,0.0,4.0,3.0,19.0,12.0,9.0,2.0,48,10596.8,4033.1,4465.5,1386.3,536.2,175.6,122.0,41.0,33.4,51
realmadridcf:14,realmadridcf,Real Madrid C. F.,48,2025-06-26,https://www.fifatrainingcentre.com/media/native/tournaments/fcwc/2025/M48%20SAL%20V%20RMA%20POST%20MATCH%20REPORT.pdf,14,Aurelien TCHOUAMENI,76.0,73.0,96.0,0.0,0.0,0.0,14.0,11.0,79.0,0.0,0.0,0.0,1.0,0.0,44,1.0,1.0,4.0,2.0,1.0,2.0,2.0,0.0,2.0,1.0,5.0,5.0,1.0,7.0,1.0,48,10578.5,4031.3,4723.4,1429.5,267.0,127.4,127.0,22.0,29.0,51
realmadridcf:15,realmadridcf,Real Madrid C. F.,48,2025-06-26,https://www.fifatrainingcentre.com/media/native/tournaments/fcwc/2025/M48%20SAL%20V%20RMA%20POST%20MATCH%20REPORT.pdf,15,Arda GULER,65.0,60.0,92.0,2.0,2.0,0.0,10.0,8.0,80.0,1.0,1.0,0.0,1.0,0.0,44,4.0,2.0,4.0,1.0,4.0,22.0,1.0,0.0,1.0,0.0,7.0,16.0,5.0,5.0,2.0,48,9124.3,2418.2,4636.2,1620.7,359.8,89.4,140.0,27.0,30.3,51
realmadridcf:20,realmadridcf,Real Madrid C. F.,48,2025-06-26,https://www.fifatrainingcentre.com/media/native/tournaments/fcwc/2025/M48%20SAL%20V%20RMA%20POST%20MATCH%20REPORT.pdf,20,Fran GARCIA,62.0,54.0,87.0,0.0,2.0,0.0,10.0,8.0,80.0,6.0,5.0,1.0,0.0,0.0,44,5.0,2.0,1.0,2.0,5.0,25.0,0.0,0.0,0.0,2.0,6.0,32.0,16.0,5.0,1.0,48,11826.5,3799.7,4727.6,1719.7,961.0,618.5,144.0,78.0,33.3,51
realmadridcf:22,realmadridcf,Real Madrid C. F.,48,2025-06-26,https://www.fifatrainingcentre.com/media/native/tournaments/fcwc/2025/M48%20SAL%20V%20RMA%20POST%20MATCH%20REPORT.pdf,22,Antonio RUEDIGER,54.0,50.0,93.0,0.0,1.0,0.0,13.0,10.0,77.0,4.0,3.0,1.0,1.0,0.0,44,1.0,0.0,1.0,0.0,3.0,3.0,1.0,0.0,1.0,1.0,3.0,3.0,2.0,2.0,1.0,48,7514.4,3031.3,3000.7,878.0,445.8,158.6,76.0,33.0,31.7,51
realmadridcf:24,realmadridcf,Real Madrid C. F.,48,2025-06-26,https://www.fifatrainingcentre.com/media/native/tournaments/fcwc/2025/M48%20SAL%20V%20RMA%20POST%20MATCH%20REPORT.pdf,24,Dean HUIJSEN,84.0,75.0,89.0,0.0,0.0,0.0,31.0,23.0,74.0,9.0,1.0,8.0,1.0,0.0,44,1.0,0.0,3.0,3.0,1.0,2.0,3.0,0.0,3.0,4.0,10.0,1.0,1.0,5.0,3.0,48,11064.5,3747.6,4985.9,1603.2,559.8,168.0,129.0,52.0,31.7,51
realmadridcf:30,realmadridcf,Real Madrid C. F.,48,2025-06-26,https://www.fifatrainingcentre.com/media/native/tournaments/fcwc/2025/M48%20SAL%20V%20RMA%20POST%20MATCH%20REPORT.pdf,30,Gonzalo GARCIA,18.0,14.0,78.0,0.0,1.0,1.0,3.0,3.0,100.0,3.0,2.0,1.0,2.0,1.0,44,4.0,3.0,5.0,0.0,5.0,25.0,1.0,0.0,1.0,0.0,6.0,17.0,12.0,5.0,4.0,48,11128.5,4453.7,3966.4,1388.3,822.5,497.7,116.0,78.0,34.6,51
realmadridcf:10,realmadridcf,Real Madrid C. F.,48,2025-06-26,https://www.fifatrainingcentre.com/media/native/tournaments/fcwc/2025/M48%20SAL%20V%20RMA%20POST%20MATCH%20REPORT.pdf,10,Luka MODRIC,19.0,17.0,89.0,0.0,1.0,0.0,3.0,3.0,100.0,1.0,1.0,0.0,0.0,0.0,44,1.0,0.0,3.0,0.0,0.0,8.0,0.0,0.0,0.0,0.0,2.0,6.0,1.0,1.0,2.0,48,3081.6,988.8,1352.6,566.8,155.9,17.6,49.0,13.0,26.6,51
realmadridcf:11,realmadridcf,Real Madrid C. F.,48,2025-06-26,https://www.fifatrainingcentre.com/media/native/tournaments/fcwc/2025/M48%20SAL%20V%20RMA%20POST%20MATCH%20REPORT.pdf,11,RODRYGO,11.0,11.0,100.0,0.0,0.0,0.0,3.0,3.0,100.0,2.0,1.0,1.0,1.0,0.0,44,2.0,2.0,0.0,0.0,2.0,12.0,0.0,0.0,0.0,0.0,0.0,10.0,9.0,2.0,0.0,48,3206.4,1035.6,1235.9,508.9,316.0,110.0,45.0,20.0,31.7,51
realmadridcf:19,realmadridcf,Real Madrid C. F.,48,2025-06-26,https://www.fifatrainingcentre.com/media/native/tournaments/fcwc/2025/M48%20SAL%20V%20RMA%20POST%20MATCH%20REPORT.pdf,19,Dani CEBALLOS,19.0,19.0,100.0,0.0,0.0,0.0,5.0,5.0,100.0,1.0,0.0,1.0,0.0,0.0,44,0.0,0.0,1.0,1.0,3.0,12.0,0.0,0.0,0.0,0.0,5.0,7.0,4.0,1.0,1.0,48,2529.8,683.9,1250.2,405.5,139.9,50.2,35.0,10.0,27.5,51
realmadridcf:21,realmadridcf,Real Madrid C. F.,48,2025-06-26,https://www.fifatrainingcentre.com/media/native/tournaments/fcwc/2025/M48%20SAL%20V%20RMA%20POST%20MATCH%20REPORT.pdf,21,Brahim DIAZ,7.0,6.0,86.0,0.0,0.0,0.0,0.0,0.0,0.0,0.0,0.0,0.0,0.0,0.0,44,1.0,1.0,0.0,0.0,0.0,8.0,0.0,0.0,0.0,1.0,1.0,3.0,2.0,1.0,1.0,48,1452.4,462.5,564.9,208.8,131.1,85.1,20.0,9.0,29.9,51
realmadridcf:31,realmadridcf,Real Madrid C. F.,48,2025-06-26,https://www.fifatrainingcentre.com/media/native/tournaments/fcwc/2025/M48%20SAL%20V%20RMA%20POST%20MATCH%20REPORT.pdf,31,Jacobo RAMON,13.0,10.0,77.0,0.0,0.0,0.0,6.0,4.0,67.0,0.0,0.0,0.0,0.0,0.0,44,1.0,0.0,4.0,0.0,2.0,5.0,1.0,0.0,1.0,2.0,2.0,3.0,2.0,2.0,5.0,48,2917.2,1022.5,1316.8,437.4,95.6,45.0,36.0,8.0,33.3,51
palmeiras:21,palmeiras,Palmeiras,49,2025-06-28,https://www.fifatrainingcentre.com/media/native/tournaments/fcwc/2025/M49%20PAL%20V%20BOT%20POST%20MATCH%20REPORT.pdf,21,WEVERTON,43.0,20.0,47.0,0.0,0.0,0.0,24.0,4.0,17.0,0.0,0.0,0.0,0.0,0.0,43,0.0,0.0,0.0,0.0,0.0,0.0,0.0,0.0,0.0,0.0,1.0,0.0,0.0,5.0,0.0,48,7099.0,5913.8,1051.9,123.4,10.0,0.0,13.0,1.0,24.0,51
palmeiras:3,palmeiras,Palmeiras,49,2025-06-28,https://www.fifatrainingcentre.com/media/native/tournaments/fcwc/2025/M49%20PAL%20V%20BOT%20POST%20MATCH%20REPORT.pdf,3,BRUNO FUCHS,55.0,52.0,95.0,2.0,0.0,0.0,14.0,11.0,79.0,1.0,0.0,1.0,1.0,0.0,43,3.0,0.0,3.0,4.0,4.0,2.0,2.0,0.0,2.0,6.0,3.0,12.0,3.0,8.0,5.0,48,11451.8,6488.0,3279.3,1057.2,510.0,117.2,95.0,43.0,31.8,51
palmeiras:4,palmeiras,Palmeiras,49,2025-06-28,https://www.fifatrainingcentre.com/media/native/tournaments/fcwc/2025/M49%20PAL%20V%20BOT%20POST%20MATCH%20REPORT.pdf,4,Agustin GIAY,50.0,42.0,84.0,0.0,1.0,0.0,24.0,15.0,62.0,7.0,4.0,3.0,1.0,0.0,43,6.0,1.0,4.0,0.0,9.0,15.0,0.0,0.0,0.0,3.0,9.0,28.0,14.0,7.0,2.0,48,12721.4,5313.1,5352.1,1280.3,513.2,262.6,119.0,40.0,32.2,51
palmeiras:8,palmeiras,Palmeiras,49,2025-06-28,https://www.fifatrainingcentre.com/media/native/tournaments/fcwc/2025/M49%20PAL%20V%20BOT%20POST%20MATCH%20REPORT.pdf,8,Richard RIOS,49.0,41.0,84.0,2.0,1.0,0.0,14.0,11.0,79.0,0.0,0.0,0.0,3.0,0.0,43,5.0,1.0,2.0,0.0,10.0,20.0,1.0,0.0,1.0,2.0,8.0,15.0,8.0,1.0,3.0,48,13431.6,5933.4,4462.2,1937.0,836.3,262.8,155.0,67.0,30.6,51
palmeiras:9,palmeiras,Palmeiras,49,2025-06-28,https://www.fifatrainingcentre.com/media/native/tournaments/fcwc/2025/M49%20PAL%20V%20BOT%20POST%20MATCH%20REPORT.pdf,9,VITOR ROQUE,6.0,3.0,50.0,0.0,0.0,0.0,0.0,0.0,0.0,0.0,0.0,0.0,4.0,0.0,43,1.0,1.0,1.0,0.0,3.0,18.0,1.0,0.0,2.0,0.0,6.0,11.0,9.0,2.0,0.0,48,6467.3,2856.4,2291.4,631.3,406.6,281.5,57.0,43.0,32.9,51
palmeiras:15,palmeiras,Palmeiras,49,2025-06-28,https://www.fifatrainingcentre.com/media/native/tournaments/fcwc/2025/M49%20PAL%20V%20BOT%20POST%20MATCH%20REPORT.pdf,15,Gustavo GOMEZ,51.0,48.0,94.0,2.0,0.0,0.0,14.0,11.0,79.0,0.0,0.0,0.0,2.0,0.0,43,3.0,1.0,6.0,2.0,7.0,3.0,1.0,0.0,1.0,5.0,8.0,16.0,5.0,5.0,7.0,48,11693.2,5911.1,3885.8,1300.7,456.7,138.9,119.0,38.0,30.6,51
palmeiras:18,palmeiras,Palmeiras,49,2025-06-28,https://www.fifatrainingcentre.com/media/native/tournaments/fcwc/2025/M49%20PAL%20V%20BOT%20POST%20MATCH%20REPORT.pdf,18,MAURICIO,25.0,22.0,88.0,1.0,3.0,0.0,7.0,4.0,57.0,0.0,0.0,0.0,2.0,0.0,43,2.0,0.0,3.0,0.0,2.0,37.0,0.0,0.0,0.0,0.0,2.0,20.0,12.0,1.0,1.0,48,9484.8,3443.4,3817.3,1640.1,515.2,68.7,148.0,41.0,30.1,51
palmeiras:22,palmeiras,Palmeiras,49,2025-06-28,https://www.fifatrainingcentre.com/media/native/tournaments/fcwc/2025/M49%20PAL%20V%20BOT%20POST%20MATCH%20REPORT.pdf,22,Joaquin PIQUEREZ,69.0,60.0,87.0,0.0,5.0,2.0,19.0,13.0,68.0,2.0,1.0,1.0,0.0,0.0,43,3.0,0.0,5.0,2.0,7.0,30.0,1.0,0.0,2.0,3.0,9.0,22.0,13.0,4.0,7.0,48,13334.5,6135.8,4346.9,1597.9,856.0,398.0,143.0,70.0,32.1,51
palmeiras:32,palmeiras,Palmeiras,49,2025-06-28,https://www.fifatrainingcentre.com/media/native/tournaments/fcwc/2025/M49%20PAL%20V%20BOT%20POST%20MATCH%20REPORT.pdf,32,Emiliano MARTINEZ,43.0,38.0,88.0,1.0,1.0,0.0,11.0,7.0,64.0,0.0,0.0,0.0,0.0,0.0,43,2.0,1.0,2.0,0.0,4.0,11.0,2.0,0.0,2.0,5.0,8.0,12.0,1.0,6.0,2.0,48,10747.8,4316.2,4593.6,1298.6,415.0,124.3,114.0,38.0,30.1,51
palmeiras:40,palmeiras,Palmeiras,49,2025-06-28,https://www.fifatrainingcentre.com/media/native/tournaments/fcwc/2025/M49%20PAL%20V%20BOT%20POST%20MATCH%20REPORT.pdf,40,ALLAN,14.0,13.0,93.0,0.0,5.0,2.0,4.0,3.0,75.0,5.0,4.0,1.0,0.0,0.0,43,4.0,1.0,0.0,0.0,1.0,10.0,0.0,0.0,0.0,0.0,5.0,12.0,5.0,1.0,1.0,48,7742.9,3352.7,2648.1,1056.3,521.4,164.3,84.0,34.0,30.5,51
palmeiras:41,palmeiras,Palmeiras,49,2025-06-28,https://www.fifatrainingcentre.com/media/native/tournaments/fcwc/2025/M49%20PAL%20V%20BOT%20POST%20MATCH%20REPORT.pdf,41,ESTEVAO,19.0,12.0,63.0,0.0,8.0,2.0,5.0,2.0,40.0,4.0,4.0,0.0,1.0,0.0,43,2.0,0.0,2.0,1.0,4.0,21.0,0.0,0.0,0.0,0.0,4.0,16.0,7.0,1.0,3.0,48,6518.2,2657.8,2280.1,1027.1,338.0,215.1,73.0,32.0,32.7,51
palmeiras:5,palmeiras,Palmeiras,49,2025-06-28,https://www.fifatrainingcentre.com/media/native/tournaments/fcwc/2025/M49%20PAL%20V%20BOT%20POST%20MATCH%20REPORT.pdf,5,Anibal MORENO,11.0,11.0,100.0,0.0,0.0,0.0,5.0,5.0,100.0,0.0,0.0,0.0,0.0,0.0,43,2.0,0.0,3.0,0.0,4.0,5.0,0.0,0.0,0.0,0.0,5.0,0.0,0.0,0.0,2.0,48,4078.6,1674.5,1685.6,460.1,223.4,35.1,45.0,18.0,27.0,51
palmeiras:10,palmeiras,Palmeiras,49,2025-06-28,https://www.fifatrainingcentre.com/media/native/tournaments/fcwc/2025/M49%20PAL%20V%20BOT%20POST%20MATCH%20REPORT.pdf,10,PAULINHO,15.0,14.0,93.0,0.0,1.0,0.0,4.0,4.0,100.0,1.0,1.0,0.0,3.0,1.0,43,0.0,0.0,0.0,0.0,0.0,9.0,0.0,0.0,0.0,0.0,0.0,6.0,4.0,0.0,0.0,48,4340.3,2053.7,1429.0,458.7,347.3,51.6,41.0,25.0,29.3,51
palmeiras:12,palmeiras,Palmeiras,49,2025-06-28,https://www.fifatrainingcentre.com/media/native/tournaments/fcwc/2025/M49%20PAL%20V%20BOT%20POST%20MATCH%20REPORT.pdf,12,MAYKE,11.0,9.0,82.0,0.0,1.0,1.0,2.0,0.0,0.0,1.0,1.0,0.0,0.0,0.0,43,1.0,0.0,1.0,1.0,1.0,7.0,1.0,0.0,1.0,1.0,4.0,2.0,1.0,2.0,1.0,48,6299.3,2641.2,2272.4,819.3,386.2,180.2,72.0,29.0,30.8,51
palmeiras:13,palmeiras,Palmeiras,49,2025-06-28,https://www.fifatrainingcentre.com/media/native/tournaments/fcwc/2025/M49%20PAL%20V%20BOT%20POST%20MATCH%20REPORT.pdf,13,MICAEL,0.0,0.0,0.0,0.0,0.0,0.0,0.0,0.0,0.0,0.0,0.0,0.0,0.0,0.0,43,0.0,0.0,0.0,0.0,0.0,1.0,0.0,0.0,0.0,4.0,0.0,1.0,0.0,3.0,2.0,48,2103.6,1183.7,649.2,154.2,98.0,18.6,14.0,8.0,29.5,51
palmeiras:17,palmeiras,Palmeiras,49,2025-06-28,https://www.fifatrainingcentre.com/media/native/tournaments/fcwc/2025/M49%20PAL%20V%20BOT%20POST%20MATCH%20REPORT.pdf,17,Facundo TORRES,18.0,13.0,72.0,0.0,3.0,0.0,5.0,3.0,60.0,2.0,2.0,0.0,1.0,0.0,43,1.0,0.0,0.0,0.0,3.0,15.0,0.0,0.0,0.0,1.0,5.0,10.0,7.0,0.0,0.0,48,5578.0,1988.7,2483.4,790.3,254.1,61.5,74.0,19.0,29.9,51
palmeiras:31,palmeiras,Palmeiras,49,2025-06-28,https://www.fifatrainingcentre.com/media/native/tournaments/fcwc/2025/M49%20PAL%20V%20BOT%20POST%20MATCH%20REPORT.pdf,31,LUIGHI,13.0,11.0,85.0,0.0,0.0,0.0,0.0,0.0,0.0,1.0,1.0,0.0,1.0,0.0,43,0.0,0.0,4.0,0.0,1.0,30.0,1.0,0.0,1.0,0.0,2.0,18.0,9.0,1.0,2.0,48,7334.3,2874.1,3116.1,911.9,292.8,139.4,84.0,25.0,31.2,51
botafogo:12,botafogo,Botafogo,49,2025-06-28,https://www.fifatrainingcentre.com/media/native/tournaments/fcwc/2025/M49%20PAL%20V%20BOT%20POST%20MATCH%20REPORT.pdf,12,JOHN,34.0,30.0,88.0,0.0,0.0,0.0,11.0,7.0,64.0,0.0,0.0,0.0,0.0,0.0,45,0.0,0.0,0.0,0.0,0.0,0.0,0.0,0.0,0.0,0.0,9.0,0.0,0.0,10.0,0.0,49,7316.1,6038.2,1036.6,197.4,37.3,6.6,17.0,3.0,26.2,52
botafogo:2,botafogo,Botafogo,49,2025-06-28,https://www.fifatrainingcentre.com/media/native/tournaments/fcwc/2025/M49%20PAL%20V%20BOT%20POST%20MATCH%20REPORT.pdf,2,VITINHO,50.0,47.0,94.0,3.0,3.0,1.0,11.0,10.0,91.0,0.0,0.0,0.0,2.0,0.0,45,9.0,1.0,6.0,2.0,4.0,15.0,2.0,1.0,3.0,6.0,7.0,17.0,5.0,5.0,8.0,49,13354.8,5401.3,5168.8,1840.2,744.4,200.2,180.0,67.0,31.3,52
botafogo:5,botafogo,Botafogo,49,2025-06-28,https://www.fifatrainingcentre.com/media/native/tournaments/fcwc/2025/M49%20PAL%20V%20BOT%20POST%20MATCH%20REPORT.pdf,5,DANILO,41.0,35.0,85.0,0.0,0.0,0.0,10.0,8.0,80.0,2.0,1.0,1.0,0.0,0.0,45,3.0,2.0,3.0,1.0,3.0,3.0,1.0,0.0,2.0,1.0,2.0,3.0,1.0,4.0,1.0,49,9206.4,3499.8,4038.9,1189.1,368.8,109.8,105.0,33.0,30.0,52
botafogo:7,botafogo,Botafogo,49,2025-06-28,https://www.fifatrainingcentre.com/media/native/tournaments/fcwc/2025/M49%20PAL%20V%20BOT%20POST%20MATCH%20REPORT.pdf,7,ARTUR,43.0,32.0,74.0,3.0,5.0,2.0,10.0,6.0,60.0,3.0,2.0,1.0,3.0,0.0,45,6.0,2.0,3.0,0.0,4.0,19.0,2.0,0.0,2.0,0.0,8.0,17.0,12.0,3.0,0.0,49,12847.7,6063.8,4395.3,1439.8,624.6,324.3,128.0,56.0,33.3,52
botafogo:10,botafogo,Botafogo,49,2025-06-28,https://www.fifatrainingcentre.com/media/native/tournaments/fcwc/2025/M49%20PAL%20V%20BOT%20POST%20MATCH%20REPORT.pdf,10,Jefferson SAVARINO,16.0,12.0,75.0,1.0,1.0,0.0,4.0,3.0,75.0,1.0,0.0,1.0,2.0,0.0,45,0.0,0.0,2.0,0.0,0.0,15.0,0.0,0.0,0.0,0.0,0.0,9.0,7.0,0.0,1.0,49,8375.2,3378.3,3087.2,1346.7,478.6,84.4,110.0,36.0,28.1,52
botafogo:13,botafogo,Botafogo,49,2025-06-28,https://www.fifatrainingcentre.com/media/native/tournaments/fcwc/2025/M49%20PAL%20V%20BOT%20POST%20MATCH%20REPORT.pdf,13,ALEX TELLES,11.0,10.0,91.0,0.0,2.0,0.0,3.0,2.0,67.0,0.0,0.0,0.0,0.0,0.0,45,2.0,0.0,1.0,0.0,3.0,9.0,1.0,0.0,1.0,1.0,2.0,8.0,4.0,0.0,0.0,49,7043.7,2973.2,2698.9,820.7,455.1,95.9,81.0,35.0,29.0,52
botafogo:17,botafogo,Botafogo,49,2025-06-28,https://www.fifatrainingcentre.com/media/native/tournaments/fcwc/2025/M49%20PAL%20V%20BOT%20POST%20MATCH%20REPORT.pdf,17,MARLON FREITAS,84.0,78.0,93.0,1.0,0.0,0.0,15.0,12.0,80.0,2.0,2.0,0.0,1.0,0.0,45,4.0,0.0,3.0,0.0,7.0,20.0,0.0,0.0,1.0,2.0,7.0,12.0,6.0,1.0,4.0,49,11704.7,3956.6,5528.5,1675.6,496.9,47.1,147.0,33.0,27.7,52
botafogo:20,botafogo,Botafogo,49,2025-06-28,https://www.fifatrainingcentre.com/media/native/tournaments/fcwc/2025/M49%20PAL%20V%20BOT%20POST%20MATCH%20REPORT.pdf,20,Alexander BARBOZA,73.0,62.0,85.0,0.0,0.0,0.0,15.0,8.0,53.0,0.0,0.0,0.0,0.0,0.0,45,7.0,3.0,2.0,1.0,1.0,4.0,2.0,0.0,2.0,6.0,8.0,5.0,1.0,8.0,7.0,49,12342.5,5142.2,5469.0,1173.3,454.9,103.1,105.0,38.0,29.0,52
botafogo:25,botafogo,Botafogo,49,2025-06-28,https://www.fifatrainingcentre.com/media/native/tournaments/fcwc/2025/M49%20PAL%20V%20BOT%20POST%20MATCH%20REPORT.pdf,25,ALLAN,36.0,33.0,92.0,0.0,1.0,0.0,9.0,6.0,67.0,0.0,0.0,0.0,0.0,0.0,45,1.0,1.0,2.0,0.0,0.0,35.0,0.0,0.0,1.0,0.0,4.0,27.0,17.0,2.0,1.0,49,7351.0,2809.6,2811.6,1126.4,468.2,135.2,93.0,38.0,30.2,52
botafogo:32,botafogo,Botafogo,49,2025-06-28,https://www.fifatrainingcentre.com/media/native/tournaments/fcwc/2025/M49%20PAL%20V%20BOT%20POST%20MATCH%20REPORT.pdf,32,JAIR CUNHA,45.0,40.0,89.0,0.0,0.0,0.0,10.0,8.0,80.0,1.0,0.0,1.0,0.0,0.0,45,1.0,0.0,5.0,1.0,1.0,2.0,2.0,0.0,3.0,7.0,2.0,2.0,0.0,3.0,12.0,49,7558.9,3200.2,3359.6,668.5,264.2,66.5,68.0,26.0,30.5,52
botafogo:99,botafogo,Botafogo,49,2025-06-28,https://www.fifatrainingcentre.com/media/native/tournaments/fcwc/2025/M49%20PAL%20V%20BOT%20POST%20MATCH%20REPORT.pdf,99,IGOR JESUS,13.0,8.0,62.0,0.0,1.0,0.0,2.0,2.0,100.0,4.0,2.0,2.0,5.0,0.0,45,2.0,2.0,1.0,0.0,2.0,21.0,5.0,0.0,5.0,3.0,3.0,29.0,13.0,2.0,3.0,49,12650.1,5757.1,5046.3,1087.0,479.8,279.9,100.0,46.0,32.7,52
botafogo:8,botafogo,Botafogo,49,2025-06-28,https://www.fifatrainingcentre.com/media/native/tournaments/fcwc/2025/M49%20PAL%20V%20BOT%20POST%20MATCH%20REPORT.pdf,8,Alvaro MONTORO,17.0,17.0,100.0,0.0,2.0,1.0,6.0,6.0,100.0,2.0,2.0,0.0,0.0,0.0,45,3.0,0.0,1.0,0.0,0.0,18.0,2.0,0.0,2.0,2.0,2.0,11.0,9.0,3.0,3.0,49,5970.0,3156.9,2079.5,557.6,164.2,11.8,48.0,13.0,28.0,52
botafogo:21,botafogo,Botafogo,49,2025-06-28,https://www.fifatrainingcentre.com/media/native/tournaments/fcwc/2025/M49%20PAL%20V%20BOT%20POST%20MATCH%20REPORT.pdf,21,MARCAL,0.0,0.0,0.0,0.0,0.0,0.0,0.0,0.0,0.0,0.0,0.0,0.0,0.0,0.0,45,0.0,0.0,0.0,0.0,0.0,0.0,0.0,0.0,0.0,0.0,0.0,0.0,0.0,0.0,0.0,49,0.0,0.0,0.0,0.0,0.0,0.0,0.0,0.0,0.0,52
botafogo:28,botafogo,Botafogo,49,2025-06-28,https://www.fifatrainingcentre.com/media/native/tournaments/fcwc/2025/M49%20PAL%20V%20BOT%20POST%20MATCH%20REPORT.pdf,28,NEWTON,26.0,24.0,92.0,0.0,0.0,0.0,5.0,4.0,80.0,0.0,0.0,0.0,2.0,0.0,45,2.0,0.0,1.0,0.0,5.0,1.0,0.0,0.0,0.0,3.0,3.0,2.0,1.0,0.0,4.0,49,5550.2,1904.4,2658.5,775.2,177.7,34.4,75.0,18.0,32.0,52
botafogo:30,botafogo,Botafogo,49,2025-06-28,https://www.fifatrainingcentre.com/media/native/tournaments/fcwc/2025/M49%20PAL%20V%20BOT%20POST%20MATCH%20REPORT.pdf,30,Joaquin CORREA,43.0,35.0,81.0,0.0,5.0,3.0,16.0,10.0,62.0,3.0,2.0,1.0,0.0,0.0,45,6.0,1.0,0.0,1.0,6.0,11.0,0.0,0.0,0.0,0.0,3.0,10.0,7.0,2.0,2.0,49,7060.7,2612.9,2554.7,1321.1,480.5,91.6,114.0,33.0,30.7,52
botafogo:31,botafogo,Botafogo,49,2025-06-28,https://www.fifatrainingcentre.com/media/native/tournaments/fcwc/2025/M49%20PAL%20V%20BOT%20POST%20MATCH%20REPORT.pdf,31,KAIO,25.0,24.0,96.0,0.0,0.0,0.0,5.0,4.0,80.0,1.0,0.0,1.0,1.0,0.0,45,1.0,0.0,0.0,0.0,2.0,1.0,4.0,0.0,4.0,3.0,3.0,4.0,2.0,4.0,2.0,49,5027.5,2124.0,2037.5,571.7,192.6,101.7,54.0,17.0,30.5,52
botafogo:66,botafogo,Botafogo,49,2025-06-28,https://www.fifatrainingcentre.com/media/native/tournaments/fcwc/2025/M49%20PAL%20V%20BOT%20POST%20MATCH%20REPORT.pdf,66,CUIABANO,9.0,8.0,89.0,0.0,2.0,2.0,2.0,2.0,100.0,1.0,1.0,0.0,1.0,0.0,45,1.0,0.0,4.0,0.0,2.0,8.0,2.0,0.0,2.0,1.0,2.0,4.0,1.0,1.0,4.0,49,6673.2,2748.0,2357.6,958.2,486.5,122.9,81.0,36.0,30.7,52
botafogo:98,botafogo,Botafogo,49,2025-06-28,https://www.fifatrainingcentre.com/media/native/tournaments/fcwc/2025/M49%20PAL%20V%20BOT%20POST%20MATCH%20REPORT.pdf,98,ARTHUR CABRAL,4.0,4.0,100.0,0.0,0.0,0.0,0.0,0.0,0.0,0.0,0.0,0.0,0.0,0.0,45,2.0,1.0,0.0,0.0,3.0,5.0,0.0,0.0,0.0,0.0,0.0,4.0,1.0,1.0,1.0,49,2700.9,1249.4,890.1,348.4,153.8,59.2,29.0,10.0,29.9,52
slbenfica:1,slbenfica,SL Benfica,50,2025-06-28,https://www.fifatrainingcentre.com/media/native/tournaments/fcwc/2025/M50%20SLB%20V%20CHE%20POST%20MATCH%20REPORT.pdf,1,Anatoliy TRUBIN,46.0,34.0,74.0,0.0,0.0,0.0,18.0,9.0,50.0,0.0,0.0,0.0,0.0,0.0,43,0.0,0.0,0.0,0.0,0.0,0.0,0.0,0.0,0.0,0.0,4.0,0.0,0.0,10.0,0.0,48,6266.1,4932.5,1157.3,124.6,40.4,11.4,10.0,4.0,41.2,51
slbenfica:4,slbenfica,SL Benfica,50,2025-06-28,https://www.fifatrainingcentre.com/media/native/tournaments/fcwc/2025/M50%20SLB%20V%20CHE%20POST%20MATCH%20REPORT.pdf,4,ANTONIO SILVA,79.0,74.0,94.0,0.0,0.0,0.0,25.0,21.0,84.0,1.0,0.0,1.0,1.0,0.0,43,5.0,3.0,10.0,1.0,4.0,1.0,3.0,0.0,3.0,8.0,6.0,7.0,2.0,9.0,9.0,48,12171.0,5505.3,4894.2,1238.5,394.6,138.3,104.0,31.0,43.9,51
slbenfica:8,slbenfica,SL Benfica,50,2025-06-28,https://www.fifatrainingcentre.com/media/native/tournaments/fcwc/2025/M50%20SLB%20V%20CHE%20POST%20MATCH%20REPORT.pdf,8,Fredrik AURSNES,48.0,42.0,88.0,0.0,1.0,0.0,12.0,8.0,67.0,3.0,1.0,2.0,0.0,0.0,43,2.0,1.0,1.0,0.0,1.0,11.0,0.0,0.0,0.0,1.0,2.0,11.0,6.0,1.0,3.0,48,9029.0,3784.0,3557.6,1053.1,459.0,175.3,99.0,36.0,31.3,51
slbenfica:10,slbenfica,SL Benfica,50,2025-06-28,https://www.fifatrainingcentre.com/media/native/tournaments/fcwc/2025/M50%20SLB%20V%20CHE%20POST%20MATCH%20REPORT.pdf,10,Orkun KOKCU,38.0,28.0,74.0,1.0,0.0,0.0,14.0,9.0,64.0,2.0,0.0,2.0,0.0,0.0,43,2.0,0.0,0.0,0.0,4.0,15.0,0.0,0.0,0.0,0.0,4.0,10.0,8.0,0.0,0.0,48,8469.0,3736.8,3288.1,939.9,380.6,123.6,72.0,33.0,31.5,51
slbenfica:11,slbenfica,SL Benfica,50,2025-06-28,https://www.fifatrainingcentre.com/media/native/tournaments/fcwc/2025/M50%20SLB%20V%20CHE%20POST%20MATCH%20REPORT.pdf,11,Angel DI MARIA,39.0,33.0,85.0,1.0,5.0,1.0,15.0,11.0,73.0,2.0,1.0,1.0,4.0,1.0,43,3.0,0.0,1.0,0.0,4.0,44.0,0.0,0.0,0.0,0.0,3.0,36.0,27.0,0.0,0.0,48,12868.4,5677.6,5101.4,1351.2,505.2,233.1,125.0,39.0,39.8,51
slbenfica:14,slbenfica,SL Benfica,50,2025-06-28,https://www.fifatrainingcentre.com/media/native/tournaments/fcwc/2025/M50%20SLB%20V%20CHE%20POST%20MATCH%20REPORT.pdf,14,Evangelos PAVLIDIS,13.0,9.0,69.0,0.0,1.0,0.0,1.0,0.0,0.0,0.0,0.0,0.0,0.0,0.0,43,0.0,0.0,0.0,0.0,2.0,27.0,0.0,0.0,0.0,0.0,3.0,13.0,8.0,0.0,0.0,48,7726.5,3051.5,3487.8,850.1,253.9,83.3,95.0,22.0,29.9,51
slbenfica:18,slbenfica,SL Benfica,50,2025-06-28,https://www.fifatrainingcentre.com/media/native/tournaments/fcwc/2025/M50%20SLB%20V%20CHE%20POST%20MATCH%20REPORT.pdf,18,Leandro BARREIRO,38.0,36.0,95.0,0.0,0.0,0.0,7.0,6.0,86.0,1.0,1.0,0.0,0.0,0.0,43,5.0,1.0,1.0,2.0,10.0,34.0,0.0,0.0,0.0,2.0,5.0,33.0,19.0,6.0,3.0,48,14374.3,5526.8,5943.2,2243.4,554.0,106.9,182.0,44.0,37.9,51
slbenfica:21,slbenfica,SL Benfica,50,2025-06-28,https://www.fifatrainingcentre.com/media/native/tournaments/fcwc/2025/M50%20SLB%20V%20CHE%20POST%20MATCH%20REPORT.pdf,21,Andreas SCHJELDERUP,10.0,8.0,80.0,0.0,1.0,0.0,0.0,0.0,0.0,0.0,0.0,0.0,1.0,0.0,43,0.0,0.0,0.0,0.0,2.0,6.0,0.0,0.0,0.0,0.0,0.0,4.0,3.0,0.0,0.0,48,5092.5,2275.3,2002.1,544.7,199.1,71.3,48.0,15.0,28.0,51
slbenfica:26,slbenfica,SL Benfica,50,2025-06-28,https://www.fifatrainingcentre.com/media/native/tournaments/fcwc/2025/M50%20SLB%20V%20CHE%20POST%20MATCH%20REPORT.pdf,26,Samuel DAHL,44.0,40.0,91.0,0.0,0.0,0.0,19.0,15.0,79.0,4.0,1.0,3.0,0.0,0.0,43,3.0,1.0,2.0,2.0,7.0,27.0,0.0,0.0,0.0,2.0,5.0,30.0,27.0,5.0,2.0,48,13236.8,5190.3,5243.0,1764.7,750.0,288.9,146.0,66.0,41.9,51
slbenfica:30,slbenfica,SL Benfica,50,2025-06-28,https://www.fifatrainingcentre.com/media/native/tournaments/fcwc/2025/M50%20SLB%20V%20CHE%20POST%20MATCH%20REPORT.pdf,30,Nicolas OTAMENDI,59.0,50.0,85.0,0.0,1.0,1.0,20.0,17.0,85.0,1.0,0.0,1.0,1.0,0.0,43,1.0,0.0,8.0,1.0,2.0,9.0,0.0,0.0,0.0,7.0,5.0,14.0,3.0,5.0,8.0,48,12438.5,5430.3,4937.2,1429.8,455.8,185.2,119.0,37.0,43.7,51
slbenfica:61,slbenfica,SL Benfica,50,2025-06-28,https://www.fifatrainingcentre.com/media/native/tournaments/fcwc/2025/M50%20SLB%20V%20CHE%20POST%20MATCH%20REPORT.pdf,61,FLORENTINO LUIS,22.0,17.0,77.0,1.0,0.0,0.0,8.0,5.0,62.0,1.0,1.0,0.0,0.0,0.0,43,3.0,0.0,4.0,1.0,4.0,14.0,0.0,0.0,1.0,1.0,6.0,3.0,1.0,4.0,3.0,48,8519.8,2577.8,4306.1,1244.7,334.0,57.2,116.0,22.0,28.6,51
slbenfica:17,slbenfica,SL Benfica,50,2025-06-28,https://www.fifatrainingcentre.com/media/native/tournaments/fcwc/2025/M50%20SLB%20V%20CHE%20POST%20MATCH%20REPORT.pdf,17,Kerem AKTURKOGLU,11.0,9.0,82.0,0.0,0.0,0.0,4.0,3.0,75.0,0.0,0.0,0.0,1.0,0.0,43,1.0,0.0,0.0,1.0,1.0,12.0,0.0,0.0,0.0,0.0,2.0,8.0,5.0,1.0,0.0,48,8572.6,3711.8,3070.9,1086.8,590.4,112.8,100.0,44.0,31.3,51
slbenfica:19,slbenfica,SL Benfica,50,2025-06-28,https://www.fifatrainingcentre.com/media/native/tournaments/fcwc/2025/M50%20SLB%20V%20CHE%20POST%20MATCH%20REPORT.pdf,19,Andrea BELOTTI,10.0,10.0,100.0,0.0,0.0,0.0,1.0,1.0,100.0,1.0,0.0,1.0,0.0,0.0,43,1.0,0.0,0.0,0.0,2.0,17.0,0.0,0.0,0.0,1.0,2.0,12.0,9.0,2.0,0.0,48,6034.9,2357.9,2362.9,702.2,393.7,218.2,62.0,32.0,42.3,51
slbenfica:25,slbenfica,SL Benfica,50,2025-06-28,https://www.fifatrainingcentre.com/media/native/tournaments/fcwc/2025/M50%20SLB%20V%20CHE%20POST%20MATCH%20REPORT.pdf,25,Gianluca PRESTIANNI,4.0,1.0,25.0,0.0,0.0,0.0,0.0,0.0,0.0,0.0,0.0,0.0,1.0,0.0,43,0.0,0.0,0.0,1.0,0.0,3.0,0.0,0.0,0.0,0.0,0.0,3.0,2.0,1.0,0.0,48,3430.2,1200.2,1392.7,622.8,184.3,30.2,47.0,13.0,44.5,51
slbenfica:47,slbenfica,SL Benfica,50,2025-06-28,https://www.fifatrainingcentre.com/media/native/tournaments/fcwc/2025/M50%20SLB%20V%20CHE%20POST%20MATCH%20REPORT.pdf,47,TIAGO GOUVEIA,10.0,10.0,100.0,1.0,2.0,1.0,4.0,3.0,75.0,6.0,5.0,1.0,0.0,0.0,43,2.0,1.0,1.0,0.0,0.0,15.0,0.0,0.0,0.0,1.0,3.0,8.0,8.0,1.0,0.0,48,4740.5,1719.3,1853.4,657.8,322.2,187.9,58.0,27.0,32.3,51
slbenfica:68,slbenfica,SL Benfica,50,2025-06-28,https://www.fifatrainingcentre.com/media/native/tournaments/fcwc/2025/M50%20SLB%20V%20CHE%20POST%20MATCH%20REPORT.pdf,68,JOAO VELOSO,8.0,6.0,75.0,0.0,0.0,0.0,1.0,1.0,100.0,1.0,0.0,1.0,0.0,0.0,43,1.0,0.0,0.0,0.0,1.0,23.0,0.0,0.0,0.0,0.0,0.0,18.0,13.0,0.0,0.0,48,5200.0,1633.3,2171.4,935.3,334.5,125.5,85.0,30.0,42.7,51
chelseafc:1,chelseafc,Chelsea FC,50,2025-06-28,https://www.fifatrainingcentre.com/media/native/tournaments/fcwc/2025/M50%20SLB%20V%20CHE%20POST%20MATCH%20REPORT.pdf,1,Robert SANCHEZ,36.0,30.0,83.0,0.0,0.0,0.0,8.0,8.0,100.0,0.0,0.0,0.0,0.0,0.0,45,0.0,0.0,0.0,0.0,0.0,0.0,0.0,0.0,0.0,0.0,5.0,0.0,0.0,13.0,0.0,49,5806.1,4732.9,891.5,152.8,15.9,13.0,13.0,2.0,42.7,52
chelseafc:3,chelseafc,Chelsea FC,50,2025-06-28,https://www.fifatrainingcentre.com/media/native/tournaments/fcwc/2025/M50%20SLB%20V%20CHE%20POST%20MATCH%20REPORT.pdf,3,Marc CUCURELLA,62.0,53.0,85.0,0.0,5.0,0.0,5.0,4.0,80.0,0.0,0.0,0.0,2.0,0.0,45,6.0,2.0,3.0,2.0,10.0,15.0,0.0,0.0,1.0,2.0,7.0,29.0,15.0,7.0,2.0,49,13469.0,5718.9,4979.1,1475.9,977.1,318.0,118.0,80.0,43.7,52
chelseafc:5,chelseafc,Chelsea FC,50,2025-06-28,https://www.fifatrainingcentre.com/media/native/tournaments/fcwc/2025/M50%20SLB%20V%20CHE%20POST%20MATCH%20REPORT.pdf,5,Benoit BADIASHILE,56.0,54.0,96.0,1.0,0.0,0.0,12.0,10.0,83.0,0.0,0.0,0.0,2.0,0.0,45,1.0,1.0,0.0,2.0,2.0,2.0,1.0,0.0,1.0,2.0,5.0,12.0,0.0,4.0,1.0,49,6203.1,3259.5,2105.5,579.2,197.1,61.8,47.0,16.0,30.2,52
chelseafc:6,chelseafc,Chelsea FC,50,2025-06-28,https://www.fifatrainingcentre.com/media/native/tournaments/fcwc/2025/M50%20SLB%20V%20CHE%20POST%20MATCH%20REPORT.pdf,6,Levi COLWILL,105.0,103.0,98.0,0.0,0.0,0.0,21.0,19.0,90.0,0.0,0.0,0.0,0.0,0.0,45,4.0,2.0,1.0,2.0,8.0,1.0,1.0,0.0,2.0,2.0,7.0,4.0,1.0,7.0,1.0,49,12512.3,5874.6,4571.3,1258.9,549.5,258.1,115.0,43.0,42.7,52
chelseafc:7,chelseafc,Chelsea FC,50,2025-06-28,https://www.fifatrainingcentre.com/media/native/tournaments/fcwc/2025/M50%20SLB%20V%20CHE%20POST%20MATCH%20REPORT.pdf,7,PEDRO NETO,56.0,54.0,96.0,0.0,10.0,4.0,9.0,9.0,100.0,3.0,2.0,1.0,2.0,1.0,45,1.0,1.0,0.0,0.0,4.0,20.0,1.0,0.0,1.0,3.0,4.0,3.0,2.0,2.0,1.0,49,13371.8,5757.7,4519.2,1856.5,810.3,428.1,152.0,59.0,40.9,52
chelseafc:8,chelseafc,Chelsea FC,50,2025-06-28,https://www.fifatrainingcentre.com/media/native/tournaments/fcwc/2025/M50%20SLB%20V%20CHE%20POST%20MATCH%20REPORT.pdf,8,Enzo FERNANDEZ,33.0,26.0,79.0,1.0,1.0,1.0,11.0,8.0,73.0,2.0,0.0,2.0,1.0,0.0,45,4.0,2.0,3.0,0.0,5.0,16.0,0.0,0.0,0.0,0.0,2.0,12.0,4.0,5.0,2.0,49,9343.4,3443.1,3783.7,1405.3,530.0,181.3,115.0,41.0,31.1,52
chelseafc:9,chelseafc,Chelsea FC,50,2025-06-28,https://www.fifatrainingcentre.com/media/native/tournaments/fcwc/2025/M50%20SLB%20V%20CHE%20POST%20MATCH%20REPORT.pdf,9,Liam DELAP,8.0,3.0,38.0,0.0,1.0,0.0,0.0,0.0,0.0,0.0,0.0,0.0,0.0,0.0,45,1.0,0.0,0.0,0.0,2.0,29.0,0.0,0.0,2.0,0.0,1.0,7.0,6.0,1.0,0.0,49,8144.5,3773.8,2797.8,887.4,441.5,244.0,76.0,44.0,33.3,52
chelseafc:10,chelseafc,Chelsea FC,50,2025-06-28,https://www.fifatrainingcentre.com/media/native/tournaments/fcwc/2025/M50%20SLB%20V%20CHE%20POST%20MATCH%20REPORT.pdf,10,Cole PALMER,56.0,46.0,82.0,2.0,9.0,0.0,18.0,13.0,72.0,6.0,3.0,3.0,6.0,0.0,45,4.0,1.0,2.0,0.0,4.0,29.0,0.0,0.0,0.0,0.0,6.0,15.0,11.0,4.0,1.0,49,13340.7,6200.6,4477.7,1521.9,836.3,304.0,135.0,60.0,43.5,52
chelseafc:24,chelseafc,Chelsea FC,50,2025-06-28,https://www.fifatrainingcentre.com/media/native/tournaments/fcwc/2025/M50%20SLB%20V%20CHE%20POST%20MATCH%20REPORT.pdf,24,Reece JAMES,71.0,67.0,94.0,1.0,0.0,0.0,15.0,15.0,100.0,0.0,0.0,0.0,1.0,1.0,45,6.0,2.0,5.0,3.0,5.0,2.0,0.0,0.0,0.0,0.0,2.0,19.0,5.0,6.0,3.0,49,8036.7,3974.8,2879.7,806.6,311.1,64.5,77.0,23.0,28.7,52
chelseafc:25,chelseafc,Chelsea FC,50,2025-06-28,https://www.fifatrainingcentre.com/media/native/tournaments/fcwc/2025/M50%20SLB%20V%20CHE%20POST%20MATCH%20REPORT.pdf,25,Moises CAICEDO,128.0,113.0,88.0,1.0,0.0,0.0,25.0,19.0,76.0,2.0,1.0,1.0,4.0,0.0,45,3.0,3.0,1.0,2.0,8.0,21.0,0.0,0.0,1.0,2.0,11.0,28.0,11.0,7.0,2.0,49,13135.5,5498.1,5505.0,1512.3,422.6,197.5,131.0,37.0,41.4,52
chelseafc:45,chelseafc,Chelsea FC,50,2025-06-28,https://www.fifatrainingcentre.com/media/native/tournaments/fcwc/2025/M50%20SLB%20V%20CHE%20POST%20MATCH%20REPORT.pdf,45,Romeo LAVIA,47.0,45.0,96.0,0.0,0.0,0.0,19.0,18.0,95.0,1.0,0.0,1.0,0.0,0.0,45,2.0,1.0,2.0,0.0,4.0,23.0,1.0,0.0,1.0,0.0,6.0,31.0,9.0,2.0,1.0,49,8706.9,3463.9,3813.6,1077.5,268.8,83.0,94.0,20.0,29.0,52
chelseafc:4,chelseafc,Chelsea FC,50,2025-06-28,https://www.fifatrainingcentre.com/media/native/tournaments/fcwc/2025/M50%20SLB%20V%20CHE%20POST%20MATCH%20REPORT.pdf,4,Tosin ADARABIOYO,29.0,28.0,97.0,0.0,0.0,0.0,6.0,5.0,83.0,0.0,0.0,0.0,0.0,0.0,45,1.0,1.0,1.0,0.0,2.0,2.0,0.0,0.0,0.0,1.0,2.0,4.0,0.0,2.0,0.0,49,5402.4,2789.7,1890.8,346.1,225.1,150.8,32.0,18.0,41.3,52
chelseafc:18,chelseafc,Chelsea FC,50,2025-06-28,https://www.fifatrainingcentre.com/media/native/tournaments/fcwc/2025/M50%20SLB%20V%20CHE%20POST%20MATCH%20REPORT.pdf,18,Christopher NKUNKU,30.0,30.0,100.0,0.0,0.0,0.0,2.0,2.0,100.0,0.0,0.0,0.0,1.0,1.0,45,1.0,0.0,1.0,0.0,2.0,12.0,0.0,0.0,0.0,0.0,2.0,4.0,4.0,1.0,1.0,49,5384.9,1952.7,2167.8,816.8,340.7,106.9,72.0,22.0,44.9,52
chelseafc:22,chelseafc,Chelsea FC,50,2025-06-28,https://www.fifatrainingcentre.com/media/native/tournaments/fcwc/2025/M50%20SLB%20V%20CHE%20POST%20MATCH%20REPORT.pdf,22,Kiernan DEWSBURYHALL,32.0,30.0,94.0,0.0,0.0,0.0,6.0,5.0,83.0,0.0,0.0,0.0,2.0,1.0,45,3.0,0.0,0.0,1.0,4.0,9.0,0.0,0.0,0.0,0.0,1.0,5.0,4.0,1.0,2.0,49,5726.4,2267.9,1989.8,895.1,443.2,130.4,79.0,32.0,44.0,52
chelseafc:23,chelseafc,Chelsea FC,50,2025-06-28,https://www.fifatrainingcentre.com/media/native/tournaments/fcwc/2025/M50%20SLB%20V%20CHE%20POST%20MATCH%20REPORT.pdf,23,Trevoh CHALOBAH,23.0,23.0,100.0,0.0,0.0,0.0,4.0,4.0,100.0,0.0,0.0,0.0,0.0,0.0,45,2.0,1.0,0.0,1.0,2.0,2.0,0.0,0.0,0.0,1.0,2.0,6.0,2.0,2.0,1.0,49,4267.2,2115.6,1595.7,339.2,117.3,99.4,32.0,8.0,32.1,52
chelseafc:27,chelseafc,Chelsea FC,50,2025-06-28,https://www.fifatrainingcentre.com/media/native/tournaments/fcwc/2025/M50%20SLB%20V%20CHE%20POST%20MATCH%20REPORT.pdf,27,Malo GUSTO,49.0,46.0,94.0,0.0,0.0,0.0,10.0,10.0,100.0,0.0,0.0,0.0,1.0,0.0,45,2.0,1.0,2.0,0.0,3.0,8.0,1.0,0.0,1.0,1.0,6.0,5.0,2.0,2.0,0.0,49,5810.0,1892.9,2499.5,767.3,385.7,264.6,76.0,33.0,43.6,52
chelseafc:30,chelseafc,Chelsea FC,50,2025-06-28,https://www.fifatrainingcentre.com/media/native/tournaments/fcwc/2025/M50%20SLB%20V%20CHE%20POST%20MATCH%20REPORT.pdf,30,Aaron ANSELMINO,4.0,4.0,100.0,0.0,0.0,0.0,1.0,1.0,100.0,0.0,0.0,0.0,0.0,0.0,45,0.0,0.0,0.0,0.0,0.0,0.0,0.0,0.0,0.0,0.0,0.0,0.0,0.0,0.0,0.0,49,352.0,146.1,158.7,47.3,0.0,0.0,3.0,0.0,19.2,52
parissaintgermain:1,parissaintgermain,Paris Saint-Germain,51,2025-06-29,https://www.fifatrainingcentre.com/media/native/tournaments/fcwc/2025/M51%20PSG%20V%20MIA%20POST%20MATCH%20REPORT.pdf,1,Gianluigi DONNARUMMA,20.0,20.0,100.0,0.0,0.0,0.0,4.0,4.0,100.0,0.0,0.0,0.0,0.0,0.0,43,0.0,0.0,0.0,0.0,0.0,0.0,0.0,0.0,0.0,0.0,4.0,0.0,0.0,5.0,0.0,48,3898.4,3202.2,575.8,98.0,22.4,0.0,11.0,3.0,23.5,51
parissaintgermain:2,parissaintgermain,Paris Saint-Germain,51,2025-06-29,https://www.fifatrainingcentre.com/media/native/tournaments/fcwc/2025/M51%20PSG%20V%20MIA%20POST%20MATCH%20REPORT.pdf,2,Achraf HAKIMI,64.0,56.0,88.0,0.0,2.0,0.0,12.0,10.0,83.0,1.0,1.0,0.0,4.0,1.0,43,2.0,1.0,2.0,2.0,7.0,12.0,0.0,0.0,0.0,1.0,7.0,12.0,9.0,3.0,1.0,48,8392.3,2898.8,3384.4,1386.2,525.8,197.2,117.0,46.0,33.9,51
parissaintgermain:5,parissaintgermain,Paris Saint-Germain,51,2025-06-29,https://www.fifatrainingcentre.com/media/native/tournaments/fcwc/2025/M51%20PSG%20V%20MIA%20POST%20MATCH%20REPORT.pdf,5,MARQUINHOS,44.0,43.0,98.0,3.0,0.0,0.0,10.0,10.0,100.0,0.0,0.0,0.0,0.0,0.0,43,0.0,0.0,0.0,1.0,1.0,0.0,1.0,0.0,1.0,0.0,1.0,7.0,1.0,2.0,0.0,48,4924.3,1980.0,1880.4,755.5,220.9,87.6,67.0,19.0,30.0,51
parissaintgermain:7,parissaintgermain,Paris Saint-Germain,51,2025-06-29,https://www.fifatrainingcentre.com/media/native/tournaments/fcwc/2025/M51%20PSG%20V%20MIA%20POST%20MATCH%20REPORT.pdf,7,Khvicha KVARATSKHELIA,55.0,53.0,96.0,0.0,0.0,0.0,8.0,8.0,100.0,11.0,8.0,3.0,3.0,0.0,43,3.0,1.0,0.0,0.0,4.0,18.0,0.0,0.0,0.0,0.0,2.0,10.0,8.0,1.0,1.0,48,9637.4,4626.7,2782.1,1087.3,734.6,406.6,94.0,60.0,32.7,51
parissaintgermain:8,parissaintgermain,Paris Saint-Germain,51,2025-06-29,https://www.fifatrainingcentre.com/media/native/tournaments/fcwc/2025/M51%20PSG%20V%20MIA%20POST%20MATCH%20REPORT.pdf,8,Fabian RUIZ,37.0,33.0,89.0,0.0,2.0,1.0,7.0,7.0,100.0,0.0,0.0,0.0,1.0,0.0,43,2.0,1.0,0.0,0.0,3.0,7.0,0.0,0.0,0.0,0.0,2.0,10.0,5.0,1.0,0.0,48,5908.4,1984.3,2493.0,905.4,454.6,71.1,82.0,34.0,29.0,51
parissaintgermain:14,parissaintgermain,Paris Saint-Germain,51,2025-06-29,https://www.fifatrainingcentre.com/media/native/tournaments/fcwc/2025/M51%20PSG%20V%20MIA%20POST%20MATCH%20REPORT.pdf,14,Desire DOUE,57.0,51.0,89.0,1.0,5.0,2.0,14.0,11.0,79.0,3.0,3.0,0.0,2.0,0.0,43,2.0,0.0,3.0,0.0,3.0,23.0,0.0,0.0,0.0,0.0,7.0,22.0,14.0,2.0,1.0,48,11800.6,3309.4,5523.5,1945.9,826.2,195.6,180.0,62.0,31.6,51
parissaintgermain:17,parissaintgermain,Paris Saint-Germain,51,2025-06-29,https://www.fifatrainingcentre.com/media/native/tournaments/fcwc/2025/M51%20PSG%20V%20MIA%20POST%20MATCH%20REPORT.pdf,17,VITINHA,129.0,122.0,95.0,3.0,0.0,0.0,36.0,36.0,100.0,6.0,1.0,5.0,0.0,0.0,43,0.0,0.0,5.0,5.0,0.0,3.0,0.0,0.0,1.0,0.0,5.0,6.0,0.0,7.0,4.0,48,11070.6,3531.9,5503.0,1285.4,591.8,158.5,113.0,45.0,31.1,51
parissaintgermain:25,parissaintgermain,Paris Saint-Germain,51,2025-06-29,https://www.fifatrainingcentre.com/media/native/tournaments/fcwc/2025/M51%20PSG%20V%20MIA%20POST%20MATCH%20REPORT.pdf,25,NUNO MENDES,57.0,49.0,86.0,1.0,0.0,0.0,29.0,24.0,83.0,2.0,0.0,2.0,1.0,0.0,43,2.0,2.0,1.0,1.0,6.0,12.0,1.0,0.0,1.0,0.0,6.0,6.0,5.0,4.0,0.0,48,6793.1,2807.0,2715.1,632.5,343.5,295.0,54.0,31.0,34.2,51
parissaintgermain:29,parissaintgermain,Paris Saint-Germain,51,2025-06-29,https://www.fifatrainingcentre.com/media/native/tournaments/fcwc/2025/M51%20PSG%20V%20MIA%20POST%20MATCH%20REPORT.pdf,29,Bradley BARCOLA,35.0,32.0,91.0,0.0,0.0,0.0,3.0,3.0,100.0,2.0,2.0,0.0,4.0,0.0,43,1.0,0.0,1.0,0.0,4.0,30.0,0.0,0.0,0.0,0.0,3.0,25.0,12.0,0.0,1.0,48,9946.3,4265.3,3580.5,1190.2,520.2,390.0,101.0,55.0,35.4,51
parissaintgermain:51,parissaintgermain,Paris Saint-Germain,51,2025-06-29,https://www.fifatrainingcentre.com/media/native/tournaments/fcwc/2025/M51%20PSG%20V%20MIA%20POST%20MATCH%20REPORT.pdf,51,Willian PACHO,76.0,70.0,92.0,0.0,0.0,0.0,8.0,4.0,50.0,1.0,1.0,0.0,0.0,0.0,43,1.0,0.0,2.0,0.0,1.0,8.0,0.0,0.0,0.0,2.0,7.0,7.0,3.0,3.0,0.0,48,8950.9,4156.4,3139.8,950.7,568.7,135.4,83.0,41.0,31.5,51
parissaintgermain:87,parissaintgermain,Paris Saint-Germain,51,2025-06-29,https://www.fifatrainingcentre.com/media/native/tournaments/fcwc/2025/M51%20PSG%20V%20MIA%20POST%20MATCH%20REPORT.pdf,87,JOAO NEVES,55.0,52.0,95.0,2.0,0.0,0.0,10.0,9.0,90.0,2.0,1.0,1.0,2.0,2.0,43,2.0,1.0,1.0,0.0,6.0,16.0,0.0,0.0,0.0,1.0,5.0,27.0,7.0,2.0,1.0,48,7941.0,2303.5,3751.3,1264.5,484.7,137.1,122.0,38.0,30.5,51
parissaintgermain:4,parissaintgermain,Paris Saint-Germain,51,2025-06-29,https://www.fifatrainingcentre.com/media/native/tournaments/fcwc/2025/M51%20PSG%20V%20MIA%20POST%20MATCH%20REPORT.pdf,4,LUCAS BERALDO,38.0,38.0,100.0,0.0,0.0,0.0,11.0,11.0,100.0,0.0,0.0,0.0,0.0,0.0,43,1.0,0.0,2.0,5.0,1.0,4.0,0.0,0.0,0.0,3.0,1.0,13.0,3.0,5.0,3.0,48,4846.8,2007.8,1917.9,595.6,257.9,67.6,42.0,16.0,31.0,51
parissaintgermain:10,parissaintgermain,Paris Saint-Germain,51,2025-06-29,https://www.fifatrainingcentre.com/media/native/tournaments/fcwc/2025/M51%20PSG%20V%20MIA%20POST%20MATCH%20REPORT.pdf,10,Ousmane DEMBELE,23.0,20.0,87.0,0.0,0.0,0.0,10.0,8.0,80.0,0.0,0.0,0.0,1.0,0.0,43,0.0,0.0,0.0,0.0,2.0,14.0,0.0,0.0,0.0,0.0,4.0,10.0,6.0,0.0,0.0,48,3691.7,1201.2,1474.6,777.7,194.4,43.9,56.0,13.0,28.9,51
parissaintgermain:19,parissaintgermain,Paris Saint-Germain,51,2025-06-29,https://www.fifatrainingcentre.com/media/native/tournaments/fcwc/2025/M51%20PSG%20V%20MIA%20POST%20MATCH%20REPORT.pdf,19,LEE Kangin,19.0,19.0,100.0,1.0,0.0,0.0,1.0,1.0,100.0,0.0,0.0,0.0,1.0,0.0,43,0.0,0.0,0.0,0.0,0.0,8.0,0.0,0.0,0.0,1.0,0.0,6.0,3.0,0.0,1.0,48,2594.3,843.3,1009.8,396.7,206.8,137.7,37.0,12.0,29.6,51
parissaintgermain:21,parissaintgermain,Paris Saint-Germain,51,2025-06-29,https://www.fifatrainingcentre.com/media/native/tournaments/fcwc/2025/M51%20PSG%20V%20MIA%20POST%20MATCH%20REPORT.pdf,21,Lucas HERNANDEZ,18.0,17.0,94.0,0.0,0.0,0.0,3.0,3.0,100.0,0.0,0.0,0.0,0.0,0.0,43,0.0,0.0,0.0,0.0,2.0,1.0,0.0,0.0,1.0,0.0,0.0,1.0,1.0,1.0,0.0,48,2530.3,904.5,1037.8,384.5,159.8,43.7,36.0,11.0,27.0,51
parissaintgermain:33,parissaintgermain,Paris Saint-Germain,51,2025-06-29,https://www.fifatrainingcentre.com/media/native/tournaments/fcwc/2025/M51%20PSG%20V%20MIA%20POST%20MATCH%20REPORT.pdf,33,Warren ZAIREEMERY,40.0,36.0,90.0,0.0,0.0,0.0,4.0,3.0,75.0,1.0,1.0,0.0,0.0,0.0,43,3.0,1.0,2.0,1.0,7.0,21.0,0.0,0.0,0.0,0.0,2.0,7.0,5.0,5.0,1.0,48,6107.0,1563.3,2902.5,1121.7,449.5,70.0,93.0,28.0,30.8,51
intermiamicf:19,intermiamicf,Inter Miami CF,51,2025-06-29,https://www.fifatrainingcentre.com/media/native/tournaments/fcwc/2025/M51%20PSG%20V%20MIA%20POST%20MATCH%20REPORT.pdf,19,Oscar USTARI,38.0,29.0,76.0,0.0,0.0,0.0,22.0,17.0,77.0,0.0,0.0,0.0,0.0,0.0,45,0.0,0.0,0.0,0.0,0.0,0.0,0.0,0.0,0.0,1.0,1.0,0.0,0.0,11.0,0.0,49,4967.6,4109.3,772.5,81.3,4.6,0.0,9.0,0.0,21.4,52
intermiamicf:5,intermiamicf,Inter Miami CF,51,2025-06-29,https://www.fifatrainingcentre.com/media/native/tournaments/fcwc/2025/M51%20PSG%20V%20MIA%20POST%20MATCH%20REPORT.pdf,5,Sergio BUSQUETS,40.0,36.0,90.0,1.0,0.0,0.0,12.0,11.0,92.0,0.0,0.0,0.0,0.0,0.0,45,2.0,1.0,3.0,1.0,2.0,22.0,0.0,0.0,0.0,0.0,6.0,9.0,5.0,2.0,2.0,49,10553.1,3577.9,5302.6,1243.5,369.3,59.8,118.0,25.0,26.7,52
intermiamicf:8,intermiamicf,Inter Miami CF,51,2025-06-29,https://www.fifatrainingcentre.com/media/native/tournaments/fcwc/2025/M51%20PSG%20V%20MIA%20POST%20MATCH%20REPORT.pdf,8,Telasco SEGOVIA,27.0,22.0,81.0,0.0,1.0,1.0,4.0,3.0,75.0,0.0,0.0,0.0,0.0,0.0,45,3.0,0.0,1.0,0.0,4.0,27.0,0.0,0.0,1.0,1.0,6.0,12.0,5.0,0.0,2.0,49,9206.6,3625.8,3367.7,1506.4,582.1,124.6,131.0,42.0,31.2,52
intermiamicf:9,intermiamicf,Inter Miami CF,51,2025-06-29,https://www.fifatrainingcentre.com/media/native/tournaments/fcwc/2025/M51%20PSG%20V%20MIA%20POST%20MATCH%20REPORT.pdf,9,Luis SUAREZ,40.0,31.0,78.0,0.0,1.0,1.0,3.0,2.0,67.0,1.0,1.0,0.0,0.0,0.0,45,4.0,0.0,1.0,0.0,4.0,22.0,2.0,0.0,2.0,0.0,3.0,32.0,12.0,1.0,1.0,49,9865.4,3819.7,4038.9,1200.1,664.6,142.1,103.0,43.0,28.9,52
intermiamicf:10,intermiamicf,Inter Miami CF,51,2025-06-29,https://www.fifatrainingcentre.com/media/native/tournaments/fcwc/2025/M51%20PSG%20V%20MIA%20POST%20MATCH%20REPORT.pdf,10,Lionel MESSI,37.0,31.0,84.0,0.0,0.0,0.0,18.0,13.0,72.0,5.0,2.0,3.0,4.0,0.0,45,2.0,0.0,1.0,1.0,1.0,14.0,0.0,0.0,0.0,0.0,3.0,14.0,8.0,1.0,1.0,49,7343.2,4607.0,1462.2,689.6,467.7,116.8,56.0,33.0,29.0,52
intermiamicf:18,intermiamicf,Inter Miami CF,51,2025-06-29,https://www.fifatrainingcentre.com/media/native/tournaments/fcwc/2025/M51%20PSG%20V%20MIA%20POST%20MATCH%20REPORT.pdf,18,Jordi ALBA,50.0,40.0,80.0,1.0,2.0,2.0,16.0,13.0,81.0,1.0,1.0,0.0,0.0,0.0,45,3.0,0.0,4.0,1.0,1.0,13.0,0.0,0.0,0.0,1.0,4.0,11.0,7.0,2.0,2.0,49,10558.2,3955.7,4566.2,1160.6,598.3,277.4,97.0,49.0,31.9,52
intermiamicf:21,intermiamicf,Inter Miami CF,51,2025-06-29,https://www.fifatrainingcentre.com/media/native/tournaments/fcwc/2025/M51%20PSG%20V%20MIA%20POST%20MATCH%20REPORT.pdf,21,Tadeo ALLENDE,17.0,14.0,82.0,0.0,1.0,0.0,2.0,2.0,100.0,2.0,2.0,0.0,3.0,0.0,45,4.0,0.0,3.0,0.0,2.0,21.0,3.0,0.0,3.0,0.0,2.0,13.0,9.0,1.0,4.0,49,10888.0,3901.8,4466.4,1480.8,706.8,332.3,121.0,55.0,33.9,52
intermiamicf:32,intermiamicf,Inter Miami CF,51,2025-06-29,https://www.fifatrainingcentre.com/media/native/tournaments/fcwc/2025/M51%20PSG%20V%20MIA%20POST%20MATCH%20REPORT.pdf,32,Noah ALLEN,8.0,6.0,75.0,1.0,0.0,0.0,3.0,2.0,67.0,0.0,0.0,0.0,0.0,0.0,45,1.0,0.0,0.0,0.0,1.0,1.0,0.0,0.0,0.0,1.0,0.0,4.0,0.0,1.0,0.0,49,1873.8,613.2,958.3,170.1,74.2,58.0,12.0,6.0,32.3,52
intermiamicf:37,intermiamicf,Inter Miami CF,51,2025-06-29,https://www.fifatrainingcentre.com/media/native/tournaments/fcwc/2025/M51%20PSG%20V%20MIA%20POST%20MATCH%20REPORT.pdf,37,Maximiliano FALCON,25.0,22.0,88.0,0.0,0.0,0.0,7.0,5.0,71.0,0.0,0.0,0.0,0.0,0.0,45,2.0,1.0,4.0,0.0,1.0,6.0,0.0,0.0,0.0,1.0,1.0,17.0,2.0,5.0,2.0,49,9848.3,3707.1,4581.4,951.9,446.0,161.9,86.0,41.0,30.7,52
intermiamicf:55,intermiamicf,Inter Miami CF,51,2025-06-29,https://www.fifatrainingcentre.com/media/native/tournaments/fcwc/2025/M51%20PSG%20V%20MIA%20POST%20MATCH%20REPORT.pdf,55,Federico REDONDO,42.0,38.0,90.0,0.0,0.0,0.0,12.0,10.0,83.0,0.0,0.0,0.0,0.0,0.0,45,4.0,2.0,3.0,0.0,10.0,34.0,0.0,0.0,1.0,2.0,7.0,40.0,19.0,4.0,2.0,49,11247.6,3728.9,5092.2,1631.9,677.3,117.4,133.0,45.0,27.7,52
intermiamicf:57,intermiamicf,Inter Miami CF,51,2025-06-29,https://www.fifatrainingcentre.com/media/native/tournaments/fcwc/2025/M51%20PSG%20V%20MIA%20POST%20MATCH%20REPORT.pdf,57,Marcelo WEIGANDT,24.0,22.0,92.0,0.0,2.0,0.0,7.0,6.0,86.0,1.0,1.0,0.0,0.0,0.0,45,5.0,3.0,0.0,3.0,6.0,32.0,0.0,0.0,1.0,0.0,5.0,33.0,27.0,6.0,1.0,49,10321.6,3371.5,4786.8,1298.9,649.3,215.1,116.0,54.0,31.1,52
intermiamicf:6,intermiamicf,Inter Miami CF,51,2025-06-29,https://www.fifatrainingcentre.com/media/native/tournaments/fcwc/2025/M51%20PSG%20V%20MIA%20POST%20MATCH%20REPORT.pdf,6,Tomas AVILES,26.0,21.0,81.0,0.0,0.0,0.0,14.0,10.0,71.0,1.0,0.0,1.0,0.0,0.0,45,2.0,0.0,1.0,1.0,3.0,13.0,0.0,0.0,0.0,0.0,3.0,12.0,2.0,1.0,1.0,49,8054.8,2972.7,3525.0,1033.5,416.8,106.8,83.0,33.0,29.9,52
intermiamicf:30,intermiamicf,Inter Miami CF,51,2025-06-29,https://www.fifatrainingcentre.com/media/native/tournaments/fcwc/2025/M51%20PSG%20V%20MIA%20POST%20MATCH%20REPORT.pdf,30,Benjamin CREMASCHI,11.0,11.0,100.0,1.0,2.0,1.0,3.0,3.0,100.0,0.0,0.0,0.0,1.0,0.0,45,0.0,0.0,1.0,0.0,0.0,5.0,0.0,0.0,0.0,1.0,2.0,0.0,0.0,0.0,1.0,49,2250.0,607.8,904.0,469.5,216.4,52.3,37.0,13.0,29.9,52
crflamengo:1,crflamengo,CR Flamengo,52,2025-06-29,https://www.fifatrainingcentre.com/media/native/tournaments/fcwc/2025/M52%20FLA%20V%20BAY%20POST%20MATCH%20REPORT.pdf,1,Agustin ROSSI,46.0,40.0,87.0,0.0,0.0,0.0,11.0,7.0,64.0,0.0,0.0,0.0,0.0,0.0,42,0.0,0.0,0.0,0.0,0.0,0.0,0.0,0.0,0.0,0.0,1.0,0.0,0.0,5.0,0.0,47,5622.9,4488.6,1017.9,84.5,20.3,11.6,9.0,2.0,25.9,50
crflamengo:3,crflamengo,CR Flamengo,52,2025-06-29,https://www.fifatrainingcentre.com/media/native/tournaments/fcwc/2025/M52%20FLA%20V%20BAY%20POST%20MATCH%20REPORT.pdf,3,LEO ORTIZ,67.0,61.0,91.0,0.0,0.0,0.0,19.0,15.0,79.0,1.0,1.0,0.0,0.0,0.0,42,2.0,1.0,1.0,1.0,1.0,1.0,2.0,0.0,2.0,2.0,4.0,8.0,1.0,5.0,1.0,47,9314.4,4012.7,3900.0,954.4,327.3,120.0,86.0,28.0,33.9,50
crflamengo:4,crflamengo,CR Flamengo,52,2025-06-29,https://www.fifatrainingcentre.com/media/native/tournaments/fcwc/2025/M52%20FLA%20V%20BAY%20POST%20MATCH%20REPORT.pdf,4,LEO PEREIRA,65.0,59.0,91.0,1.0,0.0,0.0,15.0,11.0,73.0,0.0,0.0,0.0,1.0,0.0,42,1.0,0.0,3.0,2.0,3.0,3.0,3.0,0.0,3.0,2.0,8.0,7.0,3.0,4.0,3.0,47,10067.6,4026.4,4329.7,1266.2,395.3,50.0,112.0,27.0,28.6,50
crflamengo:5,crflamengo,CR Flamengo,52,2025-06-29,https://www.fifatrainingcentre.com/media/native/tournaments/fcwc/2025/M52%20FLA%20V%20BAY%20POST%20MATCH%20REPORT.pdf,5,Erick PULGAR,26.0,25.0,96.0,0.0,0.0,0.0,5.0,5.0,100.0,0.0,0.0,0.0,1.0,0.0,42,1.0,0.0,1.0,1.0,3.0,4.0,0.0,0.0,1.0,1.0,2.0,8.0,3.0,2.0,0.0,47,4641.1,1285.9,2156.8,846.1,290.5,61.9,75.0,25.0,29.7,50
crflamengo:7,crflamengo,CR Flamengo,52,2025-06-29,https://www.fifatrainingcentre.com/media/native/tournaments/fcwc/2025/M52%20FLA%20V%20BAY%20POST%20MATCH%20REPORT.pdf,7,LUIZ ARAUJO,20.0,15.0,75.0,0.0,5.0,3.0,7.0,4.0,57.0,3.0,3.0,0.0,3.0,0.0,42,9.0,2.0,7.0,0.0,16.0,38.0,1.0,0.0,1.0,0.0,7.0,14.0,8.0,4.0,4.0,47,11191.2,5015.3,3533.4,1601.4,752.9,288.2,136.0,63.0,30.4,50
crflamengo:8,crflamengo,CR Flamengo,52,2025-06-29,https://www.fifatrainingcentre.com/media/native/tournaments/fcwc/2025/M52%20FLA%20V%20BAY%20POST%20MATCH%20REPORT.pdf,8,GERSON,32.0,24.0,75.0,0.0,0.0,0.0,5.0,3.0,60.0,0.0,0.0,0.0,1.0,1.0,42,3.0,0.0,1.0,0.0,3.0,21.0,0.0,0.0,0.0,0.0,6.0,13.0,8.0,0.0,0.0,47,8416.3,3709.7,2947.7,1043.9,467.0,248.0,89.0,36.0,31.7,50
crflamengo:10,crflamengo,CR Flamengo,52,2025-06-29,https://www.fifatrainingcentre.com/media/native/tournaments/fcwc/2025/M52%20FLA%20V%20BAY%20POST%20MATCH%20REPORT.pdf,10,Giorgian DE ARRASCAETA,24.0,20.0,83.0,0.0,4.0,1.0,5.0,2.0,40.0,2.0,1.0,1.0,3.0,0.0,42,2.0,0.0,1.0,0.0,0.0,11.0,0.0,0.0,0.0,0.0,4.0,16.0,8.0,0.0,0.0,47,6950.5,2401.6,3082.7,942.2,351.5,172.5,84.0,25.0,29.9,50
crflamengo:21,crflamengo,CR Flamengo,52,2025-06-29,https://www.fifatrainingcentre.com/media/native/tournaments/fcwc/2025/M52%20FLA%20V%20BAY%20POST%20MATCH%20REPORT.pdf,21,JORGINHO,56.0,51.0,91.0,0.0,0.0,0.0,19.0,17.0,89.0,0.0,0.0,0.0,1.0,1.0,42,3.0,0.0,1.0,1.0,5.0,14.0,0.0,0.0,0.0,0.0,3.0,16.0,3.0,1.0,2.0,47,10033.5,2902.5,5016.2,1635.8,460.9,18.1,146.0,33.0,26.1,50
crflamengo:26,crflamengo,CR Flamengo,52,2025-06-29,https://www.fifatrainingcentre.com/media/native/tournaments/fcwc/2025/M52%20FLA%20V%20BAY%20POST%20MATCH%20REPORT.pdf,26,ALEX SANDRO,37.0,35.0,95.0,0.0,0.0,0.0,7.0,6.0,86.0,0.0,0.0,0.0,0.0,0.0,42,1.0,1.0,0.0,5.0,2.0,16.0,1.0,0.0,1.0,1.0,4.0,19.0,8.0,6.0,1.0,47,8912.2,3356.9,3799.2,1183.7,410.7,161.6,110.0,41.0,29.0,50
crflamengo:43,crflamengo,CR Flamengo,52,2025-06-29,https://www.fifatrainingcentre.com/media/native/tournaments/fcwc/2025/M52%20FLA%20V%20BAY%20POST%20MATCH%20REPORT.pdf,43,WESLEY,45.0,39.0,87.0,1.0,0.0,0.0,7.0,6.0,86.0,1.0,1.0,0.0,0.0,0.0,42,8.0,2.0,4.0,1.0,6.0,13.0,0.0,0.0,0.0,2.0,9.0,9.0,7.0,4.0,6.0,47,9939.8,4394.8,3463.6,1135.2,530.4,415.7,101.0,49.0,36.1,50
crflamengo:50,crflamengo,CR Flamengo,52,2025-06-29,https://www.fifatrainingcentre.com/media/native/tournaments/fcwc/2025/M52%20FLA%20V%20BAY%20POST%20MATCH%20REPORT.pdf,50,Gonzalo PLATA,28.0,20.0,71.0,0.0,2.0,1.0,2.0,1.0,50.0,0.0,0.0,0.0,0.0,0.0,42,3.0,1.0,0.0,0.0,5.0,52.0,0.0,0.0,0.0,0.0,2.0,44.0,24.0,1.0,1.0,47,10614.1,3821.7,4106.7,1610.1,736.9,338.7,133.0,58.0,32.2,50
crflamengo:6,crflamengo,CR Flamengo,52,2025-06-29,https://www.fifatrainingcentre.com/media/native/tournaments/fcwc/2025/M52%20FLA%20V%20BAY%20POST%20MATCH%20REPORT.pdf,6,AYRTON LUCAS,8.0,6.0,75.0,0.0,1.0,0.0,1.0,1.0,100.0,2.0,1.0,1.0,0.0,0.0,42,0.0,0.0,0.0,0.0,0.0,5.0,0.0,0.0,0.0,1.0,3.0,4.0,2.0,0.0,1.0,47,1726.1,654.1,636.5,257.2,42.3,136.0,21.0,7.0,34.5,50
crflamengo:18,crflamengo,CR Flamengo,52,2025-06-29,https://www.fifatrainingcentre.com/media/native/tournaments/fcwc/2025/M52%20FLA%20V%20BAY%20POST%20MATCH%20REPORT.pdf,18,Nicolas DE LA CRUZ,11.0,10.0,91.0,0.0,3.0,0.0,5.0,3.0,60.0,1.0,0.0,1.0,1.0,0.0,42,0.0,0.0,0.0,0.0,1.0,3.0,0.0,0.0,0.0,0.0,1.0,4.0,1.0,1.0,0.0,47,1919.5,449.2,875.4,425.7,105.1,64.1,31.0,8.0,30.1,50
crflamengo:27,crflamengo,CR Flamengo,52,2025-06-29,https://www.fifatrainingcentre.com/media/native/tournaments/fcwc/2025/M52%20FLA%20V%20BAY%20POST%20MATCH%20REPORT.pdf,27,BRUNO HENRIQUE,1.0,0.0,0.0,0.0,0.0,0.0,2.0,1.0,50.0,2.0,1.0,1.0,1.0,0.0,42,0.0,0.0,0.0,0.0,3.0,16.0,1.0,0.0,1.0,0.0,0.0,13.0,10.0,1.0,0.0,47,3965.2,1549.1,1359.2,479.4,299.1,278.4,32.0,33.0,35.1,50
crflamengo:29,crflamengo,CR Flamengo,52,2025-06-29,https://www.fifatrainingcentre.com/media/native/tournaments/fcwc/2025/M52%20FLA%20V%20BAY%20POST%20MATCH%20REPORT.pdf,29,ALLAN,30.0,27.0,90.0,0.0,0.0,0.0,4.0,3.0,75.0,0.0,0.0,0.0,0.0,0.0,42,2.0,2.0,0.0,1.0,2.0,15.0,2.0,0.0,2.0,1.0,4.0,10.0,6.0,3.0,1.0,47,6901.8,1959.4,3027.9,1297.2,472.0,145.2,108.0,39.0,32.8,50
crflamengo:64,crflamengo,CR Flamengo,52,2025-06-29,https://www.fifatrainingcentre.com/media/native/tournaments/fcwc/2025/M52%20FLA%20V%20BAY%20POST%20MATCH%20REPORT.pdf,64,WALLACE YAN,1.0,1.0,100.0,0.0,0.0,0.0,0.0,0.0,0.0,1.0,1.0,0.0,0.0,0.0,42,0.0,0.0,0.0,0.0,0.0,9.0,0.0,0.0,0.0,0.0,1.0,7.0,5.0,0.0,0.0,47,2087.2,669.3,712.5,372.0,201.2,132.2,31.0,16.0,33.3,50
fcbayernmunchen:1,fcbayernmunchen,FC Bayern München,52,2025-06-29,https://www.fifatrainingcentre.com/media/native/tournaments/fcwc/2025/M52%20FLA%20V%20BAY%20POST%20MATCH%20REPORT.pdf,1,Manuel NEUER,44.0,34.0,77.0,0.0,0.0,0.0,20.0,11.0,55.0,0.0,0.0,0.0,0.0,0.0,44,0.0,0.0,0.0,1.0,0.0,0.0,0.0,0.0,0.0,0.0,1.0,0.0,0.0,3.0,0.0,48,6289.5,4599.5,1491.6,152.8,45.7,0.0,17.0,4.0,24.9,51
fcbayernmunchen:2,fcbayernmunchen,FC Bayern München,52,2025-06-29,https://www.fifatrainingcentre.com/media/native/tournaments/fcwc/2025/M52%20FLA%20V%20BAY%20POST%20MATCH%20REPORT.pdf,2,Dayot UPAMECANO,44.0,39.0,89.0,0.0,0.0,0.0,19.0,16.0,84.0,1.0,0.0,1.0,1.0,0.0,44,2.0,2.0,4.0,0.0,6.0,4.0,3.0,0.0,3.0,2.0,4.0,17.0,5.0,3.0,5.0,48,10774.7,4474.0,4357.2,1179.7,535.4,228.5,100.0,40.0,32.2,51
fcbayernmunchen:4,fcbayernmunchen,FC Bayern München,52,2025-06-29,https://www.fifatrainingcentre.com/media/native/tournaments/fcwc/2025/M52%20FLA%20V%20BAY%20POST%20MATCH%20REPORT.pdf,4,Jonathan TAH,49.0,46.0,94.0,0.0,0.0,0.0,9.0,8.0,89.0,0.0,0.0,0.0,0.0,0.0,44,3.0,1.0,2.0,1.0,4.0,7.0,0.0,0.0,0.0,3.0,4.0,3.0,1.0,3.0,3.0,48,10502.9,3796.8,4671.8,1335.9,517.2,181.2,118.0,41.0,31.5,51
fcbayernmunchen:6,fcbayernmunchen,FC Bayern München,52,2025-06-29,https://www.fifatrainingcentre.com/media/native/tournaments/fcwc/2025/M52%20FLA%20V%20BAY%20POST%20MATCH%20REPORT.pdf,6,Joshua KIMMICH,60.0,53.0,88.0,4.0,5.0,0.0,18.0,16.0,89.0,2.0,0.0,2.0,1.0,0.0,44,1.0,0.0,1.0,0.0,3.0,19.0,0.0,0.0,1.0,2.0,6.0,34.0,8.0,2.0,2.0,48,11774.2,3551.1,5613.8,1989.0,516.1,104.2,171.0,39.0,28.5,51
fcbayernmunchen:7,fcbayernmunchen,FC Bayern München,52,2025-06-29,https://www.fifatrainingcentre.com/media/native/tournaments/fcwc/2025/M52%20FLA%20V%20BAY%20POST%20MATCH%20REPORT.pdf,7,Serge GNABRY,21.0,19.0,90.0,0.0,0.0,0.0,2.0,2.0,100.0,1.0,0.0,1.0,0.0,0.0,44,4.0,0.0,2.0,0.0,5.0,40.0,0.0,0.0,0.0,0.0,3.0,39.0,22.0,0.0,4.0,48,8700.0,2898.9,3650.5,1600.3,498.3,52.1,140.0,36.0,29.5,51
fcbayernmunchen:8,fcbayernmunchen,FC Bayern München,52,2025-06-29,https://www.fifatrainingcentre.com/media/native/tournaments/fcwc/2025/M52%20FLA%20V%20BAY%20POST%20MATCH%20REPORT.pdf,8,Leon GORETZKA,22.0,20.0,91.0,1.0,0.0,0.0,8.0,7.0,88.0,0.0,0.0,0.0,2.0,1.0,44,0.0,0.0,1.0,1.0,4.0,6.0,1.0,0.0,1.0,1.0,5.0,30.0,7.0,1.0,1.0,48,6908.8,2859.3,2624.8,1011.0,282.1,131.5,87.0,26.0,30.2,51
fcbayernmunchen:9,fcbayernmunchen,FC Bayern München,52,2025-06-29,https://www.fifatrainingcentre.com/media/native/tournaments/fcwc/2025/M52%20FLA%20V%20BAY%20POST%20MATCH%20REPORT.pdf,9,Harry KANE,18.0,12.0,67.0,0.0,1.0,1.0,7.0,3.0,43.0,4.0,2.0,2.0,2.0,2.0,44,4.0,2.0,0.0,0.0,4.0,19.0,0.0,0.0,0.0,1.0,7.0,8.0,6.0,2.0,1.0,48,10872.5,4051.7,4747.3,1562.3,393.7,117.5,133.0,30.0,35.2,51
fcbayernmunchen:11,fcbayernmunchen,FC Bayern München,52,2025-06-29,https://www.fifatrainingcentre.com/media/native/tournaments/fcwc/2025/M52%20FLA%20V%20BAY%20POST%20MATCH%20REPORT.pdf,11,Kingsley COMAN,22.0,19.0,86.0,0.0,4.0,0.0,3.0,1.0,33.0,1.0,0.0,1.0,0.0,0.0,44,1.0,1.0,2.0,0.0,5.0,37.0,1.0,0.0,1.0,0.0,6.0,16.0,11.0,2.0,0.0,48,6835.2,2480.3,2908.3,890.0,407.5,149.0,89.0,39.0,35.5,51
fcbayernmunchen:17,fcbayernmunchen,FC Bayern München,52,2025-06-29,https://www.fifatrainingcentre.com/media/native/tournaments/fcwc/2025/M52%20FLA%20V%20BAY%20POST%20MATCH%20REPORT.pdf,17,Michael OLISE,35.0,30.0,86.0,1.0,1.0,1.0,6.0,4.0,67.0,3.0,1.0,2.0,0.0,0.0,44,1.0,1.0,3.0,0.0,2.0,32.0,0.0,0.0,1.0,1.0,2.0,28.0,20.0,3.0,1.0,48,11004.8,3948.3,4258.5,1806.9,676.8,314.2,148.0,58.0,32.8,51
fcbayernmunchen:27,fcbayernmunchen,FC Bayern München,52,2025-06-29,https://www.fifatrainingcentre.com/media/native/tournaments/fcwc/2025/M52%20FLA%20V%20BAY%20POST%20MATCH%20REPORT.pdf,27,Konrad LAIMER,53.0,44.0,83.0,1.0,1.0,0.0,17.0,13.0,76.0,2.0,1.0,1.0,1.0,0.0,44,3.0,1.0,2.0,2.0,5.0,9.0,0.0,0.0,0.0,1.0,13.0,16.0,7.0,4.0,3.0,48,10032.5,4074.8,3875.5,1201.8,586.8,293.6,103.0,57.0,31.9,51
fcbayernmunchen:44,fcbayernmunchen,FC Bayern München,52,2025-06-29,https://www.fifatrainingcentre.com/media/native/tournaments/fcwc/2025/M52%20FLA%20V%20BAY%20POST%20MATCH%20REPORT.pdf,44,Josip STANISIC,47.0,41.0,87.0,2.0,0.0,0.0,20.0,16.0,80.0,4.0,1.0,3.0,0.0,0.0,44,1.0,1.0,6.0,1.0,5.0,6.0,0.0,0.0,0.0,0.0,7.0,14.0,10.0,7.0,1.0,48,10258.8,4156.7,3984.1,1124.6,612.8,380.5,98.0,49.0,32.0,51
fcbayernmunchen:10,fcbayernmunchen,FC Bayern München,52,2025-06-29,https://www.fifatrainingcentre.com/media/native/tournaments/fcwc/2025/M52%20FLA%20V%20BAY%20POST%20MATCH%20REPORT.pdf,10,Leroy SANE,19.0,15.0,79.0,0.0,0.0,0.0,1.0,0.0,0.0,1.0,1.0,0.0,2.0,0.0,44,2.0,0.0,1.0,0.0,2.0,10.0,0.0,0.0,0.0,1.0,3.0,3.0,1.0,0.0,1.0,48,3931.4,1675.9,1159.5,508.0,280.4,307.5,38.0,28.0,35.5,51
fcbayernmunchen:23,fcbayernmunchen,FC Bayern München,52,2025-06-29,https://www.fifatrainingcentre.com/media/native/tournaments/fcwc/2025/M52%20FLA%20V%20BAY%20POST%20MATCH%20REPORT.pdf,23,Sacha BOEY,0.0,0.0,0.0,0.0,0.0,0.0,0.0,0.0,0.0,0.0,0.0,0.0,0.0,0.0,44,0.0,0.0,0.0,0.0,0.0,0.0,0.0,0.0,0.0,1.0,0.0,0.0,0.0,0.0,0.0,48,568.5,219.3,241.4,62.0,30.2,15.6,6.0,2.0,27.1,51
fcbayernmunchen:25,fcbayernmunchen,FC Bayern München,52,2025-06-29,https://www.fifatrainingcentre.com/media/native/tournaments/fcwc/2025/M52%20FLA%20V%20BAY%20POST%20MATCH%20REPORT.pdf,25,Thomas MUELLER,0.0,0.0,0.0,0.0,0.0,0.0,0.0,0.0,0.0,0.0,0.0,0.0,0.0,0.0,44,0.0,0.0,1.0,0.0,0.0,1.0,0.0,0.0,0.0,0.0,0.0,0.0,0.0,0.0,0.0,48,613.9,224.7,268.7,101.7,18.8,0.0,7.0,1.0,22.3,51
fcbayernmunchen:42,fcbayernmunchen,FC Bayern München,52,2025-06-29,https://www.fifatrainingcentre.com/media/native/tournaments/fcwc/2025/M52%20FLA%20V%20BAY%20POST%20MATCH%20REPORT.pdf,42,Jamal MUSIALA,7.0,7.0,100.0,0.0,0.0,0.0,0.0,0.0,0.0,0.0,0.0,0.0,0.0,0.0,44,2.0,0.0,3.0,0.0,1.0,10.0,0.0,0.0,0.0,0.0,1.0,5.0,5.0,0.0,3.0,48,2796.5,1006.2,1191.2,369.3,113.2,116.7,32.0,12.0,33.5,51
fcbayernmunchen:45,fcbayernmunchen,FC Bayern München,52,2025-06-29,https://www.fifatrainingcentre.com/media/native/tournaments/fcwc/2025/M52%20FLA%20V%20BAY%20POST%20MATCH%20REPORT.pdf,45,Aleksandar PAVLOVIC,20.0,20.0,100.0,0.0,0.0,0.0,6.0,6.0,100.0,0.0,0.0,0.0,0.0,0.0,44,0.0,0.0,0.0,0.0,0.0,9.0,0.0,0.0,0.0,0.0,2.0,18.0,4.0,0.0,0.0,48,5045.1,1322.5,1990.4,1221.1,475.4,35.6,88.0,25.0,27.8,51
fcinternazionalemilano:1,fcinternazionalemilano,FC Internazionale Milano,53,2025-06-30,https://www.fifatrainingcentre.com/media/native/practice/M53%20INT%20V%20FLU%20POST%20MATCH%20REPORT.pdf,1,Yann SOMMER,29.0,28.0,97.0,0.0,0.0,0.0,2.0,1.0,50.0,0.0,0.0,0.0,0.0,0.0,42,0.0,0.0,0.0,0.0,0.0,0.0,0.0,0.0,0.0,0.0,2.0,0.0,0.0,2.0,0.0,47,5727.1,4730.6,823.9,166.4,6.2,0.0,16.0,0.0,21.0,50
fcinternazionalemilano:2,fcinternazionalemilano,FC Internazionale Milano,53,2025-06-30,https://www.fifatrainingcentre.com/media/native/practice/M53%20INT%20V%20FLU%20POST%20MATCH%20REPORT.pdf,2,Denzel DUMFRIES,15.0,13.0,87.0,0.0,1.0,0.0,1.0,1.0,100.0,1.0,1.0,0.0,2.0,0.0,42,0.0,0.0,1.0,1.0,0.0,7.0,1.0,0.0,1.0,0.0,2.0,8.0,3.0,1.0,0.0,47,5114.6,2625.1,1745.7,471.8,247.6,24.5,44.0,19.0,28.1,50
fcinternazionalemilano:6,fcinternazionalemilano,FC Internazionale Milano,53,2025-06-30,https://www.fifatrainingcentre.com/media/native/practice/M53%20INT%20V%20FLU%20POST%20MATCH%20REPORT.pdf,6,Stefan DE VRIJ,72.0,67.0,93.0,0.0,0.0,0.0,18.0,18.0,100.0,2.0,0.0,2.0,2.0,0.0,42,4.0,2.0,0.0,2.0,1.0,2.0,5.0,0.0,7.0,5.0,12.0,4.0,0.0,7.0,7.0,47,9405.2,4276.5,3453.7,1111.5,439.0,124.5,100.0,32.0,32.1,50
fcinternazionalemilano:9,fcinternazionalemilano,FC Internazionale Milano,53,2025-06-30,https://www.fifatrainingcentre.com/media/native/practice/M53%20INT%20V%20FLU%20POST%20MATCH%20REPORT.pdf,9,Marcus THURAM,10.0,9.0,90.0,0.0,0.0,0.0,1.0,1.0,100.0,2.0,1.0,1.0,1.0,0.0,42,1.0,0.0,0.0,0.0,3.0,21.0,3.0,0.0,3.0,1.0,1.0,12.0,9.0,0.0,2.0,47,6755.6,2815.9,2683.5,811.3,353.8,91.2,75.0,31.0,29.5,50
fcinternazionalemilano:10,fcinternazionalemilano,FC Internazionale Milano,53,2025-06-30,https://www.fifatrainingcentre.com/media/native/practice/M53%20INT%20V%20FLU%20POST%20MATCH%20REPORT.pdf,10,Lautaro MARTINEZ,23.0,18.0,78.0,0.0,1.0,0.0,3.0,3.0,100.0,0.0,0.0,0.0,3.0,0.0,42,2.0,0.0,1.0,1.0,5.0,11.0,3.0,0.0,3.0,0.0,2.0,7.0,7.0,3.0,0.0,47,9358.6,4373.6,3693.2,905.8,290.8,95.3,86.0,23.0,30.8,50
fcinternazionalemilano:21,fcinternazionalemilano,FC Internazionale Milano,53,2025-06-30,https://www.fifatrainingcentre.com/media/native/practice/M53%20INT%20V%20FLU%20POST%20MATCH%20REPORT.pdf,21,Kristjan ASLLANI,46.0,45.0,98.0,1.0,3.0,0.0,17.0,15.0,88.0,0.0,0.0,0.0,0.0,0.0,42,1.0,1.0,1.0,0.0,2.0,5.0,0.0,0.0,0.0,0.0,5.0,18.0,4.0,2.0,0.0,47,6284.5,2077.0,2986.0,998.8,175.9,46.8,86.0,14.0,28.0,50
fcinternazionalemilano:22,fcinternazionalemilano,FC Internazionale Milano,53,2025-06-30,https://www.fifatrainingcentre.com/media/native/practice/M53%20INT%20V%20FLU%20POST%20MATCH%20REPORT.pdf,22,Henrikh MKHITARYAN,25.0,20.0,80.0,0.0,1.0,0.0,3.0,3.0,100.0,0.0,0.0,0.0,0.0,0.0,42,3.0,1.0,1.0,0.0,2.0,12.0,1.0,0.0,2.0,1.0,3.0,10.0,4.0,2.0,0.0,47,6269.1,2290.4,2485.7,1008.1,383.7,101.1,87.0,31.0,28.9,50
fcinternazionalemilano:23,fcinternazionalemilano,FC Internazionale Milano,53,2025-06-30,https://www.fifatrainingcentre.com/media/native/practice/M53%20INT%20V%20FLU%20POST%20MATCH%20REPORT.pdf,23,Nicolo BARELLA,64.0,58.0,91.0,1.0,3.0,0.0,20.0,17.0,85.0,2.0,1.0,1.0,0.0,0.0,42,1.0,1.0,4.0,0.0,4.0,15.0,0.0,0.0,0.0,0.0,9.0,10.0,8.0,2.0,1.0,47,11142.4,4876.0,4543.8,1356.0,299.8,66.9,117.0,22.0,33.6,50
fcinternazionalemilano:32,fcinternazionalemilano,FC Internazionale Milano,53,2025-06-30,https://www.fifatrainingcentre.com/media/native/practice/M53%20INT%20V%20FLU%20POST%20MATCH%20REPORT.pdf,32,Federico DIMARCO,55.0,44.0,80.0,0.0,8.0,1.0,15.0,8.0,53.0,3.0,2.0,1.0,5.0,0.0,42,2.0,0.0,1.0,2.0,2.0,10.0,0.0,0.0,0.0,0.0,9.0,13.0,5.0,2.0,0.0,47,10001.4,4354.1,3228.7,1293.3,684.5,440.7,108.0,60.0,32.0,50
fcinternazionalemilano:36,fcinternazionalemilano,FC Internazionale Milano,53,2025-06-30,https://www.fifatrainingcentre.com/media/native/practice/M53%20INT%20V%20FLU%20POST%20MATCH%20REPORT.pdf,36,Matteo DARMIAN,48.0,41.0,85.0,0.0,2.0,1.0,16.0,14.0,88.0,1.0,1.0,0.0,0.0,0.0,42,4.0,1.0,1.0,0.0,4.0,1.0,1.0,0.0,1.0,1.0,2.0,2.0,1.0,3.0,2.0,47,9613.9,4999.7,3099.1,1073.8,385.3,55.9,95.0,25.0,29.1,50
fcinternazionalemilano:95,fcinternazionalemilano,FC Internazionale Milano,53,2025-06-30,https://www.fifatrainingcentre.com/media/native/practice/M53%20INT%20V%20FLU%20POST%20MATCH%20REPORT.pdf,95,Alessandro BASTONI,51.0,44.0,86.0,0.0,1.0,1.0,17.0,13.0,76.0,2.0,1.0,1.0,0.0,0.0,42,1.0,0.0,5.0,0.0,3.0,6.0,2.0,0.0,2.0,4.0,5.0,4.0,3.0,3.0,4.0,47,7326.3,3686.4,2644.7,687.2,234.3,73.7,58.0,17.0,28.3,50
fcinternazionalemilano:8,fcinternazionalemilano,FC Internazionale Milano,53,2025-06-30,https://www.fifatrainingcentre.com/media/native/practice/M53%20INT%20V%20FLU%20POST%20MATCH%20REPORT.pdf,8,Petar SUCIC,31.0,30.0,97.0,2.0,0.0,0.0,9.0,8.0,89.0,1.0,0.0,1.0,0.0,0.0,42,2.0,0.0,0.0,2.0,2.0,7.0,0.0,0.0,0.0,1.0,0.0,8.0,2.0,1.0,4.0,47,5260.1,1827.8,2301.8,794.3,239.8,96.4,75.0,21.0,31.0,50
fcinternazionalemilano:11,fcinternazionalemilano,FC Internazionale Milano,53,2025-06-30,https://www.fifatrainingcentre.com/media/native/practice/M53%20INT%20V%20FLU%20POST%20MATCH%20REPORT.pdf,11,LUIS HENRIQUE,10.0,5.0,50.0,0.0,5.0,1.0,1.0,1.0,100.0,0.0,0.0,0.0,1.0,0.0,42,0.0,0.0,0.0,0.0,0.0,5.0,0.0,0.0,0.0,1.0,1.0,5.0,3.0,0.0,0.0,47,4835.2,1937.4,1750.7,756.6,281.5,109.0,61.0,21.0,31.7,50
fcinternazionalemilano:30,fcinternazionalemilano,FC Internazionale Milano,53,2025-06-30,https://www.fifatrainingcentre.com/media/native/practice/M53%20INT%20V%20FLU%20POST%20MATCH%20REPORT.pdf,30,CARLOS AUGUSTO,16.0,15.0,94.0,0.0,1.0,1.0,3.0,3.0,100.0,2.0,0.0,2.0,1.0,0.0,42,0.0,0.0,0.0,0.0,0.0,2.0,1.0,0.0,1.0,2.0,1.0,0.0,0.0,0.0,1.0,47,2616.6,1184.2,948.1,334.9,118.1,31.3,34.0,8.0,31.2,50
fcinternazionalemilano:45,fcinternazionalemilano,FC Internazionale Milano,53,2025-06-30,https://www.fifatrainingcentre.com/media/native/practice/M53%20INT%20V%20FLU%20POST%20MATCH%20REPORT.pdf,45,Valentin CARBONI,15.0,12.0,80.0,1.0,2.0,1.0,7.0,5.0,71.0,2.0,2.0,0.0,0.0,0.0,42,0.0,0.0,0.0,0.0,2.0,12.0,2.0,0.0,2.0,0.0,6.0,8.0,6.0,0.0,0.0,47,4705.2,2151.8,1630.5,614.3,239.7,68.9,52.0,17.0,28.3,50
fcinternazionalemilano:70,fcinternazionalemilano,FC Internazionale Milano,53,2025-06-30,https://www.fifatrainingcentre.com/media/native/practice/M53%20INT%20V%20FLU%20POST%20MATCH%20REPORT.pdf,70,Sebastiano ESPOSITO,8.0,7.0,88.0,0.0,2.0,2.0,3.0,3.0,100.0,0.0,0.0,0.0,1.0,0.0,42,1.0,1.0,1.0,0.0,3.0,2.0,1.0,0.0,1.0,0.0,1.0,1.0,1.0,2.0,0.0,47,3490.1,1321.2,1378.5,517.4,229.0,44.0,48.0,19.0,30.2,50
fluminensefc:1,fluminensefc,Fluminense FC,53,2025-06-30,https://www.fifatrainingcentre.com/media/native/practice/M53%20INT%20V%20FLU%20POST%20MATCH%20REPORT.pdf,1,FABIO,24.0,11.0,46.0,0.0,0.0,0.0,17.0,5.0,29.0,0.0,0.0,0.0,0.0,0.0,44,0.0,0.0,0.0,0.0,0.0,0.0,0.0,0.0,0.0,1.0,3.0,0.0,0.0,8.0,0.0,48,4091.8,3658.1,340.9,68.4,14.4,10.1,5.0,2.0,26.4,51
fluminensefc:2,fluminensefc,Fluminense FC,53,2025-06-30,https://www.fifatrainingcentre.com/media/native/practice/M53%20INT%20V%20FLU%20POST%20MATCH%20REPORT.pdf,2,SAMUEL XAVIER,26.0,13.0,50.0,0.0,1.0,1.0,16.0,5.0,31.0,1.0,1.0,0.0,1.0,0.0,44,1.0,0.0,3.0,1.0,2.0,17.0,0.0,0.0,0.0,4.0,3.0,10.0,8.0,2.0,4.0,48,9682.0,4092.4,3829.7,1032.3,468.2,259.3,97.0,39.0,33.2,51
fluminensefc:3,fluminensefc,Fluminense FC,53,2025-06-30,https://www.fifatrainingcentre.com/media/native/practice/M53%20INT%20V%20FLU%20POST%20MATCH%20REPORT.pdf,3,THIAGO SILVA,25.0,21.0,84.0,0.0,0.0,0.0,13.0,10.0,77.0,0.0,0.0,0.0,0.0,0.0,44,3.0,2.0,2.0,2.0,0.0,3.0,0.0,0.0,0.0,6.0,4.0,7.0,1.0,8.0,5.0,48,7294.8,4596.4,2024.0,460.8,150.3,63.3,36.0,15.0,30.9,51
fluminensefc:4,fluminensefc,Fluminense FC,53,2025-06-30,https://www.fifatrainingcentre.com/media/native/practice/M53%20INT%20V%20FLU%20POST%20MATCH%20REPORT.pdf,4,IGNACIO,22.0,16.0,73.0,0.0,1.0,0.0,10.0,4.0,40.0,0.0,0.0,0.0,0.0,0.0,44,8.0,3.0,9.0,1.0,5.0,5.0,4.0,0.0,5.0,8.0,2.0,15.0,7.0,12.0,10.0,48,8878.3,4938.6,2784.9,784.5,282.9,87.5,69.0,26.0,32.3,51
fluminensefc:5,fluminensefc,Fluminense FC,53,2025-06-30,https://www.fifatrainingcentre.com/media/native/practice/M53%20INT%20V%20FLU%20POST%20MATCH%20REPORT.pdf,5,Facundo BERNAL,19.0,18.0,95.0,0.0,0.0,0.0,4.0,3.0,75.0,0.0,0.0,0.0,1.0,0.0,44,10.0,1.0,3.0,0.0,9.0,27.0,1.0,0.0,2.0,2.0,2.0,25.0,7.0,4.0,3.0,48,9416.8,3803.5,4072.8,1225.0,280.0,35.5,106.0,25.0,29.9,51
fluminensefc:6,fluminensefc,Fluminense FC,53,2025-06-30,https://www.fifatrainingcentre.com/media/native/practice/M53%20INT%20V%20FLU%20POST%20MATCH%20REPORT.pdf,6,RENE,24.0,17.0,71.0,1.0,3.0,1.0,12.0,7.0,58.0,0.0,0.0,0.0,0.0,0.0,44,3.0,1.0,3.0,1.0,6.0,30.0,1.0,0.0,2.0,2.0,2.0,25.0,19.0,7.0,2.0,48,9563.8,4813.2,3541.9,808.6,289.3,110.8,72.0,23.0,31.4,51
fluminensefc:8,fluminensefc,Fluminense FC,53,2025-06-30,https://www.fifatrainingcentre.com/media/native/practice/M53%20INT%20V%20FLU%20POST%20MATCH%20REPORT.pdf,8,MARTINELLI,25.0,22.0,88.0,0.0,0.0,0.0,4.0,4.0,100.0,0.0,0.0,0.0,0.0,0.0,44,2.0,0.0,3.0,0.0,4.0,19.0,1.0,0.0,1.0,1.0,6.0,19.0,10.0,1.0,1.0,48,7097.3,2521.8,3054.5,1085.6,369.2,66.2,102.0,26.0,29.7,51
fluminensefc:14,fluminensefc,Fluminense FC,53,2025-06-30,https://www.fifatrainingcentre.com/media/native/practice/M53%20INT%20V%20FLU%20POST%20MATCH%20REPORT.pdf,14,German CANO,13.0,9.0,69.0,0.0,0.0,0.0,1.0,1.0,100.0,0.0,0.0,0.0,3.0,1.0,44,0.0,0.0,0.0,0.0,0.0,9.0,0.0,1.0,1.0,1.0,4.0,13.0,3.0,1.0,0.0,48,7323.4,3154.7,2541.4,1141.7,446.5,39.0,99.0,30.0,28.2,51
fluminensefc:16,fluminensefc,Fluminense FC,53,2025-06-30,https://www.fifatrainingcentre.com/media/native/practice/M53%20INT%20V%20FLU%20POST%20MATCH%20REPORT.pdf,16,NONATO,12.0,10.0,83.0,0.0,0.0,0.0,5.0,3.0,60.0,1.0,0.0,1.0,0.0,0.0,44,2.0,0.0,3.0,0.0,6.0,57.0,0.0,0.0,1.0,0.0,5.0,42.0,31.0,3.0,2.0,48,7537.9,2633.5,3293.3,1012.9,421.5,176.8,95.0,32.0,29.5,51
fluminensefc:21,fluminensefc,Fluminense FC,53,2025-06-30,https://www.fifatrainingcentre.com/media/native/practice/M53%20INT%20V%20FLU%20POST%20MATCH%20REPORT.pdf,21,Jhon ARIAS,28.0,20.0,71.0,0.0,5.0,2.0,7.0,5.0,71.0,6.0,3.0,3.0,4.0,0.0,44,3.0,2.0,3.0,0.0,2.0,12.0,0.0,0.0,0.0,0.0,6.0,10.0,4.0,2.0,1.0,48,8907.8,5159.3,2526.4,667.5,430.1,124.5,52.0,32.0,31.0,51
fluminensefc:22,fluminensefc,Fluminense FC,53,2025-06-30,https://www.fifatrainingcentre.com/media/native/practice/M53%20INT%20V%20FLU%20POST%20MATCH%20REPORT.pdf,22,Juan FREYTES,28.0,23.0,82.0,2.0,0.0,0.0,15.0,11.0,73.0,1.0,0.0,1.0,0.0,0.0,44,5.0,0.0,4.0,0.0,5.0,8.0,1.0,0.0,1.0,6.0,3.0,8.0,4.0,8.0,5.0,48,9277.2,4180.3,3648.0,960.8,442.4,45.7,80.0,39.0,26.5,51
fluminensefc:9,fluminensefc,Fluminense FC,53,2025-06-30,https://www.fifatrainingcentre.com/media/native/practice/M53%20INT%20V%20FLU%20POST%20MATCH%20REPORT.pdf,9,EVERALDO,4.0,2.0,50.0,0.0,0.0,0.0,1.0,0.0,0.0,0.0,0.0,0.0,0.0,0.0,44,1.0,0.0,1.0,0.0,1.0,9.0,1.0,0.0,1.0,0.0,0.0,5.0,3.0,0.0,1.0,48,3347.8,1516.8,1135.5,431.1,193.7,70.7,37.0,17.0,31.2,51
fluminensefc:29,fluminensefc,Fluminense FC,53,2025-06-30,https://www.fifatrainingcentre.com/media/native/practice/M53%20INT%20V%20FLU%20POST%20MATCH%20REPORT.pdf,29,THIAGO SANTOS,0.0,0.0,0.0,0.0,0.0,0.0,1.0,0.0,0.0,1.0,1.0,0.0,0.0,0.0,44,1.0,0.0,2.0,1.0,1.0,7.0,0.0,0.0,0.0,0.0,2.0,3.0,0.0,3.0,0.0,48,1960.4,724.2,806.6,285.9,85.5,58.1,23.0,8.0,30.5,51
fluminensefc:35,fluminensefc,Fluminense FC,53,2025-06-30,https://www.fifatrainingcentre.com/media/native/practice/M53%20INT%20V%20FLU%20POST%20MATCH%20REPORT.pdf,35,HERCULES,5.0,2.0,40.0,0.0,0.0,0.0,4.0,2.0,50.0,0.0,0.0,0.0,1.0,1.0,44,0.0,0.0,0.0,0.0,2.0,15.0,1.0,0.0,1.0,3.0,1.0,13.0,9.0,1.0,2.0,48,4076.1,1570.0,1719.7,501.1,219.2,66.1,41.0,17.0,28.7,51
fluminensefc:45,fluminensefc,Fluminense FC,53,2025-06-30,https://www.fifatrainingcentre.com/media/native/practice/M53%20INT%20V%20FLU%20POST%20MATCH%20REPORT.pdf,45,LIMA,4.0,3.0,75.0,0.0,0.0,0.0,1.0,0.0,0.0,0.0,0.0,0.0,1.0,0.0,44,2.0,0.0,0.0,0.0,2.0,23.0,1.0,0.0,1.0,1.0,2.0,20.0,17.0,0.0,0.0,48,4115.1,1590.0,1507.5,737.9,200.4,79.2,60.0,15.0,31.2,51
manchestercity:31,manchestercity,Manchester City,54,2025-06-30,https://www.fifatrainingcentre.com/media/native/practice/M54%20MCI%20V%20HIL%20POST%20MATCH%20REPORT.pdf,31,EDERSON,30.0,28.0,93.0,0.0,0.0,0.0,7.0,6.0,86.0,1.0,0.0,1.0,0.0,0.0,43,0.0,0.0,0.0,1.0,0.0,0.0,0.0,0.0,0.0,0.0,6.0,0.0,0.0,7.0,0.0,48,5937.0,4695.1,1021.0,182.7,38.4,0.0,18.0,2.0,24.5,51
manchestercity:3,manchestercity,Manchester City,54,2025-06-30,https://www.fifatrainingcentre.com/media/native/practice/M54%20MCI%20V%20HIL%20POST%20MATCH%20REPORT.pdf,3,RUBEN DIAS,124.0,117.0,94.0,0.0,0.0,0.0,25.0,21.0,84.0,1.0,0.0,1.0,3.0,0.0,43,2.0,1.0,5.0,4.0,5.0,1.0,1.0,0.0,1.0,6.0,5.0,3.0,1.0,8.0,6.0,48,15207.0,5499.8,6354.0,1855.6,1051.2,446.5,157.0,78.0,32.8,51
manchestercity:4,manchestercity,Manchester City,54,2025-06-30,https://www.fifatrainingcentre.com/media/native/practice/M54%20MCI%20V%20HIL%20POST%20MATCH%20REPORT.pdf,4,Tijjani REIJNDERS,67.0,65.0,97.0,0.0,0.0,0.0,11.0,8.0,73.0,1.0,1.0,0.0,0.0,0.0,43,3.0,1.0,0.0,0.0,2.0,7.0,1.0,0.0,1.0,0.0,5.0,9.0,4.0,1.0,0.0,48,11413.8,3663.6,4908.1,1965.5,633.1,243.6,155.0,49.0,33.5,51
manchestercity:9,manchestercity,Manchester City,54,2025-06-30,https://www.fifatrainingcentre.com/media/native/practice/M54%20MCI%20V%20HIL%20POST%20MATCH%20REPORT.pdf,9,Erling HAALAND,16.0,12.0,75.0,0.0,2.0,0.0,0.0,0.0,0.0,0.0,0.0,0.0,4.0,1.0,43,0.0,0.0,0.0,1.0,0.0,28.0,4.0,0.0,4.0,0.0,2.0,18.0,10.0,1.0,0.0,48,9480.1,4241.4,3595.5,963.0,447.3,232.9,91.0,39.0,35.5,51
manchestercity:11,manchestercity,Manchester City,54,2025-06-30,https://www.fifatrainingcentre.com/media/native/practice/M54%20MCI%20V%20HIL%20POST%20MATCH%20REPORT.pdf,11,Jeremy DOKU,62.0,56.0,90.0,0.0,10.0,1.0,20.0,15.0,75.0,22.0,16.0,6.0,8.0,0.0,43,1.0,1.0,0.0,0.0,3.0,28.0,0.0,0.0,0.0,0.0,7.0,12.0,7.0,1.0,0.0,48,13959.4,5677.1,5460.1,1918.3,667.2,236.6,161.0,53.0,34.6,51
manchestercity:19,manchestercity,Manchester City,54,2025-06-30,https://www.fifatrainingcentre.com/media/native/practice/M54%20MCI%20V%20HIL%20POST%20MATCH%20REPORT.pdf,19,Ilkay GUENDOGAN,32.0,29.0,91.0,0.0,1.0,0.0,6.0,5.0,83.0,0.0,0.0,0.0,1.0,0.0,43,2.0,0.0,1.0,0.0,2.0,6.0,0.0,0.0,0.0,0.0,1.0,2.0,0.0,1.0,0.0,48,6724.7,1884.4,3289.0,1060.4,456.5,34.3,93.0,30.0,29.7,51
manchestercity:20,manchestercity,Manchester City,54,2025-06-30,https://www.fifatrainingcentre.com/media/native/practice/M54%20MCI%20V%20HIL%20POST%20MATCH%20REPORT.pdf,20,BERNARDO SILVA,40.0,38.0,95.0,0.0,17.0,7.0,4.0,3.0,75.0,0.0,0.0,0.0,3.0,1.0,43,4.0,3.0,0.0,0.0,4.0,30.0,0.0,0.0,0.0,1.0,5.0,33.0,20.0,4.0,1.0,48,16066.9,4705.6,7780.5,2712.5,772.1,96.1,218.0,58.0,28.0,51
manchestercity:21,manchestercity,Manchester City,54,2025-06-30,https://www.fifatrainingcentre.com/media/native/practice/M54%20MCI%20V%20HIL%20POST%20MATCH%20REPORT.pdf,21,Rayan AITNOURI,98.0,94.0,96.0,0.0,3.0,0.0,27.0,23.0,85.0,5.0,4.0,1.0,2.0,0.0,43,4.0,1.0,4.0,4.0,6.0,21.0,0.0,0.0,0.0,3.0,11.0,23.0,8.0,6.0,4.0,48,14271.5,5344.1,5952.8,1668.3,836.6,469.7,154.0,69.0,34.0,51
manchestercity:24,manchestercity,Manchester City,54,2025-06-30,https://www.fifatrainingcentre.com/media/native/practice/M54%20MCI%20V%20HIL%20POST%20MATCH%20REPORT.pdf,24,Josko GVARDIOL,44.0,43.0,98.0,0.0,0.0,0.0,13.0,12.0,92.0,0.0,0.0,0.0,1.0,0.0,43,3.0,2.0,1.0,0.0,0.0,1.0,0.0,0.0,0.0,3.0,3.0,6.0,1.0,5.0,1.0,48,6302.2,2450.8,2347.6,824.5,496.9,182.5,80.0,34.0,31.1,51
manchestercity:26,manchestercity,Manchester City,54,2025-06-30,https://www.fifatrainingcentre.com/media/native/practice/M54%20MCI%20V%20HIL%20POST%20MATCH%20REPORT.pdf,26,SAVINHO,61.0,55.0,90.0,0.0,14.0,3.0,19.0,12.0,63.0,7.0,6.0,1.0,3.0,0.0,43,4.0,0.0,3.0,1.0,3.0,28.0,0.0,0.0,0.0,1.0,5.0,12.0,6.0,3.0,3.0,48,14119.5,5158.7,5095.4,2521.4,1066.2,277.8,222.0,78.0,31.8,51
manchestercity:27,manchestercity,Manchester City,54,2025-06-30,https://www.fifatrainingcentre.com/media/native/practice/M54%20MCI%20V%20HIL%20POST%20MATCH%20REPORT.pdf,27,MATHEUS NUNES,58.0,52.0,90.0,0.0,0.0,0.0,19.0,18.0,95.0,0.0,0.0,0.0,0.0,0.0,43,2.0,1.0,1.0,1.0,3.0,11.0,0.0,0.0,0.0,2.0,3.0,16.0,10.0,3.0,0.0,48,6801.7,2139.4,3003.9,1040.5,492.4,125.5,95.0,40.0,31.7,51
manchestercity:6,manchestercity,Manchester City,54,2025-06-30,https://www.fifatrainingcentre.com/media/native/practice/M54%20MCI%20V%20HIL%20POST%20MATCH%20REPORT.pdf,6,Nathan AKE,48.0,46.0,96.0,0.0,0.0,0.0,11.0,11.0,100.0,0.0,0.0,0.0,0.0,0.0,43,1.0,0.0,1.0,3.0,1.0,1.0,1.0,0.0,1.0,2.0,4.0,3.0,2.0,6.0,2.0,48,7696.1,2639.3,3593.6,887.1,443.8,132.2,72.0,30.0,31.4,51
manchestercity:7,manchestercity,Manchester City,54,2025-06-30,https://www.fifatrainingcentre.com/media/native/practice/M54%20MCI%20V%20HIL%20POST%20MATCH%20REPORT.pdf,7,OMAR MARMOUSH,1.0,0.0,0.0,0.0,0.0,0.0,0.0,0.0,0.0,0.0,0.0,0.0,2.0,0.0,43,0.0,0.0,0.0,0.0,0.0,7.0,0.0,0.0,0.0,0.0,3.0,7.0,4.0,0.0,0.0,48,3725.8,1432.0,1307.5,476.6,236.4,273.3,37.0,23.0,34.1,51
manchestercity:16,manchestercity,Manchester City,54,2025-06-30,https://www.fifatrainingcentre.com/media/native/practice/M54%20MCI%20V%20HIL%20POST%20MATCH%20REPORT.pdf,16,RODRI,63.0,58.0,92.0,4.0,0.0,0.0,16.0,13.0,81.0,1.0,0.0,1.0,2.0,0.0,43,2.0,1.0,0.0,0.0,3.0,1.0,0.0,0.0,0.0,1.0,6.0,0.0,0.0,3.0,1.0,48,6130.4,2106.0,2782.6,1022.6,206.0,13.3,82.0,13.0,26.5,51
manchestercity:25,manchestercity,Manchester City,54,2025-06-30,https://www.fifatrainingcentre.com/media/native/practice/M54%20MCI%20V%20HIL%20POST%20MATCH%20REPORT.pdf,25,Manuel AKANJI,65.0,63.0,97.0,0.0,1.0,0.0,19.0,16.0,84.0,0.0,0.0,0.0,2.0,0.0,43,3.0,1.0,1.0,0.0,3.0,8.0,1.0,0.0,1.0,1.0,10.0,5.0,3.0,1.0,1.0,48,8056.7,2781.9,3239.0,1379.1,444.0,212.8,106.0,40.0,34.0,51
manchestercity:29,manchestercity,Manchester City,54,2025-06-30,https://www.fifatrainingcentre.com/media/native/practice/M54%20MCI%20V%20HIL%20POST%20MATCH%20REPORT.pdf,29,Rayan CHERKI,38.0,31.0,82.0,0.0,1.0,0.0,15.0,12.0,80.0,1.0,0.0,1.0,0.0,0.0,43,3.0,1.0,0.0,1.0,1.0,2.0,0.0,0.0,0.0,0.0,1.0,2.0,1.0,2.0,1.0,48,4401.0,1214.6,2000.9,740.4,328.0,117.2,58.0,25.0,28.4,51
manchestercity:47,manchestercity,Manchester City,54,2025-06-30,https://www.fifatrainingcentre.com/media/native/practice/M54%20MCI%20V%20HIL%20POST%20MATCH%20REPORT.pdf,47,Phil FODEN,9.0,9.0,100.0,0.0,3.0,1.0,5.0,4.0,80.0,0.0,0.0,0.0,1.0,1.0,43,0.0,0.0,0.0,0.0,1.0,3.0,0.0,0.0,1.0,0.0,0.0,8.0,4.0,0.0,0.0,48,3188.6,805.7,1438.0,555.0,248.1,141.9,49.0,17.0,31.4,51
alhilal:37,alhilal,Al Hilal,54,2025-06-30,https://www.fifatrainingcentre.com/media/native/practice/M54%20MCI%20V%20HIL%20POST%20MATCH%20REPORT.pdf,37,Yassine BOUNOU,35.0,28.0,80.0,1.0,0.0,0.0,14.0,10.0,71.0,0.0,0.0,0.0,0.0,0.0,45,0.0,0.0,0.0,0.0,0.0,0.0,0.0,0.0,0.0,0.0,2.0,0.0,0.0,16.0,0.0,49,6180.9,5141.4,991.4,48.1,0.0,0.0,4.0,0.0,18.2,52
alhilal:3,alhilal,Al Hilal,54,2025-06-30,https://www.fifatrainingcentre.com/media/native/practice/M54%20MCI%20V%20HIL%20POST%20MATCH%20REPORT.pdf,3,Kalidou KOULIBALY,45.0,38.0,84.0,2.0,0.0,0.0,17.0,13.0,76.0,0.0,0.0,0.0,1.0,1.0,45,4.0,3.0,3.0,2.0,4.0,12.0,3.0,0.0,4.0,8.0,4.0,16.0,5.0,7.0,9.0,49,12040.4,5694.1,4857.3,999.5,381.4,108.2,82.0,32.0,29.8,52
alhilal:6,alhilal,Al Hilal,54,2025-06-30,https://www.fifatrainingcentre.com/media/native/practice/M54%20MCI%20V%20HIL%20POST%20MATCH%20REPORT.pdf,6,RENAN LODI,32.0,30.0,94.0,0.0,3.0,2.0,15.0,13.0,87.0,3.0,1.0,2.0,2.0,0.0,45,4.0,1.0,8.0,0.0,4.0,22.0,1.0,0.0,1.0,5.0,5.0,18.0,5.0,6.0,4.0,49,13938.9,5604.1,5371.2,1848.9,792.8,321.8,155.0,61.0,31.4,52
alhilal:8,alhilal,Al Hilal,54,2025-06-30,https://www.fifatrainingcentre.com/media/native/practice/M54%20MCI%20V%20HIL%20POST%20MATCH%20REPORT.pdf,8,RUBEN NEVES,50.0,45.0,90.0,1.0,5.0,2.0,21.0,17.0,81.0,1.0,1.0,0.0,1.0,0.0,45,1.0,0.0,10.0,0.0,3.0,26.0,0.0,0.0,0.0,4.0,5.0,23.0,13.0,6.0,8.0,49,13813.4,5337.2,6237.1,1395.7,574.2,269.2,125.0,37.0,32.3,52
alhilal:11,alhilal,Al Hilal,54,2025-06-30,https://www.fifatrainingcentre.com/media/native/practice/M54%20MCI%20V%20HIL%20POST%20MATCH%20REPORT.pdf,11,MARCOS LEONARDO,12.0,11.0,92.0,0.0,0.0,0.0,1.0,0.0,0.0,2.0,2.0,0.0,4.0,2.0,45,1.0,0.0,0.0,0.0,1.0,31.0,0.0,1.0,1.0,0.0,1.0,19.0,7.0,1.0,0.0,49,12788.0,4834.4,5495.8,1349.9,656.8,451.1,112.0,58.0,33.4,52
alhilal:16,alhilal,Al Hilal,54,2025-06-30,https://www.fifatrainingcentre.com/media/native/practice/M54%20MCI%20V%20HIL%20POST%20MATCH%20REPORT.pdf,16,NASSER ALDAWSARI,14.0,12.0,86.0,0.0,1.0,0.0,7.0,6.0,86.0,0.0,0.0,0.0,2.0,0.0,45,4.0,1.0,8.0,0.0,5.0,70.0,0.0,0.0,1.0,1.0,1.0,28.0,23.0,3.0,4.0,49,13598.9,4368.5,5969.7,2248.7,772.2,239.8,201.0,67.0,31.2,52
alhilal:20,alhilal,Al Hilal,54,2025-06-30,https://www.fifatrainingcentre.com/media/native/practice/M54%20MCI%20V%20HIL%20POST%20MATCH%20REPORT.pdf,20,JOAO CANCELO,38.0,34.0,89.0,0.0,3.0,0.0,12.0,9.0,75.0,5.0,2.0,3.0,1.0,0.0,45,6.0,1.0,5.0,1.0,9.0,29.0,0.0,0.0,1.0,3.0,4.0,6.0,5.0,4.0,5.0,49,9548.8,4138.0,3799.7,1009.9,387.3,213.9,87.0,29.0,29.5,52
alhilal:22,alhilal,Al Hilal,54,2025-06-30,https://www.fifatrainingcentre.com/media/native/practice/M54%20MCI%20V%20HIL%20POST%20MATCH%20REPORT.pdf,22,Sergej MILINKOVICSAVIC,51.0,37.0,73.0,3.0,2.0,0.0,26.0,17.0,65.0,2.0,1.0,1.0,1.0,0.0,45,2.0,0.0,4.0,1.0,3.0,100.0,4.0,0.0,4.0,0.0,9.0,35.0,11.0,5.0,0.0,49,15891.4,4973.4,8233.0,2073.0,542.6,69.4,181.0,40.0,28.1,52
alhilal:24,alhilal,Al Hilal,54,2025-06-30,https://www.fifatrainingcentre.com/media/native/practice/M54%20MCI%20V%20HIL%20POST%20MATCH%20REPORT.pdf,24,MOTEB ALHARBI,19.0,16.0,84.0,1.0,1.0,1.0,6.0,4.0,67.0,2.0,2.0,0.0,0.0,0.0,45,6.0,0.0,4.0,0.0,6.0,40.0,0.0,0.0,0.0,0.0,2.0,34.0,29.0,1.0,5.0,49,10393.1,3670.3,4567.4,1364.6,519.3,271.5,109.0,39.0,35.0,52
alhilal:28,alhilal,Al Hilal,54,2025-06-30,https://www.fifatrainingcentre.com/media/native/practice/M54%20MCI%20V%20HIL%20POST%20MATCH%20REPORT.pdf,28,MOHAMED KANNO,27.0,26.0,96.0,1.0,1.0,1.0,5.0,4.0,80.0,0.0,0.0,0.0,1.0,0.0,45,2.0,1.0,2.0,0.0,2.0,10.0,0.0,0.0,1.0,4.0,5.0,17.0,2.0,3.0,3.0,49,9881.6,3378.6,4110.2,1727.7,580.5,84.6,145.0,43.0,27.1,52
alhilal:77,alhilal,Al Hilal,54,2025-06-30,https://www.fifatrainingcentre.com/media/native/practice/M54%20MCI%20V%20HIL%20POST%20MATCH%20REPORT.pdf,77,MALCOM,22.0,18.0,82.0,0.0,0.0,0.0,7.0,6.0,86.0,3.0,3.0,0.0,3.0,1.0,45,3.0,1.0,2.0,0.0,6.0,21.0,0.0,0.0,0.0,0.0,4.0,11.0,8.0,1.0,2.0,49,7290.9,2723.9,2980.7,845.6,428.6,312.1,75.0,42.0,33.8,52
alhilal:5,alhilal,Al Hilal,54,2025-06-30,https://www.fifatrainingcentre.com/media/native/practice/M54%20MCI%20V%20HIL%20POST%20MATCH%20REPORT.pdf,5,ALI ALBULAYHI,6.0,5.0,83.0,0.0,0.0,0.0,1.0,0.0,0.0,0.0,0.0,0.0,0.0,0.0,45,1.0,0.0,1.0,0.0,0.0,1.0,1.0,0.0,1.0,5.0,1.0,6.0,0.0,0.0,6.0,49,4791.3,1785.1,2270.3,461.3,184.7,90.0,43.0,17.0,31.8,52
alhilal:7,alhilal,Al Hilal,54,2025-06-30,https://www.fifatrainingcentre.com/media/native/practice/M54%20MCI%20V%20HIL%20POST%20MATCH%20REPORT.pdf,7,KHALID ALGHANNAM,1.0,1.0,100.0,0.0,0.0,0.0,0.0,0.0,0.0,0.0,0.0,0.0,0.0,0.0,45,1.0,1.0,0.0,0.0,2.0,2.0,0.0,0.0,0.0,0.0,0.0,1.0,1.0,1.0,0.0,49,1071.8,297.9,428.0,166.2,105.0,74.7,10.0,8.0,32.1,52
alhilal:18,alhilal,Al Hilal,54,2025-06-30,https://www.fifatrainingcentre.com/media/native/practice/M54%20MCI%20V%20HIL%20POST%20MATCH%20REPORT.pdf,18,MUSAB ALJUWAYR,7.0,7.0,100.0,0.0,1.0,0.0,2.0,2.0,100.0,0.0,0.0,0.0,0.0,0.0,45,0.0,0.0,0.0,0.0,0.0,9.0,0.0,0.0,0.0,1.0,0.0,3.0,3.0,0.0,1.0,49,2422.0,697.8,826.1,499.1,282.2,116.8,43.0,20.0,30.2,52
alhilal:27,alhilal,Al Hilal,54,2025-06-30,https://www.fifatrainingcentre.com/media/native/practice/M54%20MCI%20V%20HIL%20POST%20MATCH%20REPORT.pdf,27,KAIO CESAR,5.0,4.0,80.0,0.0,1.0,0.0,1.0,0.0,0.0,3.0,3.0,0.0,1.0,0.0,45,10.0,1.0,3.0,1.0,11.0,22.0,0.0,0.0,0.0,1.0,2.0,19.0,15.0,2.0,5.0,49,7263.8,2515.3,2672.9,1198.5,643.7,233.4,102.0,53.0,32.2,52
alhilal:78,alhilal,Al Hilal,54,2025-06-30,https://www.fifatrainingcentre.com/media/native/practice/M54%20MCI%20V%20HIL%20POST%20MATCH%20REPORT.pdf,78,ALI LAJAMI,8.0,7.0,88.0,0.0,0.0,0.0,3.0,3.0,100.0,0.0,0.0,0.0,0.0,0.0,45,0.0,0.0,2.0,1.0,0.0,1.0,1.0,0.0,1.0,8.0,0.0,1.0,0.0,6.0,2.0,49,4725.9,2105.1,2110.4,368.6,86.8,55.0,31.0,9.0,32.4,52
alhilal:88,alhilal,Al Hilal,54,2025-06-30,https://www.fifatrainingcentre.com/media/native/practice/M54%20MCI%20V%20HIL%20POST%20MATCH%20REPORT.pdf,88,HAMAD ALYAMI,14.0,11.0,79.0,0.0,0.0,0.0,7.0,5.0,71.0,2.0,1.0,1.0,0.0,0.0,45,1.0,0.0,1.0,1.0,4.0,16.0,0.0,0.0,0.0,2.0,3.0,6.0,5.0,1.0,3.0,49,4590.8,1630.2,1961.1,547.6,198.2,253.7,43.0,22.0,33.4,52
realmadridcf:1,realmadridcf,Real Madrid C. F.,55,2025-07-01,https://www.fifatrainingcentre.com/media/native/practice/M55%20RMA%20V%20JUV%20POST%20MATCH%20REPORT.pdf,1,Thibaut COURTOIS,14.0,8.0,57.0,0.0,0.0,0.0,6.0,2.0,33.0,0.0,0.0,0.0,0.0,0.0,43,0.0,0.0,0.0,0.0,0.0,0.0,0.0,0.0,0.0,1.0,1.0,0.0,0.0,4.0,1.0,48,4748.0,3985.8,690.0,72.2,0.0,0.0,10.0,0.0,19.9,51
realmadridcf:5,realmadridcf,Real Madrid C. F.,55,2025-07-01,https://www.fifatrainingcentre.com/media/native/practice/M55%20RMA%20V%20JUV%20POST%20MATCH%20REPORT.pdf,5,Jude BELLINGHAM,47.0,46.0,98.0,0.0,1.0,0.0,4.0,4.0,100.0,0.0,0.0,0.0,3.0,0.0,43,4.0,3.0,0.0,0.0,8.0,34.0,1.0,0.0,1.0,1.0,3.0,26.0,17.0,5.0,0.0,48,10549.7,4831.8,3605.8,1381.8,630.9,99.6,116.0,45.0,30.8,51
realmadridcf:7,realmadridcf,Real Madrid C. F.,55,2025-07-01,https://www.fifatrainingcentre.com/media/native/practice/M55%20RMA%20V%20JUV%20POST%20MATCH%20REPORT.pdf,7,VINICIUS JUNIOR,57.0,48.0,84.0,4.0,7.0,1.0,11.0,6.0,55.0,4.0,3.0,1.0,4.0,0.0,43,0.0,0.0,1.0,0.0,1.0,20.0,0.0,0.0,0.0,0.0,7.0,21.0,14.0,0.0,1.0,48,9694.2,4965.2,2577.6,1137.9,639.9,373.6,107.0,50.0,33.2,51
realmadridcf:8,realmadridcf,Real Madrid C. F.,55,2025-07-01,https://www.fifatrainingcentre.com/media/native/practice/M55%20RMA%20V%20JUV%20POST%20MATCH%20REPORT.pdf,8,Federico VALVERDE,65.0,62.0,95.0,1.0,3.0,1.0,17.0,16.0,94.0,3.0,0.0,3.0,6.0,0.0,43,3.0,1.0,1.0,3.0,1.0,13.0,1.0,0.0,1.0,0.0,8.0,10.0,4.0,3.0,3.0,48,10267.5,3633.7,4361.5,1070.1,676.2,526.0,93.0,52.0,33.6,51
realmadridcf:12,realmadridcf,Real Madrid C. F.,55,2025-07-01,https://www.fifatrainingcentre.com/media/native/practice/M55%20RMA%20V%20JUV%20POST%20MATCH%20REPORT.pdf,12,Trent ALEXANDERARNOLD,62.0,55.0,89.0,0.0,10.0,2.0,15.0,6.0,40.0,1.0,0.0,1.0,1.0,0.0,43,2.0,1.0,3.0,0.0,6.0,18.0,0.0,0.0,0.0,0.0,6.0,17.0,9.0,1.0,2.0,48,9920.8,4279.3,4345.2,893.3,297.3,105.8,82.0,24.0,33.4,51
realmadridcf:14,realmadridcf,Real Madrid C. F.,55,2025-07-01,https://www.fifatrainingcentre.com/media/native/practice/M55%20RMA%20V%20JUV%20POST%20MATCH%20REPORT.pdf,14,Aurelien TCHOUAMENI,80.0,78.0,98.0,0.0,1.0,1.0,11.0,9.0,82.0,0.0,0.0,0.0,2.0,0.0,43,2.0,0.0,5.0,1.0,3.0,6.0,3.0,0.0,3.0,1.0,5.0,15.0,0.0,4.0,3.0,48,10506.8,4352.6,4128.8,1524.9,390.4,110.1,142.0,33.0,30.4,51
realmadridcf:15,realmadridcf,Real Madrid C. F.,55,2025-07-01,https://www.fifatrainingcentre.com/media/native/practice/M55%20RMA%20V%20JUV%20POST%20MATCH%20REPORT.pdf,15,Arda GULER,84.0,79.0,94.0,3.0,8.0,1.0,23.0,20.0,87.0,4.0,1.0,3.0,2.0,0.0,43,8.0,2.0,0.0,1.0,13.0,20.0,2.0,0.0,2.0,1.0,7.0,19.0,11.0,4.0,2.0,48,9772.2,2993.4,4730.3,1448.8,419.0,180.8,117.0,30.0,32.5,51
realmadridcf:20,realmadridcf,Real Madrid C. F.,55,2025-07-01,https://www.fifatrainingcentre.com/media/native/practice/M55%20RMA%20V%20JUV%20POST%20MATCH%20REPORT.pdf,20,Fran GARCIA,54.0,53.0,98.0,2.0,3.0,0.0,9.0,9.0,100.0,1.0,0.0,1.0,0.0,0.0,43,6.0,4.0,2.0,1.0,5.0,13.0,1.0,0.0,1.0,2.0,8.0,11.0,6.0,7.0,3.0,48,10881.3,4061.3,4331.7,1423.1,695.3,370.0,113.0,59.0,33.7,51
realmadridcf:22,realmadridcf,Real Madrid C. F.,55,2025-07-01,https://www.fifatrainingcentre.com/media/native/practice/M55%20RMA%20V%20JUV%20POST%20MATCH%20REPORT.pdf,22,Antonio RUEDIGER,60.0,56.0,93.0,0.0,0.0,0.0,13.0,10.0,77.0,0.0,0.0,0.0,0.0,0.0,43,1.0,0.0,1.0,1.0,5.0,1.0,0.0,0.0,0.0,3.0,7.0,7.0,0.0,2.0,2.0,48,9816.1,4612.9,3835.5,1005.8,223.5,138.4,87.0,19.0,33.5,51
realmadridcf:24,realmadridcf,Real Madrid C. F.,55,2025-07-01,https://www.fifatrainingcentre.com/media/native/practice/M55%20RMA%20V%20JUV%20POST%20MATCH%20REPORT.pdf,24,Dean HUIJSEN,65.0,61.0,94.0,1.0,0.0,0.0,17.0,14.0,82.0,1.0,1.0,0.0,2.0,0.0,43,0.0,0.0,2.0,1.0,1.0,2.0,2.0,0.0,2.0,6.0,6.0,29.0,1.0,6.0,3.0,48,10350.1,4068.3,4519.5,1213.8,447.5,101.2,118.0,38.0,31.9,51
realmadridcf:30,realmadridcf,Real Madrid C. F.,55,2025-07-01,https://www.fifatrainingcentre.com/media/native/practice/M55%20RMA%20V%20JUV%20POST%20MATCH%20REPORT.pdf,30,Gonzalo GARCIA,7.0,5.0,71.0,0.0,1.0,0.0,1.0,1.0,100.0,0.0,0.0,0.0,1.0,1.0,43,0.0,0.0,1.0,0.0,0.0,28.0,2.0,0.0,2.0,1.0,0.0,31.0,17.0,1.0,1.0,48,7974.8,3435.7,3003.5,878.5,453.3,203.8,78.0,39.0,32.4,51
realmadridcf:9,realmadridcf,Real Madrid C. F.,55,2025-07-01,https://www.fifatrainingcentre.com/media/native/practice/M55%20RMA%20V%20JUV%20POST%20MATCH%20REPORT.pdf,9,Kylian MBAPPE,17.0,15.0,88.0,0.0,0.0,0.0,2.0,2.0,100.0,1.0,0.0,1.0,0.0,0.0,43,0.0,0.0,0.0,0.0,1.0,8.0,0.0,0.0,0.0,0.0,2.0,4.0,2.0,0.0,0.0,48,2582.8,1176.3,926.5,232.2,130.7,117.0,19.0,16.0,32.0,51
realmadridcf:10,realmadridcf,Real Madrid C. F.,55,2025-07-01,https://www.fifatrainingcentre.com/media/native/practice/M55%20RMA%20V%20JUV%20POST%20MATCH%20REPORT.pdf,10,Luka MODRIC,19.0,19.0,100.0,0.0,1.0,0.0,4.0,4.0,100.0,1.0,0.0,1.0,0.0,0.0,43,0.0,0.0,1.0,0.0,0.0,6.0,1.0,0.0,1.0,1.0,0.0,3.0,2.0,1.0,2.0,48,2077.2,729.0,960.1,342.7,45.4,0.0,29.0,5.0,24.6,51
realmadridcf:19,realmadridcf,Real Madrid C. F.,55,2025-07-01,https://www.fifatrainingcentre.com/media/native/practice/M55%20RMA%20V%20JUV%20POST%20MATCH%20REPORT.pdf,19,Dani CEBALLOS,0.0,0.0,0.0,0.0,0.0,0.0,0.0,0.0,0.0,0.0,0.0,0.0,0.0,0.0,43,0.0,0.0,1.0,0.0,0.0,2.0,0.0,0.0,0.0,0.0,1.0,5.0,1.0,1.0,0.0,48,700.7,234.4,281.6,138.1,46.6,0.0,11.0,5.0,24.8,51
juventusfc:29,juventusfc,Juventus FC,55,2025-07-01,https://www.fifatrainingcentre.com/media/native/practice/M55%20RMA%20V%20JUV%20POST%20MATCH%20REPORT.pdf,29,Michele DI GREGORIO,38.0,27.0,71.0,0.0,0.0,0.0,20.0,10.0,50.0,0.0,0.0,0.0,0.0,0.0,45,0.0,0.0,0.0,0.0,0.0,0.0,0.0,0.0,0.0,0.0,5.0,0.0,0.0,11.0,0.0,49,5389.7,4173.1,985.7,170.6,60.3,0.0,17.0,6.0,22.7,52
juventusfc:2,juventusfc,Juventus FC,55,2025-07-01,https://www.fifatrainingcentre.com/media/native/practice/M55%20RMA%20V%20JUV%20POST%20MATCH%20REPORT.pdf,2,ALBERTO COSTA,26.0,20.0,77.0,0.0,0.0,0.0,7.0,5.0,71.0,3.0,1.0,2.0,0.0,0.0,45,5.0,1.0,3.0,0.0,8.0,27.0,1.0,0.0,1.0,10.0,5.0,21.0,16.0,4.0,4.0,49,10602.8,4033.4,4343.2,1054.9,733.0,438.4,94.0,53.0,34.6,52
juventusfc:5,juventusfc,Juventus FC,55,2025-07-01,https://www.fifatrainingcentre.com/media/native/practice/M55%20RMA%20V%20JUV%20POST%20MATCH%20REPORT.pdf,5,Manuel LOCATELLI,68.0,64.0,94.0,1.0,0.0,0.0,29.0,27.0,93.0,0.0,0.0,0.0,0.0,0.0,45,2.0,1.0,3.0,1.0,3.0,17.0,0.0,0.0,0.0,0.0,7.0,21.0,6.0,2.0,2.0,49,9719.3,3688.5,4688.4,906.5,358.8,77.2,84.0,24.0,29.1,52
juventusfc:6,juventusfc,Juventus FC,55,2025-07-01,https://www.fifatrainingcentre.com/media/native/practice/M55%20RMA%20V%20JUV%20POST%20MATCH%20REPORT.pdf,6,Lloyd KELLY,38.0,33.0,87.0,0.0,0.0,0.0,14.0,9.0,64.0,0.0,0.0,0.0,0.0,0.0,45,0.0,0.0,2.0,1.0,0.0,4.0,0.0,0.0,0.0,3.0,1.0,13.0,3.0,2.0,3.0,49,6362.9,2641.5,2711.4,556.0,186.9,267.1,52.0,17.0,31.8,52
juventusfc:7,juventusfc,Juventus FC,55,2025-07-01,https://www.fifatrainingcentre.com/media/native/practice/M55%20RMA%20V%20JUV%20POST%20MATCH%20REPORT.pdf,7,FRANCISCO CONCEICAO,15.0,14.0,93.0,1.0,1.0,0.0,1.0,0.0,0.0,3.0,3.0,0.0,2.0,0.0,45,4.0,0.0,0.0,0.0,5.0,18.0,0.0,0.0,1.0,0.0,5.0,15.0,9.0,0.0,1.0,49,7759.5,2540.2,3614.7,965.3,403.5,235.7,74.0,34.0,32.6,52
juventusfc:10,juventusfc,Juventus FC,55,2025-07-01,https://www.fifatrainingcentre.com/media/native/practice/M55%20RMA%20V%20JUV%20POST%20MATCH%20REPORT.pdf,10,Kenan YILDIZ,35.0,34.0,97.0,0.0,2.0,0.0,10.0,10.0,100.0,4.0,2.0,2.0,2.0,0.0,45,0.0,0.0,2.0,0.0,0.0,16.0,0.0,0.0,0.0,0.0,3.0,5.0,3.0,2.0,0.0,49,8251.7,3308.0,3720.6,875.5,242.0,105.7,79.0,23.0,29.8,52
juventusfc:15,juventusfc,Juventus FC,55,2025-07-01,https://www.fifatrainingcentre.com/media/native/practice/M55%20RMA%20V%20JUV%20POST%20MATCH%20REPORT.pdf,15,Pierre KALULU,46.0,45.0,98.0,1.0,0.0,0.0,10.0,9.0,90.0,2.0,0.0,2.0,0.0,0.0,45,1.0,0.0,3.0,1.0,3.0,6.0,1.0,0.0,1.0,6.0,4.0,31.0,5.0,2.0,7.0,49,9921.3,4214.7,3908.3,1024.1,549.9,224.3,94.0,32.0,33.6,52
juventusfc:19,juventusfc,Juventus FC,55,2025-07-01,https://www.fifatrainingcentre.com/media/native/practice/M55%20RMA%20V%20JUV%20POST%20MATCH%20REPORT.pdf,19,Khephren THURAM,58.0,54.0,93.0,0.0,1.0,0.0,16.0,15.0,94.0,4.0,0.0,4.0,0.0,0.0,45,1.0,0.0,3.0,1.0,1.0,7.0,0.0,0.0,0.0,1.0,4.0,16.0,1.0,3.0,3.0,49,10512.8,4107.2,4634.0,1211.4,412.1,148.0,99.0,24.0,30.0,52
juventusfc:20,juventusfc,Juventus FC,55,2025-07-01,https://www.fifatrainingcentre.com/media/native/practice/M55%20RMA%20V%20JUV%20POST%20MATCH%20REPORT.pdf,20,Randal KOLO MUANI,16.0,14.0,88.0,0.0,0.0,0.0,2.0,1.0,50.0,2.0,1.0,1.0,1.0,0.0,45,3.0,0.0,2.0,1.0,3.0,16.0,1.0,0.0,1.0,1.0,2.0,9.0,6.0,1.0,4.0,49,10239.5,3969.9,4548.0,1075.5,408.8,237.3,95.0,40.0,34.4,52
juventusfc:24,juventusfc,Juventus FC,55,2025-07-01,https://www.fifatrainingcentre.com/media/native/practice/M55%20RMA%20V%20JUV%20POST%20MATCH%20REPORT.pdf,24,Daniele RUGANI,40.0,39.0,98.0,0.0,0.0,0.0,4.0,3.0,75.0,0.0,0.0,0.0,0.0,0.0,45,1.0,1.0,3.0,0.0,1.0,1.0,3.0,0.0,3.0,11.0,3.0,3.0,1.0,5.0,10.0,49,8493.4,3653.3,3988.1,546.9,234.1,71.0,56.0,14.0,29.3,52
juventusfc:27,juventusfc,Juventus FC,55,2025-07-01,https://www.fifatrainingcentre.com/media/native/practice/M55%20RMA%20V%20JUV%20POST%20MATCH%20REPORT.pdf,27,Andrea CAMBIASO,56.0,51.0,91.0,2.0,6.0,3.0,9.0,6.0,67.0,3.0,3.0,0.0,0.0,0.0,45,1.0,1.0,0.0,0.0,1.0,15.0,0.0,0.0,1.0,1.0,8.0,21.0,12.0,3.0,0.0,49,11101.7,3949.0,4825.2,1331.7,723.9,271.9,114.0,55.0,31.0,52
juventusfc:4,juventusfc,Juventus FC,55,2025-07-01,https://www.fifatrainingcentre.com/media/native/practice/M55%20RMA%20V%20JUV%20POST%20MATCH%20REPORT.pdf,4,Federico GATTI,6.0,6.0,100.0,0.0,0.0,0.0,3.0,3.0,100.0,1.0,0.0,1.0,0.0,0.0,45,0.0,0.0,0.0,0.0,0.0,0.0,0.0,0.0,0.0,0.0,2.0,0.0,0.0,0.0,0.0,49,1148.9,381.3,389.9,144.8,160.3,72.6,13.0,11.0,29.9,52
juventusfc:8,juventusfc,Juventus FC,55,2025-07-01,https://www.fifatrainingcentre.com/media/native/practice/M55%20RMA%20V%20JUV%20POST%20MATCH%20REPORT.pdf,8,Teun KOOPMEINERS,10.0,9.0,90.0,0.0,2.0,1.0,2.0,2.0,100.0,1.0,0.0,1.0,0.0,0.0,45,1.0,1.0,0.0,0.0,0.0,12.0,0.0,0.0,0.0,0.0,0.0,4.0,3.0,1.0,0.0,49,2907.4,894.2,1165.9,596.9,229.8,20.6,49.0,13.0,29.2,52
juventusfc:11,juventusfc,Juventus FC,55,2025-07-01,https://www.fifatrainingcentre.com/media/native/practice/M55%20RMA%20V%20JUV%20POST%20MATCH%20REPORT.pdf,11,Nico GONZALEZ,11.0,10.0,91.0,0.0,0.0,0.0,1.0,1.0,100.0,0.0,0.0,0.0,1.0,0.0,45,1.0,0.0,1.0,0.0,2.0,17.0,0.0,0.0,0.0,0.0,1.0,26.0,14.0,0.0,1.0,49,3899.4,1501.9,1643.6,498.5,190.8,64.6,39.0,15.0,28.5,52
juventusfc:16,juventusfc,Juventus FC,55,2025-07-01,https://www.fifatrainingcentre.com/media/native/practice/M55%20RMA%20V%20JUV%20POST%20MATCH%20REPORT.pdf,16,Weston McKENNIE,10.0,7.0,70.0,0.0,0.0,0.0,1.0,1.0,100.0,0.0,0.0,0.0,0.0,0.0,45,0.0,0.0,0.0,0.0,0.0,0.0,0.0,0.0,0.0,0.0,3.0,2.0,0.0,0.0,0.0,49,1343.4,341.8,614.6,238.3,101.5,47.2,21.0,6.0,27.5,52
juventusfc:18,juventusfc,Juventus FC,55,2025-07-01,https://www.fifatrainingcentre.com/media/native/practice/M55%20RMA%20V%20JUV%20POST%20MATCH%20REPORT.pdf,18,Filip KOSTIC,12.0,12.0,100.0,1.0,3.0,1.0,1.0,1.0,100.0,0.0,0.0,0.0,0.0,0.0,45,0.0,0.0,1.0,0.0,0.0,10.0,2.0,0.0,2.0,0.0,4.0,10.0,8.0,1.0,0.0,49,4108.9,1568.8,1367.0,586.1,333.5,253.4,56.0,26.0,32.3,52
borussiadortmund:1,borussiadortmund,Borussia Dortmund,56,2025-07-01,https://www.fifatrainingcentre.com/media/native/practice/M56%20BVB%20V%20CFM%20POST%20MATCH%20REPORT.pdf,1,Gregor KOBEL,27.0,17.0,63.0,0.0,0.0,0.0,18.0,9.0,50.0,0.0,0.0,0.0,0.0,0.0,42,0.0,0.0,0.0,0.0,0.0,0.0,0.0,0.0,0.0,0.0,2.0,0.0,0.0,10.0,0.0,47,5939.2,4299.3,1470.2,133.4,36.3,0.0,13.0,4.0,23.4,50
borussiadortmund:3,borussiadortmund,Borussia Dortmund,56,2025-07-01,https://www.fifatrainingcentre.com/media/native/practice/M56%20BVB%20V%20CFM%20POST%20MATCH%20REPORT.pdf,3,Waldemar ANTON,37.0,32.0,86.0,0.0,0.0,0.0,14.0,13.0,93.0,1.0,0.0,1.0,0.0,0.0,42,2.0,0.0,3.0,1.0,2.0,4.0,1.0,0.0,1.0,6.0,5.0,7.0,1.0,5.0,2.0,47,11016.2,3651.6,5122.2,1406.5,588.7,247.2,133.0,48.0,31.1,50
borussiadortmund:5,borussiadortmund,Borussia Dortmund,56,2025-07-01,https://www.fifatrainingcentre.com/media/native/practice/M56%20BVB%20V%20CFM%20POST%20MATCH%20REPORT.pdf,5,Ramy BENSEBAINI,46.0,37.0,80.0,3.0,0.0,0.0,24.0,19.0,79.0,1.0,0.0,1.0,0.0,0.0,42,5.0,2.0,3.0,3.0,6.0,12.0,0.0,0.0,0.0,8.0,5.0,32.0,7.0,6.0,6.0,47,10214.1,3826.8,4593.3,1114.1,485.6,194.2,99.0,37.0,32.1,50
borussiadortmund:8,borussiadortmund,Borussia Dortmund,56,2025-07-01,https://www.fifatrainingcentre.com/media/native/practice/M56%20BVB%20V%20CFM%20POST%20MATCH%20REPORT.pdf,8,Felix NMECHA,29.0,26.0,90.0,0.0,0.0,0.0,6.0,5.0,83.0,0.0,0.0,0.0,0.0,0.0,42,1.0,0.0,1.0,0.0,4.0,27.0,1.0,0.0,2.0,2.0,6.0,46.0,4.0,1.0,2.0,47,8938.4,2686.2,4172.8,1676.2,356.2,47.0,147.0,25.0,30.2,50
borussiadortmund:9,borussiadortmund,Borussia Dortmund,56,2025-07-01,https://www.fifatrainingcentre.com/media/native/practice/M56%20BVB%20V%20CFM%20POST%20MATCH%20REPORT.pdf,9,Serhou GUIRASSY,26.0,21.0,81.0,0.0,0.0,0.0,3.0,2.0,67.0,4.0,4.0,0.0,6.0,2.0,42,1.0,1.0,1.0,0.0,3.0,25.0,5.0,0.0,5.0,2.0,2.0,12.0,8.0,2.0,2.0,47,10621.8,4232.2,4333.3,1261.7,551.2,243.4,118.0,44.0,29.9,50
borussiadortmund:13,borussiadortmund,Borussia Dortmund,56,2025-07-01,https://www.fifatrainingcentre.com/media/native/practice/M56%20BVB%20V%20CFM%20POST%20MATCH%20REPORT.pdf,13,Pascal GROSS,55.0,49.0,89.0,1.0,3.0,1.0,15.0,12.0,80.0,1.0,0.0,1.0,0.0,0.0,42,3.0,0.0,0.0,0.0,6.0,48.0,1.0,0.0,1.0,1.0,4.0,56.0,19.0,0.0,2.0,47,12471.6,3495.2,5991.2,2236.1,607.4,141.7,210.0,50.0,29.6,50
borussiadortmund:24,borussiadortmund,Borussia Dortmund,56,2025-07-01,https://www.fifatrainingcentre.com/media/native/practice/M56%20BVB%20V%20CFM%20POST%20MATCH%20REPORT.pdf,24,Daniel SVENSSON,53.0,47.0,89.0,0.0,2.0,0.0,14.0,10.0,71.0,1.0,0.0,1.0,0.0,0.0,42,4.0,0.0,3.0,3.0,8.0,29.0,0.0,0.0,1.0,3.0,2.0,38.0,23.0,4.0,4.0,47,12398.9,3352.6,5663.5,2009.5,1090.5,282.7,187.0,75.0,31.7,50
borussiadortmund:25,borussiadortmund,Borussia Dortmund,56,2025-07-01,https://www.fifatrainingcentre.com/media/native/practice/M56%20BVB%20V%20CFM%20POST%20MATCH%20REPORT.pdf,25,Niklas SUELE,46.0,39.0,85.0,2.0,1.0,0.0,21.0,18.0,86.0,1.0,1.0,0.0,0.0,0.0,42,1.0,0.0,4.0,2.0,3.0,7.0,0.0,0.0,0.0,1.0,8.0,10.0,4.0,3.0,3.0,47,10098.8,4135.2,4549.9,947.0,369.6,97.1,94.0,26.0,32.0,50
borussiadortmund:26,borussiadortmund,Borussia Dortmund,56,2025-07-01,https://www.fifatrainingcentre.com/media/native/practice/M56%20BVB%20V%20CFM%20POST%20MATCH%20REPORT.pdf,26,Julian RYERSON,34.0,31.0,91.0,0.0,4.0,1.0,8.0,5.0,62.0,3.0,1.0,2.0,0.0,0.0,42,1.0,1.0,3.0,2.0,3.0,30.0,0.0,0.0,0.0,3.0,4.0,31.0,19.0,4.0,2.0,47,11418.8,3982.1,5000.7,1588.0,615.3,232.7,150.0,56.0,32.5,50
borussiadortmund:27,borussiadortmund,Borussia Dortmund,56,2025-07-01,https://www.fifatrainingcentre.com/media/native/practice/M56%20BVB%20V%20CFM%20POST%20MATCH%20REPORT.pdf,27,Karim ADEYEMI,18.0,15.0,83.0,0.0,1.0,0.0,4.0,4.0,100.0,4.0,3.0,1.0,0.0,0.0,42,0.0,0.0,0.0,0.0,7.0,41.0,0.0,0.0,0.0,0.0,0.0,21.0,18.0,0.0,0.0,47,8201.6,3144.4,3193.3,1037.5,528.0,298.3,98.0,48.0,34.7,50
borussiadortmund:77,borussiadortmund,Borussia Dortmund,56,2025-07-01,https://www.fifatrainingcentre.com/media/native/practice/M56%20BVB%20V%20CFM%20POST%20MATCH%20REPORT.pdf,77,Jobe BELLINGHAM,16.0,13.0,81.0,0.0,1.0,1.0,6.0,5.0,83.0,0.0,0.0,0.0,0.0,0.0,42,3.0,0.0,2.0,1.0,4.0,48.0,0.0,0.0,0.0,1.0,1.0,41.0,27.0,4.0,1.0,47,6865.3,2334.5,2705.6,1241.5,494.5,89.2,115.0,39.0,32.1,50
borussiadortmund:2,borussiadortmund,Borussia Dortmund,56,2025-07-01,https://www.fifatrainingcentre.com/media/native/practice/M56%20BVB%20V%20CFM%20POST%20MATCH%20REPORT.pdf,2,YAN COUTO,15.0,14.0,93.0,0.0,0.0,0.0,1.0,1.0,100.0,0.0,0.0,0.0,0.0,0.0,42,2.0,1.0,2.0,0.0,4.0,15.0,0.0,0.0,0.0,0.0,2.0,5.0,3.0,1.0,2.0,47,2848.4,944.9,1243.2,444.9,168.1,47.4,41.0,18.0,32.0,50
borussiadortmund:10,borussiadortmund,Borussia Dortmund,56,2025-07-01,https://www.fifatrainingcentre.com/media/native/practice/M56%20BVB%20V%20CFM%20POST%20MATCH%20REPORT.pdf,10,Julian BRANDT,18.0,17.0,94.0,0.0,0.0,0.0,0.0,0.0,0.0,1.0,1.0,0.0,0.0,0.0,42,0.0,0.0,0.0,0.0,1.0,13.0,0.0,0.0,0.0,1.0,3.0,4.0,1.0,0.0,0.0,47,3428.9,807.7,1689.5,734.1,167.7,30.0,64.0,15.0,29.7,50
borussiadortmund:20,borussiadortmund,Borussia Dortmund,56,2025-07-01,https://www.fifatrainingcentre.com/media/native/practice/M56%20BVB%20V%20CFM%20POST%20MATCH%20REPORT.pdf,20,Marcel SABITZER,30.0,27.0,90.0,0.0,0.0,0.0,5.0,4.0,80.0,0.0,0.0,0.0,0.0,0.0,42,3.0,0.0,0.0,0.0,2.0,17.0,0.0,0.0,0.0,1.0,1.0,16.0,9.0,0.0,2.0,47,4982.5,1462.8,2313.4,935.0,236.8,34.5,80.0,22.0,26.0,50
cfmonterrey:1,cfmonterrey,CF Monterrey,56,2025-07-01,https://www.fifatrainingcentre.com/media/native/practice/M56%20BVB%20V%20CFM%20POST%20MATCH%20REPORT.pdf,1,Esteban ANDRADA,43.0,40.0,93.0,0.0,0.0,0.0,10.0,7.0,70.0,0.0,0.0,0.0,0.0,0.0,44,0.0,0.0,0.0,0.0,0.0,0.0,0.0,0.0,0.0,1.0,1.0,0.0,0.0,2.0,0.0,48,5408.1,4066.6,1138.3,125.7,48.9,28.6,16.0,6.0,27.7,51
cfmonterrey:3,cfmonterrey,CF Monterrey,56,2025-07-01,https://www.fifatrainingcentre.com/media/native/practice/M56%20BVB%20V%20CFM%20POST%20MATCH%20REPORT.pdf,3,Gerardo ARTEAGA,49.0,45.0,92.0,0.0,0.0,0.0,14.0,11.0,79.0,0.0,0.0,0.0,1.0,0.0,44,2.0,0.0,0.0,0.0,5.0,16.0,2.0,0.0,2.0,0.0,8.0,11.0,10.0,1.0,0.0,48,10480.1,4366.6,3734.2,1344.1,747.6,287.6,117.0,71.0,32.4,51
cfmonterrey:6,cfmonterrey,CF Monterrey,56,2025-07-01,https://www.fifatrainingcentre.com/media/native/practice/M56%20BVB%20V%20CFM%20POST%20MATCH%20REPORT.pdf,6,Nelson DEOSSA,47.0,40.0,85.0,3.0,1.0,0.0,11.0,8.0,73.0,7.0,4.0,3.0,4.0,0.0,44,4.0,3.0,2.0,2.0,8.0,36.0,0.0,0.0,0.0,2.0,12.0,10.0,4.0,9.0,0.0,48,11226.4,3988.2,4758.9,1687.2,551.8,240.3,155.0,50.0,33.9,51
cfmonterrey:7,cfmonterrey,CF Monterrey,56,2025-07-01,https://www.fifatrainingcentre.com/media/native/practice/M56%20BVB%20V%20CFM%20POST%20MATCH%20REPORT.pdf,7,German BERTERAME,17.0,12.0,71.0,1.0,0.0,0.0,2.0,1.0,50.0,0.0,0.0,0.0,1.0,1.0,44,0.0,0.0,1.0,0.0,1.0,17.0,1.0,0.0,1.0,0.0,3.0,13.0,4.0,0.0,0.0,48,9662.7,3417.6,4039.9,1204.4,658.0,342.8,96.0,54.0,31.8,51
cfmonterrey:8,cfmonterrey,CF Monterrey,56,2025-07-01,https://www.fifatrainingcentre.com/media/native/practice/M56%20BVB%20V%20CFM%20POST%20MATCH%20REPORT.pdf,8,Oliver TORRES,49.0,43.0,88.0,2.0,1.0,0.0,9.0,7.0,78.0,2.0,1.0,1.0,1.0,0.0,44,0.0,0.0,1.0,0.0,0.0,27.0,0.0,0.0,1.0,0.0,3.0,26.0,13.0,2.0,0.0,48,10625.6,3307.1,4605.5,2110.0,554.1,48.9,173.0,36.0,29.2,51
cfmonterrey:10,cfmonterrey,CF Monterrey,56,2025-07-01,https://www.fifatrainingcentre.com/media/native/practice/M56%20BVB%20V%20CFM%20POST%20MATCH%20REPORT.pdf,10,Sergio CANALES,76.0,68.0,89.0,2.0,4.0,2.0,16.0,11.0,69.0,1.0,0.0,1.0,1.0,0.0,44,1.0,0.0,0.0,0.0,1.0,20.0,1.0,0.0,1.0,0.0,7.0,19.0,6.0,0.0,0.0,48,11388.2,3313.9,6491.7,1492.2,85.2,5.2,140.0,8.0,26.3,51
cfmonterrey:14,cfmonterrey,CF Monterrey,56,2025-07-01,https://www.fifatrainingcentre.com/media/native/practice/M56%20BVB%20V%20CFM%20POST%20MATCH%20REPORT.pdf,14,Erick AGUIRRE,74.0,65.0,88.0,0.0,4.0,1.0,25.0,19.0,76.0,0.0,0.0,0.0,1.0,0.0,44,2.0,1.0,6.0,0.0,1.0,16.0,1.0,0.0,1.0,3.0,5.0,10.0,8.0,5.0,3.0,48,11390.3,3889.7,4849.4,1872.7,596.3,182.2,175.0,47.0,32.0,51
cfmonterrey:17,cfmonterrey,CF Monterrey,56,2025-07-01,https://www.fifatrainingcentre.com/media/native/practice/M56%20BVB%20V%20CFM%20POST%20MATCH%20REPORT.pdf,17,Jesus CORONA,25.0,22.0,88.0,2.0,7.0,1.0,4.0,2.0,50.0,5.0,5.0,0.0,3.0,0.0,44,0.0,0.0,0.0,1.0,0.0,19.0,0.0,0.0,0.0,0.0,1.0,20.0,13.0,1.0,0.0,48,9123.8,3425.2,3746.0,1139.0,565.0,248.6,103.0,48.0,32.8,51
cfmonterrey:30,cfmonterrey,CF Monterrey,56,2025-07-01,https://www.fifatrainingcentre.com/media/native/practice/M56%20BVB%20V%20CFM%20POST%20MATCH%20REPORT.pdf,30,Jorge RODRIGUEZ,76.0,66.0,87.0,0.0,0.0,0.0,19.0,13.0,68.0,1.0,0.0,1.0,0.0,0.0,44,1.0,0.0,1.0,4.0,8.0,5.0,2.0,0.0,2.0,4.0,8.0,9.0,3.0,9.0,3.0,48,10459.6,3603.3,5117.1,1247.2,349.2,142.9,109.0,27.0,32.2,51
cfmonterrey:33,cfmonterrey,CF Monterrey,56,2025-07-01,https://www.fifatrainingcentre.com/media/native/practice/M56%20BVB%20V%20CFM%20POST%20MATCH%20REPORT.pdf,33,Stefan MEDINA,96.0,89.0,93.0,2.0,0.0,0.0,37.0,30.0,81.0,1.0,0.0,1.0,0.0,0.0,44,2.0,0.0,1.0,2.0,0.0,3.0,1.0,0.0,1.0,4.0,6.0,6.0,0.0,3.0,2.0,48,9930.0,4136.5,4287.4,1100.4,314.3,91.4,100.0,30.0,28.6,51
cfmonterrey:93,cfmonterrey,CF Monterrey,56,2025-07-01,https://www.fifatrainingcentre.com/media/native/practice/M56%20BVB%20V%20CFM%20POST%20MATCH%20REPORT.pdf,93,Sergio RAMOS,75.0,72.0,96.0,4.0,0.0,0.0,15.0,14.0,93.0,1.0,0.0,1.0,1.0,0.0,44,3.0,1.0,2.0,2.0,4.0,7.0,2.0,0.0,2.0,2.0,4.0,10.0,2.0,6.0,3.0,48,10174.3,4191.4,4412.5,1085.5,375.9,109.0,101.0,29.0,30.7,51
cfmonterrey:5,cfmonterrey,CF Monterrey,56,2025-07-01,https://www.fifatrainingcentre.com/media/native/practice/M56%20BVB%20V%20CFM%20POST%20MATCH%20REPORT.pdf,5,Fidel AMBRIZ,4.0,4.0,100.0,0.0,0.0,0.0,1.0,1.0,100.0,1.0,1.0,0.0,0.0,0.0,44,2.0,0.0,0.0,0.0,1.0,3.0,0.0,0.0,0.0,1.0,1.0,1.0,1.0,1.0,1.0,48,1563.5,433.7,640.9,311.7,147.0,30.1,25.0,12.0,28.5,51
cfmonterrey:11,cfmonterrey,CF Monterrey,56,2025-07-01,https://www.fifatrainingcentre.com/media/native/practice/M56%20BVB%20V%20CFM%20POST%20MATCH%20REPORT.pdf,11,Alfonso ALVARADO,0.0,0.0,0.0,0.0,0.0,0.0,0.0,0.0,0.0,0.0,0.0,0.0,0.0,0.0,44,0.0,0.0,0.0,0.0,0.0,1.0,0.0,0.0,0.0,0.0,0.0,1.0,1.0,0.0,0.0,48,707.6,257.8,318.3,88.4,43.1,0.0,8.0,5.0,24.5,51
cfmonterrey:29,cfmonterrey,CF Monterrey,56,2025-07-01,https://www.fifatrainingcentre.com/media/native/practice/M56%20BVB%20V%20CFM%20POST%20MATCH%20REPORT.pdf,29,Lucas OCAMPOS,4.0,2.0,50.0,0.0,0.0,0.0,0.0,0.0,0.0,0.0,0.0,0.0,0.0,0.0,44,0.0,0.0,0.0,0.0,0.0,3.0,0.0,0.0,0.0,0.0,1.0,3.0,3.0,0.0,0.0,48,1280.1,537.3,396.6,178.4,120.0,47.8,17.0,10.0,29.1,51
cfmonterrey:31,cfmonterrey,CF Monterrey,56,2025-07-01,https://www.fifatrainingcentre.com/media/native/practice/M56%20BVB%20V%20CFM%20POST%20MATCH%20REPORT.pdf,31,Roberto DE LA ROSA,2.0,0.0,0.0,0.0,0.0,0.0,0.0,0.0,0.0,0.0,0.0,0.0,0.0,0.0,44,0.0,0.0,0.0,0.0,0.0,2.0,0.0,0.0,0.0,0.0,0.0,4.0,2.0,0.0,0.0,48,1246.6,529.3,457.8,115.3,61.0,83.1,9.0,8.0,32.5,51
fluminensefc:1,fluminensefc,Fluminense FC,57,2025-07-04,https://www.fifatrainingcentre.com/media/native/practice/M57%20FLU%20V%20HIL%20POST%20MATCH%20REPORT.pdf,1,FABIO,18.0,13.0,72.0,0.0,0.0,0.0,10.0,5.0,50.0,0.0,0.0,0.0,0.0,0.0,42,0.0,0.0,0.0,0.0,0.0,0.0,0.0,0.0,0.0,0.0,1.0,0.0,0.0,5.0,0.0,47,3912.8,3504.6,388.4,19.7,0.0,0.0,3.0,0.0,18.0,50
fluminensefc:2,fluminensefc,Fluminense FC,57,2025-07-04,https://www.fifatrainingcentre.com/media/native/practice/M57%20FLU%20V%20HIL%20POST%20MATCH%20REPORT.pdf,2,SAMUEL XAVIER,32.0,25.0,78.0,0.0,1.0,0.0,13.0,8.0,62.0,3.0,3.0,0.0,1.0,0.0,42,1.0,0.0,1.0,1.0,0.0,8.0,0.0,0.0,0.0,4.0,5.0,14.0,5.0,1.0,2.0,47,7809.0,3535.2,2945.8,822.8,328.5,176.7,79.0,27.0,32.1,50
fluminensefc:3,fluminensefc,Fluminense FC,57,2025-07-04,https://www.fifatrainingcentre.com/media/native/practice/M57%20FLU%20V%20HIL%20POST%20MATCH%20REPORT.pdf,3,THIAGO SILVA,49.0,45.0,92.0,0.0,0.0,0.0,5.0,2.0,40.0,0.0,0.0,0.0,0.0,0.0,42,1.0,0.0,3.0,0.0,2.0,0.0,1.0,0.0,1.0,3.0,3.0,5.0,2.0,1.0,3.0,47,6737.8,4368.3,1888.8,328.3,112.8,39.5,30.0,11.0,32.2,50
fluminensefc:4,fluminensefc,Fluminense FC,57,2025-07-04,https://www.fifatrainingcentre.com/media/native/practice/M57%20FLU%20V%20HIL%20POST%20MATCH%20REPORT.pdf,4,IGNACIO,50.0,44.0,88.0,0.0,0.0,0.0,11.0,8.0,73.0,2.0,0.0,2.0,0.0,0.0,42,4.0,0.0,5.0,1.0,6.0,8.0,3.0,0.0,3.0,8.0,1.0,12.0,5.0,6.0,10.0,47,8803.8,4913.0,2744.6,756.3,278.2,111.7,68.0,23.0,31.4,50
fluminensefc:5,fluminensefc,Fluminense FC,57,2025-07-04,https://www.fifatrainingcentre.com/media/native/practice/M57%20FLU%20V%20HIL%20POST%20MATCH%20REPORT.pdf,5,Facundo BERNAL,27.0,25.0,93.0,0.0,0.0,0.0,5.0,3.0,60.0,0.0,0.0,0.0,1.0,0.0,42,5.0,0.0,3.0,0.0,5.0,20.0,0.0,0.0,0.0,3.0,1.0,24.0,5.0,3.0,3.0,47,9904.0,4187.9,4462.5,1012.8,228.3,12.5,85.0,16.0,26.5,50
fluminensefc:8,fluminensefc,Fluminense FC,57,2025-07-04,https://www.fifatrainingcentre.com/media/native/practice/M57%20FLU%20V%20HIL%20POST%20MATCH%20REPORT.pdf,8,MARTINELLI,23.0,20.0,87.0,0.0,0.0,0.0,4.0,4.0,100.0,0.0,0.0,0.0,1.0,1.0,42,2.0,1.0,1.0,0.0,3.0,9.0,0.0,0.0,0.0,1.0,5.0,12.0,3.0,3.0,1.0,47,5534.5,1921.3,2656.1,751.7,166.1,39.3,67.0,12.0,28.4,50
fluminensefc:12,fluminensefc,Fluminense FC,57,2025-07-04,https://www.fifatrainingcentre.com/media/native/practice/M57%20FLU%20V%20HIL%20POST%20MATCH%20REPORT.pdf,12,Gabriel FUENTES,33.0,29.0,88.0,0.0,1.0,0.0,8.0,5.0,62.0,1.0,1.0,0.0,0.0,0.0,42,2.0,1.0,2.0,1.0,6.0,16.0,0.0,0.0,0.0,2.0,5.0,26.0,14.0,4.0,2.0,47,9996.0,4622.2,3618.4,1096.5,411.8,247.2,94.0,36.0,32.4,50
fluminensefc:14,fluminensefc,Fluminense FC,57,2025-07-04,https://www.fifatrainingcentre.com/media/native/practice/M57%20FLU%20V%20HIL%20POST%20MATCH%20REPORT.pdf,14,German CANO,9.0,7.0,78.0,1.0,0.0,0.0,1.0,1.0,100.0,2.0,2.0,0.0,1.0,0.0,42,1.0,0.0,1.0,0.0,3.0,9.0,0.0,0.0,0.0,0.0,3.0,8.0,4.0,1.0,0.0,47,6990.1,3485.8,2013.2,1123.0,319.8,48.3,88.0,26.0,29.1,50
fluminensefc:16,fluminensefc,Fluminense FC,57,2025-07-04,https://www.fifatrainingcentre.com/media/native/practice/M57%20FLU%20V%20HIL%20POST%20MATCH%20REPORT.pdf,16,NONATO,19.0,16.0,84.0,0.0,0.0,0.0,5.0,3.0,60.0,0.0,0.0,0.0,1.0,0.0,42,4.0,0.0,1.0,0.0,5.0,40.0,1.0,0.0,1.0,2.0,5.0,24.0,16.0,1.0,5.0,47,7911.1,3074.2,3532.5,892.4,323.7,88.3,85.0,24.0,28.3,50
fluminensefc:21,fluminensefc,Fluminense FC,57,2025-07-04,https://www.fifatrainingcentre.com/media/native/practice/M57%20FLU%20V%20HIL%20POST%20MATCH%20REPORT.pdf,21,Jhon ARIAS,30.0,29.0,97.0,1.0,5.0,2.0,14.0,12.0,86.0,9.0,5.0,4.0,0.0,0.0,42,2.0,0.0,5.0,0.0,1.0,16.0,1.0,0.0,1.0,0.0,7.0,9.0,6.0,1.0,3.0,47,9163.6,5000.0,3096.1,740.4,261.6,65.5,67.0,25.0,28.9,50
fluminensefc:22,fluminensefc,Fluminense FC,57,2025-07-04,https://www.fifatrainingcentre.com/media/native/practice/M57%20FLU%20V%20HIL%20POST%20MATCH%20REPORT.pdf,22,Juan FREYTES,48.0,40.0,83.0,0.0,3.0,0.0,15.0,8.0,53.0,1.0,0.0,1.0,0.0,0.0,42,2.0,0.0,1.0,0.0,1.0,9.0,1.0,0.0,1.0,9.0,6.0,13.0,3.0,1.0,6.0,47,8918.0,4257.4,3371.7,829.5,368.0,91.5,77.0,28.0,30.8,50
fluminensefc:9,fluminensefc,Fluminense FC,57,2025-07-04,https://www.fifatrainingcentre.com/media/native/practice/M57%20FLU%20V%20HIL%20POST%20MATCH%20REPORT.pdf,9,EVERALDO,4.0,4.0,100.0,0.0,0.0,0.0,1.0,1.0,100.0,0.0,0.0,0.0,1.0,0.0,42,0.0,0.0,1.0,0.0,3.0,2.0,2.0,0.0,2.0,1.0,0.0,1.0,1.0,1.0,1.0,47,2955.6,1396.2,922.5,404.2,158.6,74.1,34.0,13.0,30.7,50
fluminensefc:23,fluminensefc,Fluminense FC,57,2025-07-04,https://www.fifatrainingcentre.com/media/native/practice/M57%20FLU%20V%20HIL%20POST%20MATCH%20REPORT.pdf,23,GUGA,0.0,0.0,0.0,0.0,0.0,0.0,0.0,0.0,0.0,0.0,0.0,0.0,0.0,0.0,42,0.0,0.0,0.0,0.0,0.0,2.0,1.0,0.0,1.0,3.0,0.0,5.0,1.0,0.0,2.0,47,1506.9,706.6,524.4,164.5,64.9,46.5,15.0,6.0,31.2,50
fluminensefc:29,fluminensefc,Fluminense FC,57,2025-07-04,https://www.fifatrainingcentre.com/media/native/practice/M57%20FLU%20V%20HIL%20POST%20MATCH%20REPORT.pdf,29,THIAGO SANTOS,0.0,0.0,0.0,0.0,0.0,0.0,0.0,0.0,0.0,0.0,0.0,0.0,0.0,0.0,42,1.0,0.0,0.0,0.0,1.0,1.0,0.0,0.0,0.0,1.0,1.0,0.0,0.0,0.0,0.0,47,946.3,430.8,400.4,103.0,12.2,0.0,8.0,0.0,22.2,50
fluminensefc:35,fluminensefc,Fluminense FC,57,2025-07-04,https://www.fifatrainingcentre.com/media/native/practice/M57%20FLU%20V%20HIL%20POST%20MATCH%20REPORT.pdf,35,HERCULES,5.0,4.0,80.0,0.0,0.0,0.0,2.0,1.0,50.0,0.0,0.0,0.0,3.0,1.0,42,4.0,2.0,2.0,0.0,5.0,19.0,0.0,0.0,0.0,1.0,1.0,16.0,13.0,3.0,2.0,47,5151.6,2273.6,2045.4,493.4,255.6,83.6,52.0,17.0,30.1,50
fluminensefc:45,fluminensefc,Fluminense FC,57,2025-07-04,https://www.fifatrainingcentre.com/media/native/practice/M57%20FLU%20V%20HIL%20POST%20MATCH%20REPORT.pdf,45,LIMA,7.0,4.0,57.0,0.0,0.0,0.0,1.0,0.0,0.0,0.0,0.0,0.0,0.0,0.0,42,0.0,0.0,0.0,0.0,2.0,13.0,0.0,0.0,1.0,1.0,1.0,4.0,3.0,0.0,1.0,47,3025.7,1216.2,1258.2,434.8,100.9,15.7,37.0,8.0,27.2,50
alhilal:37,alhilal,Al Hilal,57,2025-07-04,https://www.fifatrainingcentre.com/media/native/practice/M57%20FLU%20V%20HIL%20POST%20MATCH%20REPORT.pdf,37,Yassine BOUNOU,26.0,21.0,81.0,0.0,0.0,0.0,7.0,3.0,43.0,0.0,0.0,0.0,0.0,0.0,44,0.0,0.0,0.0,0.0,0.0,0.0,0.0,0.0,0.0,0.0,3.0,0.0,0.0,4.0,0.0,48,4725.4,3850.2,788.1,56.1,21.4,9.6,8.0,2.0,26.0,51
alhilal:3,alhilal,Al Hilal,57,2025-07-04,https://www.fifatrainingcentre.com/media/native/practice/M57%20FLU%20V%20HIL%20POST%20MATCH%20REPORT.pdf,3,Kalidou KOULIBALY,67.0,58.0,87.0,1.0,0.0,0.0,22.0,16.0,73.0,0.0,0.0,0.0,3.0,0.0,44,4.0,3.0,2.0,1.0,1.0,6.0,2.0,0.0,2.0,6.0,5.0,3.0,2.0,9.0,2.0,48,8335.9,4487.8,2689.8,855.7,243.6,59.0,78.0,21.0,31.5,51
alhilal:6,alhilal,Al Hilal,57,2025-07-04,https://www.fifatrainingcentre.com/media/native/practice/M57%20FLU%20V%20HIL%20POST%20MATCH%20REPORT.pdf,6,RENAN LODI,55.0,46.0,84.0,1.0,3.0,0.0,11.0,6.0,55.0,2.0,1.0,1.0,2.0,0.0,44,1.0,0.0,4.0,0.0,1.0,1.0,1.0,0.0,1.0,1.0,10.0,1.0,0.0,3.0,2.0,48,9735.3,4690.7,3328.7,1117.5,484.7,113.7,89.0,35.0,30.9,51
alhilal:8,alhilal,Al Hilal,57,2025-07-04,https://www.fifatrainingcentre.com/media/native/practice/M57%20FLU%20V%20HIL%20POST%20MATCH%20REPORT.pdf,8,RUBEN NEVES,79.0,73.0,92.0,0.0,19.0,2.0,30.0,22.0,73.0,2.0,1.0,1.0,2.0,0.0,44,3.0,0.0,2.0,2.0,4.0,2.0,0.0,0.0,1.0,2.0,6.0,0.0,0.0,3.0,5.0,48,9921.3,4507.3,4223.0,902.9,192.5,95.5,76.0,16.0,31.8,51
alhilal:11,alhilal,Al Hilal,57,2025-07-04,https://www.fifatrainingcentre.com/media/native/practice/M57%20FLU%20V%20HIL%20POST%20MATCH%20REPORT.pdf,11,MARCOS LEONARDO,16.0,12.0,75.0,0.0,0.0,0.0,3.0,2.0,67.0,0.0,0.0,0.0,2.0,1.0,44,0.0,0.0,0.0,0.0,1.0,22.0,0.0,0.0,0.0,0.0,5.0,23.0,17.0,0.0,0.0,48,8818.9,4436.6,3230.2,680.0,322.1,150.1,62.0,31.0,31.1,51
alhilal:16,alhilal,Al Hilal,57,2025-07-04,https://www.fifatrainingcentre.com/media/native/practice/M57%20FLU%20V%20HIL%20POST%20MATCH%20REPORT.pdf,16,NASSER ALDAWSARI,20.0,15.0,75.0,0.0,2.0,1.0,0.0,0.0,0.0,0.0,0.0,0.0,1.0,0.0,44,3.0,1.0,5.0,0.0,10.0,26.0,0.0,0.0,0.0,0.0,5.0,27.0,22.0,3.0,2.0,48,8933.8,3521.0,3478.9,1294.1,465.8,174.0,118.0,44.0,30.7,51
alhilal:20,alhilal,Al Hilal,57,2025-07-04,https://www.fifatrainingcentre.com/media/native/practice/M57%20FLU%20V%20HIL%20POST%20MATCH%20REPORT.pdf,20,JOAO CANCELO,45.0,37.0,82.0,1.0,0.0,0.0,12.0,4.0,33.0,1.0,0.0,1.0,0.0,0.0,44,5.0,0.0,0.0,3.0,5.0,17.0,1.0,0.0,1.0,1.0,5.0,11.0,3.0,4.0,1.0,48,9236.7,4757.1,3138.1,771.6,396.6,173.4,65.0,34.0,31.3,51
alhilal:22,alhilal,Al Hilal,57,2025-07-04,https://www.fifatrainingcentre.com/media/native/practice/M57%20FLU%20V%20HIL%20POST%20MATCH%20REPORT.pdf,22,Sergej MILINKOVICSAVIC,33.0,27.0,82.0,1.0,1.0,0.0,9.0,9.0,100.0,5.0,3.0,2.0,1.0,0.0,44,1.0,0.0,2.0,0.0,1.0,13.0,1.0,0.0,1.0,0.0,3.0,13.0,7.0,3.0,0.0,48,11159.8,4339.8,4931.5,1453.8,367.4,67.3,121.0,31.0,29.5,51
alhilal:24,alhilal,Al Hilal,57,2025-07-04,https://www.fifatrainingcentre.com/media/native/practice/M57%20FLU%20V%20HIL%20POST%20MATCH%20REPORT.pdf,24,MOTEB ALHARBI,21.0,20.0,95.0,0.0,0.0,0.0,6.0,5.0,83.0,0.0,0.0,0.0,1.0,0.0,44,3.0,0.0,2.0,2.0,4.0,8.0,0.0,0.0,1.0,2.0,3.0,12.0,7.0,5.0,2.0,48,8629.1,3850.6,3071.9,1071.7,423.9,211.0,99.0,39.0,32.8,51
alhilal:28,alhilal,Al Hilal,57,2025-07-04,https://www.fifatrainingcentre.com/media/native/practice/M57%20FLU%20V%20HIL%20POST%20MATCH%20REPORT.pdf,28,MOHAMED KANNO,44.0,42.0,95.0,0.0,0.0,0.0,5.0,5.0,100.0,2.0,2.0,0.0,0.0,0.0,44,4.0,1.0,3.0,0.0,4.0,7.0,1.0,0.0,1.0,0.0,7.0,23.0,3.0,3.0,2.0,48,8037.9,3513.2,3051.4,1067.7,299.1,106.5,103.0,29.0,31.7,51
alhilal:77,alhilal,Al Hilal,57,2025-07-04,https://www.fifatrainingcentre.com/media/native/practice/M57%20FLU%20V%20HIL%20POST%20MATCH%20REPORT.pdf,77,MALCOM,28.0,27.0,96.0,0.0,1.0,0.0,6.0,6.0,100.0,2.0,2.0,0.0,1.0,0.0,44,1.0,0.0,2.0,0.0,2.0,21.0,0.0,0.0,0.0,0.0,6.0,8.0,7.0,1.0,0.0,48,8530.0,4108.9,3295.7,644.2,354.9,126.4,60.0,32.0,33.7,51
alhilal:5,alhilal,Al Hilal,57,2025-07-04,https://www.fifatrainingcentre.com/media/native/practice/M57%20FLU%20V%20HIL%20POST%20MATCH%20REPORT.pdf,5,ALI ALBULAYHI,14.0,13.0,93.0,0.0,0.0,0.0,0.0,0.0,0.0,0.0,0.0,0.0,0.0,0.0,44,0.0,0.0,0.0,0.0,0.0,0.0,0.0,0.0,0.0,0.0,0.0,0.0,0.0,0.0,0.0,48,1666.8,725.0,652.6,225.4,54.0,9.8,22.0,6.0,25.9,51
alhilal:10,alhilal,Al Hilal,57,2025-07-04,https://www.fifatrainingcentre.com/media/native/practice/M57%20FLU%20V%20HIL%20POST%20MATCH%20REPORT.pdf,10,Abderrazak HAMDALLAH,4.0,3.0,75.0,0.0,0.0,0.0,1.0,1.0,100.0,1.0,1.0,0.0,0.0,0.0,44,0.0,0.0,0.0,0.0,1.0,2.0,0.0,0.0,0.0,0.0,0.0,2.0,0.0,0.0,0.0,48,2137.4,931.9,810.7,324.0,68.9,1.8,27.0,5.0,25.1,51
alhilal:18,alhilal,Al Hilal,57,2025-07-04,https://www.fifatrainingcentre.com/media/native/practice/M57%20FLU%20V%20HIL%20POST%20MATCH%20REPORT.pdf,18,MUSAB ALJUWAYR,2.0,1.0,50.0,1.0,3.0,2.0,4.0,2.0,50.0,0.0,0.0,0.0,1.0,0.0,44,0.0,0.0,0.0,0.0,0.0,0.0,1.0,0.0,1.0,0.0,1.0,0.0,0.0,1.0,0.0,48,697.7,231.4,258.4,129.0,68.4,10.4,10.0,6.0,26.3,51
alhilal:27,alhilal,Al Hilal,57,2025-07-04,https://www.fifatrainingcentre.com/media/native/practice/M57%20FLU%20V%20HIL%20POST%20MATCH%20REPORT.pdf,27,KAIO CESAR,4.0,4.0,100.0,0.0,1.0,0.0,0.0,0.0,0.0,0.0,0.0,0.0,0.0,0.0,44,0.0,0.0,0.0,0.0,0.0,4.0,0.0,0.0,0.0,0.0,1.0,2.0,1.0,0.0,0.0,48,1806.2,690.8,696.4,303.5,99.0,16.5,25.0,8.0,26.1,51
alhilal:88,alhilal,Al Hilal,57,2025-07-04,https://www.fifatrainingcentre.com/media/native/practice/M57%20FLU%20V%20HIL%20POST%20MATCH%20REPORT.pdf,88,HAMAD ALYAMI,3.0,3.0,100.0,0.0,0.0,0.0,0.0,0.0,0.0,0.0,0.0,0.0,0.0,0.0,44,0.0,0.0,0.0,0.0,0.0,2.0,0.0,0.0,0.0,1.0,2.0,0.0,0.0,1.0,1.0,48,568.1,250.0,190.3,74.4,42.7,10.7,6.0,5.0,27.6,51
palmeiras:21,palmeiras,Palmeiras,58,2025-07-04,https://www.fifatrainingcentre.com/media/native/practice/M58%20SEP%20V%20CHE%20POST%20MATCH%20REPORT.pdf,21,WEVERTON,35.0,26.0,74.0,0.0,0.0,0.0,15.0,6.0,40.0,0.0,0.0,0.0,0.0,0.0,43,0.0,0.0,0.0,0.0,0.0,0.0,0.0,0.0,0.0,0.0,1.0,0.0,0.0,9.0,0.0,48,5294.6,4076.5,1105.6,82.8,29.6,0.0,7.0,3.0,24.8,51
palmeiras:3,palmeiras,Palmeiras,58,2025-07-04,https://www.fifatrainingcentre.com/media/native/practice/M58%20SEP%20V%20CHE%20POST%20MATCH%20REPORT.pdf,3,BRUNO FUCHS,26.0,20.0,77.0,0.0,0.0,0.0,7.0,4.0,57.0,0.0,0.0,0.0,1.0,0.0,43,10.0,5.0,6.0,0.0,10.0,8.0,3.0,0.0,3.0,7.0,5.0,6.0,1.0,8.0,9.0,48,8718.8,4402.0,2891.6,923.9,352.4,148.8,75.0,27.0,33.0,51
palmeiras:4,palmeiras,Palmeiras,58,2025-07-04,https://www.fifatrainingcentre.com/media/native/practice/M58%20SEP%20V%20CHE%20POST%20MATCH%20REPORT.pdf,4,Agustin GIAY,37.0,31.0,84.0,0.0,1.0,1.0,9.0,7.0,78.0,0.0,0.0,0.0,0.0,0.0,43,8.0,1.0,6.0,0.0,5.0,21.0,0.0,0.0,0.0,3.0,7.0,24.0,7.0,4.0,7.0,48,9999.9,3798.9,4267.5,1239.5,546.0,148.1,122.0,43.0,32.7,51
palmeiras:6,palmeiras,Palmeiras,58,2025-07-04,https://www.fifatrainingcentre.com/media/native/practice/M58%20SEP%20V%20CHE%20POST%20MATCH%20REPORT.pdf,6,VANDERLAN,33.0,23.0,70.0,0.0,1.0,0.0,10.0,2.0,20.0,1.0,1.0,0.0,1.0,0.0,43,2.0,1.0,2.0,0.0,5.0,14.0,0.0,0.0,1.0,2.0,3.0,11.0,6.0,2.0,3.0,48,8932.8,3781.5,3380.5,1006.7,470.5,293.6,93.0,38.0,35.2,51
palmeiras:8,palmeiras,Palmeiras,58,2025-07-04,https://www.fifatrainingcentre.com/media/native/practice/M58%20SEP%20V%20CHE%20POST%20MATCH%20REPORT.pdf,8,Richard RIOS,31.0,28.0,90.0,1.0,1.0,1.0,11.0,9.0,82.0,1.0,0.0,1.0,1.0,0.0,43,4.0,1.0,0.0,0.0,5.0,19.0,1.0,0.0,1.0,1.0,4.0,42.0,11.0,4.0,1.0,48,9548.8,3483.2,3459.3,1750.8,593.5,262.1,143.0,45.0,32.2,51
palmeiras:9,palmeiras,Palmeiras,58,2025-07-04,https://www.fifatrainingcentre.com/media/native/practice/M58%20SEP%20V%20CHE%20POST%20MATCH%20REPORT.pdf,9,VITOR ROQUE,12.0,9.0,75.0,0.0,1.0,0.0,1.0,1.0,100.0,2.0,0.0,2.0,0.0,0.0,43,1.0,0.0,1.0,0.0,0.0,25.0,0.0,0.0,0.0,0.0,4.0,20.0,10.0,1.0,0.0,48,7694.6,3480.8,2903.0,717.2,336.3,257.3,63.0,36.0,33.6,51
palmeiras:13,palmeiras,Palmeiras,58,2025-07-04,https://www.fifatrainingcentre.com/media/native/practice/M58%20SEP%20V%20CHE%20POST%20MATCH%20REPORT.pdf,13,MICAEL,40.0,38.0,95.0,1.0,0.0,0.0,9.0,9.0,100.0,3.0,0.0,3.0,0.0,0.0,43,2.0,0.0,4.0,0.0,4.0,11.0,0.0,0.0,0.0,5.0,4.0,11.0,1.0,3.0,5.0,48,9069.9,4024.2,3495.9,1133.7,381.9,34.2,108.0,29.0,30.3,51
palmeiras:17,palmeiras,Palmeiras,58,2025-07-04,https://www.fifatrainingcentre.com/media/native/practice/M58%20SEP%20V%20CHE%20POST%20MATCH%20REPORT.pdf,17,Facundo TORRES,12.0,10.0,83.0,0.0,1.0,0.0,2.0,1.0,50.0,0.0,0.0,0.0,0.0,0.0,43,0.0,0.0,0.0,1.0,4.0,33.0,1.0,0.0,1.0,0.0,4.0,28.0,19.0,1.0,0.0,48,8550.3,2460.7,3754.1,1506.6,697.2,131.7,141.0,49.0,29.0,51
palmeiras:32,palmeiras,Palmeiras,58,2025-07-04,https://www.fifatrainingcentre.com/media/native/practice/M58%20SEP%20V%20CHE%20POST%20MATCH%20REPORT.pdf,32,Emiliano MARTINEZ,22.0,21.0,95.0,0.0,0.0,0.0,9.0,9.0,100.0,1.0,0.0,1.0,0.0,0.0,43,6.0,1.0,4.0,1.0,7.0,15.0,0.0,0.0,1.0,3.0,10.0,14.0,7.0,2.0,7.0,48,8782.9,3364.6,3780.4,1204.6,344.7,88.6,92.0,28.0,30.1,51
palmeiras:40,palmeiras,Palmeiras,58,2025-07-04,https://www.fifatrainingcentre.com/media/native/practice/M58%20SEP%20V%20CHE%20POST%20MATCH%20REPORT.pdf,40,ALLAN,10.0,8.0,80.0,0.0,3.0,0.0,7.0,4.0,57.0,2.0,1.0,1.0,1.0,0.0,43,2.0,0.0,1.0,0.0,3.0,17.0,0.0,0.0,0.0,1.0,3.0,20.0,12.0,1.0,3.0,48,7482.1,2906.0,2645.2,1286.7,518.9,125.2,98.0,39.0,30.3,51
palmeiras:41,palmeiras,Palmeiras,58,2025-07-04,https://www.fifatrainingcentre.com/media/native/practice/M58%20SEP%20V%20CHE%20POST%20MATCH%20REPORT.pdf,41,ESTEVAO,19.0,15.0,79.0,1.0,6.0,1.0,2.0,2.0,100.0,2.0,2.0,0.0,2.0,1.0,43,3.0,1.0,2.0,0.0,4.0,31.0,0.0,0.0,1.0,0.0,4.0,16.0,9.0,1.0,1.0,48,10658.1,3618.7,4336.1,1620.7,698.5,384.1,153.0,54.0,32.7,51
palmeiras:5,palmeiras,Palmeiras,58,2025-07-04,https://www.fifatrainingcentre.com/media/native/practice/M58%20SEP%20V%20CHE%20POST%20MATCH%20REPORT.pdf,5,Anibal MORENO,4.0,4.0,100.0,0.0,0.0,0.0,2.0,2.0,100.0,0.0,0.0,0.0,0.0,0.0,43,1.0,0.0,2.0,0.0,2.0,3.0,0.0,0.0,0.0,2.0,1.0,2.0,1.0,1.0,1.0,48,1977.5,662.5,812.4,313.4,163.5,25.7,29.0,10.0,27.6,51
palmeiras:10,palmeiras,Palmeiras,58,2025-07-04,https://www.fifatrainingcentre.com/media/native/practice/M58%20SEP%20V%20CHE%20POST%20MATCH%20REPORT.pdf,10,PAULINHO,14.0,12.0,86.0,0.0,1.0,0.0,3.0,2.0,67.0,0.0,0.0,0.0,1.0,0.0,43,0.0,0.0,0.0,1.0,0.0,4.0,0.0,0.0,0.0,0.0,1.0,2.0,2.0,1.0,0.0,48,2897.2,1176.9,962.7,424.0,243.1,90.6,34.0,16.0,33.3,51
palmeiras:18,palmeiras,Palmeiras,58,2025-07-04,https://www.fifatrainingcentre.com/media/native/practice/M58%20SEP%20V%20CHE%20POST%20MATCH%20REPORT.pdf,18,MAURICIO,8.0,6.0,75.0,0.0,1.0,0.0,3.0,1.0,33.0,0.0,0.0,0.0,0.0,0.0,43,0.0,0.0,1.0,0.0,0.0,6.0,0.0,0.0,0.0,0.0,3.0,5.0,4.0,0.0,0.0,48,3174.8,1116.4,1118.4,580.5,297.6,62.0,58.0,21.0,27.6,51
palmeiras:23,palmeiras,Palmeiras,58,2025-07-04,https://www.fifatrainingcentre.com/media/native/practice/M58%20SEP%20V%20CHE%20POST%20MATCH%20REPORT.pdf,23,RAPHAEL VEIGA,9.0,6.0,67.0,0.0,0.0,0.0,3.0,0.0,0.0,0.0,0.0,0.0,0.0,0.0,43,0.0,0.0,1.0,0.0,0.0,0.0,0.0,0.0,0.0,0.0,2.0,1.0,0.0,0.0,1.0,48,1191.8,379.1,471.1,279.3,62.3,0.0,25.0,5.0,24.7,51
palmeiras:42,palmeiras,Palmeiras,58,2025-07-04,https://www.fifatrainingcentre.com/media/native/practice/M58%20SEP%20V%20CHE%20POST%20MATCH%20REPORT.pdf,42,Jose Manuel LOPEZ,3.0,2.0,67.0,0.0,0.0,0.0,2.0,2.0,100.0,0.0,0.0,0.0,0.0,0.0,43,0.0,0.0,0.0,0.0,1.0,3.0,0.0,0.0,0.0,0.0,1.0,0.0,0.0,0.0,0.0,48,1954.8,678.4,792.2,249.2,167.4,67.6,19.0,13.0,29.7,51
chelseafc:1,chelseafc,Chelsea FC,58,2025-07-04,https://www.fifatrainingcentre.com/media/native/practice/M58%20SEP%20V%20CHE%20POST%20MATCH%20REPORT.pdf,1,Robert SANCHEZ,26.0,21.0,81.0,0.0,0.0,0.0,10.0,6.0,60.0,0.0,0.0,0.0,0.0,0.0,45,0.0,0.0,0.0,0.0,0.0,0.0,0.0,0.0,0.0,0.0,0.0,0.0,0.0,4.0,0.0,49,4304.6,3522.9,669.2,90.3,15.2,6.9,9.0,1.0,26.4,52
chelseafc:3,chelseafc,Chelsea FC,58,2025-07-04,https://www.fifatrainingcentre.com/media/native/practice/M58%20SEP%20V%20CHE%20POST%20MATCH%20REPORT.pdf,3,Marc CUCURELLA,71.0,67.0,94.0,0.0,1.0,0.0,20.0,17.0,85.0,0.0,0.0,0.0,2.0,0.0,45,2.0,1.0,8.0,1.0,5.0,6.0,1.0,0.0,1.0,2.0,6.0,11.0,6.0,7.0,3.0,49,9727.0,4021.6,3866.6,1046.7,513.0,279.1,87.0,43.0,31.7,52
chelseafc:6,chelseafc,Chelsea FC,58,2025-07-04,https://www.fifatrainingcentre.com/media/native/practice/M58%20SEP%20V%20CHE%20POST%20MATCH%20REPORT.pdf,6,Levi COLWILL,101.0,92.0,91.0,0.0,0.0,0.0,18.0,15.0,83.0,2.0,0.0,2.0,1.0,0.0,45,1.0,1.0,2.0,1.0,2.0,6.0,2.0,0.0,2.0,2.0,6.0,9.0,1.0,3.0,1.0,49,9330.2,3894.6,3997.6,986.9,364.9,86.2,85.0,31.0,30.0,52
chelseafc:7,chelseafc,Chelsea FC,58,2025-07-04,https://www.fifatrainingcentre.com/media/native/practice/M58%20SEP%20V%20CHE%20POST%20MATCH%20REPORT.pdf,7,PEDRO NETO,21.0,17.0,81.0,0.0,5.0,2.0,8.0,6.0,75.0,6.0,5.0,1.0,0.0,0.0,45,1.0,1.0,0.0,0.0,2.0,25.0,0.0,1.0,1.0,0.0,2.0,9.0,3.0,1.0,0.0,49,8965.8,3575.1,3602.6,1158.2,498.4,131.6,97.0,37.0,32.8,52
chelseafc:8,chelseafc,Chelsea FC,58,2025-07-04,https://www.fifatrainingcentre.com/media/native/practice/M58%20SEP%20V%20CHE%20POST%20MATCH%20REPORT.pdf,8,Enzo FERNANDEZ,61.0,52.0,85.0,0.0,1.0,0.0,15.0,10.0,67.0,1.0,0.0,1.0,4.0,0.0,45,4.0,1.0,2.0,0.0,4.0,8.0,0.0,0.0,0.0,0.0,6.0,11.0,2.0,2.0,2.0,49,11237.5,3762.5,4608.4,1715.8,796.7,354.0,155.0,58.0,31.6,52
chelseafc:9,chelseafc,Chelsea FC,58,2025-07-04,https://www.fifatrainingcentre.com/media/native/practice/M58%20SEP%20V%20CHE%20POST%20MATCH%20REPORT.pdf,9,Liam DELAP,4.0,4.0,100.0,0.0,0.0,0.0,0.0,0.0,0.0,0.0,0.0,0.0,0.0,0.0,45,0.0,0.0,0.0,0.0,2.0,12.0,1.0,0.0,1.0,0.0,1.0,11.0,8.0,1.0,0.0,49,5815.2,2351.8,2247.8,665.7,366.1,183.8,54.0,31.0,31.4,52
chelseafc:10,chelseafc,Chelsea FC,58,2025-07-04,https://www.fifatrainingcentre.com/media/native/practice/M58%20SEP%20V%20CHE%20POST%20MATCH%20REPORT.pdf,10,Cole PALMER,39.0,33.0,85.0,1.0,3.0,0.0,12.0,11.0,92.0,3.0,0.0,3.0,4.0,1.0,45,2.0,0.0,0.0,0.0,6.0,26.0,0.0,0.0,0.0,1.0,8.0,13.0,9.0,0.0,0.0,49,10491.2,4291.0,3796.5,1572.5,649.1,182.0,128.0,52.0,28.7,52
chelseafc:17,chelseafc,Chelsea FC,58,2025-07-04,https://www.fifatrainingcentre.com/media/native/practice/M58%20SEP%20V%20CHE%20POST%20MATCH%20REPORT.pdf,17,ANDREY SANTOS,38.0,36.0,95.0,0.0,1.0,0.0,7.0,7.0,100.0,0.0,0.0,0.0,1.0,0.0,45,7.0,3.0,2.0,1.0,7.0,10.0,3.0,0.0,4.0,0.0,4.0,12.0,0.0,5.0,4.0,49,10555.9,3765.6,4655.6,1521.7,458.5,154.4,138.0,34.0,29.6,52
chelseafc:18,chelseafc,Chelsea FC,58,2025-07-04,https://www.fifatrainingcentre.com/media/native/practice/M58%20SEP%20V%20CHE%20POST%20MATCH%20REPORT.pdf,18,Christopher NKUNKU,15.0,13.0,87.0,0.0,0.0,0.0,3.0,2.0,67.0,0.0,0.0,0.0,1.0,0.0,45,0.0,0.0,0.0,0.0,4.0,18.0,1.0,0.0,1.0,0.0,5.0,11.0,3.0,1.0,0.0,49,5569.6,1963.2,2108.5,968.0,392.5,137.4,79.0,33.0,32.1,52
chelseafc:23,chelseafc,Chelsea FC,58,2025-07-04,https://www.fifatrainingcentre.com/media/native/practice/M58%20SEP%20V%20CHE%20POST%20MATCH%20REPORT.pdf,23,Trevoh CHALOBAH,53.0,50.0,94.0,0.0,0.0,0.0,11.0,9.0,82.0,0.0,0.0,0.0,1.0,0.0,45,0.0,0.0,0.0,0.0,1.0,2.0,4.0,0.0,4.0,6.0,10.0,5.0,2.0,4.0,3.0,49,9249.3,4173.9,3574.6,984.3,329.2,187.3,86.0,31.0,32.9,52
chelseafc:27,chelseafc,Chelsea FC,58,2025-07-04,https://www.fifatrainingcentre.com/media/native/practice/M58%20SEP%20V%20CHE%20POST%20MATCH%20REPORT.pdf,27,Malo GUSTO,56.0,49.0,88.0,1.0,3.0,1.0,12.0,12.0,100.0,2.0,0.0,2.0,0.0,0.0,45,8.0,2.0,2.0,1.0,8.0,12.0,0.0,0.0,0.0,1.0,4.0,10.0,8.0,4.0,2.0,49,11222.8,3660.3,4536.5,1714.8,923.9,387.3,141.0,76.0,31.8,52
chelseafc:11,chelseafc,Chelsea FC,58,2025-07-04,https://www.fifatrainingcentre.com/media/native/practice/M58%20SEP%20V%20CHE%20POST%20MATCH%20REPORT.pdf,11,Noni MADUEKE,7.0,5.0,71.0,0.0,4.0,0.0,6.0,3.0,50.0,7.0,3.0,4.0,3.0,0.0,45,1.0,1.0,0.0,1.0,2.0,9.0,0.0,0.0,0.0,0.0,4.0,4.0,1.0,2.0,0.0,49,4163.9,1682.8,1486.0,506.7,314.6,173.7,42.0,24.0,34.6,52
chelseafc:14,chelseafc,Chelsea FC,58,2025-07-04,https://www.fifatrainingcentre.com/media/native/practice/M58%20SEP%20V%20CHE%20POST%20MATCH%20REPORT.pdf,14,DARIO ESSUGO,0.0,0.0,0.0,0.0,0.0,0.0,0.0,0.0,0.0,0.0,0.0,0.0,0.0,0.0,45,0.0,0.0,0.0,0.0,0.0,0.0,1.0,0.0,1.0,1.0,0.0,0.0,0.0,0.0,1.0,49,434.9,142.7,176.0,92.4,23.8,0.0,7.0,1.0,24.8,52
chelseafc:20,chelseafc,Chelsea FC,58,2025-07-04,https://www.fifatrainingcentre.com/media/native/practice/M58%20SEP%20V%20CHE%20POST%20MATCH%20REPORT.pdf,20,JOAO PEDRO,14.0,13.0,93.0,0.0,1.0,0.0,3.0,3.0,100.0,2.0,0.0,2.0,2.0,0.0,45,2.0,0.0,0.0,0.0,2.0,15.0,2.0,0.0,2.0,0.0,4.0,12.0,8.0,0.0,0.0,49,4488.1,1630.1,1731.1,611.3,334.1,181.5,55.0,30.0,32.3,52
chelseafc:22,chelseafc,Chelsea FC,58,2025-07-04,https://www.fifatrainingcentre.com/media/native/practice/M58%20SEP%20V%20CHE%20POST%20MATCH%20REPORT.pdf,22,Kiernan DEWSBURYHALL,3.0,2.0,67.0,0.0,0.0,0.0,1.0,1.0,100.0,0.0,0.0,0.0,0.0,0.0,45,0.0,0.0,1.0,0.0,0.0,8.0,0.0,0.0,0.0,1.0,2.0,3.0,3.0,1.0,1.0,49,1028.9,370.1,432.7,136.9,64.7,24.5,11.0,3.0,27.0,52
parissaintgermain:1,parissaintgermain,Paris Saint-Germain,59,2025-07-05,https://www.fifatrainingcentre.com/media/native/practice/M59%20PSG%20V%20BAY%20POST%20MATCH%20REPORT.pdf,1,Gianluigi DONNARUMMA,41.0,20.0,49.0,0.0,0.0,0.0,17.0,1.0,6.0,0.0,0.0,0.0,0.0,0.0,42,0.0,0.0,0.0,0.0,0.0,0.0,0.0,0.0,0.0,0.0,4.0,0.0,0.0,12.0,0.0,47,5483.6,4211.4,1094.1,124.2,53.9,0.0,13.0,5.0,24.2,50
parissaintgermain:2,parissaintgermain,Paris Saint-Germain,59,2025-07-05,https://www.fifatrainingcentre.com/media/native/practice/M59%20PSG%20V%20BAY%20POST%20MATCH%20REPORT.pdf,2,Achraf HAKIMI,45.0,35.0,78.0,3.0,0.0,0.0,18.0,12.0,67.0,1.0,1.0,0.0,0.0,0.0,42,1.0,0.0,3.0,1.0,3.0,11.0,0.0,0.0,0.0,3.0,3.0,6.0,3.0,4.0,3.0,47,10760.1,3934.6,3861.8,1489.4,872.5,601.8,128.0,74.0,35.4,50
parissaintgermain:5,parissaintgermain,Paris Saint-Germain,59,2025-07-05,https://www.fifatrainingcentre.com/media/native/practice/M59%20PSG%20V%20BAY%20POST%20MATCH%20REPORT.pdf,5,MARQUINHOS,38.0,35.0,92.0,0.0,0.0,0.0,4.0,4.0,100.0,0.0,0.0,0.0,0.0,0.0,42,1.0,0.0,1.0,1.0,2.0,10.0,2.0,0.0,2.0,7.0,3.0,6.0,3.0,5.0,4.0,47,10871.6,3940.8,4590.3,1780.9,440.5,119.2,143.0,38.0,32.9,50
parissaintgermain:7,parissaintgermain,Paris Saint-Germain,59,2025-07-05,https://www.fifatrainingcentre.com/media/native/practice/M59%20PSG%20V%20BAY%20POST%20MATCH%20REPORT.pdf,7,Khvicha KVARATSKHELIA,15.0,9.0,60.0,2.0,1.0,1.0,7.0,5.0,71.0,6.0,6.0,0.0,2.0,0.0,42,2.0,1.0,3.0,0.0,7.0,20.0,0.0,0.0,0.0,1.0,6.0,13.0,8.0,2.0,2.0,47,8846.1,4105.0,2936.6,956.7,499.2,348.6,84.0,42.0,31.0,50
parissaintgermain:8,parissaintgermain,Paris Saint-Germain,59,2025-07-05,https://www.fifatrainingcentre.com/media/native/practice/M59%20PSG%20V%20BAY%20POST%20MATCH%20REPORT.pdf,8,Fabian RUIZ,36.0,29.0,81.0,1.0,1.0,0.0,9.0,7.0,78.0,0.0,0.0,0.0,1.0,0.0,42,3.0,1.0,1.0,2.0,4.0,14.0,0.0,0.0,0.0,1.0,5.0,13.0,3.0,3.0,1.0,47,9913.0,3478.3,3801.9,1877.2,598.9,156.8,143.0,43.0,30.4,50
parissaintgermain:14,parissaintgermain,Paris Saint-Germain,59,2025-07-05,https://www.fifatrainingcentre.com/media/native/practice/M59%20PSG%20V%20BAY%20POST%20MATCH%20REPORT.pdf,14,Desire DOUE,20.0,14.0,70.0,0.0,1.0,0.0,4.0,4.0,100.0,2.0,2.0,0.0,2.0,1.0,42,1.0,1.0,1.0,0.0,5.0,28.0,0.0,0.0,0.0,1.0,2.0,30.0,17.0,2.0,1.0,47,9900.0,3054.3,3831.5,1770.6,945.0,298.7,155.0,76.0,33.7,50
parissaintgermain:17,parissaintgermain,Paris Saint-Germain,59,2025-07-05,https://www.fifatrainingcentre.com/media/native/practice/M59%20PSG%20V%20BAY%20POST%20MATCH%20REPORT.pdf,17,VITINHA,53.0,48.0,91.0,0.0,0.0,0.0,13.0,12.0,92.0,2.0,0.0,2.0,0.0,0.0,42,2.0,0.0,0.0,2.0,1.0,24.0,0.0,0.0,0.0,1.0,5.0,43.0,13.0,2.0,1.0,47,11953.7,3686.9,5203.7,1733.1,1003.1,326.9,155.0,67.0,30.1,50
parissaintgermain:25,parissaintgermain,Paris Saint-Germain,59,2025-07-05,https://www.fifatrainingcentre.com/media/native/practice/M59%20PSG%20V%20BAY%20POST%20MATCH%20REPORT.pdf,25,NUNO MENDES,42.0,32.0,76.0,1.0,0.0,0.0,19.0,14.0,74.0,3.0,2.0,1.0,0.0,0.0,42,8.0,2.0,6.0,1.0,7.0,20.0,3.0,0.0,3.0,6.0,9.0,28.0,11.0,10.0,7.0,47,9154.9,3799.7,3722.6,919.2,425.0,288.4,80.0,37.0,36.2,50
parissaintgermain:29,parissaintgermain,Paris Saint-Germain,59,2025-07-05,https://www.fifatrainingcentre.com/media/native/practice/M59%20PSG%20V%20BAY%20POST%20MATCH%20REPORT.pdf,29,Bradley BARCOLA,10.0,10.0,100.0,0.0,0.0,0.0,1.0,1.0,100.0,3.0,3.0,0.0,1.0,0.0,42,3.0,0.0,0.0,0.0,3.0,23.0,0.0,0.0,1.0,0.0,1.0,22.0,14.0,0.0,0.0,47,7679.3,2927.3,2940.9,798.8,639.8,372.5,71.0,53.0,36.0,50
parissaintgermain:51,parissaintgermain,Paris Saint-Germain,59,2025-07-05,https://www.fifatrainingcentre.com/media/native/practice/M59%20PSG%20V%20BAY%20POST%20MATCH%20REPORT.pdf,51,Willian PACHO,32.0,28.0,88.0,1.0,0.0,0.0,6.0,5.0,83.0,0.0,0.0,0.0,0.0,0.0,42,6.0,2.0,2.0,1.0,5.0,12.0,1.0,0.0,1.0,8.0,6.0,10.0,4.0,5.0,10.0,47,8376.1,3221.5,3464.2,1131.3,335.9,223.2,100.0,30.0,32.3,50
parissaintgermain:87,parissaintgermain,Paris Saint-Germain,59,2025-07-05,https://www.fifatrainingcentre.com/media/native/practice/M59%20PSG%20V%20BAY%20POST%20MATCH%20REPORT.pdf,87,JOAO NEVES,33.0,26.0,79.0,0.0,0.0,0.0,8.0,5.0,62.0,0.0,0.0,0.0,0.0,0.0,42,6.0,4.0,1.0,1.0,7.0,29.0,0.0,0.0,0.0,3.0,3.0,34.0,19.0,6.0,6.0,47,12152.7,3698.6,4966.3,2305.6,949.8,232.3,192.0,69.0,29.9,50
parissaintgermain:4,parissaintgermain,Paris Saint-Germain,59,2025-07-05,https://www.fifatrainingcentre.com/media/native/practice/M59%20PSG%20V%20BAY%20POST%20MATCH%20REPORT.pdf,4,LUCAS BERALDO,2.0,2.0,100.0,0.0,0.0,0.0,0.0,0.0,0.0,0.0,0.0,0.0,0.0,0.0,42,0.0,0.0,0.0,0.0,0.0,1.0,0.0,0.0,0.0,1.0,1.0,0.0,0.0,0.0,0.0,47,1549.0,617.9,613.7,211.0,72.5,33.9,23.0,5.0,29.0,50
parissaintgermain:10,parissaintgermain,Paris Saint-Germain,59,2025-07-05,https://www.fifatrainingcentre.com/media/native/practice/M59%20PSG%20V%20BAY%20POST%20MATCH%20REPORT.pdf,10,Ousmane DEMBELE,4.0,2.0,50.0,1.0,0.0,0.0,2.0,0.0,0.0,0.0,0.0,0.0,3.0,1.0,42,0.0,0.0,0.0,0.0,0.0,20.0,2.0,0.0,2.0,0.0,2.0,13.0,10.0,1.0,0.0,47,3175.6,1214.4,834.7,621.5,335.7,169.4,46.0,27.0,31.4,50
parissaintgermain:21,parissaintgermain,Paris Saint-Germain,59,2025-07-05,https://www.fifatrainingcentre.com/media/native/practice/M59%20PSG%20V%20BAY%20POST%20MATCH%20REPORT.pdf,21,Lucas HERNANDEZ,1.0,1.0,100.0,0.0,0.0,0.0,0.0,0.0,0.0,0.0,0.0,0.0,0.0,0.0,42,0.0,0.0,0.0,0.0,2.0,3.0,0.0,0.0,0.0,1.0,1.0,6.0,3.0,0.0,1.0,47,1346.7,495.3,530.6,221.2,70.4,29.2,15.0,7.0,27.9,50
parissaintgermain:33,parissaintgermain,Paris Saint-Germain,59,2025-07-05,https://www.fifatrainingcentre.com/media/native/practice/M59%20PSG%20V%20BAY%20POST%20MATCH%20REPORT.pdf,33,Warren ZAIREEMERY,4.0,4.0,100.0,0.0,0.0,0.0,1.0,1.0,100.0,0.0,0.0,0.0,1.0,0.0,42,0.0,0.0,0.0,0.0,0.0,5.0,0.0,0.0,0.0,0.0,1.0,3.0,2.0,0.0,0.0,47,2028.9,694.9,683.2,400.8,168.2,81.9,37.0,12.0,32.5,50
fcbayernmunchen:1,fcbayernmunchen,FC Bayern München,59,2025-07-05,https://www.fifatrainingcentre.com/media/native/practice/M59%20PSG%20V%20BAY%20POST%20MATCH%20REPORT.pdf,1,Manuel NEUER,41.0,32.0,78.0,2.0,0.0,0.0,24.0,18.0,75.0,0.0,0.0,0.0,0.0,0.0,44,0.0,0.0,0.0,0.0,0.0,0.0,0.0,0.0,0.0,0.0,3.0,0.0,0.0,1.0,0.0,48,6583.4,4591.8,1718.3,231.8,34.3,7.1,20.0,4.0,26.2,51
fcbayernmunchen:2,fcbayernmunchen,FC Bayern München,59,2025-07-05,https://www.fifatrainingcentre.com/media/native/practice/M59%20PSG%20V%20BAY%20POST%20MATCH%20REPORT.pdf,2,Dayot UPAMECANO,41.0,36.0,88.0,1.0,1.0,0.0,17.0,12.0,71.0,1.0,0.0,1.0,0.0,0.0,44,7.0,3.0,0.0,2.0,6.0,19.0,2.0,0.0,2.0,0.0,14.0,21.0,8.0,6.0,2.0,48,11440.4,4120.1,4788.2,1493.5,723.2,315.5,137.0,54.0,32.3,51
fcbayernmunchen:4,fcbayernmunchen,FC Bayern München,59,2025-07-05,https://www.fifatrainingcentre.com/media/native/practice/M59%20PSG%20V%20BAY%20POST%20MATCH%20REPORT.pdf,4,Jonathan TAH,40.0,31.0,78.0,0.0,0.0,0.0,12.0,7.0,58.0,0.0,0.0,0.0,0.0,0.0,44,3.0,0.0,2.0,2.0,4.0,2.0,1.0,0.0,1.0,0.0,8.0,8.0,3.0,3.0,1.0,48,11112.7,3547.4,4859.2,1783.2,697.4,225.5,159.0,49.0,32.6,51
fcbayernmunchen:6,fcbayernmunchen,FC Bayern München,59,2025-07-05,https://www.fifatrainingcentre.com/media/native/practice/M59%20PSG%20V%20BAY%20POST%20MATCH%20REPORT.pdf,6,Joshua KIMMICH,47.0,38.0,81.0,1.0,5.0,1.0,16.0,9.0,56.0,0.0,0.0,0.0,1.0,0.0,44,2.0,0.0,1.0,1.0,4.0,15.0,0.0,0.0,1.0,0.0,7.0,21.0,8.0,2.0,2.0,48,11973.2,3363.0,5222.5,2305.0,790.6,292.1,195.0,61.0,30.0,51
fcbayernmunchen:9,fcbayernmunchen,FC Bayern München,59,2025-07-05,https://www.fifatrainingcentre.com/media/native/practice/M59%20PSG%20V%20BAY%20POST%20MATCH%20REPORT.pdf,9,Harry KANE,20.0,16.0,80.0,2.0,2.0,2.0,7.0,5.0,71.0,4.0,3.0,1.0,1.0,0.0,44,1.0,1.0,2.0,1.0,3.0,22.0,1.0,0.0,1.0,0.0,1.0,14.0,12.0,2.0,0.0,48,11183.9,4214.1,4536.5,1664.7,616.8,151.7,143.0,38.0,31.4,51
fcbayernmunchen:11,fcbayernmunchen,FC Bayern München,59,2025-07-05,https://www.fifatrainingcentre.com/media/native/practice/M59%20PSG%20V%20BAY%20POST%20MATCH%20REPORT.pdf,11,Kingsley COMAN,26.0,24.0,92.0,0.0,5.0,1.0,7.0,4.0,57.0,3.0,2.0,1.0,2.0,0.0,44,1.0,0.0,0.0,0.0,1.0,12.0,1.0,0.0,1.0,0.0,5.0,18.0,7.0,1.0,0.0,48,9171.7,3305.6,3326.3,1408.1,675.8,455.8,115.0,60.0,35.2,51
fcbayernmunchen:17,fcbayernmunchen,FC Bayern München,59,2025-07-05,https://www.fifatrainingcentre.com/media/native/practice/M59%20PSG%20V%20BAY%20POST%20MATCH%20REPORT.pdf,17,Michael OLISE,52.0,39.0,75.0,0.0,5.0,2.0,15.0,11.0,73.0,2.0,2.0,0.0,5.0,0.0,44,0.0,0.0,4.0,1.0,4.0,19.0,0.0,0.0,0.0,1.0,6.0,15.0,11.0,2.0,1.0,48,11137.6,3783.8,4408.5,1715.7,806.9,422.7,149.0,72.0,32.4,51
fcbayernmunchen:27,fcbayernmunchen,FC Bayern München,59,2025-07-05,https://www.fifatrainingcentre.com/media/native/practice/M59%20PSG%20V%20BAY%20POST%20MATCH%20REPORT.pdf,27,Konrad LAIMER,41.0,35.0,85.0,1.0,2.0,0.0,20.0,17.0,85.0,5.0,1.0,4.0,0.0,0.0,44,2.0,0.0,1.0,0.0,6.0,10.0,2.0,0.0,2.0,1.0,4.0,15.0,8.0,1.0,0.0,48,11172.9,4059.8,4321.3,1434.1,904.2,453.5,136.0,72.0,32.2,51
fcbayernmunchen:42,fcbayernmunchen,FC Bayern München,59,2025-07-05,https://www.fifatrainingcentre.com/media/native/practice/M59%20PSG%20V%20BAY%20POST%20MATCH%20REPORT.pdf,42,Jamal MUSIALA,13.0,12.0,92.0,1.0,3.0,0.0,0.0,0.0,0.0,1.0,1.0,0.0,1.0,0.0,44,4.0,1.0,2.0,0.0,5.0,19.0,0.0,0.0,0.0,0.0,6.0,10.0,9.0,1.0,2.0,48,5433.1,1915.7,2092.4,801.2,412.9,210.9,74.0,34.0,31.3,51
fcbayernmunchen:44,fcbayernmunchen,FC Bayern München,59,2025-07-05,https://www.fifatrainingcentre.com/media/native/practice/M59%20PSG%20V%20BAY%20POST%20MATCH%20REPORT.pdf,44,Josip STANISIC,17.0,14.0,82.0,1.0,0.0,0.0,4.0,4.0,100.0,0.0,0.0,0.0,0.0,0.0,44,1.0,0.0,0.0,1.0,1.0,3.0,0.0,0.0,0.0,2.0,5.0,8.0,2.0,2.0,1.0,48,3687.9,1239.4,1574.4,538.7,196.7,138.6,44.0,16.0,33.7,51
fcbayernmunchen:45,fcbayernmunchen,FC Bayern München,59,2025-07-05,https://www.fifatrainingcentre.com/media/native/practice/M59%20PSG%20V%20BAY%20POST%20MATCH%20REPORT.pdf,45,Aleksandar PAVLOVIC,34.0,29.0,85.0,0.0,0.0,0.0,5.0,4.0,80.0,0.0,0.0,0.0,0.0,0.0,44,1.0,0.0,2.0,1.0,5.0,22.0,0.0,0.0,0.0,1.0,5.0,26.0,11.0,2.0,2.0,48,10842.8,2961.1,4179.5,2365.2,1057.1,279.9,185.0,72.0,29.2,51
fcbayernmunchen:7,fcbayernmunchen,FC Bayern München,59,2025-07-05,https://www.fifatrainingcentre.com/media/native/practice/M59%20PSG%20V%20BAY%20POST%20MATCH%20REPORT.pdf,7,Serge GNABRY,14.0,9.0,64.0,1.0,1.0,0.0,4.0,2.0,50.0,1.0,0.0,1.0,0.0,0.0,44,0.0,0.0,0.0,1.0,1.0,15.0,0.0,0.0,0.0,0.0,2.0,5.0,2.0,1.0,0.0,48,5693.1,1885.5,2131.4,1075.4,475.0,125.8,91.0,32.0,29.3,51
fcbayernmunchen:8,fcbayernmunchen,FC Bayern München,59,2025-07-05,https://www.fifatrainingcentre.com/media/native/practice/M59%20PSG%20V%20BAY%20POST%20MATCH%20REPORT.pdf,8,Leon GORETZKA,5.0,3.0,60.0,0.0,0.0,0.0,1.0,1.0,100.0,0.0,0.0,0.0,1.0,0.0,44,0.0,0.0,0.0,0.0,1.0,2.0,0.0,0.0,0.0,0.0,1.0,3.0,2.0,0.0,0.0,48,1903.9,845.8,707.3,174.3,100.4,76.1,15.0,9.0,29.7,51
fcbayernmunchen:22,fcbayernmunchen,FC Bayern München,59,2025-07-05,https://www.fifatrainingcentre.com/media/native/practice/M59%20PSG%20V%20BAY%20POST%20MATCH%20REPORT.pdf,22,RAPHAEL GUERREIRO,7.0,5.0,71.0,0.0,0.0,0.0,3.0,3.0,100.0,0.0,0.0,0.0,0.0,0.0,44,0.0,0.0,1.0,0.0,1.0,1.0,0.0,0.0,0.0,0.0,0.0,2.0,2.0,1.0,1.0,48,1345.0,448.9,460.0,262.2,128.3,45.6,22.0,8.0,29.1,51
fcbayernmunchen:23,fcbayernmunchen,FC Bayern München,59,2025-07-05,https://www.fifatrainingcentre.com/media/native/practice/M59%20PSG%20V%20BAY%20POST%20MATCH%20REPORT.pdf,23,Sacha BOEY,28.0,24.0,86.0,0.0,2.0,2.0,8.0,5.0,62.0,1.0,1.0,0.0,1.0,0.0,44,5.0,2.0,2.0,0.0,7.0,3.0,1.0,0.0,1.0,0.0,7.0,9.0,3.0,3.0,1.0,48,6239.5,2283.7,2434.2,814.1,438.8,268.7,66.0,41.0,30.1,51
fcbayernmunchen:25,fcbayernmunchen,FC Bayern München,59,2025-07-05,https://www.fifatrainingcentre.com/media/native/practice/M59%20PSG%20V%20BAY%20POST%20MATCH%20REPORT.pdf,25,Thomas MUELLER,4.0,3.0,75.0,0.0,1.0,0.0,1.0,0.0,0.0,0.0,0.0,0.0,0.0,0.0,44,1.0,0.0,0.0,0.0,1.0,0.0,0.0,0.0,0.0,1.0,1.0,1.0,0.0,0.0,2.0,48,2013.7,825.0,781.4,239.4,140.2,27.7,22.0,10.0,27.0,51
realmadridcf:1,realmadridcf,Real Madrid C. F.,60,2025-07-05,https://www.fifatrainingcentre.com/media/native/practice/M60%20RMA%20V%20BVB%20POST%20MATCH%20REPORT.pdf,1,Thibaut COURTOIS,39.0,31.0,79.0,0.0,0.0,0.0,18.0,13.0,72.0,0.0,0.0,0.0,0.0,0.0,42,0.0,0.0,0.0,0.0,0.0,0.0,0.0,0.0,0.0,0.0,3.0,0.0,0.0,9.0,0.0,47,5270.3,4281.2,919.3,69.8,0.0,0.0,7.0,0.0,19.9,50
realmadridcf:5,realmadridcf,Real Madrid C. F.,60,2025-07-05,https://www.fifatrainingcentre.com/media/native/practice/M60%20RMA%20V%20BVB%20POST%20MATCH%20REPORT.pdf,5,Jude BELLINGHAM,42.0,35.0,83.0,1.0,0.0,0.0,7.0,6.0,86.0,1.0,1.0,0.0,1.0,0.0,42,3.0,1.0,2.0,0.0,2.0,18.0,0.0,0.0,0.0,0.0,3.0,10.0,5.0,3.0,0.0,47,8003.6,3063.3,3152.5,1242.6,439.5,105.7,99.0,30.0,30.4,50
realmadridcf:7,realmadridcf,Real Madrid C. F.,60,2025-07-05,https://www.fifatrainingcentre.com/media/native/practice/M60%20RMA%20V%20BVB%20POST%20MATCH%20REPORT.pdf,7,VINICIUS JUNIOR,19.0,17.0,89.0,2.0,1.0,0.0,6.0,5.0,83.0,2.0,1.0,1.0,3.0,0.0,42,0.0,0.0,4.0,0.0,0.0,30.0,0.0,0.0,0.0,0.0,3.0,18.0,14.0,0.0,3.0,47,7323.4,3487.6,2142.6,850.6,458.8,383.9,76.0,35.0,32.9,50
realmadridcf:8,realmadridcf,Real Madrid C. F.,60,2025-07-05,https://www.fifatrainingcentre.com/media/native/practice/M60%20RMA%20V%20BVB%20POST%20MATCH%20REPORT.pdf,8,Federico VALVERDE,48.0,43.0,90.0,1.0,2.0,1.0,8.0,6.0,75.0,3.0,2.0,1.0,1.0,0.0,42,2.0,0.0,1.0,3.0,4.0,26.0,1.0,0.0,1.0,0.0,5.0,15.0,11.0,3.0,1.0,47,10333.4,3896.9,4132.9,1395.3,567.8,340.5,113.0,47.0,32.8,50
realmadridcf:12,realmadridcf,Real Madrid C. F.,60,2025-07-05,https://www.fifatrainingcentre.com/media/native/practice/M60%20RMA%20V%20BVB%20POST%20MATCH%20REPORT.pdf,12,Trent ALEXANDERARNOLD,42.0,35.0,83.0,2.0,3.0,1.0,16.0,11.0,69.0,3.0,3.0,0.0,0.0,0.0,42,4.0,1.0,0.0,0.0,1.0,10.0,1.0,0.0,1.0,1.0,4.0,10.0,5.0,2.0,1.0,47,6722.7,2999.4,2778.5,557.9,291.6,95.3,55.0,22.0,31.2,50
realmadridcf:14,realmadridcf,Real Madrid C. F.,60,2025-07-05,https://www.fifatrainingcentre.com/media/native/practice/M60%20RMA%20V%20BVB%20POST%20MATCH%20REPORT.pdf,14,Aurelien TCHOUAMENI,42.0,37.0,88.0,0.0,1.0,0.0,10.0,8.0,80.0,2.0,0.0,2.0,0.0,0.0,42,6.0,2.0,0.0,2.0,6.0,9.0,0.0,0.0,0.0,0.0,4.0,12.0,5.0,3.0,1.0,47,9834.7,3545.3,4029.2,1579.5,537.0,143.6,135.0,44.0,31.0,50
realmadridcf:15,realmadridcf,Real Madrid C. F.,60,2025-07-05,https://www.fifatrainingcentre.com/media/native/practice/M60%20RMA%20V%20BVB%20POST%20MATCH%20REPORT.pdf,15,Arda GULER,69.0,67.0,97.0,0.0,2.0,1.0,20.0,20.0,100.0,1.0,0.0,1.0,3.0,0.0,42,4.0,1.0,2.0,0.0,3.0,45.0,0.0,0.0,0.0,0.0,7.0,53.0,26.0,1.0,1.0,47,11249.2,3706.9,5087.8,1835.6,543.6,75.3,147.0,38.0,29.1,50
realmadridcf:20,realmadridcf,Real Madrid C. F.,60,2025-07-05,https://www.fifatrainingcentre.com/media/native/practice/M60%20RMA%20V%20BVB%20POST%20MATCH%20REPORT.pdf,20,Fran GARCIA,52.0,48.0,92.0,1.0,3.0,1.0,10.0,8.0,80.0,3.0,2.0,1.0,1.0,1.0,42,5.0,1.0,2.0,0.0,4.0,18.0,0.0,0.0,0.0,4.0,7.0,21.0,12.0,2.0,3.0,47,10714.6,3990.8,4373.1,1249.8,674.4,426.6,104.0,60.0,32.4,50
realmadridcf:22,realmadridcf,Real Madrid C. F.,60,2025-07-05,https://www.fifatrainingcentre.com/media/native/practice/M60%20RMA%20V%20BVB%20POST%20MATCH%20REPORT.pdf,22,Antonio RUEDIGER,43.0,39.0,91.0,0.0,0.0,0.0,7.0,4.0,57.0,0.0,0.0,0.0,1.0,0.0,42,0.0,0.0,2.0,0.0,0.0,3.0,0.0,0.0,0.0,2.0,3.0,1.0,0.0,1.0,1.0,47,9398.7,4285.0,4038.4,677.5,319.5,78.3,61.0,22.0,28.1,50
realmadridcf:24,realmadridcf,Real Madrid C. F.,60,2025-07-05,https://www.fifatrainingcentre.com/media/native/practice/M60%20RMA%20V%20BVB%20POST%20MATCH%20REPORT.pdf,24,Dean HUIJSEN,51.0,42.0,82.0,1.0,0.0,0.0,18.0,11.0,61.0,3.0,0.0,3.0,0.0,0.0,42,1.0,0.0,6.0,2.0,1.0,5.0,0.0,0.0,0.0,4.0,8.0,8.0,3.0,5.0,6.0,47,9789.8,4056.8,4288.1,950.5,323.4,170.9,90.0,27.0,31.9,50
realmadridcf:30,realmadridcf,Real Madrid C. F.,60,2025-07-05,https://www.fifatrainingcentre.com/media/native/practice/M60%20RMA%20V%20BVB%20POST%20MATCH%20REPORT.pdf,30,Gonzalo GARCIA,20.0,16.0,80.0,0.0,0.0,0.0,3.0,2.0,67.0,0.0,0.0,0.0,2.0,1.0,42,2.0,2.0,1.0,0.0,6.0,36.0,0.0,0.0,0.0,0.0,1.0,31.0,23.0,3.0,0.0,47,9640.0,4105.2,3542.5,1082.2,579.2,331.0,96.0,53.0,33.6,50
realmadridcf:9,realmadridcf,Real Madrid C. F.,60,2025-07-05,https://www.fifatrainingcentre.com/media/native/practice/M60%20RMA%20V%20BVB%20POST%20MATCH%20REPORT.pdf,9,Kylian MBAPPE,6.0,5.0,83.0,0.0,0.0,0.0,2.0,1.0,50.0,1.0,1.0,0.0,2.0,1.0,42,0.0,0.0,0.0,1.0,0.0,4.0,0.0,0.0,0.0,0.0,0.0,4.0,2.0,1.0,0.0,47,2580.8,1303.4,884.7,225.7,97.5,69.5,23.0,10.0,29.0,50
realmadridcf:10,realmadridcf,Real Madrid C. F.,60,2025-07-05,https://www.fifatrainingcentre.com/media/native/practice/M60%20RMA%20V%20BVB%20POST%20MATCH%20REPORT.pdf,10,Luka MODRIC,29.0,26.0,90.0,0.0,0.0,0.0,9.0,7.0,78.0,1.0,0.0,1.0,1.0,0.0,42,0.0,0.0,0.0,0.0,1.0,3.0,0.0,0.0,0.0,0.0,1.0,2.0,0.0,0.0,0.0,47,3160.9,1152.6,1349.1,491.7,158.0,9.5,50.0,16.0,27.1,50
realmadridcf:11,realmadridcf,Real Madrid C. F.,60,2025-07-05,https://www.fifatrainingcentre.com/media/native/practice/M60%20RMA%20V%20BVB%20POST%20MATCH%20REPORT.pdf,11,RODRYGO,5.0,5.0,100.0,0.0,0.0,0.0,1.0,1.0,100.0,0.0,0.0,0.0,0.0,0.0,42,0.0,0.0,0.0,0.0,0.0,5.0,0.0,0.0,0.0,0.0,0.0,2.0,2.0,0.0,0.0,47,1281.6,377.8,606.9,182.5,87.8,26.6,16.0,8.0,28.2,50
realmadridcf:19,realmadridcf,Real Madrid C. F.,60,2025-07-05,https://www.fifatrainingcentre.com/media/native/practice/M60%20RMA%20V%20BVB%20POST%20MATCH%20REPORT.pdf,19,Dani CEBALLOS,12.0,12.0,100.0,0.0,0.0,0.0,1.0,1.0,100.0,0.0,0.0,0.0,0.0,0.0,42,0.0,0.0,0.0,0.0,0.0,6.0,0.0,0.0,0.0,0.0,0.0,9.0,4.0,0.0,0.0,47,3199.4,1211.6,1220.6,522.4,186.4,58.4,48.0,15.0,28.1,50
realmadridcf:35,realmadridcf,Real Madrid C. F.,60,2025-07-05,https://www.fifatrainingcentre.com/media/native/practice/M60%20RMA%20V%20BVB%20POST%20MATCH%20REPORT.pdf,35,Raul ASENCIO,6.0,5.0,83.0,0.0,1.0,0.0,5.0,3.0,60.0,2.0,0.0,2.0,0.0,0.0,42,0.0,0.0,0.0,0.0,0.0,0.0,0.0,0.0,0.0,1.0,1.0,0.0,0.0,1.0,0.0,47,1287.8,616.0,429.4,170.8,45.0,26.6,13.0,5.0,27.5,50
borussiadortmund:1,borussiadortmund,Borussia Dortmund,60,2025-07-05,https://www.fifatrainingcentre.com/media/native/practice/M60%20RMA%20V%20BVB%20POST%20MATCH%20REPORT.pdf,1,Gregor KOBEL,25.0,22.0,88.0,2.0,0.0,0.0,5.0,2.0,40.0,0.0,0.0,0.0,0.0,0.0,44,0.0,0.0,0.0,0.0,0.0,0.0,0.0,0.0,0.0,0.0,1.0,0.0,0.0,4.0,0.0,48,6036.7,4496.4,1387.8,150.9,1.6,0.0,15.0,0.0,20.3,51
borussiadortmund:3,borussiadortmund,Borussia Dortmund,60,2025-07-05,https://www.fifatrainingcentre.com/media/native/practice/M60%20RMA%20V%20BVB%20POST%20MATCH%20REPORT.pdf,3,Waldemar ANTON,86.0,84.0,98.0,0.0,0.0,0.0,14.0,14.0,100.0,2.0,1.0,1.0,0.0,0.0,44,0.0,0.0,2.0,1.0,1.0,1.0,2.0,0.0,3.0,3.0,3.0,7.0,0.0,3.0,3.0,48,10589.4,3793.0,4813.9,1354.7,472.8,155.0,129.0,40.0,30.2,51
borussiadortmund:5,borussiadortmund,Borussia Dortmund,60,2025-07-05,https://www.fifatrainingcentre.com/media/native/practice/M60%20RMA%20V%20BVB%20POST%20MATCH%20REPORT.pdf,5,Ramy BENSEBAINI,93.0,83.0,89.0,1.0,0.0,0.0,32.0,26.0,81.0,1.0,0.0,1.0,1.0,0.0,44,4.0,0.0,4.0,2.0,0.0,6.0,2.0,0.0,2.0,3.0,6.0,1.0,0.0,5.0,6.0,48,9509.7,4090.1,3866.3,884.1,463.8,205.3,96.0,40.0,32.3,51
borussiadortmund:9,borussiadortmund,Borussia Dortmund,60,2025-07-05,https://www.fifatrainingcentre.com/media/native/practice/M60%20RMA%20V%20BVB%20POST%20MATCH%20REPORT.pdf,9,Serhou GUIRASSY,16.0,14.0,88.0,0.0,0.0,0.0,2.0,0.0,0.0,1.0,1.0,0.0,1.0,1.0,44,0.0,0.0,0.0,0.0,0.0,20.0,2.0,0.0,2.0,0.0,0.0,11.0,6.0,0.0,0.0,48,9710.5,4054.5,4014.6,963.7,491.0,186.7,90.0,46.0,31.8,51
borussiadortmund:10,borussiadortmund,Borussia Dortmund,60,2025-07-05,https://www.fifatrainingcentre.com/media/native/practice/M60%20RMA%20V%20BVB%20POST%20MATCH%20REPORT.pdf,10,Julian BRANDT,32.0,30.0,94.0,3.0,0.0,0.0,6.0,6.0,100.0,0.0,0.0,0.0,3.0,0.0,44,3.0,2.0,1.0,1.0,2.0,17.0,1.0,0.0,1.0,0.0,0.0,9.0,5.0,3.0,1.0,48,7969.4,2453.6,3643.7,1129.6,592.7,149.7,94.0,44.0,31.0,51
borussiadortmund:13,borussiadortmund,Borussia Dortmund,60,2025-07-05,https://www.fifatrainingcentre.com/media/native/practice/M60%20RMA%20V%20BVB%20POST%20MATCH%20REPORT.pdf,13,Pascal GROSS,40.0,36.0,90.0,1.0,1.0,0.0,5.0,4.0,80.0,0.0,0.0,0.0,1.0,0.0,44,1.0,0.0,1.0,1.0,3.0,20.0,0.0,0.0,1.0,0.0,5.0,12.0,7.0,1.0,1.0,48,6049.9,1621.8,3105.0,1053.8,250.0,19.3,81.0,16.0,27.6,51
borussiadortmund:20,borussiadortmund,Borussia Dortmund,60,2025-07-05,https://www.fifatrainingcentre.com/media/native/practice/M60%20RMA%20V%20BVB%20POST%20MATCH%20REPORT.pdf,20,Marcel SABITZER,58.0,46.0,79.0,1.0,1.0,0.0,15.0,11.0,73.0,0.0,0.0,0.0,1.0,0.0,44,1.0,0.0,2.0,1.0,6.0,11.0,0.0,0.0,0.0,3.0,9.0,18.0,5.0,1.0,3.0,48,11497.8,3581.6,5343.0,1867.0,562.3,143.9,166.0,39.0,30.7,51
borussiadortmund:24,borussiadortmund,Borussia Dortmund,60,2025-07-05,https://www.fifatrainingcentre.com/media/native/practice/M60%20RMA%20V%20BVB%20POST%20MATCH%20REPORT.pdf,24,Daniel SVENSSON,54.0,49.0,91.0,1.0,3.0,2.0,10.0,8.0,80.0,0.0,0.0,0.0,0.0,0.0,44,0.0,0.0,3.0,1.0,2.0,30.0,0.0,0.0,1.0,3.0,5.0,29.0,19.0,1.0,6.0,48,12327.1,3701.0,5216.9,2158.0,923.2,328.0,188.0,69.0,32.2,51
borussiadortmund:25,borussiadortmund,Borussia Dortmund,60,2025-07-05,https://www.fifatrainingcentre.com/media/native/practice/M60%20RMA%20V%20BVB%20POST%20MATCH%20REPORT.pdf,25,Niklas SUELE,45.0,44.0,98.0,1.0,0.0,0.0,17.0,16.0,94.0,0.0,0.0,0.0,0.0,0.0,44,1.0,1.0,2.0,0.0,1.0,1.0,0.0,0.0,0.0,3.0,0.0,2.0,2.0,1.0,5.0,48,5035.3,1994.3,2271.0,494.6,212.3,63.1,43.0,17.0,29.9,51
borussiadortmund:26,borussiadortmund,Borussia Dortmund,60,2025-07-05,https://www.fifatrainingcentre.com/media/native/practice/M60%20RMA%20V%20BVB%20POST%20MATCH%20REPORT.pdf,26,Julian RYERSON,50.0,47.0,94.0,0.0,4.0,0.0,9.0,7.0,78.0,2.0,2.0,0.0,0.0,0.0,44,5.0,0.0,1.0,2.0,6.0,15.0,1.0,0.0,2.0,0.0,3.0,21.0,9.0,2.0,2.0,48,10666.6,4224.0,4504.0,1180.1,529.9,228.6,109.0,47.0,31.3,51
borussiadortmund:27,borussiadortmund,Borussia Dortmund,60,2025-07-05,https://www.fifatrainingcentre.com/media/native/practice/M60%20RMA%20V%20BVB%20POST%20MATCH%20REPORT.pdf,27,Karim ADEYEMI,12.0,11.0,92.0,0.0,2.0,1.0,4.0,2.0,50.0,2.0,2.0,0.0,0.0,0.0,44,0.0,0.0,0.0,0.0,2.0,16.0,0.0,0.0,0.0,0.0,1.0,11.0,7.0,0.0,0.0,48,5017.6,2098.7,1907.1,594.7,242.5,174.5,44.0,20.0,34.2,51
borussiadortmund:2,borussiadortmund,Borussia Dortmund,60,2025-07-05,https://www.fifatrainingcentre.com/media/native/practice/M60%20RMA%20V%20BVB%20POST%20MATCH%20REPORT.pdf,2,YAN COUTO,18.0,17.0,94.0,0.0,1.0,1.0,5.0,5.0,100.0,0.0,0.0,0.0,1.0,0.0,44,0.0,0.0,2.0,0.0,2.0,14.0,0.0,0.0,0.0,1.0,1.0,8.0,8.0,0.0,1.0,48,5158.2,1688.2,2216.0,749.9,323.1,181.1,64.0,29.0,31.3,51
borussiadortmund:8,borussiadortmund,Borussia Dortmund,60,2025-07-05,https://www.fifatrainingcentre.com/media/native/practice/M60%20RMA%20V%20BVB%20POST%20MATCH%20REPORT.pdf,8,Felix NMECHA,18.0,17.0,94.0,1.0,0.0,0.0,7.0,6.0,86.0,1.0,0.0,1.0,1.0,0.0,44,0.0,0.0,0.0,1.0,1.0,22.0,0.0,0.0,0.0,0.0,1.0,13.0,7.0,1.0,0.0,48,5474.4,2033.8,2233.1,844.1,265.2,98.3,77.0,19.0,32.5,51
borussiadortmund:14,borussiadortmund,Borussia Dortmund,60,2025-07-05,https://www.fifatrainingcentre.com/media/native/practice/M60%20RMA%20V%20BVB%20POST%20MATCH%20REPORT.pdf,14,Maximilian BEIER,13.0,9.0,69.0,0.0,2.0,0.0,4.0,2.0,50.0,2.0,1.0,1.0,2.0,1.0,44,0.0,0.0,2.0,1.0,5.0,23.0,0.0,0.0,0.0,0.0,7.0,13.0,9.0,2.0,1.0,48,5838.3,1827.2,2770.5,753.5,322.5,164.6,65.0,27.0,31.9,51
borussiadortmund:16,borussiadortmund,Borussia Dortmund,60,2025-07-05,https://www.fifatrainingcentre.com/media/native/practice/M60%20RMA%20V%20BVB%20POST%20MATCH%20REPORT.pdf,16,Julien DURANVILLE,1.0,1.0,100.0,0.0,0.0,0.0,0.0,0.0,0.0,2.0,2.0,0.0,0.0,0.0,44,1.0,0.0,0.0,0.0,2.0,8.0,0.0,0.0,0.0,1.0,1.0,5.0,5.0,0.0,1.0,48,1589.6,542.6,759.6,162.1,78.2,47.2,15.0,7.0,28.3,51
borussiadortmund:17,borussiadortmund,Borussia Dortmund,60,2025-07-05,https://www.fifatrainingcentre.com/media/native/practice/M60%20RMA%20V%20BVB%20POST%20MATCH%20REPORT.pdf,17,Carney CHUKWUEMEKA,2.0,1.0,50.0,0.0,0.0,0.0,2.0,1.0,50.0,1.0,0.0,1.0,1.0,0.0,44,1.0,0.0,1.0,0.0,1.0,5.0,0.0,0.0,0.0,0.0,0.0,3.0,2.0,0.0,1.0,48,1869.0,722.5,715.3,281.0,108.8,41.4,27.0,8.0,30.5,51
fluminensefc:1,fluminensefc,Fluminense FC,61,2025-07-08,https://www.fifatrainingcentre.com/media/native/practice/M61%20FLU%20V%20CHE%20POST%20MATCH%20REPORT.pdf,1,FABIO,30.0,22.0,73.0,0.0,0.0,0.0,8.0,0.0,0.0,0.0,0.0,0.0,0.0,0.0,42,0.0,0.0,0.0,0.0,0.0,0.0,0.0,0.0,0.0,0.0,3.0,0.0,0.0,7.0,0.0,47,3777.5,3317.0,436.6,23.9,0.0,0.0,1.0,0.0,16.9,50
fluminensefc:3,fluminensefc,Fluminense FC,61,2025-07-08,https://www.fifatrainingcentre.com/media/native/practice/M61%20FLU%20V%20CHE%20POST%20MATCH%20REPORT.pdf,3,THIAGO SILVA,55.0,54.0,98.0,0.0,0.0,0.0,14.0,13.0,93.0,0.0,0.0,0.0,0.0,0.0,42,2.0,0.0,2.0,0.0,2.0,1.0,3.0,0.0,3.0,6.0,5.0,6.0,2.0,0.0,6.0,47,7306.1,4448.6,2052.2,517.1,200.2,88.0,50.0,16.0,29.3,50
fluminensefc:4,fluminensefc,Fluminense FC,61,2025-07-08,https://www.fifatrainingcentre.com/media/native/practice/M61%20FLU%20V%20CHE%20POST%20MATCH%20REPORT.pdf,4,IGNACIO,57.0,53.0,93.0,0.0,0.0,0.0,13.0,12.0,92.0,2.0,1.0,1.0,0.0,0.0,42,5.0,2.0,5.0,1.0,10.0,9.0,2.0,0.0,2.0,3.0,6.0,18.0,12.0,7.0,6.0,47,8891.0,4813.8,2876.3,742.2,344.5,114.1,62.0,26.0,33.4,50
fluminensefc:5,fluminensefc,Fluminense FC,61,2025-07-08,https://www.fifatrainingcentre.com/media/native/practice/M61%20FLU%20V%20CHE%20POST%20MATCH%20REPORT.pdf,5,Facundo BERNAL,28.0,25.0,89.0,0.0,0.0,0.0,5.0,5.0,100.0,0.0,0.0,0.0,0.0,0.0,42,4.0,0.0,2.0,3.0,7.0,26.0,1.0,0.0,1.0,0.0,4.0,18.0,9.0,5.0,2.0,47,8029.6,3313.4,3580.2,801.8,303.5,30.7,77.0,19.0,28.6,50
fluminensefc:6,fluminensefc,Fluminense FC,61,2025-07-08,https://www.fifatrainingcentre.com/media/native/practice/M61%20FLU%20V%20CHE%20POST%20MATCH%20REPORT.pdf,6,RENE,49.0,38.0,78.0,2.0,2.0,1.0,21.0,15.0,71.0,1.0,1.0,0.0,1.0,0.0,42,6.0,0.0,1.0,2.0,4.0,7.0,0.0,0.0,0.0,0.0,5.0,6.0,5.0,3.0,1.0,47,9202.7,4852.2,2801.7,964.1,416.3,168.4,78.0,36.0,30.0,50
fluminensefc:14,fluminensefc,Fluminense FC,61,2025-07-08,https://www.fifatrainingcentre.com/media/native/practice/M61%20FLU%20V%20CHE%20POST%20MATCH%20REPORT.pdf,14,German CANO,11.0,9.0,82.0,0.0,0.0,0.0,1.0,1.0,100.0,0.0,0.0,0.0,1.0,0.0,42,0.0,0.0,1.0,0.0,0.0,17.0,0.0,0.0,0.0,0.0,1.0,19.0,7.0,1.0,0.0,47,5667.2,2727.4,1823.7,814.7,279.5,21.9,63.0,21.0,28.1,50
fluminensefc:16,fluminensefc,Fluminense FC,61,2025-07-08,https://www.fifatrainingcentre.com/media/native/practice/M61%20FLU%20V%20CHE%20POST%20MATCH%20REPORT.pdf,16,NONATO,22.0,17.0,77.0,0.0,0.0,0.0,5.0,4.0,80.0,1.0,0.0,1.0,0.0,0.0,42,2.0,1.0,1.0,0.0,3.0,49.0,2.0,0.0,3.0,0.0,1.0,47.0,27.0,2.0,1.0,47,8174.5,2836.6,3675.4,1208.9,340.8,112.8,97.0,31.0,29.9,50
fluminensefc:21,fluminensefc,Fluminense FC,61,2025-07-08,https://www.fifatrainingcentre.com/media/native/practice/M61%20FLU%20V%20CHE%20POST%20MATCH%20REPORT.pdf,21,Jhon ARIAS,50.0,44.0,88.0,0.0,3.0,0.0,10.0,9.0,90.0,1.0,0.0,1.0,0.0,0.0,42,3.0,1.0,3.0,0.0,3.0,19.0,0.0,0.0,0.0,0.0,5.0,15.0,12.0,2.0,1.0,47,9075.4,5159.8,2547.9,775.3,461.6,130.9,72.0,35.0,31.2,50
fluminensefc:23,fluminensefc,Fluminense FC,61,2025-07-08,https://www.fifatrainingcentre.com/media/native/practice/M61%20FLU%20V%20CHE%20POST%20MATCH%20REPORT.pdf,23,GUGA,50.0,44.0,88.0,0.0,4.0,1.0,21.0,17.0,81.0,0.0,0.0,0.0,0.0,0.0,42,7.0,2.0,0.0,0.0,7.0,14.0,1.0,0.0,2.0,5.0,8.0,22.0,15.0,2.0,6.0,47,9795.2,4241.6,3719.8,1142.3,527.4,164.1,92.0,45.0,31.2,50
fluminensefc:29,fluminensefc,Fluminense FC,61,2025-07-08,https://www.fifatrainingcentre.com/media/native/practice/M61%20FLU%20V%20CHE%20POST%20MATCH%20REPORT.pdf,29,THIAGO SANTOS,21.0,17.0,81.0,0.0,0.0,0.0,8.0,5.0,62.0,0.0,0.0,0.0,0.0,0.0,42,1.0,0.0,0.0,0.0,2.0,11.0,1.0,0.0,1.0,2.0,2.0,21.0,10.0,2.0,1.0,47,5468.0,2521.4,1993.6,659.0,227.6,66.4,55.0,17.0,31.2,50
fluminensefc:35,fluminensefc,Fluminense FC,61,2025-07-08,https://www.fifatrainingcentre.com/media/native/practice/M61%20FLU%20V%20CHE%20POST%20MATCH%20REPORT.pdf,35,HERCULES,16.0,15.0,94.0,0.0,0.0,0.0,6.0,5.0,83.0,1.0,1.0,0.0,2.0,0.0,42,4.0,1.0,1.0,0.0,3.0,14.0,0.0,0.0,0.0,2.0,2.0,22.0,6.0,1.0,3.0,47,7542.8,3073.2,3121.4,977.9,301.1,69.1,86.0,19.0,31.3,50
fluminensefc:7,fluminensefc,Fluminense FC,61,2025-07-08,https://www.fifatrainingcentre.com/media/native/practice/M61%20FLU%20V%20CHE%20POST%20MATCH%20REPORT.pdf,7,Yeferson SOTELDO,12.0,10.0,83.0,0.0,6.0,2.0,5.0,5.0,100.0,2.0,2.0,0.0,0.0,0.0,42,0.0,0.0,0.0,1.0,0.0,11.0,0.0,0.0,0.0,0.0,1.0,11.0,9.0,1.0,0.0,47,3260.4,1411.2,1233.3,413.8,162.0,40.2,29.0,13.0,28.6,50
fluminensefc:9,fluminensefc,Fluminense FC,61,2025-07-08,https://www.fifatrainingcentre.com/media/native/practice/M61%20FLU%20V%20CHE%20POST%20MATCH%20REPORT.pdf,9,EVERALDO,7.0,7.0,100.0,0.0,0.0,0.0,0.0,0.0,0.0,0.0,0.0,0.0,2.0,0.0,42,0.0,0.0,0.0,0.0,1.0,18.0,0.0,0.0,0.0,0.0,0.0,16.0,11.0,0.0,0.0,47,3930.3,2064.9,1061.4,435.4,272.3,96.3,42.0,19.0,32.2,50
fluminensefc:11,fluminensefc,Fluminense FC,61,2025-07-08,https://www.fifatrainingcentre.com/media/native/practice/M61%20FLU%20V%20CHE%20POST%20MATCH%20REPORT.pdf,11,KENO,8.0,6.0,75.0,0.0,0.0,0.0,3.0,3.0,100.0,2.0,1.0,1.0,2.0,0.0,42,2.0,1.0,0.0,0.0,0.0,19.0,1.0,0.0,2.0,2.0,3.0,10.0,8.0,1.0,2.0,47,4032.3,1847.6,1338.0,609.2,210.7,26.9,49.0,14.0,27.7,50
fluminensefc:17,fluminensefc,Fluminense FC,61,2025-07-08,https://www.fifatrainingcentre.com/media/native/practice/M61%20FLU%20V%20CHE%20POST%20MATCH%20REPORT.pdf,17,Agustin CANOBBIO,11.0,11.0,100.0,0.0,0.0,0.0,2.0,2.0,100.0,0.0,0.0,0.0,1.0,0.0,42,2.0,0.0,0.0,0.0,4.0,4.0,0.0,0.0,0.0,0.0,1.0,8.0,5.0,0.0,0.0,47,3749.0,1003.7,1551.8,708.9,435.6,49.1,64.0,26.0,27.9,50
fluminensefc:45,fluminensefc,Fluminense FC,61,2025-07-08,https://www.fifatrainingcentre.com/media/native/practice/M61%20FLU%20V%20CHE%20POST%20MATCH%20REPORT.pdf,45,LIMA,21.0,20.0,95.0,1.0,0.0,0.0,3.0,3.0,100.0,1.0,0.0,1.0,2.0,0.0,42,2.0,1.0,1.0,0.0,2.0,1.0,0.0,0.0,0.0,0.0,1.0,5.0,1.0,1.0,1.0,47,3167.7,1191.4,1453.6,363.6,142.1,17.0,33.0,11.0,27.7,50
chelseafc:1,chelseafc,Chelsea FC,61,2025-07-08,https://www.fifatrainingcentre.com/media/native/practice/M61%20FLU%20V%20CHE%20POST%20MATCH%20REPORT.pdf,1,Robert SANCHEZ,27.0,21.0,78.0,0.0,0.0,0.0,9.0,4.0,44.0,0.0,0.0,0.0,0.0,0.0,44,0.0,0.0,0.0,0.0,0.0,0.0,0.0,0.0,0.0,0.0,2.0,0.0,0.0,2.0,0.0,48,4218.7,3548.1,583.7,73.5,13.4,0.0,6.0,1.0,22.1,51
chelseafc:3,chelseafc,Chelsea FC,61,2025-07-08,https://www.fifatrainingcentre.com/media/native/practice/M61%20FLU%20V%20CHE%20POST%20MATCH%20REPORT.pdf,3,Marc CUCURELLA,60.0,55.0,92.0,0.0,1.0,0.0,20.0,17.0,85.0,1.0,0.0,1.0,2.0,0.0,44,4.0,2.0,3.0,1.0,7.0,21.0,3.0,0.0,3.0,3.0,6.0,32.0,18.0,5.0,4.0,48,9906.3,4731.2,3536.1,994.7,449.8,194.6,76.0,35.0,29.9,51
chelseafc:4,chelseafc,Chelsea FC,61,2025-07-08,https://www.fifatrainingcentre.com/media/native/practice/M61%20FLU%20V%20CHE%20POST%20MATCH%20REPORT.pdf,4,Tosin ADARABIOYO,87.0,81.0,93.0,1.0,0.0,0.0,20.0,16.0,80.0,1.0,0.0,1.0,0.0,0.0,44,1.0,0.0,1.0,1.0,2.0,7.0,1.0,0.0,1.0,6.0,4.0,14.0,3.0,1.0,6.0,48,8396.4,4625.9,3008.3,494.7,189.8,77.7,46.0,17.0,30.3,51
chelseafc:7,chelseafc,Chelsea FC,61,2025-07-08,https://www.fifatrainingcentre.com/media/native/practice/M61%20FLU%20V%20CHE%20POST%20MATCH%20REPORT.pdf,7,PEDRO NETO,21.0,21.0,100.0,0.0,5.0,3.0,4.0,2.0,50.0,7.0,6.0,1.0,1.0,0.0,44,0.0,0.0,0.0,1.0,0.0,12.0,0.0,0.0,0.0,0.0,2.0,6.0,4.0,1.0,0.0,48,6298.6,3023.6,2124.8,647.5,331.6,171.2,52.0,26.0,32.8,51
chelseafc:8,chelseafc,Chelsea FC,61,2025-07-08,https://www.fifatrainingcentre.com/media/native/practice/M61%20FLU%20V%20CHE%20POST%20MATCH%20REPORT.pdf,8,Enzo FERNANDEZ,49.0,43.0,88.0,0.0,1.0,1.0,11.0,9.0,82.0,0.0,0.0,0.0,1.0,0.0,44,3.0,0.0,1.0,1.0,7.0,22.0,1.0,0.0,1.0,2.0,5.0,24.0,14.0,1.0,3.0,48,9375.0,3850.8,3333.6,1410.1,614.6,165.9,115.0,44.0,30.4,51
chelseafc:10,chelseafc,Chelsea FC,61,2025-07-08,https://www.fifatrainingcentre.com/media/native/practice/M61%20FLU%20V%20CHE%20POST%20MATCH%20REPORT.pdf,10,Cole PALMER,30.0,29.0,97.0,1.0,2.0,0.0,9.0,6.0,67.0,3.0,2.0,1.0,1.0,0.0,44,0.0,0.0,3.0,0.0,1.0,19.0,0.0,0.0,0.0,0.0,4.0,15.0,4.0,1.0,0.0,48,9713.3,4922.5,3396.8,862.4,368.9,162.6,71.0,29.0,31.0,51
chelseafc:18,chelseafc,Chelsea FC,61,2025-07-08,https://www.fifatrainingcentre.com/media/native/practice/M61%20FLU%20V%20CHE%20POST%20MATCH%20REPORT.pdf,18,Christopher NKUNKU,42.0,38.0,90.0,1.0,0.0,0.0,11.0,7.0,64.0,4.0,2.0,2.0,3.0,0.0,44,4.0,0.0,2.0,1.0,2.0,27.0,1.0,0.0,1.0,0.0,4.0,19.0,14.0,1.0,1.0,48,8585.9,3493.7,3343.9,1138.7,396.8,212.8,95.0,32.0,32.2,51
chelseafc:20,chelseafc,Chelsea FC,61,2025-07-08,https://www.fifatrainingcentre.com/media/native/practice/M61%20FLU%20V%20CHE%20POST%20MATCH%20REPORT.pdf,20,JOAO PEDRO,13.0,6.0,46.0,0.0,0.0,0.0,2.0,1.0,50.0,0.0,0.0,0.0,2.0,2.0,44,4.0,2.0,0.0,0.0,2.0,18.0,1.0,0.0,1.0,1.0,4.0,14.0,8.0,2.0,1.0,48,6182.0,2802.3,2330.4,698.6,273.5,77.1,58.0,21.0,31.8,51
chelseafc:23,chelseafc,Chelsea FC,61,2025-07-08,https://www.fifatrainingcentre.com/media/native/practice/M61%20FLU%20V%20CHE%20POST%20MATCH%20REPORT.pdf,23,Trevoh CHALOBAH,54.0,52.0,96.0,0.0,0.0,0.0,10.0,9.0,90.0,1.0,0.0,1.0,0.0,0.0,44,1.0,1.0,3.0,0.0,3.0,9.0,2.0,0.0,2.0,3.0,6.0,10.0,2.0,4.0,3.0,48,9450.9,4818.7,3290.6,939.2,345.9,56.5,82.0,26.0,29.9,51
chelseafc:25,chelseafc,Chelsea FC,61,2025-07-08,https://www.fifatrainingcentre.com/media/native/practice/M61%20FLU%20V%20CHE%20POST%20MATCH%20REPORT.pdf,25,Moises CAICEDO,60.0,57.0,95.0,1.0,0.0,0.0,14.0,12.0,86.0,3.0,3.0,0.0,1.0,0.0,44,4.0,1.0,3.0,1.0,12.0,11.0,0.0,0.0,2.0,0.0,6.0,30.0,16.0,3.0,2.0,48,9294.5,4112.1,3658.3,1048.2,369.9,106.0,85.0,34.0,29.5,51
chelseafc:27,chelseafc,Chelsea FC,61,2025-07-08,https://www.fifatrainingcentre.com/media/native/practice/M61%20FLU%20V%20CHE%20POST%20MATCH%20REPORT.pdf,27,Malo GUSTO,41.0,35.0,85.0,0.0,2.0,1.0,9.0,8.0,89.0,0.0,0.0,0.0,2.0,0.0,44,1.0,1.0,1.0,0.0,0.0,13.0,1.0,0.0,1.0,0.0,6.0,15.0,9.0,3.0,0.0,48,7256.4,3113.5,2604.3,1021.3,425.6,91.7,97.0,40.0,31.4,51
chelseafc:11,chelseafc,Chelsea FC,61,2025-07-08,https://www.fifatrainingcentre.com/media/native/practice/M61%20FLU%20V%20CHE%20POST%20MATCH%20REPORT.pdf,11,Noni MADUEKE,9.0,8.0,89.0,0.0,0.0,0.0,2.0,2.0,100.0,2.0,2.0,0.0,0.0,0.0,44,1.0,0.0,0.0,0.0,1.0,5.0,0.0,0.0,0.0,0.0,1.0,4.0,3.0,0.0,0.0,48,2956.0,1341.4,968.9,425.3,170.5,50.0,33.0,13.0,33.8,51
chelseafc:15,chelseafc,Chelsea FC,61,2025-07-08,https://www.fifatrainingcentre.com/media/native/practice/M61%20FLU%20V%20CHE%20POST%20MATCH%20REPORT.pdf,15,Nicolas JACKSON,7.0,5.0,71.0,0.0,0.0,0.0,1.0,1.0,100.0,1.0,1.0,0.0,2.0,0.0,44,1.0,0.0,2.0,0.0,1.0,7.0,0.0,0.0,0.0,0.0,3.0,3.0,3.0,1.0,1.0,48,3824.9,1815.4,1156.7,424.3,229.1,199.4,34.0,22.0,33.3,51
chelseafc:17,chelseafc,Chelsea FC,61,2025-07-08,https://www.fifatrainingcentre.com/media/native/practice/M61%20FLU%20V%20CHE%20POST%20MATCH%20REPORT.pdf,17,ANDREY SANTOS,3.0,3.0,100.0,0.0,0.0,0.0,0.0,0.0,0.0,0.0,0.0,0.0,0.0,0.0,44,1.0,1.0,0.0,0.0,2.0,1.0,0.0,0.0,0.0,0.0,1.0,2.0,1.0,1.0,0.0,48,1563.9,552.3,532.3,296.3,146.1,37.0,32.0,8.0,27.8,51
chelseafc:22,chelseafc,Chelsea FC,61,2025-07-08,https://www.fifatrainingcentre.com/media/native/practice/M61%20FLU%20V%20CHE%20POST%20MATCH%20REPORT.pdf,22,Kiernan DEWSBURYHALL,1.0,1.0,100.0,0.0,0.0,0.0,0.0,0.0,0.0,0.0,0.0,0.0,0.0,0.0,44,0.0,0.0,0.0,0.0,1.0,5.0,0.0,0.0,0.0,0.0,0.0,3.0,1.0,0.0,0.0,48,1599.9,657.1,515.9,298.2,111.1,17.6,21.0,9.0,27.3,51
chelseafc:24,chelseafc,Chelsea FC,61,2025-07-08,https://www.fifatrainingcentre.com/media/native/practice/M61%20FLU%20V%20CHE%20POST%20MATCH%20REPORT.pdf,24,Reece JAMES,17.0,12.0,71.0,0.0,0.0,0.0,3.0,1.0,33.0,0.0,0.0,0.0,0.0,0.0,44,1.0,0.0,2.0,0.0,1.0,5.0,0.0,0.0,1.0,0.0,2.0,3.0,0.0,3.0,2.0,48,2822.7,1419.8,1018.8,237.6,133.1,13.5,22.0,9.0,27.8,51
parissaintgermain:1,parissaintgermain,Paris Saint-Germain,62,2025-07-09,https://www.fifatrainingcentre.com/media/native/tournaments/fcwc/2025/M62%20PSG%20V%20RMA%20POST%20MATCH%20REPORT.pdf,1,Gianluigi DONNARUMMA,24.0,22.0,92.0,0.0,0.0,0.0,6.0,4.0,67.0,0.0,0.0,0.0,0.0,0.0,43,0.0,0.0,0.0,0.0,0.0,0.0,0.0,0.0,0.0,0.0,2.0,0.0,0.0,5.0,0.0,48,4539.9,3789.3,664.0,78.1,8.5,0.0,8.0,1.0,22.2,51
parissaintgermain:2,parissaintgermain,Paris Saint-Germain,62,2025-07-09,https://www.fifatrainingcentre.com/media/native/tournaments/fcwc/2025/M62%20PSG%20V%20RMA%20POST%20MATCH%20REPORT.pdf,2,Achraf HAKIMI,82.0,73.0,89.0,1.0,3.0,2.0,18.0,15.0,83.0,1.0,1.0,0.0,1.0,0.0,43,1.0,0.0,1.0,0.0,4.0,5.0,2.0,0.0,2.0,1.0,3.0,5.0,3.0,1.0,0.0,48,9765.4,4173.9,3104.2,1239.3,779.6,468.4,104.0,62.0,35.4,51
parissaintgermain:4,parissaintgermain,Paris Saint-Germain,62,2025-07-09,https://www.fifatrainingcentre.com/media/native/tournaments/fcwc/2025/M62%20PSG%20V%20RMA%20POST%20MATCH%20REPORT.pdf,4,LUCAS BERALDO,65.0,64.0,98.0,0.0,0.0,0.0,14.0,14.0,100.0,0.0,0.0,0.0,0.0,0.0,43,0.0,0.0,3.0,4.0,1.0,4.0,3.0,0.0,3.0,2.0,4.0,10.0,3.0,4.0,4.0,48,8516.1,4080.5,3199.4,798.8,308.7,128.8,74.0,27.0,31.0,51
parissaintgermain:5,parissaintgermain,Paris Saint-Germain,62,2025-07-09,https://www.fifatrainingcentre.com/media/native/tournaments/fcwc/2025/M62%20PSG%20V%20RMA%20POST%20MATCH%20REPORT.pdf,5,MARQUINHOS,63.0,61.0,97.0,3.0,0.0,0.0,18.0,17.0,94.0,2.0,0.0,2.0,0.0,0.0,43,3.0,0.0,3.0,4.0,3.0,0.0,5.0,0.0,5.0,3.0,6.0,5.0,0.0,10.0,1.0,48,8835.9,4107.9,3123.2,1001.4,347.6,255.8,82.0,33.0,32.9,51
parissaintgermain:7,parissaintgermain,Paris Saint-Germain,62,2025-07-09,https://www.fifatrainingcentre.com/media/native/tournaments/fcwc/2025/M62%20PSG%20V%20RMA%20POST%20MATCH%20REPORT.pdf,7,Khvicha KVARATSKHELIA,29.0,26.0,90.0,1.0,0.0,0.0,4.0,3.0,75.0,2.0,1.0,1.0,5.0,0.0,43,2.0,2.0,1.0,0.0,2.0,4.0,0.0,0.0,0.0,0.0,1.0,3.0,3.0,2.0,1.0,48,6191.4,3210.0,1761.9,592.1,347.8,279.7,52.0,25.0,32.7,51
parissaintgermain:8,parissaintgermain,Paris Saint-Germain,62,2025-07-09,https://www.fifatrainingcentre.com/media/native/tournaments/fcwc/2025/M62%20PSG%20V%20RMA%20POST%20MATCH%20REPORT.pdf,8,Fabian RUIZ,76.0,71.0,93.0,4.0,0.0,0.0,21.0,19.0,90.0,2.0,0.0,2.0,3.0,2.0,43,2.0,1.0,1.0,3.0,4.0,8.0,0.0,0.0,0.0,1.0,5.0,11.0,3.0,4.0,2.0,48,8064.3,2992.7,3482.0,1107.1,332.9,149.6,82.0,27.0,33.7,51
parissaintgermain:10,parissaintgermain,Paris Saint-Germain,62,2025-07-09,https://www.fifatrainingcentre.com/media/native/tournaments/fcwc/2025/M62%20PSG%20V%20RMA%20POST%20MATCH%20REPORT.pdf,10,Ousmane DEMBELE,29.0,22.0,76.0,0.0,0.0,0.0,7.0,6.0,86.0,0.0,0.0,0.0,2.0,1.0,43,2.0,1.0,2.0,0.0,3.0,26.0,0.0,0.0,0.0,0.0,4.0,19.0,13.0,1.0,1.0,48,6829.4,2959.7,2165.6,912.5,492.3,299.2,84.0,41.0,31.4,51
parissaintgermain:14,parissaintgermain,Paris Saint-Germain,62,2025-07-09,https://www.fifatrainingcentre.com/media/native/tournaments/fcwc/2025/M62%20PSG%20V%20RMA%20POST%20MATCH%20REPORT.pdf,14,Desire DOUE,28.0,25.0,89.0,0.0,3.0,1.0,9.0,9.0,100.0,7.0,4.0,3.0,0.0,0.0,43,1.0,0.0,2.0,0.0,1.0,12.0,0.0,0.0,0.0,0.0,3.0,18.0,9.0,1.0,1.0,48,7761.3,2868.2,3020.6,1146.8,508.1,217.6,98.0,48.0,34.5,51
parissaintgermain:17,parissaintgermain,Paris Saint-Germain,62,2025-07-09,https://www.fifatrainingcentre.com/media/native/tournaments/fcwc/2025/M62%20PSG%20V%20RMA%20POST%20MATCH%20REPORT.pdf,17,VITINHA,117.0,108.0,92.0,5.0,4.0,2.0,36.0,32.0,89.0,6.0,1.0,5.0,0.0,0.0,43,1.0,1.0,2.0,0.0,1.0,17.0,0.0,0.0,0.0,1.0,4.0,21.0,4.0,1.0,3.0,48,11076.9,3449.2,5507.5,1391.3,562.1,166.8,122.0,38.0,28.9,51
parissaintgermain:25,parissaintgermain,Paris Saint-Germain,62,2025-07-09,https://www.fifatrainingcentre.com/media/native/tournaments/fcwc/2025/M62%20PSG%20V%20RMA%20POST%20MATCH%20REPORT.pdf,25,NUNO MENDES,68.0,62.0,91.0,2.0,1.0,0.0,26.0,23.0,88.0,7.0,2.0,5.0,2.0,0.0,43,4.0,2.0,5.0,1.0,6.0,6.0,0.0,0.0,0.0,2.0,5.0,6.0,4.0,4.0,6.0,48,7140.0,3366.4,2531.3,612.1,409.9,220.2,57.0,33.0,37.0,51
parissaintgermain:87,parissaintgermain,Paris Saint-Germain,62,2025-07-09,https://www.fifatrainingcentre.com/media/native/tournaments/fcwc/2025/M62%20PSG%20V%20RMA%20POST%20MATCH%20REPORT.pdf,87,JOAO NEVES,65.0,64.0,98.0,0.0,0.0,0.0,9.0,8.0,89.0,0.0,0.0,0.0,0.0,0.0,43,8.0,4.0,3.0,2.0,10.0,17.0,1.0,0.0,1.0,0.0,5.0,21.0,5.0,7.0,1.0,48,11173.5,3639.4,5284.5,1484.1,557.7,207.8,123.0,39.0,30.8,51
parissaintgermain:9,parissaintgermain,Paris Saint-Germain,62,2025-07-09,https://www.fifatrainingcentre.com/media/native/tournaments/fcwc/2025/M62%20PSG%20V%20RMA%20POST%20MATCH%20REPORT.pdf,9,GONCALO RAMOS,8.0,7.0,88.0,0.0,0.0,0.0,0.0,0.0,0.0,0.0,0.0,0.0,3.0,1.0,43,0.0,0.0,0.0,0.0,2.0,19.0,1.0,0.0,1.0,0.0,1.0,11.0,7.0,0.0,0.0,48,4069.5,1236.7,1494.9,726.6,422.7,188.7,65.0,30.0,31.1,51
parissaintgermain:19,parissaintgermain,Paris Saint-Germain,62,2025-07-09,https://www.fifatrainingcentre.com/media/native/tournaments/fcwc/2025/M62%20PSG%20V%20RMA%20POST%20MATCH%20REPORT.pdf,19,LEE Kangin,11.0,10.0,91.0,0.0,0.0,0.0,3.0,3.0,100.0,0.0,0.0,0.0,0.0,0.0,43,0.0,0.0,0.0,0.0,0.0,4.0,0.0,0.0,0.0,0.0,0.0,0.0,0.0,0.0,0.0,48,1290.9,414.3,486.7,245.6,137.5,6.8,26.0,10.0,25.5,51
parissaintgermain:24,parissaintgermain,Paris Saint-Germain,62,2025-07-09,https://www.fifatrainingcentre.com/media/native/tournaments/fcwc/2025/M62%20PSG%20V%20RMA%20POST%20MATCH%20REPORT.pdf,24,Senny MAYULU,11.0,10.0,91.0,0.0,0.0,0.0,1.0,0.0,0.0,2.0,1.0,1.0,0.0,0.0,43,0.0,0.0,0.0,0.0,0.0,8.0,0.0,0.0,0.0,0.0,2.0,6.0,3.0,1.0,0.0,48,2962.1,974.7,1192.4,542.6,202.4,50.1,46.0,17.0,32.8,51
parissaintgermain:29,parissaintgermain,Paris Saint-Germain,62,2025-07-09,https://www.fifatrainingcentre.com/media/native/tournaments/fcwc/2025/M62%20PSG%20V%20RMA%20POST%20MATCH%20REPORT.pdf,29,Bradley BARCOLA,12.0,10.0,83.0,0.0,1.0,0.0,2.0,2.0,100.0,3.0,3.0,0.0,2.0,0.0,43,1.0,0.0,3.0,1.0,3.0,5.0,0.0,0.0,0.0,0.0,2.0,5.0,5.0,2.0,0.0,48,3467.0,1293.9,1284.7,369.6,274.8,244.0,29.0,20.0,32.9,51
parissaintgermain:33,parissaintgermain,Paris Saint-Germain,62,2025-07-09,https://www.fifatrainingcentre.com/media/native/tournaments/fcwc/2025/M62%20PSG%20V%20RMA%20POST%20MATCH%20REPORT.pdf,33,Warren ZAIREEMERY,13.0,12.0,92.0,0.0,0.0,0.0,5.0,5.0,100.0,0.0,0.0,0.0,0.0,0.0,43,0.0,0.0,1.0,0.0,2.0,11.0,0.0,0.0,0.0,1.0,0.0,13.0,7.0,0.0,2.0,48,2877.6,916.4,1242.2,394.2,186.4,138.5,35.0,14.0,32.9,51
realmadridcf:1,realmadridcf,Real Madrid C. F.,62,2025-07-09,https://www.fifatrainingcentre.com/media/native/tournaments/fcwc/2025/M62%20PSG%20V%20RMA%20POST%20MATCH%20REPORT.pdf,1,Thibaut COURTOIS,24.0,14.0,58.0,0.0,0.0,0.0,18.0,8.0,44.0,0.0,0.0,0.0,0.0,0.0,45,0.0,0.0,0.0,0.0,0.0,0.0,0.0,0.0,0.0,0.0,3.0,0.0,0.0,4.0,0.0,49,5037.9,3893.1,997.8,126.4,20.5,0.0,11.0,2.0,24.4,52
realmadridcf:5,realmadridcf,Real Madrid C. F.,62,2025-07-09,https://www.fifatrainingcentre.com/media/native/tournaments/fcwc/2025/M62%20PSG%20V%20RMA%20POST%20MATCH%20REPORT.pdf,5,Jude BELLINGHAM,21.0,17.0,81.0,0.0,0.0,0.0,7.0,5.0,71.0,3.0,2.0,1.0,1.0,0.0,45,3.0,1.0,1.0,1.0,5.0,15.0,0.0,0.0,0.0,1.0,2.0,6.0,3.0,2.0,1.0,49,7009.3,3079.9,2221.7,1019.1,490.3,198.3,91.0,37.0,32.8,52
realmadridcf:7,realmadridcf,Real Madrid C. F.,62,2025-07-09,https://www.fifatrainingcentre.com/media/native/tournaments/fcwc/2025/M62%20PSG%20V%20RMA%20POST%20MATCH%20REPORT.pdf,7,VINICIUS JUNIOR,12.0,10.0,83.0,1.0,4.0,0.0,4.0,3.0,75.0,2.0,2.0,0.0,1.0,0.0,45,2.0,0.0,1.0,0.0,2.0,26.0,1.0,0.0,1.0,0.0,1.0,19.0,10.0,1.0,0.0,49,7055.0,3354.0,1992.6,878.8,443.1,386.5,72.0,43.0,34.2,52
realmadridcf:8,realmadridcf,Real Madrid C. F.,62,2025-07-09,https://www.fifatrainingcentre.com/media/native/tournaments/fcwc/2025/M62%20PSG%20V%20RMA%20POST%20MATCH%20REPORT.pdf,8,Federico VALVERDE,46.0,40.0,87.0,1.0,3.0,0.0,9.0,8.0,89.0,4.0,2.0,2.0,1.0,0.0,45,1.0,0.0,3.0,4.0,3.0,25.0,0.0,0.0,0.0,1.0,5.0,5.0,2.0,7.0,0.0,49,9222.7,3581.8,3619.0,1044.4,540.5,437.0,86.0,46.0,35.5,52
realmadridcf:9,realmadridcf,Real Madrid C. F.,62,2025-07-09,https://www.fifatrainingcentre.com/media/native/tournaments/fcwc/2025/M62%20PSG%20V%20RMA%20POST%20MATCH%20REPORT.pdf,9,Kylian MBAPPE,17.0,13.0,76.0,0.0,1.0,0.0,9.0,5.0,56.0,7.0,4.0,3.0,4.0,0.0,45,1.0,0.0,1.0,0.0,0.0,25.0,0.0,0.0,0.0,0.0,6.0,18.0,13.0,1.0,0.0,49,8317.7,3939.0,3149.7,763.1,245.1,220.8,74.0,28.0,32.1,52
realmadridcf:14,realmadridcf,Real Madrid C. F.,62,2025-07-09,https://www.fifatrainingcentre.com/media/native/tournaments/fcwc/2025/M62%20PSG%20V%20RMA%20POST%20MATCH%20REPORT.pdf,14,Aurelien TCHOUAMENI,41.0,39.0,95.0,0.0,0.0,0.0,10.0,10.0,100.0,0.0,0.0,0.0,1.0,0.0,45,1.0,1.0,0.0,1.0,0.0,10.0,0.0,0.0,0.0,1.0,10.0,31.0,3.0,2.0,1.0,49,11047.1,3691.0,4381.6,2295.3,520.2,159.0,188.0,39.0,30.1,52
realmadridcf:15,realmadridcf,Real Madrid C. F.,62,2025-07-09,https://www.fifatrainingcentre.com/media/native/tournaments/fcwc/2025/M62%20PSG%20V%20RMA%20POST%20MATCH%20REPORT.pdf,15,Arda GULER,40.0,32.0,80.0,1.0,3.0,0.0,21.0,15.0,71.0,0.0,0.0,0.0,0.0,0.0,45,2.0,0.0,2.0,0.0,2.0,47.0,1.0,0.0,1.0,0.0,5.0,45.0,25.0,2.0,1.0,49,10484.8,2910.9,4994.4,1869.1,631.7,78.7,175.0,40.0,27.6,52
realmadridcf:20,realmadridcf,Real Madrid C. F.,62,2025-07-09,https://www.fifatrainingcentre.com/media/native/tournaments/fcwc/2025/M62%20PSG%20V%20RMA%20POST%20MATCH%20REPORT.pdf,20,Fran GARCIA,23.0,18.0,78.0,0.0,1.0,0.0,8.0,4.0,50.0,1.0,0.0,1.0,1.0,0.0,45,7.0,1.0,2.0,0.0,12.0,41.0,0.0,0.0,1.0,2.0,3.0,51.0,25.0,1.0,5.0,49,10337.6,3525.4,4297.3,1518.6,634.2,362.0,131.0,61.0,33.6,52
realmadridcf:22,realmadridcf,Real Madrid C. F.,62,2025-07-09,https://www.fifatrainingcentre.com/media/native/tournaments/fcwc/2025/M62%20PSG%20V%20RMA%20POST%20MATCH%20REPORT.pdf,22,Antonio RUEDIGER,24.0,23.0,96.0,0.0,0.0,0.0,6.0,5.0,83.0,0.0,0.0,0.0,0.0,0.0,45,1.0,0.0,2.0,0.0,1.0,9.0,1.0,0.0,1.0,2.0,7.0,9.0,5.0,0.0,4.0,49,9366.3,3984.6,3515.7,1145.6,552.8,167.7,104.0,45.0,32.4,52
realmadridcf:30,realmadridcf,Real Madrid C. F.,62,2025-07-09,https://www.fifatrainingcentre.com/media/native/tournaments/fcwc/2025/M62%20PSG%20V%20RMA%20POST%20MATCH%20REPORT.pdf,30,Gonzalo GARCIA,28.0,24.0,86.0,0.0,2.0,0.0,4.0,3.0,75.0,1.0,1.0,0.0,0.0,0.0,45,1.0,0.0,0.0,0.0,2.0,29.0,0.0,0.0,0.0,1.0,4.0,23.0,12.0,0.0,0.0,49,8207.8,3430.9,2893.6,1113.9,490.3,279.1,104.0,38.0,33.4,52
realmadridcf:35,realmadridcf,Real Madrid C. F.,62,2025-07-09,https://www.fifatrainingcentre.com/media/native/tournaments/fcwc/2025/M62%20PSG%20V%20RMA%20POST%20MATCH%20REPORT.pdf,35,Raul ASENCIO,17.0,15.0,88.0,0.0,1.0,0.0,8.0,7.0,88.0,1.0,0.0,1.0,0.0,0.0,45,0.0,0.0,2.0,0.0,0.0,10.0,0.0,0.0,0.0,2.0,3.0,7.0,1.0,1.0,2.0,49,6538.8,2877.6,2474.8,811.6,228.1,146.7,76.0,20.0,34.9,52
realmadridcf:2,realmadridcf,Real Madrid C. F.,62,2025-07-09,https://www.fifatrainingcentre.com/media/native/tournaments/fcwc/2025/M62%20PSG%20V%20RMA%20POST%20MATCH%20REPORT.pdf,2,Dani CARVAJAL,8.0,8.0,100.0,0.0,0.0,0.0,0.0,0.0,0.0,0.0,0.0,0.0,0.0,0.0,45,1.0,0.0,1.0,0.0,1.0,5.0,0.0,0.0,0.0,1.0,1.0,7.0,4.0,1.0,1.0,49,2145.0,755.7,899.1,226.0,113.8,150.4,20.0,10.0,31.7,52
realmadridcf:3,realmadridcf,Real Madrid C. F.,62,2025-07-09,https://www.fifatrainingcentre.com/media/native/tournaments/fcwc/2025/M62%20PSG%20V%20RMA%20POST%20MATCH%20REPORT.pdf,3,EDER MILITAO,13.0,10.0,77.0,0.0,1.0,0.0,5.0,4.0,80.0,0.0,0.0,0.0,2.0,0.0,45,4.0,1.0,1.0,0.0,2.0,2.0,1.0,0.0,1.0,0.0,0.0,5.0,1.0,2.0,1.0,49,2815.1,1031.7,1153.9,300.7,217.4,111.4,29.0,18.0,30.4,52
realmadridcf:10,realmadridcf,Real Madrid C. F.,62,2025-07-09,https://www.fifatrainingcentre.com/media/native/tournaments/fcwc/2025/M62%20PSG%20V%20RMA%20POST%20MATCH%20REPORT.pdf,10,Luka MODRIC,12.0,11.0,92.0,0.0,3.0,1.0,4.0,4.0,100.0,0.0,0.0,0.0,0.0,0.0,45,1.0,0.0,0.0,0.0,1.0,5.0,0.0,0.0,0.0,0.0,1.0,5.0,2.0,0.0,1.0,49,3042.0,950.3,1337.4,552.8,168.4,33.1,50.0,12.0,28.3,52
realmadridcf:17,realmadridcf,Real Madrid C. F.,62,2025-07-09,https://www.fifatrainingcentre.com/media/native/tournaments/fcwc/2025/M62%20PSG%20V%20RMA%20POST%20MATCH%20REPORT.pdf,17,Lucas VAZQUEZ,1.0,1.0,100.0,0.0,0.0,0.0,1.0,1.0,100.0,0.0,0.0,0.0,0.0,0.0,45,0.0,0.0,1.0,0.0,1.0,7.0,0.0,0.0,0.0,0.0,0.0,6.0,2.0,0.0,1.0,49,995.1,237.0,436.1,183.2,124.0,14.8,19.0,10.0,29.3,52
realmadridcf:21,realmadridcf,Real Madrid C. F.,62,2025-07-09,https://www.fifatrainingcentre.com/media/native/tournaments/fcwc/2025/M62%20PSG%20V%20RMA%20POST%20MATCH%20REPORT.pdf,21,Brahim DIAZ,8.0,8.0,100.0,0.0,1.0,0.0,0.0,0.0,0.0,0.0,0.0,0.0,0.0,0.0,45,0.0,0.0,0.0,0.0,3.0,15.0,0.0,0.0,0.0,0.0,0.0,12.0,10.0,0.0,0.0,49,3036.4,938.2,1220.8,533.0,246.9,97.4,41.0,20.0,30.4,52
chelseafc:1,chelseafc,Chelsea FC,63,2025-07-13,https://www.fifatrainingcentre.com/media/native/tournaments/fcwc/2025/M63%20CHE%20V%20PSG%20POST%20MATCH%20REPORT.pdf,1,Robert SANCHEZ,36.0,20.0,56.0,0.0,0.0,0.0,24.0,13.0,54.0,1.0,1.0,0.0,0.0,0.0,42,0.0,0.0,0.0,0.0,0.0,0.0,0.0,0.0,0.0,1.0,2.0,0.0,0.0,11.0,0.0,47,4721.7,3856.5,740.3,108.6,16.3,0.0,11.0,2.0,24.4,50
chelseafc:3,chelseafc,Chelsea FC,63,2025-07-13,https://www.fifatrainingcentre.com/media/native/tournaments/fcwc/2025/M63%20CHE%20V%20PSG%20POST%20MATCH%20REPORT.pdf,3,Marc CUCURELLA,28.0,23.0,82.0,0.0,0.0,0.0,9.0,7.0,78.0,0.0,0.0,0.0,0.0,0.0,42,6.0,0.0,1.0,0.0,8.0,14.0,0.0,0.0,0.0,3.0,7.0,44.0,16.0,4.0,1.0,47,9964.5,4358.2,4231.6,1023.9,288.7,62.2,100.0,22.0,31.5,50
chelseafc:6,chelseafc,Chelsea FC,63,2025-07-13,https://www.fifatrainingcentre.com/media/native/tournaments/fcwc/2025/M63%20CHE%20V%20PSG%20POST%20MATCH%20REPORT.pdf,6,Levi COLWILL,31.0,27.0,87.0,0.0,0.0,0.0,12.0,9.0,75.0,0.0,0.0,0.0,0.0,0.0,42,0.0,0.0,3.0,0.0,1.0,5.0,0.0,0.0,0.0,3.0,3.0,18.0,3.0,1.0,4.0,47,9844.1,3965.0,4479.7,950.5,347.7,101.2,77.0,27.0,30.0,50
chelseafc:7,chelseafc,Chelsea FC,63,2025-07-13,https://www.fifatrainingcentre.com/media/native/tournaments/fcwc/2025/M63%20CHE%20V%20PSG%20POST%20MATCH%20REPORT.pdf,7,PEDRO NETO,19.0,17.0,89.0,0.0,3.0,0.0,3.0,1.0,33.0,2.0,2.0,0.0,0.0,0.0,42,1.0,0.0,1.0,1.0,1.0,31.0,0.0,0.0,0.0,1.0,3.0,24.0,15.0,1.0,0.0,47,8903.8,3507.6,3171.9,1166.9,664.3,393.1,101.0,55.0,34.0,50
chelseafc:8,chelseafc,Chelsea FC,63,2025-07-13,https://www.fifatrainingcentre.com/media/native/tournaments/fcwc/2025/M63%20CHE%20V%20PSG%20POST%20MATCH%20REPORT.pdf,8,Enzo FERNANDEZ,20.0,13.0,65.0,0.0,0.0,0.0,5.0,3.0,60.0,0.0,0.0,0.0,0.0,0.0,42,2.0,0.0,1.0,0.0,4.0,28.0,0.0,0.0,0.0,0.0,3.0,25.0,15.0,0.0,1.0,47,8135.8,2820.9,3124.5,1186.5,678.6,325.2,115.0,56.0,30.9,50
chelseafc:10,chelseafc,Chelsea FC,63,2025-07-13,https://www.fifatrainingcentre.com/media/native/tournaments/fcwc/2025/M63%20CHE%20V%20PSG%20POST%20MATCH%20REPORT.pdf,10,Cole PALMER,28.0,23.0,82.0,0.0,2.0,0.0,4.0,3.0,75.0,2.0,2.0,0.0,4.0,2.0,42,3.0,1.0,3.0,0.0,5.0,37.0,0.0,0.0,0.0,0.0,4.0,33.0,30.0,3.0,1.0,47,10339.8,4723.3,3230.1,1266.7,713.1,406.5,119.0,51.0,33.0,50
chelseafc:20,chelseafc,Chelsea FC,63,2025-07-13,https://www.fifatrainingcentre.com/media/native/tournaments/fcwc/2025/M63%20CHE%20V%20PSG%20POST%20MATCH%20REPORT.pdf,20,JOAO PEDRO,21.0,14.0,67.0,0.0,1.0,0.0,2.0,1.0,50.0,1.0,1.0,0.0,1.0,1.0,42,2.0,0.0,2.0,0.0,2.0,35.0,0.0,0.0,0.0,1.0,9.0,21.0,16.0,2.0,0.0,47,8703.2,3190.6,3730.4,1058.4,405.5,318.3,85.0,36.0,33.8,50
chelseafc:23,chelseafc,Chelsea FC,63,2025-07-13,https://www.fifatrainingcentre.com/media/native/tournaments/fcwc/2025/M63%20CHE%20V%20PSG%20POST%20MATCH%20REPORT.pdf,23,Trevoh CHALOBAH,25.0,23.0,92.0,1.0,0.0,0.0,7.0,6.0,86.0,0.0,0.0,0.0,0.0,0.0,42,1.0,0.0,1.0,0.0,0.0,5.0,0.0,0.0,0.0,3.0,3.0,19.0,2.0,4.0,1.0,47,10132.7,4184.4,4031.0,1354.3,473.7,89.2,108.0,34.0,31.9,50
chelseafc:24,chelseafc,Chelsea FC,63,2025-07-13,https://www.fifatrainingcentre.com/media/native/tournaments/fcwc/2025/M63%20CHE%20V%20PSG%20POST%20MATCH%20REPORT.pdf,24,Reece JAMES,31.0,28.0,90.0,0.0,0.0,0.0,7.0,6.0,86.0,0.0,0.0,0.0,0.0,0.0,42,1.0,1.0,1.0,1.0,3.0,15.0,1.0,0.0,2.0,2.0,6.0,19.0,8.0,4.0,0.0,47,8861.9,3676.7,3694.4,1053.2,368.6,69.1,85.0,31.0,29.4,50
chelseafc:25,chelseafc,Chelsea FC,63,2025-07-13,https://www.fifatrainingcentre.com/media/native/tournaments/fcwc/2025/M63%20CHE%20V%20PSG%20POST%20MATCH%20REPORT.pdf,25,Moises CAICEDO,25.0,22.0,88.0,0.0,0.0,0.0,6.0,5.0,83.0,1.0,1.0,0.0,0.0,0.0,42,7.0,3.0,3.0,0.0,9.0,30.0,0.0,0.0,0.0,0.0,4.0,42.0,16.0,3.0,2.0,47,10132.2,4226.6,4131.1,1230.9,412.4,131.3,104.0,39.0,30.1,50
chelseafc:27,chelseafc,Chelsea FC,63,2025-07-13,https://www.fifatrainingcentre.com/media/native/tournaments/fcwc/2025/M63%20CHE%20V%20PSG%20POST%20MATCH%20REPORT.pdf,27,Malo GUSTO,40.0,34.0,85.0,0.0,2.0,0.0,12.0,9.0,75.0,1.0,1.0,0.0,2.0,0.0,42,2.0,1.0,4.0,2.0,5.0,16.0,0.0,0.0,0.0,3.0,10.0,28.0,14.0,5.0,3.0,47,10961.1,3999.1,4556.9,1255.7,694.6,454.8,110.0,57.0,34.8,50
chelseafc:9,chelseafc,Chelsea FC,63,2025-07-13,https://www.fifatrainingcentre.com/media/native/tournaments/fcwc/2025/M63%20CHE%20V%20PSG%20POST%20MATCH%20REPORT.pdf,9,Liam DELAP,4.0,3.0,75.0,0.0,0.0,0.0,1.0,0.0,0.0,1.0,1.0,0.0,2.0,0.0,42,0.0,0.0,0.0,0.0,0.0,7.0,1.0,0.0,1.0,0.0,3.0,6.0,5.0,0.0,0.0,47,2699.1,1159.8,869.8,354.6,214.2,100.8,28.0,15.0,31.5,50
chelseafc:17,chelseafc,Chelsea FC,63,2025-07-13,https://www.fifatrainingcentre.com/media/native/tournaments/fcwc/2025/M63%20CHE%20V%20PSG%20POST%20MATCH%20REPORT.pdf,17,ANDREY SANTOS,8.0,8.0,100.0,0.0,0.0,0.0,4.0,4.0,100.0,1.0,1.0,0.0,0.0,0.0,42,4.0,0.0,0.0,2.0,4.0,8.0,0.0,0.0,0.0,0.0,1.0,7.0,4.0,1.0,4.0,47,3673.4,1356.3,1168.2,637.8,378.8,132.3,56.0,22.0,28.3,50
chelseafc:18,chelseafc,Chelsea FC,63,2025-07-13,https://www.fifatrainingcentre.com/media/native/tournaments/fcwc/2025/M63%20CHE%20V%20PSG%20POST%20MATCH%20REPORT.pdf,18,Christopher NKUNKU,8.0,6.0,75.0,0.0,0.0,0.0,0.0,0.0,0.0,0.0,0.0,0.0,0.0,0.0,42,1.0,0.0,0.0,0.0,2.0,4.0,0.0,0.0,0.0,0.0,0.0,0.0,0.0,0.0,0.0,47,2069.6,671.0,796.4,393.6,136.4,72.1,35.0,10.0,29.0,50
chelseafc:22,chelseafc,Chelsea FC,63,2025-07-13,https://www.fifatrainingcentre.com/media/native/tournaments/fcwc/2025/M63%20CHE%20V%20PSG%20POST%20MATCH%20REPORT.pdf,22,Kiernan DEWSBURYHALL,3.0,2.0,67.0,0.0,0.0,0.0,0.0,0.0,0.0,0.0,0.0,0.0,0.0,0.0,42,0.0,0.0,0.0,0.0,0.0,8.0,0.0,0.0,0.0,0.0,0.0,1.0,1.0,0.0,0.0,47,2088.2,866.7,669.2,326.5,137.6,88.2,28.0,8.0,30.9,50
parissaintgermain:1,parissaintgermain,Paris Saint-Germain,63,2025-07-13,https://www.fifatrainingcentre.com/media/native/tournaments/fcwc/2025/M63%20CHE%20V%20PSG%20POST%20MATCH%20REPORT.pdf,1,Gianluigi DONNARUMMA,30.0,26.0,87.0,0.0,0.0,0.0,3.0,1.0,33.0,0.0,0.0,0.0,0.0,0.0,44,0.0,0.0,0.0,0.0,0.0,0.0,0.0,0.0,0.0,0.0,4.0,0.0,0.0,2.0,0.0,48,4814.5,3697.9,835.1,220.2,56.0,5.3,24.0,5.0,26.0,51
parissaintgermain:2,parissaintgermain,Paris Saint-Germain,63,2025-07-13,https://www.fifatrainingcentre.com/media/native/tournaments/fcwc/2025/M63%20CHE%20V%20PSG%20POST%20MATCH%20REPORT.pdf,2,Achraf HAKIMI,63.0,59.0,94.0,1.0,2.0,1.0,11.0,10.0,91.0,1.0,0.0,1.0,0.0,0.0,44,2.0,0.0,0.0,0.0,4.0,6.0,0.0,0.0,0.0,1.0,2.0,12.0,4.0,0.0,1.0,48,7982.3,3214.5,3040.8,996.6,493.9,236.4,89.0,38.0,35.2,51
parissaintgermain:4,parissaintgermain,Paris Saint-Germain,63,2025-07-13,https://www.fifatrainingcentre.com/media/native/tournaments/fcwc/2025/M63%20CHE%20V%20PSG%20POST%20MATCH%20REPORT.pdf,4,LUCAS BERALDO,70.0,68.0,97.0,0.0,0.0,0.0,11.0,11.0,100.0,1.0,0.0,1.0,0.0,0.0,44,3.0,2.0,5.0,2.0,6.0,8.0,1.0,0.0,1.0,4.0,6.0,15.0,6.0,9.0,5.0,48,9192.6,4442.3,3132.6,956.4,459.7,201.7,82.0,35.0,30.6,51
parissaintgermain:5,parissaintgermain,Paris Saint-Germain,63,2025-07-13,https://www.fifatrainingcentre.com/media/native/tournaments/fcwc/2025/M63%20CHE%20V%20PSG%20POST%20MATCH%20REPORT.pdf,5,MARQUINHOS,96.0,91.0,95.0,3.0,1.0,1.0,30.0,25.0,83.0,0.0,0.0,0.0,0.0,0.0,44,1.0,1.0,3.0,1.0,2.0,10.0,0.0,0.0,0.0,3.0,6.0,4.0,1.0,3.0,4.0,48,10248.5,4406.6,3522.4,1382.6,611.2,325.6,113.0,50.0,34.0,51
parissaintgermain:7,parissaintgermain,Paris Saint-Germain,63,2025-07-13,https://www.fifatrainingcentre.com/media/native/tournaments/fcwc/2025/M63%20CHE%20V%20PSG%20POST%20MATCH%20REPORT.pdf,7,Khvicha KVARATSKHELIA,13.0,12.0,92.0,0.0,1.0,0.0,2.0,1.0,50.0,2.0,2.0,0.0,2.0,0.0,44,0.0,0.0,0.0,0.0,1.0,10.0,0.0,0.0,1.0,0.0,4.0,9.0,4.0,1.0,0.0,48,6750.1,3031.7,2283.6,937.3,357.0,140.6,70.0,32.0,31.6,51
parissaintgermain:8,parissaintgermain,Paris Saint-Germain,63,2025-07-13,https://www.fifatrainingcentre.com/media/native/tournaments/fcwc/2025/M63%20CHE%20V%20PSG%20POST%20MATCH%20REPORT.pdf,8,Fabian RUIZ,39.0,34.0,87.0,0.0,1.0,1.0,14.0,13.0,93.0,0.0,0.0,0.0,0.0,0.0,44,6.0,1.0,0.0,0.0,5.0,6.0,0.0,0.0,1.0,1.0,0.0,5.0,2.0,3.0,3.0,48,8829.6,3295.8,3733.4,1220.1,357.7,222.6,94.0,31.0,31.4,51
parissaintgermain:10,parissaintgermain,Paris Saint-Germain,63,2025-07-13,https://www.fifatrainingcentre.com/media/native/tournaments/fcwc/2025/M63%20CHE%20V%20PSG%20POST%20MATCH%20REPORT.pdf,10,Ousmane DEMBELE,40.0,35.0,88.0,2.0,1.0,0.0,15.0,12.0,80.0,1.0,1.0,0.0,1.0,0.0,44,4.0,1.0,1.0,0.0,3.0,40.0,0.0,0.0,0.0,0.0,2.0,39.0,30.0,1.0,1.0,48,10993.0,4413.8,3919.9,1610.9,775.7,272.7,134.0,55.0,30.1,51
parissaintgermain:14,parissaintgermain,Paris Saint-Germain,63,2025-07-13,https://www.fifatrainingcentre.com/media/native/tournaments/fcwc/2025/M63%20CHE%20V%20PSG%20POST%20MATCH%20REPORT.pdf,14,Desire DOUE,40.0,31.0,78.0,0.0,2.0,1.0,9.0,7.0,78.0,7.0,6.0,1.0,2.0,0.0,44,3.0,0.0,2.0,0.0,4.0,11.0,0.0,0.0,0.0,0.0,1.0,10.0,6.0,1.0,1.0,48,9049.3,2920.1,3849.4,1652.1,449.9,177.8,141.0,45.0,31.0,51
parissaintgermain:17,parissaintgermain,Paris Saint-Germain,63,2025-07-13,https://www.fifatrainingcentre.com/media/native/tournaments/fcwc/2025/M63%20CHE%20V%20PSG%20POST%20MATCH%20REPORT.pdf,17,VITINHA,105.0,94.0,90.0,1.0,5.0,0.0,33.0,27.0,82.0,6.0,0.0,6.0,1.0,0.0,44,1.0,0.0,1.0,2.0,3.0,7.0,0.0,0.0,0.0,0.0,2.0,18.0,1.0,2.0,0.0,48,11879.3,3382.4,6113.1,1551.0,620.3,212.6,141.0,49.0,30.2,51
parissaintgermain:25,parissaintgermain,Paris Saint-Germain,63,2025-07-13,https://www.fifatrainingcentre.com/media/native/tournaments/fcwc/2025/M63%20CHE%20V%20PSG%20POST%20MATCH%20REPORT.pdf,25,NUNO MENDES,64.0,59.0,92.0,1.0,3.0,0.0,22.0,16.0,73.0,5.0,1.0,4.0,1.0,0.0,44,8.0,0.0,3.0,4.0,6.0,16.0,0.0,0.0,0.0,3.0,5.0,5.0,4.0,6.0,6.0,48,8828.6,3912.9,3138.3,884.2,477.8,415.5,77.0,39.0,35.0,51
parissaintgermain:87,parissaintgermain,Paris Saint-Germain,63,2025-07-13,https://www.fifatrainingcentre.com/media/native/tournaments/fcwc/2025/M63%20CHE%20V%20PSG%20POST%20MATCH%20REPORT.pdf,87,JOAO NEVES,43.0,41.0,95.0,1.0,1.0,0.0,9.0,8.0,89.0,2.0,1.0,1.0,1.0,0.0,44,9.0,2.0,2.0,0.0,7.0,19.0,0.0,0.0,2.0,0.0,5.0,21.0,7.0,2.0,5.0,48,10258.2,3464.8,4410.3,1640.2,545.8,197.1,137.0,44.0,32.2,51
parissaintgermain:9,parissaintgermain,Paris Saint-Germain,63,2025-07-13,https://www.fifatrainingcentre.com/media/native/tournaments/fcwc/2025/M63%20CHE%20V%20PSG%20POST%20MATCH%20REPORT.pdf,9,GONCALO RAMOS,0.0,0.0,0.0,0.0,0.0,0.0,0.0,0.0,0.0,0.0,0.0,0.0,0.0,0.0,44,0.0,0.0,1.0,0.0,1.0,2.0,1.0,0.0,1.0,0.0,0.0,8.0,2.0,0.0,0.0,48,2439.5,895.5,874.7,369.4,191.6,108.4,32.0,14.0,31.4,51
parissaintgermain:24,parissaintgermain,Paris Saint-Germain,63,2025-07-13,https://www.fifatrainingcentre.com/media/native/tournaments/fcwc/2025/M63%20CHE%20V%20PSG%20POST%20MATCH%20REPORT.pdf,24,Senny MAYULU,2.0,2.0,100.0,0.0,1.0,0.0,0.0,0.0,0.0,1.0,0.0,1.0,0.0,0.0,44,1.0,0.0,1.0,0.0,2.0,6.0,0.0,0.0,0.0,0.0,1.0,8.0,5.0,0.0,1.0,48,2559.4,798.2,935.8,485.5,247.0,92.9,40.0,19.0,30.0,51
parissaintgermain:29,parissaintgermain,Paris Saint-Germain,63,2025-07-13,https://www.fifatrainingcentre.com/media/native/tournaments/fcwc/2025/M63%20CHE%20V%20PSG%20POST%20MATCH%20REPORT.pdf,29,Bradley BARCOLA,6.0,6.0,100.0,0.0,1.0,1.0,5.0,4.0,80.0,2.0,2.0,0.0,1.0,0.0,44,2.0,1.0,1.0,0.0,2.0,6.0,0.0,0.0,0.0,0.0,4.0,4.0,3.0,2.0,1.0,48,3468.0,1598.9,1118.1,337.1,282.9,131.0,27.0,22.0,33.3,51
parissaintgermain:33,parissaintgermain,Paris Saint-Germain,63,2025-07-13,https://www.fifatrainingcentre.com/media/native/tournaments/fcwc/2025/M63%20CHE%20V%20PSG%20POST%20MATCH%20REPORT.pdf,33,Warren ZAIREEMERY,9.0,9.0,100.0,0.0,1.0,0.0,1.0,1.0,100.0,0.0,0.0,0.0,0.0,0.0,44,2.0,1.0,1.0,0.0,3.0,3.0,0.0,0.0,0.0,0.0,1.0,3.0,2.0,1.0,1.0,48,2521.4,786.7,814.9,528.1,287.4,104.3,50.0,19.0,29.9,51
