club_id,club,country_code,source_url,source_page,snapshot_date,competition,gender,entity_id,shirt_number,position,name,dob,age,age_reference_date,nationality,height_cm,appearances,passes_completed,pass_completion_pct,line_breaks_completed,goals,shots,direct_pressures,regains,distance_m,top_speed_kmh,sprints
alahlyfc,Al Ahly FC,EGY,https://fdp.fifa.org/assetspublic/ce233/pdf/SquadLists-English.pdf,1,2025-07-04,FIFA Club World Cup 2025,male,alahlyfc:1,1,GK,MOHAMED ELSHENAWY,1988-12-18,36,2025-06-14,Egypt,191,3,72,82.759,20,0,0,0,23,16407.7,27.5,9
alahlyfc,Al Ahly FC,EGY,https://fdp.fifa.org/assetspublic/ce233/pdf/SquadLists-English.pdf,1,2025-07-04,FIFA Club World Cup 2025,male,alahlyfc:3,3,DF,OMAR KAMAL,1993-09-29,31,2025-06-14,Egypt,185,1,11,100.0,0,0,1,4,0,4450.0,31.9,23
alahlyfc,Al Ahly FC,EGY,https://fdp.fifa.org/assetspublic/ce233/pdf/SquadLists-English.pdf,1,2025-07-04,FIFA Club World Cup 2025,male,alahlyfc:4,4,DF,AHMED RAMADAN,1997-03-23,28,2025-06-14,Egypt,186,2,52,91.228,22,0,0,4,11,12854.8,32.2,36
alahlyfc,Al Ahly FC,EGY,https://fdp.fifa.org/assetspublic/ce233/pdf/SquadLists-English.pdf,1,2025-07-04,FIFA Club World Cup 2025,male,alahlyfc:5,5,MF,BEN ROMDHANE Mohamed Ali,1999-09-06,25,2025-06-14,Tunisia,180,3,77,89.535,24,1,2,8,4,28326.4,34.6,105
alahlyfc,Al Ahly FC,EGY,https://fdp.fifa.org/assetspublic/ce233/pdf/SquadLists-English.pdf,1,2025-07-04,FIFA Club World Cup 2025,male,alahlyfc:6,6,DF,YASSER IBRAHIM,1993-02-10,32,2025-06-14,Egypt,185,2,122,95.312,16,0,0,4,7,18435.9,42.3,89
alahlyfc,Al Ahly FC,EGY,https://fdp.fifa.org/assetspublic/ce233/pdf/SquadLists-English.pdf,1,2025-07-04,FIFA Club World Cup 2025,male,alahlyfc:7,7,MF,TREZEGUET,1994-10-01,30,2025-06-14,Egypt,181,3,55,87.302,14,0,7,4,1,20386.9,35.4,124
alahlyfc,Al Ahly FC,EGY,https://fdp.fifa.org/assetspublic/ce233/pdf/SquadLists-English.pdf,1,2025-07-04,FIFA Club World Cup 2025,male,alahlyfc:8,8,MF,HAMDY FATHY,1994-09-29,30,2025-06-14,Egypt,183,3,58,84.058,16,0,3,8,6,21328.1,37.1,69
alahlyfc,Al Ahly FC,EGY,https://fdp.fifa.org/assetspublic/ce233/pdf/SquadLists-English.pdf,1,2025-07-04,FIFA Club World Cup 2025,male,alahlyfc:9,9,FW,WESSAM ABOU ALI,1999-01-04,26,2025-06-14,Palestine,185,3,29,82.857,4,3,7,7,4,20359.6,34.0,117
alahlyfc,Al Ahly FC,EGY,https://fdp.fifa.org/assetspublic/ce233/pdf/SquadLists-English.pdf,1,2025-07-04,FIFA Club World Cup 2025,male,alahlyfc:10,10,FW,GRADISAR Nejc,2002-08-06,22,2025-06-14,Slovenia,185,3,19,79.167,3,0,1,4,2,10314.8,33.8,62
alahlyfc,Al Ahly FC,EGY,https://fdp.fifa.org/assetspublic/ce233/pdf/SquadLists-English.pdf,1,2025-07-04,FIFA Club World Cup 2025,male,alahlyfc:13,13,MF,MARAWAN ATTIA,1998-08-01,26,2025-06-14,Egypt,176,2,113,92.623,33,0,1,31,12,20492.1,43.5,76
alahlyfc,Al Ahly FC,EGY,https://fdp.fifa.org/assetspublic/ce233/pdf/SquadLists-English.pdf,1,2025-07-04,FIFA Club World Cup 2025,male,alahlyfc:14,14,MF,HUSSEIN ELSHAHAT,1992-06-21,32,2025-06-14,Egypt,169,3,21,72.414,8,0,4,7,3,10984.4,31.5,63
alahlyfc,Al Ahly FC,EGY,https://fdp.fifa.org/assetspublic/ce233/pdf/SquadLists-English.pdf,1,2025-07-04,FIFA Club World Cup 2025,male,alahlyfc:15,15,DF,DARI Achraf,1999-05-06,26,2025-06-14,Morocco,188,3,88,89.796,11,0,1,5,15,24495.9,33.0,74
alahlyfc,Al Ahly FC,EGY,https://fdp.fifa.org/assetspublic/ce233/pdf/SquadLists-English.pdf,1,2025-07-04,FIFA Club World Cup 2025,male,alahlyfc:17,17,MF,BENCHARKI Achraf,1994-09-24,30,2025-06-14,Morocco,178,2,32,82.051,2,0,4,9,3,8896.6,32.4,62
alahlyfc,Al Ahly FC,EGY,https://fdp.fifa.org/assetspublic/ce233/pdf/SquadLists-English.pdf,1,2025-07-04,FIFA Club World Cup 2025,male,alahlyfc:19,19,MF,MOHAMED AFSHA,1996-03-06,29,2025-06-14,Egypt,168,3,40,88.889,7,0,1,1,0,7054.9,34.7,35
alahlyfc,Al Ahly FC,EGY,https://fdp.fifa.org/assetspublic/ce233/pdf/SquadLists-English.pdf,1,2025-07-04,FIFA Club World Cup 2025,male,alahlyfc:22,22,MF,EMAM ASHOUR,1998-02-20,27,2025-06-14,Egypt,180,1,4,80.0,1,0,2,0,0,1569.2,30.0,9
alahlyfc,Al Ahly FC,EGY,https://fdp.fifa.org/assetspublic/ce233/pdf/SquadLists-English.pdf,1,2025-07-04,FIFA Club World Cup 2025,male,alahlyfc:23,23,MF,DIENG Aliou,1997-10-16,27,2025-06-14,Mali,185,1,22,88.0,7,0,0,6,11,7385.7,31.1,32
alahlyfc,Al Ahly FC,EGY,https://fdp.fifa.org/assetspublic/ce233/pdf/SquadLists-English.pdf,1,2025-07-04,FIFA Club World Cup 2025,male,alahlyfc:25,25,MF,ZIZO,1996-01-10,29,2025-06-14,Egypt,175,3,76,85.393,20,0,3,2,1,27822.5,44.3,142
alahlyfc,Al Ahly FC,EGY,https://fdp.fifa.org/assetspublic/ce233/pdf/SquadLists-English.pdf,1,2025-07-04,FIFA Club World Cup 2025,male,alahlyfc:29,29,MF,TAHER MOHAMED,1997-03-07,28,2025-06-14,Egypt,186,1,9,69.231,2,0,0,0,0,3344.0,35.0,28
alahlyfc,Al Ahly FC,EGY,https://fdp.fifa.org/assetspublic/ce233/pdf/SquadLists-English.pdf,1,2025-07-04,FIFA Club World Cup 2025,male,alahlyfc:30,30,DF,MOHAMED HANY,1996-02-02,29,2025-06-14,Egypt,175,3,87,76.991,23,0,3,10,10,28684.9,43.9,102
alahlyfc,Al Ahly FC,EGY,https://fdp.fifa.org/assetspublic/ce233/pdf/SquadLists-English.pdf,1,2025-07-04,FIFA Club World Cup 2025,male,alahlyfc:36,36,MF,AHMED KOKA,2001-07-04,23,2025-06-14,Egypt,170,2,90,90.909,33,0,2,14,10,19745.4,31.7,75
alahlyfc,Al Ahly FC,EGY,https://fdp.fifa.org/assetspublic/ce233/pdf/SquadLists-English.pdf,1,2025-07-04,FIFA Club World Cup 2025,male,alahlyfc:54,54,DF,ATTIAT-ALLAH Yahya,1995-03-02,30,2025-06-14,Morocco,176,1,40,90.909,12,0,0,2,2,9284.2,44.9,48
alainfc,Al Ain FC,UAE,https://fdp.fifa.org/assetspublic/ce233/pdf/SquadLists-English.pdf,2,2025-07-04,FIFA Club World Cup 2025,male,alainfc:1,1,GK,RUI PATRICIO,1988-02-15,37,2025-06-14,Portugal,190,2,26,61.905,11,0,0,0,4,10770.0,20.0,0
alainfc,Al Ain FC,UAE,https://fdp.fifa.org/assetspublic/ce233/pdf/SquadLists-English.pdf,2,2025-07-04,FIFA Club World Cup 2025,male,alainfc:3,3,DF,KOUAME AUTONNE,2000-09-22,24,2025-06-14,United Arab Emirates,187,1,13,92.857,6,0,0,2,2,7047.5,33.0,30
alainfc,Al Ain FC,UAE,https://fdp.fifa.org/assetspublic/ce233/pdf/SquadLists-English.pdf,2,2025-07-04,FIFA Club World Cup 2025,male,alainfc:4,4,DF,BENKHALEQ Yahya,2001-09-14,23,2025-06-14,Morocco,191,1,29,87.879,12,0,0,3,6,9161.9,33.8,33
alainfc,Al Ain FC,UAE,https://fdp.fifa.org/assetspublic/ce233/pdf/SquadLists-English.pdf,2,2025-07-04,FIFA Club World Cup 2025,male,alainfc:5,5,MF,PARK Yongwoo,1993-09-10,31,2025-06-14,Korea Republic,186,3,92,90.196,17,0,0,14,19,27964.2,33.3,101
alainfc,Al Ain FC,UAE,https://fdp.fifa.org/assetspublic/ce233/pdf/SquadLists-English.pdf,2,2025-07-04,FIFA Club World Cup 2025,male,alainfc:6,6,MF,YAHIA NADER,1998-09-11,26,2025-06-14,United Arab Emirates,180,3,33,78.571,7,0,0,1,0,10549.0,28.1,35
alainfc,Al Ain FC,UAE,https://fdp.fifa.org/assetspublic/ce233/pdf/SquadLists-English.pdf,2,2025-07-04,FIFA Club World Cup 2025,male,alainfc:8,8,MF,MOHAMMED ABBAS,2002-09-30,22,2025-06-14,United Arab Emirates,180,2,23,79.31,4,0,0,11,5,11041.5,30.5,46
alainfc,Al Ain FC,UAE,https://fdp.fifa.org/assetspublic/ce233/pdf/SquadLists-English.pdf,2,2025-07-04,FIFA Club World Cup 2025,male,alainfc:9,9,FW,LABA Kodjo,1992-01-27,33,2025-06-14,Togo,183,3,36,92.308,5,1,7,3,2,22610.7,31.1,102
alainfc,Al Ain FC,UAE,https://fdp.fifa.org/assetspublic/ce233/pdf/SquadLists-English.pdf,2,2025-07-04,FIFA Club World Cup 2025,male,alainfc:10,10,FW,KAKU,1995-01-11,30,2025-06-14,Paraguay,165,3,63,86.301,23,1,3,5,4,19761.7,29.6,85
alainfc,Al Ain FC,UAE,https://fdp.fifa.org/assetspublic/ce233/pdf/SquadLists-English.pdf,2,2025-07-04,FIFA Club World Cup 2025,male,alainfc:13,13,FW,RAHIMI Houssine,2002-02-04,23,2025-06-14,Morocco,187,1,1,100.0,0,0,0,0,0,747.1,30.1,9
alainfc,Al Ain FC,UAE,https://fdp.fifa.org/assetspublic/ce233/pdf/SquadLists-English.pdf,2,2025-07-04,FIFA Club World Cup 2025,male,alainfc:14,14,DF,RATNIK Marcel,2003-12-23,21,2025-06-14,Slovenia,186,1,28,84.848,10,0,0,3,11,9974.7,28.8,26
alainfc,Al Ain FC,UAE,https://fdp.fifa.org/assetspublic/ce233/pdf/SquadLists-English.pdf,2,2025-07-04,FIFA Club World Cup 2025,male,alainfc:15,15,MF,ERIK,2001-02-18,24,2025-06-14,Brazil,173,1,7,87.5,1,0,1,3,1,3813.1,31.8,21
alainfc,Al Ain FC,UAE,https://fdp.fifa.org/assetspublic/ce233/pdf/SquadLists-English.pdf,2,2025-07-04,FIFA Club World Cup 2025,male,alainfc:17,17,GK,KHALID EISA,1989-09-15,35,2025-06-14,United Arab Emirates,176,1,13,52.0,5,0,0,0,2,3970.2,21.0,0
alainfc,Al Ain FC,UAE,https://fdp.fifa.org/assetspublic/ce233/pdf/SquadLists-English.pdf,2,2025-07-04,FIFA Club World Cup 2025,male,alainfc:19,19,MF,SANABRIA Mateo,2004-03-31,21,2025-06-14,Argentina,172,1,4,66.667,2,0,0,2,1,2620.8,32.7,18
alainfc,Al Ain FC,UAE,https://fdp.fifa.org/assetspublic/ce233/pdf/SquadLists-English.pdf,2,2025-07-04,FIFA Club World Cup 2025,male,alainfc:20,20,MF,PALACIOS Matias,2002-05-10,23,2025-06-14,Argentina,171,3,115,90.551,31,0,3,9,8,25871.7,33.1,110
alainfc,Al Ain FC,UAE,https://fdp.fifa.org/assetspublic/ce233/pdf/SquadLists-English.pdf,2,2025-07-04,FIFA Club World Cup 2025,male,alainfc:21,21,MF,RAHIMI Soufiane,1996-06-02,29,2025-06-14,Morocco,180,3,34,79.07,4,0,6,7,6,26592.2,34.3,120
alainfc,Al Ain FC,UAE,https://fdp.fifa.org/assetspublic/ce233/pdf/SquadLists-English.pdf,2,2025-07-04,FIFA Club World Cup 2025,male,alainfc:25,25,DF,RAMY RABIA,1993-05-20,32,2025-06-14,Egypt,183,3,91,83.486,20,0,2,20,16,29185.0,32.3,84
alainfc,Al Ain FC,UAE,https://fdp.fifa.org/assetspublic/ce233/pdf/SquadLists-English.pdf,2,2025-07-04,FIFA Club World Cup 2025,male,alainfc:28,28,MF,CHADLI Nassim,2001-07-28,23,2025-06-14,Morocco,181,3,22,68.75,5,0,3,9,0,15132.3,33.0,80
alainfc,Al Ain FC,UAE,https://fdp.fifa.org/assetspublic/ce233/pdf/SquadLists-English.pdf,2,2025-07-04,FIFA Club World Cup 2025,male,alainfc:36,36,DF,ZABALA Facundo,1999-01-02,26,2025-06-14,Argentina,172,3,76,82.609,27,0,4,24,7,26831.4,32.1,98
alainfc,Al Ain FC,UAE,https://fdp.fifa.org/assetspublic/ce233/pdf/SquadLists-English.pdf,2,2025-07-04,FIFA Club World Cup 2025,male,alainfc:56,56,DF,NIANG Amadou,2005-08-03,19,2025-06-14,Senegal,186,3,32,72.727,7,0,1,3,9,12735.0,33.0,35
alainfc,Al Ain FC,UAE,https://fdp.fifa.org/assetspublic/ce233/pdf/SquadLists-English.pdf,2,2025-07-04,FIFA Club World Cup 2025,male,alainfc:70,70,MF,TRAORE Abdoul Karim,2005-01-11,20,2025-06-14,Mali,173,3,82,85.417,21,0,2,23,17,33115.7,31.2,114
alainfc,Al Ain FC,UAE,https://fdp.fifa.org/assetspublic/ce233/pdf/SquadLists-English.pdf,2,2025-07-04,FIFA Club World Cup 2025,male,alainfc:80,80,MF,UDOH Joshua,2007-07-05,17,2025-06-14,Nigeria,176,1,0,0.0,0,0,0,0,0,220.9,20.4,0
alainfc,Al Ain FC,UAE,https://fdp.fifa.org/assetspublic/ce233/pdf/SquadLists-English.pdf,2,2025-07-04,FIFA Club World Cup 2025,male,alainfc:97,97,DF,JASIC Adis,2003-02-12,22,2025-06-14,Austria,178,3,42,77.778,9,0,1,18,5,20366.0,31.6,91
alhilal,Al Hilal,KSA,https://fdp.fifa.org/assetspublic/ce233/pdf/SquadLists-English.pdf,3,2025-07-04,FIFA Club World Cup 2025,male,alhilal:3,3,DF,KOULIBALY Kalidou,1991-06-20,33,2025-06-14,Senegal,186,5,224,84.848,81,1,5,18,36,47341.2,32.2,137
alhilal,Al Hilal,KSA,https://fdp.fifa.org/assetspublic/ce233/pdf/SquadLists-English.pdf,3,2025-07-04,FIFA Club World Cup 2025,male,alhilal:5,5,DF,ALI ALBULAYHI,1989-11-21,35,2025-06-14,Saudi Arabia,181,2,18,90.0,0,0,0,0,0,6458.1,31.8,23
alhilal,Al Hilal,KSA,https://fdp.fifa.org/assetspublic/ce233/pdf/SquadLists-English.pdf,3,2025-07-04,FIFA Club World Cup 2025,male,alhilal:6,6,MF,RENAN LODI,1998-04-08,27,2025-06-14,Brazil,173,5,209,87.448,44,0,5,15,20,50389.9,32.0,221
alhilal,Al Hilal,KSA,https://fdp.fifa.org/assetspublic/ce233/pdf/SquadLists-English.pdf,3,2025-07-04,FIFA Club World Cup 2025,male,alhilal:7,7,MF,KHALID ALGHANNAM,2000-11-08,24,2025-06-14,Saudi Arabia,173,1,1,100.0,0,0,0,2,1,1071.8,32.1,8
alhilal,Al Hilal,KSA,https://fdp.fifa.org/assetspublic/ce233/pdf/SquadLists-English.pdf,3,2025-07-04,FIFA Club World Cup 2025,male,alhilal:8,8,MF,RUBEN NEVES,1997-03-13,28,2025-06-14,Portugal,183,5,319,91.404,84,1,7,12,20,56945.8,32.4,155
alhilal,Al Hilal,KSA,https://fdp.fifa.org/assetspublic/ce233/pdf/SquadLists-English.pdf,3,2025-07-04,FIFA Club World Cup 2025,male,alhilal:10,10,FW,HAMDALLAH Abderrazak,1990-12-17,34,2025-06-14,Morocco,182,1,3,75.0,1,0,0,1,0,2137.4,25.1,5
alhilal,Al Hilal,KSA,https://fdp.fifa.org/assetspublic/ce233/pdf/SquadLists-English.pdf,3,2025-07-04,FIFA Club World Cup 2025,male,alhilal:11,11,FW,MARCOS LEONARDO,2003-05-02,22,2025-06-14,Brazil,183,5,48,73.846,3,4,13,4,2,49442.1,33.4,204
alhilal,Al Hilal,KSA,https://fdp.fifa.org/assetspublic/ce233/pdf/SquadLists-English.pdf,3,2025-07-04,FIFA Club World Cup 2025,male,alhilal:15,15,MF,MOHAMMED ALQAHTANI,2002-07-23,22,2025-06-14,Saudi Arabia,168,1,4,80.0,1,0,0,0,1,4085.5,31.6,27
alhilal,Al Hilal,KSA,https://fdp.fifa.org/assetspublic/ce233/pdf/SquadLists-English.pdf,3,2025-07-04,FIFA Club World Cup 2025,male,alhilal:16,16,MF,NASSER ALDAWSARI,1998-12-19,26,2025-06-14,Saudi Arabia,178,5,129,87.755,38,0,4,36,18,54604.7,31.2,274
alhilal,Al Hilal,KSA,https://fdp.fifa.org/assetspublic/ce233/pdf/SquadLists-English.pdf,3,2025-07-04,FIFA Club World Cup 2025,male,alhilal:18,18,MF,MUSAB ALJUWAYR,2003-06-20,21,2025-06-14,Saudi Arabia,175,5,25,86.207,7,0,1,2,3,7389.8,30.4,49
alhilal,Al Hilal,KSA,https://fdp.fifa.org/assetspublic/ce233/pdf/SquadLists-English.pdf,3,2025-07-04,FIFA Club World Cup 2025,male,alhilal:20,20,DF,JOAO CANCELO,1994-05-27,31,2025-06-14,Portugal,173,5,190,84.444,41,0,5,21,17,43499.3,31.3,161
alhilal,Al Hilal,KSA,https://fdp.fifa.org/assetspublic/ce233/pdf/SquadLists-English.pdf,3,2025-07-04,FIFA Club World Cup 2025,male,alhilal:22,22,MF,MILINKOVIC-SAVIC Sergej,1995-02-27,30,2025-06-14,Serbia,192,5,173,81.991,55,0,9,12,18,62372.7,29.5,158
alhilal,Al Hilal,KSA,https://fdp.fifa.org/assetspublic/ce233/pdf/SquadLists-English.pdf,3,2025-07-04,FIFA Club World Cup 2025,male,alhilal:24,24,DF,MOTEB ALHARBI,2000-02-20,25,2025-06-14,Saudi Arabia,173,5,47,87.037,12,0,1,15,9,24345.2,35.0,116
alhilal,Al Hilal,KSA,https://fdp.fifa.org/assetspublic/ce233/pdf/SquadLists-English.pdf,3,2025-07-04,FIFA Club World Cup 2025,male,alhilal:27,27,MF,KAIO CESAR,2004-02-15,21,2025-06-14,Brazil,160,2,8,88.889,0,0,1,11,2,9070.0,32.2,61
alhilal,Al Hilal,KSA,https://fdp.fifa.org/assetspublic/ce233/pdf/SquadLists-English.pdf,3,2025-07-04,FIFA Club World Cup 2025,male,alhilal:28,28,MF,MOHAMED KANNO,1994-09-22,30,2025-06-14,Saudi Arabia,191,5,91,94.792,12,0,1,10,9,25182.7,32.1,114
alhilal,Al Hilal,KSA,https://fdp.fifa.org/assetspublic/ce233/pdf/SquadLists-English.pdf,3,2025-07-04,FIFA Club World Cup 2025,male,alhilal:29,29,MF,SALEM ALDAWSARI,1991-08-19,33,2025-06-14,Saudi Arabia,173,3,80,78.431,17,1,8,13,5,27567.5,35.0,159
alhilal,Al Hilal,KSA,https://fdp.fifa.org/assetspublic/ce233/pdf/SquadLists-English.pdf,3,2025-07-04,FIFA Club World Cup 2025,male,alhilal:37,37,GK,BOUNOU Yassine,1991-04-05,34,2025-06-14,Morocco,192,5,124,76.074,36,0,0,0,46,24408.9,26.0,2
alhilal,Al Hilal,KSA,https://fdp.fifa.org/assetspublic/ce233/pdf/SquadLists-English.pdf,3,2025-07-04,FIFA Club World Cup 2025,male,alhilal:77,77,MF,MALCOM,1997-02-26,28,2025-06-14,Brazil,172,5,132,91.034,22,1,9,16,4,39571.2,33.8,163
alhilal,Al Hilal,KSA,https://fdp.fifa.org/assetspublic/ce233/pdf/SquadLists-English.pdf,3,2025-07-04,FIFA Club World Cup 2025,male,alhilal:78,78,DF,ALI LAJAMI,1996-04-24,29,2025-06-14,Saudi Arabia,177,3,19,82.609,8,0,0,1,7,7610.3,32.4,14
alhilal,Al Hilal,KSA,https://fdp.fifa.org/assetspublic/ce233/pdf/SquadLists-English.pdf,3,2025-07-04,FIFA Club World Cup 2025,male,alhilal:87,87,DF,HASSAN ALTAMBAKTI,1999-02-09,26,2025-06-14,Saudi Arabia,183,3,120,89.552,29,0,1,11,19,25911.4,33.5,99
alhilal,Al Hilal,KSA,https://fdp.fifa.org/assetspublic/ce233/pdf/SquadLists-English.pdf,3,2025-07-04,FIFA Club World Cup 2025,male,alhilal:88,88,DF,HAMAD ALYAMI,1999-05-17,26,2025-06-14,Saudi Arabia,173,5,23,79.31,8,0,0,4,4,11223.8,33.4,51
atleticodemadrid,Atlético De Madrid,ESP,https://fdp.fifa.org/assetspublic/ce233/pdf/SquadLists-English.pdf,4,2025-07-04,FIFA Club World Cup 2025,male,atleticodemadrid:2,2,DF,GIMENEZ Jose Maria,1995-01-20,30,2025-06-14,Uruguay,186,1,34,94.444,10,0,0,1,2,5220.2,29.7,24
atleticodemadrid,Atlético De Madrid,ESP,https://fdp.fifa.org/assetspublic/ce233/pdf/SquadLists-English.pdf,4,2025-07-04,FIFA Club World Cup 2025,male,atleticodemadrid:4,4,MF,GALLAGHER Conor,2000-02-06,25,2025-06-14,England,183,3,43,89.583,12,0,2,6,4,14106.2,30.7,75
atleticodemadrid,Atlético De Madrid,ESP,https://fdp.fifa.org/assetspublic/ce233/pdf/SquadLists-English.pdf,4,2025-07-04,FIFA Club World Cup 2025,male,atleticodemadrid:5,5,MF,DE PAUL Rodrigo,1994-05-24,31,2025-06-14,Argentina,178,3,118,87.407,42,0,4,9,3,22889.0,32.7,117
atleticodemadrid,Atlético De Madrid,ESP,https://fdp.fifa.org/assetspublic/ce233/pdf/SquadLists-English.pdf,4,2025-07-04,FIFA Club World Cup 2025,male,atleticodemadrid:6,6,MF,KOKE,1992-01-08,33,2025-06-14,Spain,176,3,109,92.373,25,0,0,13,9,19922.5,27.3,94
atleticodemadrid,Atlético De Madrid,ESP,https://fdp.fifa.org/assetspublic/ce233/pdf/SquadLists-English.pdf,4,2025-07-04,FIFA Club World Cup 2025,male,atleticodemadrid:7,7,FW,GRIEZMANN Antoine,1991-03-21,34,2025-06-14,France,176,3,47,90.385,15,1,6,1,1,19514.2,29.3,89
atleticodemadrid,Atlético De Madrid,ESP,https://fdp.fifa.org/assetspublic/ce233/pdf/SquadLists-English.pdf,4,2025-07-04,FIFA Club World Cup 2025,male,atleticodemadrid:8,8,MF,BARRIOS Pablo,2003-06-15,21,2025-06-14,Spain,183,3,134,93.706,37,2,3,19,12,30644.7,34.7,153
atleticodemadrid,Atlético De Madrid,ESP,https://fdp.fifa.org/assetspublic/ce233/pdf/SquadLists-English.pdf,4,2025-07-04,FIFA Club World Cup 2025,male,atleticodemadrid:9,9,FW,SORLOTH Alexander,1995-12-05,29,2025-06-14,Norway,196,3,22,81.481,2,0,10,4,1,18787.8,32.3,86
atleticodemadrid,Atlético De Madrid,ESP,https://fdp.fifa.org/assetspublic/ce233/pdf/SquadLists-English.pdf,4,2025-07-04,FIFA Club World Cup 2025,male,atleticodemadrid:10,10,FW,CORREA Angel,1995-03-09,30,2025-06-14,Argentina,173,3,27,84.375,10,0,2,8,1,10040.2,31.8,53
atleticodemadrid,Atlético De Madrid,ESP,https://fdp.fifa.org/assetspublic/ce233/pdf/SquadLists-English.pdf,4,2025-07-04,FIFA Club World Cup 2025,male,atleticodemadrid:12,12,MF,SAMUEL LINO,1999-12-23,25,2025-06-14,Brazil,177,2,21,84.0,3,0,1,5,1,7157.7,30.8,50
atleticodemadrid,Atlético De Madrid,ESP,https://fdp.fifa.org/assetspublic/ce233/pdf/SquadLists-English.pdf,4,2025-07-04,FIFA Club World Cup 2025,male,atleticodemadrid:13,13,GK,OBLAK Jan,1993-01-07,32,2025-06-14,Slovenia,188,3,55,77.465,14,0,0,0,18,16715.9,25.5,6
atleticodemadrid,Atlético De Madrid,ESP,https://fdp.fifa.org/assetspublic/ce233/pdf/SquadLists-English.pdf,4,2025-07-04,FIFA Club World Cup 2025,male,atleticodemadrid:14,14,MF,LLORENTE Marcos,1995-01-30,30,2025-06-14,Spain,183,3,140,88.05,40,0,3,22,15,31523.4,34.3,161
atleticodemadrid,Atlético De Madrid,ESP,https://fdp.fifa.org/assetspublic/ce233/pdf/SquadLists-English.pdf,4,2025-07-04,FIFA Club World Cup 2025,male,atleticodemadrid:15,15,DF,LENGLET Clement,1995-06-17,29,2025-06-14,France,186,2,107,90.678,33,0,0,6,12,19615.7,30.8,81
atleticodemadrid,Atlético De Madrid,ESP,https://fdp.fifa.org/assetspublic/ce233/pdf/SquadLists-English.pdf,4,2025-07-04,FIFA Club World Cup 2025,male,atleticodemadrid:16,16,DF,MOLINA Nahuel,1998-04-06,27,2025-06-14,Argentina,179,2,14,82.353,1,0,0,4,1,3303.8,31.7,21
atleticodemadrid,Atlético De Madrid,ESP,https://fdp.fifa.org/assetspublic/ce233/pdf/SquadLists-English.pdf,4,2025-07-04,FIFA Club World Cup 2025,male,atleticodemadrid:19,19,FW,ALVAREZ Julian,2000-01-31,25,2025-06-14,Argentina,170,3,64,81.013,12,0,7,20,8,29880.4,32.6,135
atleticodemadrid,Atlético De Madrid,ESP,https://fdp.fifa.org/assetspublic/ce233/pdf/SquadLists-English.pdf,4,2025-07-04,FIFA Club World Cup 2025,male,atleticodemadrid:20,20,MF,WITSEL Axel,1989-01-12,36,2025-06-14,Belgium,186,1,21,95.455,4,1,1,0,0,4997.7,26.5,15
atleticodemadrid,Atlético De Madrid,ESP,https://fdp.fifa.org/assetspublic/ce233/pdf/SquadLists-English.pdf,4,2025-07-04,FIFA Club World Cup 2025,male,atleticodemadrid:21,21,DF,GALAN Javi,1994-11-19,30,2025-06-14,Spain,170,3,117,90.0,24,0,1,17,14,28839.2,32.4,138
atleticodemadrid,Atlético De Madrid,ESP,https://fdp.fifa.org/assetspublic/ce233/pdf/SquadLists-English.pdf,4,2025-07-04,FIFA Club World Cup 2025,male,atleticodemadrid:22,22,FW,SIMEONE Giuliano,2002-12-18,22,2025-06-14,Argentina,174,3,57,75.0,16,0,2,9,9,27197.1,34.9,142
atleticodemadrid,Atlético De Madrid,ESP,https://fdp.fifa.org/assetspublic/ce233/pdf/SquadLists-English.pdf,4,2025-07-04,FIFA Club World Cup 2025,male,atleticodemadrid:23,23,DF,REINILDO MANDAVA,1994-01-21,31,2025-06-14,Mozambique,183,1,9,81.818,1,0,0,1,0,3265.2,29.3,13
atleticodemadrid,Atlético De Madrid,ESP,https://fdp.fifa.org/assetspublic/ce233/pdf/SquadLists-English.pdf,4,2025-07-04,FIFA Club World Cup 2025,male,atleticodemadrid:24,24,DF,LE NORMAND Robin,1996-11-11,28,2025-06-14,Spain,187,3,117,91.406,28,0,0,17,14,30510.8,33.1,102
aucklandcityfc,Auckland City FC,NZL,https://fdp.fifa.org/assetspublic/ce233/pdf/SquadLists-English.pdf,5,2025-07-04,FIFA Club World Cup 2025,male,aucklandcityfc:1,1,GK,TRACEY Conor,1997-04-13,28,2025-06-14,New Zealand,187,1,16,37.209,4,0,0,0,8,4833.2,20.3,0
aucklandcityfc,Auckland City FC,NZL,https://fdp.fifa.org/assetspublic/ce233/pdf/SquadLists-English.pdf,5,2025-07-04,FIFA Club World Cup 2025,male,aucklandcityfc:2,2,DF,ILICH Mario,1995-06-23,29,2025-06-14,New Zealand,190,3,79,83.158,13,0,0,8,14,32351.6,44.9,48
aucklandcityfc,Auckland City FC,NZL,https://fdp.fifa.org/assetspublic/ce233/pdf/SquadLists-English.pdf,5,2025-07-04,FIFA Club World Cup 2025,male,aucklandcityfc:3,3,DF,MITCHELL Adam,1996-06-01,29,2025-06-14,New Zealand,190,3,59,76.623,17,0,0,7,16,30307.1,43.5,65
aucklandcityfc,Auckland City FC,NZL,https://fdp.fifa.org/assetspublic/ce233/pdf/SquadLists-English.pdf,5,2025-07-04,FIFA Club World Cup 2025,male,aucklandcityfc:4,4,DF,GRAY Christian,1996-11-29,28,2025-06-14,New Zealand,186,2,17,73.913,5,1,1,1,4,10781.3,41.9,18
aucklandcityfc,Auckland City FC,NZL,https://fdp.fifa.org/assetspublic/ce233/pdf/SquadLists-English.pdf,5,2025-07-04,FIFA Club World Cup 2025,male,aucklandcityfc:5,5,DF,BOXALL Nikko,1992-02-24,33,2025-06-14,New Zealand,183,3,81,85.263,20,0,0,12,21,27212.6,40.3,49
aucklandcityfc,Auckland City FC,NZL,https://fdp.fifa.org/assetspublic/ce233/pdf/SquadLists-English.pdf,5,2025-07-04,FIFA Club World Cup 2025,male,aucklandcityfc:6,6,MF,MANUEL Jackson,2003-02-24,22,2025-06-14,New Zealand,179,1,20,95.238,5,0,0,1,1,4201.7,27.0,11
aucklandcityfc,Auckland City FC,NZL,https://fdp.fifa.org/assetspublic/ce233/pdf/SquadLists-English.pdf,5,2025-07-04,FIFA Club World Cup 2025,male,aucklandcityfc:7,7,FW,BEVAN Myer,1997-04-23,28,2025-06-14,New Zealand,185,3,35,83.333,2,0,1,10,3,32696.2,43.8,123
aucklandcityfc,Auckland City FC,NZL,https://fdp.fifa.org/assetspublic/ce233/pdf/SquadLists-English.pdf,5,2025-07-04,FIFA Club World Cup 2025,male,aucklandcityfc:8,8,MF,GARRIGA Gerard,1993-05-28,32,2025-06-14,Spain,176,3,43,74.138,7,0,0,4,10,24313.2,30.5,64
aucklandcityfc,Auckland City FC,NZL,https://fdp.fifa.org/assetspublic/ce233/pdf/SquadLists-English.pdf,5,2025-07-04,FIFA Club World Cup 2025,male,aucklandcityfc:9,9,FW,KILKOLLY Angus,1996-04-18,29,2025-06-14,New Zealand,187,1,4,80.0,1,0,1,2,1,3017.3,30.0,17
aucklandcityfc,Auckland City FC,NZL,https://fdp.fifa.org/assetspublic/ce233/pdf/SquadLists-English.pdf,5,2025-07-04,FIFA Club World Cup 2025,male,aucklandcityfc:10,10,FW,MANICKUM Dylan,1992-06-16,32,2025-06-14,New Zealand,178,3,27,72.973,1,0,1,10,1,22857.4,44.1,91
aucklandcityfc,Auckland City FC,NZL,https://fdp.fifa.org/assetspublic/ce233/pdf/SquadLists-English.pdf,5,2025-07-04,FIFA Club World Cup 2025,male,aucklandcityfc:11,11,FW,DE VRIES Ryan,1991-09-14,33,2025-06-14,New Zealand,182,2,8,66.667,0,0,0,2,3,5584.4,32.2,18
aucklandcityfc,Auckland City FC,NZL,https://fdp.fifa.org/assetspublic/ce233/pdf/SquadLists-English.pdf,5,2025-07-04,FIFA Club World Cup 2025,male,aucklandcityfc:12,12,DF,MURATI Regont,1996-05-14,29,2025-06-14,New Zealand,183,2,44,88.0,8,0,1,9,4,17206.4,28.8,58
aucklandcityfc,Auckland City FC,NZL,https://fdp.fifa.org/assetspublic/ce233/pdf/SquadLists-English.pdf,5,2025-07-04,FIFA Club World Cup 2025,male,aucklandcityfc:13,13,DF,LOBO Nathan,2002-12-16,22,2025-06-14,New Zealand,177,1,10,62.5,5,0,0,6,4,7866.2,30.0,30
aucklandcityfc,Auckland City FC,NZL,https://fdp.fifa.org/assetspublic/ce233/pdf/SquadLists-English.pdf,5,2025-07-04,FIFA Club World Cup 2025,male,aucklandcityfc:14,14,MF,VALE Jordan,1994-01-15,31,2025-06-14,New Zealand,178,1,6,66.667,0,0,0,0,4,4752.9,28.7,16
aucklandcityfc,Auckland City FC,NZL,https://fdp.fifa.org/assetspublic/ce233/pdf/SquadLists-English.pdf,5,2025-07-04,FIFA Club World Cup 2025,male,aucklandcityfc:16,16,FW,LEE Joe,2002-07-12,22,2025-06-14,New Zealand,179,1,1,100.0,0,0,0,1,0,1979.3,28.9,14
aucklandcityfc,Auckland City FC,NZL,https://fdp.fifa.org/assetspublic/ce233/pdf/SquadLists-English.pdf,5,2025-07-04,FIFA Club World Cup 2025,male,aucklandcityfc:17,17,FW,LAGOS Jerson,2002-11-01,22,2025-06-14,New Zealand,177,3,48,73.846,14,0,2,4,10,23127.9,42.6,61
aucklandcityfc,Auckland City FC,NZL,https://fdp.fifa.org/assetspublic/ce233/pdf/SquadLists-English.pdf,5,2025-07-04,FIFA Club World Cup 2025,male,aucklandcityfc:19,19,DF,CONNOLLY Dylan,2000-05-16,25,2025-06-14,Republic Of Ireland,179,1,4,44.444,3,0,0,2,0,4119.0,27.4,8
aucklandcityfc,Auckland City FC,NZL,https://fdp.fifa.org/assetspublic/ce233/pdf/SquadLists-English.pdf,5,2025-07-04,FIFA Club World Cup 2025,male,aucklandcityfc:20,20,MF,ELLIS Matt,2001-02-27,24,2025-06-14,New Zealand,175,2,4,66.667,0,0,0,1,4,9502.4,31.4,48
aucklandcityfc,Auckland City FC,NZL,https://fdp.fifa.org/assetspublic/ce233/pdf/SquadLists-English.pdf,5,2025-07-04,FIFA Club World Cup 2025,male,aucklandcityfc:21,21,DF,BELL Adam,2004-02-12,21,2025-06-14,New Zealand,173,1,22,78.571,5,0,0,5,5,11511.9,32.7,45
aucklandcityfc,Auckland City FC,NZL,https://fdp.fifa.org/assetspublic/ce233/pdf/SquadLists-English.pdf,5,2025-07-04,FIFA Club World Cup 2025,male,aucklandcityfc:22,22,MF,ZHOU Tong,1990-01-12,35,2025-06-14,China PR,169,2,31,79.487,2,0,0,1,0,8964.9,27.0,24
aucklandcityfc,Auckland City FC,NZL,https://fdp.fifa.org/assetspublic/ce233/pdf/SquadLists-English.pdf,5,2025-07-04,FIFA Club World Cup 2025,male,aucklandcityfc:23,23,DF,ROGERS Alfie,1995-02-06,30,2025-06-14,New Zealand,186,1,10,100.0,0,0,0,0,0,1690.2,27.2,4
aucklandcityfc,Auckland City FC,NZL,https://fdp.fifa.org/assetspublic/ce233/pdf/SquadLists-English.pdf,5,2025-07-04,FIFA Club World Cup 2025,male,aucklandcityfc:24,24,GK,GARROW Nathan,2004-11-29,20,2025-06-14,New Zealand,185,2,31,35.632,22,0,0,0,23,10374.6,27.1,2
aucklandcityfc,Auckland City FC,NZL,https://fdp.fifa.org/assetspublic/ce233/pdf/SquadLists-English.pdf,5,2025-07-04,FIFA Club World Cup 2025,male,aucklandcityfc:25,25,MF,DEN HEIJER Michael,1996-04-14,29,2025-06-14,New Zealand,186,2,33,76.744,3,0,0,5,4,16462.2,30.4,28
aucklandcityfc,Auckland City FC,NZL,https://fdp.fifa.org/assetspublic/ce233/pdf/SquadLists-English.pdf,5,2025-07-04,FIFA Club World Cup 2025,male,aucklandcityfc:26,26,FW,YOO David,1999-12-07,25,2025-06-14,New Zealand,181,3,32,76.19,7,0,0,6,5,24738.7,31.0,89
aucklandcityfc,Auckland City FC,NZL,https://fdp.fifa.org/assetspublic/ce233/pdf/SquadLists-English.pdf,5,2025-07-04,FIFA Club World Cup 2025,male,aucklandcityfc:27,27,FW,ZEB Haris,2001-05-15,24,2025-06-14,New Zealand,186,2,13,76.471,5,0,1,12,4,10003.6,32.3,31
borussiadortmund,Borussia Dortmund,GER,https://fdp.fifa.org/assetspublic/ce233/pdf/SquadLists-English.pdf,6,2025-07-04,FIFA Club World Cup 2025,male,borussiadortmund:1,1,GK,KOBEL Gregor,1997-12-06,27,2025-06-14,Switzerland,194,5,110,74.83,20,0,0,0,31,29162.3,25.7,13
borussiadortmund,Borussia Dortmund,GER,https://fdp.fifa.org/assetspublic/ce233/pdf/SquadLists-English.pdf,6,2025-07-04,FIFA Club World Cup 2025,male,borussiadortmund:2,2,DF,YAN COUTO,2002-06-03,23,2025-06-14,Brazil,168,5,102,91.892,22,0,3,19,8,29015.4,33.2,158
borussiadortmund,Borussia Dortmund,GER,https://fdp.fifa.org/assetspublic/ce233/pdf/SquadLists-English.pdf,6,2025-07-04,FIFA Club World Cup 2025,male,borussiadortmund:3,3,DF,ANTON Waldemar,1996-07-20,28,2025-06-14,Germany,189,5,337,93.872,74,0,1,20,34,52794.2,32.7,208
borussiadortmund,Borussia Dortmund,GER,https://fdp.fifa.org/assetspublic/ce233/pdf/SquadLists-English.pdf,6,2025-07-04,FIFA Club World Cup 2025,male,borussiadortmund:5,5,DF,BENSEBAINI Ramy,1995-04-16,30,2025-06-14,Algeria,187,5,300,87.719,99,0,3,20,42,47823.9,32.8,195
borussiadortmund,Borussia Dortmund,GER,https://fdp.fifa.org/assetspublic/ce233/pdf/SquadLists-English.pdf,6,2025-07-04,FIFA Club World Cup 2025,male,borussiadortmund:7,7,FW,REYNA Giovanni,2002-11-13,22,2025-06-14,USA,188,1,5,100.0,1,0,0,1,0,1844.7,23.4,6
borussiadortmund,Borussia Dortmund,GER,https://fdp.fifa.org/assetspublic/ce233/pdf/SquadLists-English.pdf,6,2025-07-04,FIFA Club World Cup 2025,male,borussiadortmund:8,8,MF,NMECHA Felix,2000-10-10,24,2025-06-14,Germany,190,5,114,86.364,26,1,6,14,7,32626.4,34.2,108
borussiadortmund,Borussia Dortmund,GER,https://fdp.fifa.org/assetspublic/ce233/pdf/SquadLists-English.pdf,6,2025-07-04,FIFA Club World Cup 2025,male,borussiadortmund:9,9,FW,GUIRASSY Serhou,1996-03-12,29,2025-06-14,Guinea,190,5,74,79.57,8,4,18,4,3,47214.1,31.8,218
borussiadortmund,Borussia Dortmund,GER,https://fdp.fifa.org/assetspublic/ce233/pdf/SquadLists-English.pdf,6,2025-07-04,FIFA Club World Cup 2025,male,borussiadortmund:10,10,FW,BRANDT Julian,1996-05-02,29,2025-06-14,Germany,183,5,102,86.441,10,0,4,9,6,33429.4,31.5,189
borussiadortmund,Borussia Dortmund,GER,https://fdp.fifa.org/assetspublic/ce233/pdf/SquadLists-English.pdf,6,2025-07-04,FIFA Club World Cup 2025,male,borussiadortmund:13,13,MF,GROSS Pascal,1991-06-15,33,2025-06-14,Germany,181,5,214,88.066,47,0,2,23,11,47470.5,29.6,165
borussiadortmund,Borussia Dortmund,GER,https://fdp.fifa.org/assetspublic/ce233/pdf/SquadLists-English.pdf,6,2025-07-04,FIFA Club World Cup 2025,male,borussiadortmund:14,14,FW,BEIER Maximilian,2002-10-17,22,2025-06-14,Germany,185,3,15,75.0,3,1,2,7,3,11466.0,33.0,54
borussiadortmund,Borussia Dortmund,GER,https://fdp.fifa.org/assetspublic/ce233/pdf/SquadLists-English.pdf,6,2025-07-04,FIFA Club World Cup 2025,male,borussiadortmund:16,16,FW,DURANVILLE Julien,2006-05-05,19,2025-06-14,Belgium,170,2,9,90.0,5,0,2,2,0,5550.8,35.2,27
borussiadortmund,Borussia Dortmund,GER,https://fdp.fifa.org/assetspublic/ce233/pdf/SquadLists-English.pdf,6,2025-07-04,FIFA Club World Cup 2025,male,borussiadortmund:17,17,MF,CHUKWUEMEKA Carney,2003-10-20,21,2025-06-14,England,187,4,23,82.143,7,0,3,5,2,9610.5,32.0,53
borussiadortmund,Borussia Dortmund,GER,https://fdp.fifa.org/assetspublic/ce233/pdf/SquadLists-English.pdf,6,2025-07-04,FIFA Club World Cup 2025,male,borussiadortmund:20,20,MF,SABITZER Marcel,1994-03-17,31,2025-06-14,Austria,178,4,126,82.895,26,0,2,9,11,29498.6,30.7,109
borussiadortmund,Borussia Dortmund,GER,https://fdp.fifa.org/assetspublic/ce233/pdf/SquadLists-English.pdf,6,2025-07-04,FIFA Club World Cup 2025,male,borussiadortmund:24,24,DF,SVENSSON Daniel,2002-02-12,23,2025-06-14,Sweden,183,5,195,89.041,39,1,3,24,8,60364.2,32.2,370
borussiadortmund,Borussia Dortmund,GER,https://fdp.fifa.org/assetspublic/ce233/pdf/SquadLists-English.pdf,6,2025-07-04,FIFA Club World Cup 2025,male,borussiadortmund:25,25,DF,SUELE Niklas,1995-09-03,29,2025-06-14,Germany,195,4,185,90.686,62,0,2,16,13,33261.2,32.0,100
borussiadortmund,Borussia Dortmund,GER,https://fdp.fifa.org/assetspublic/ce233/pdf/SquadLists-English.pdf,6,2025-07-04,FIFA Club World Cup 2025,male,borussiadortmund:26,26,DF,RYERSON Julian,1997-11-17,27,2025-06-14,Norway,186,5,174,92.553,44,0,2,14,16,43936.0,32.5,200
borussiadortmund,Borussia Dortmund,GER,https://fdp.fifa.org/assetspublic/ce233/pdf/SquadLists-English.pdf,6,2025-07-04,FIFA Club World Cup 2025,male,borussiadortmund:27,27,FW,ADEYEMI Karim,2002-01-18,23,2025-06-14,Germany,180,5,54,84.375,8,0,1,10,1,26208.9,34.7,135
borussiadortmund,Borussia Dortmund,GER,https://fdp.fifa.org/assetspublic/ce233/pdf/SquadLists-English.pdf,6,2025-07-04,FIFA Club World Cup 2025,male,borussiadortmund:43,43,FW,BYNOE-GITTENS Jamie,2004-08-08,20,2025-06-14,England,175,1,2,40.0,0,0,0,2,0,2426.5,29.5,16
borussiadortmund,Borussia Dortmund,GER,https://fdp.fifa.org/assetspublic/ce233/pdf/SquadLists-English.pdf,6,2025-07-04,FIFA Club World Cup 2025,male,borussiadortmund:77,77,MF,BELLINGHAM Jobe,2005-09-23,19,2025-06-14,England,191,4,80,88.889,24,1,6,9,7,26484.3,33.4,133
botafogo,Botafogo,BRA,https://fdp.fifa.org/assetspublic/ce233/pdf/SquadLists-English.pdf,7,2025-07-04,FIFA Club World Cup 2025,male,botafogo:2,2,DF,VITINHO,1999-07-23,25,2025-06-14,Brazil,174,4,109,87.903,30,0,2,31,16,44535.4,34.4,207
botafogo,Botafogo,BRA,https://fdp.fifa.org/assetspublic/ce233/pdf/SquadLists-English.pdf,7,2025-07-04,FIFA Club World Cup 2025,male,botafogo:4,4,DF,PONTE Mateo,2003-05-24,22,2025-06-14,Uruguay,183,1,6,60.0,2,0,0,3,1,2499.6,32.5,13
botafogo,Botafogo,BRA,https://fdp.fifa.org/assetspublic/ce233/pdf/SquadLists-English.pdf,7,2025-07-04,FIFA Club World Cup 2025,male,botafogo:5,5,MF,DANILO,1996-02-28,29,2025-06-14,Brazil,183,2,35,83.333,8,0,0,4,4,10339.0,30.0,40
botafogo,Botafogo,BRA,https://fdp.fifa.org/assetspublic/ce233/pdf/SquadLists-English.pdf,7,2025-07-04,FIFA Club World Cup 2025,male,botafogo:7,7,FW,ARTUR,1998-02-15,27,2025-06-14,Brazil,165,4,79,78.218,16,0,7,17,11,40794.8,33.3,207
botafogo,Botafogo,BRA,https://fdp.fifa.org/assetspublic/ce233/pdf/SquadLists-English.pdf,7,2025-07-04,FIFA Club World Cup 2025,male,botafogo:8,8,MF,MONTORO Alvaro,2007-04-17,18,2025-06-14,Argentina,170,3,34,82.927,10,0,1,7,3,11721.4,32.1,35
botafogo,Botafogo,BRA,https://fdp.fifa.org/assetspublic/ce233/pdf/SquadLists-English.pdf,7,2025-07-04,FIFA Club World Cup 2025,male,botafogo:10,10,MF,SAVARINO Jefferson,1996-11-11,28,2025-06-14,Venezuela,171,4,85,82.524,25,0,5,8,4,34429.3,33.7,169
botafogo,Botafogo,BRA,https://fdp.fifa.org/assetspublic/ce233/pdf/SquadLists-English.pdf,7,2025-07-04,FIFA Club World Cup 2025,male,botafogo:12,12,GK,JOHN,1996-02-13,29,2025-06-14,Brazil,196,4,90,69.231,38,0,0,0,36,23542.4,26.2,6
botafogo,Botafogo,BRA,https://fdp.fifa.org/assetspublic/ce233/pdf/SquadLists-English.pdf,7,2025-07-04,FIFA Club World Cup 2025,male,botafogo:13,13,DF,ALEX TELLES,1992-12-15,32,2025-06-14,Brazil,181,4,71,88.75,16,0,3,12,7,29977.9,31.6,115
botafogo,Botafogo,BRA,https://fdp.fifa.org/assetspublic/ce233/pdf/SquadLists-English.pdf,7,2025-07-04,FIFA Club World Cup 2025,male,botafogo:17,17,MF,MARLON FREITAS,1995-03-27,30,2025-06-14,Brazil,185,4,184,87.619,39,0,1,32,12,47266.9,33.7,127
botafogo,Botafogo,BRA,https://fdp.fifa.org/assetspublic/ce233/pdf/SquadLists-English.pdf,7,2025-07-04,FIFA Club World Cup 2025,male,botafogo:20,20,DF,BARBOZA Alexander,1995-03-16,30,2025-06-14,Argentina,193,4,150,76.531,43,0,1,16,38,43757.6,29.5,111
botafogo,Botafogo,BRA,https://fdp.fifa.org/assetspublic/ce233/pdf/SquadLists-English.pdf,7,2025-07-04,FIFA Club World Cup 2025,male,botafogo:21,21,DF,MARCAL,1989-02-19,36,2025-06-14,Brazil,174,1,0,0.0,0,0,0,0,0,0.0,0.0,0
botafogo,Botafogo,BRA,https://fdp.fifa.org/assetspublic/ce233/pdf/SquadLists-English.pdf,7,2025-07-04,FIFA Club World Cup 2025,male,botafogo:23,23,MF,RODRIGUEZ Santiago,2000-01-08,25,2025-06-14,Uruguay,172,3,17,89.474,4,0,0,9,3,7684.7,28.8,58
botafogo,Botafogo,BRA,https://fdp.fifa.org/assetspublic/ce233/pdf/SquadLists-English.pdf,7,2025-07-04,FIFA Club World Cup 2025,male,botafogo:25,25,MF,ALLAN,1991-01-08,34,2025-06-14,Brazil,175,3,67,89.333,12,0,0,14,5,25336.3,30.2,113
botafogo,Botafogo,BRA,https://fdp.fifa.org/assetspublic/ce233/pdf/SquadLists-English.pdf,7,2025-07-04,FIFA Club World Cup 2025,male,botafogo:26,26,MF,GREGORE,1994-03-02,31,2025-06-14,Brazil,181,3,108,86.4,34,0,2,28,11,34205.5,31.1,146
botafogo,Botafogo,BRA,https://fdp.fifa.org/assetspublic/ce233/pdf/SquadLists-English.pdf,7,2025-07-04,FIFA Club World Cup 2025,male,botafogo:28,28,MF,NEWTON,2000-03-12,25,2025-06-14,Brazil,188,3,32,91.429,6,0,2,9,4,11532.0,32.0,61
botafogo,Botafogo,BRA,https://fdp.fifa.org/assetspublic/ce233/pdf/SquadLists-English.pdf,7,2025-07-04,FIFA Club World Cup 2025,male,botafogo:30,30,FW,CORREA Joaquin,1994-08-13,30,2025-06-14,Argentina,189,2,52,82.54,11,0,1,8,5,12897.9,30.7,61
botafogo,Botafogo,BRA,https://fdp.fifa.org/assetspublic/ce233/pdf/SquadLists-English.pdf,7,2025-07-04,FIFA Club World Cup 2025,male,botafogo:31,31,DF,KAIO,1995-09-08,29,2025-06-14,Brazil,186,1,24,96.0,4,0,1,2,4,5027.5,30.5,17
botafogo,Botafogo,BRA,https://fdp.fifa.org/assetspublic/ce233/pdf/SquadLists-English.pdf,7,2025-07-04,FIFA Club World Cup 2025,male,botafogo:32,32,DF,JAIR CUNHA,2005-03-07,20,2025-06-14,Brazil,198,4,137,87.821,34,1,1,6,22,37936.4,31.0,87
botafogo,Botafogo,BRA,https://fdp.fifa.org/assetspublic/ce233/pdf/SquadLists-English.pdf,7,2025-07-04,FIFA Club World Cup 2025,male,botafogo:39,39,FW,MASTRIANI Gonzalo,1993-04-28,32,2025-06-14,Uruguay,187,1,6,100.0,0,0,0,3,0,5307.1,28.6,18
botafogo,Botafogo,BRA,https://fdp.fifa.org/assetspublic/ce233/pdf/SquadLists-English.pdf,7,2025-07-04,FIFA Club World Cup 2025,male,botafogo:66,66,DF,CUIABANO,2003-02-16,22,2025-06-14,Brazil,181,4,28,84.848,12,0,1,6,6,16244.5,30.7,82
botafogo,Botafogo,BRA,https://fdp.fifa.org/assetspublic/ce233/pdf/SquadLists-English.pdf,7,2025-07-04,FIFA Club World Cup 2025,male,botafogo:98,98,FW,ARTHUR CABRAL,1998-04-25,27,2025-06-14,Brazil,186,2,6,100.0,0,0,0,6,2,5720.4,33.1,22
botafogo,Botafogo,BRA,https://fdp.fifa.org/assetspublic/ce233/pdf/SquadLists-English.pdf,7,2025-07-04,FIFA Club World Cup 2025,male,botafogo:99,99,FW,IGOR JESUS,2001-02-25,24,2025-06-14,Brazil,179,4,67,72.826,8,2,11,9,10,44263.5,33.3,216
cabocajuniors,CA Boca Juniors,ARG,https://fdp.fifa.org/assetspublic/ce233/pdf/SquadLists-English.pdf,8,2025-07-04,FIFA Club World Cup 2025,male,cabocajuniors:3,3,DF,SARACCHI Marcelo,1998-04-23,27,2025-06-14,Uruguay,172,1,1,100.0,1,0,0,2,1,1832.6,32.6,14
cabocajuniors,CA Boca Juniors,ARG,https://fdp.fifa.org/assetspublic/ce233/pdf/SquadLists-English.pdf,8,2025-07-04,FIFA Club World Cup 2025,male,cabocajuniors:4,4,DF,FIGAL Nicolas,1994-04-03,31,2025-06-14,Argentina,184,1,23,88.462,6,0,0,3,4,9028.9,30.1,18
cabocajuniors,CA Boca Juniors,ARG,https://fdp.fifa.org/assetspublic/ce233/pdf/SquadLists-English.pdf,8,2025-07-04,FIFA Club World Cup 2025,male,cabocajuniors:5,5,MF,BATTAGLIA Rodrigo,1991-07-12,33,2025-06-14,Argentina,187,3,147,94.231,24,1,5,13,15,29657.4,44.3,62
cabocajuniors,CA Boca Juniors,ARG,https://fdp.fifa.org/assetspublic/ce233/pdf/SquadLists-English.pdf,8,2025-07-04,FIFA Club World Cup 2025,male,cabocajuniors:6,6,DF,ROJO Marcos,1990-03-20,35,2025-06-14,Argentina,187,1,0,0.0,0,0,0,0,0,0.0,0.0,0
cabocajuniors,CA Boca Juniors,ARG,https://fdp.fifa.org/assetspublic/ce233/pdf/SquadLists-English.pdf,8,2025-07-04,FIFA Club World Cup 2025,male,cabocajuniors:7,7,FW,ZEBALLOS Exequiel,2002-04-24,23,2025-06-14,Argentina,175,3,23,92.0,4,0,0,5,3,7992.4,32.3,50
cabocajuniors,CA Boca Juniors,ARG,https://fdp.fifa.org/assetspublic/ce233/pdf/SquadLists-English.pdf,8,2025-07-04,FIFA Club World Cup 2025,male,cabocajuniors:8,8,MF,PALACIOS Carlos,2000-07-20,24,2025-06-14,Chile,184,3,132,91.667,39,0,8,9,8,26405.2,44.5,78
cabocajuniors,CA Boca Juniors,ARG,https://fdp.fifa.org/assetspublic/ce233/pdf/SquadLists-English.pdf,8,2025-07-04,FIFA Club World Cup 2025,male,cabocajuniors:9,9,FW,GIMENEZ Milton,1996-08-12,28,2025-06-14,Argentina,185,3,5,55.556,0,0,3,4,0,10838.4,29.8,38
cabocajuniors,CA Boca Juniors,ARG,https://fdp.fifa.org/assetspublic/ce233/pdf/SquadLists-English.pdf,8,2025-07-04,FIFA Club World Cup 2025,male,cabocajuniors:10,10,FW,CAVANI Edinson,1987-02-14,38,2025-06-14,Uruguay,185,1,8,100.0,2,0,4,0,0,5552.1,27.5,16
cabocajuniors,CA Boca Juniors,ARG,https://fdp.fifa.org/assetspublic/ce233/pdf/SquadLists-English.pdf,8,2025-07-04,FIFA Club World Cup 2025,male,cabocajuniors:15,15,MF,ALARCON Williams,2000-11-29,24,2025-06-14,Chile,182,2,5,83.333,1,0,1,0,0,6592.8,26.6,23
cabocajuniors,CA Boca Juniors,ARG,https://fdp.fifa.org/assetspublic/ce233/pdf/SquadLists-English.pdf,8,2025-07-04,FIFA Club World Cup 2025,male,cabocajuniors:16,16,FW,MERENTIEL Miguel,1996-02-24,29,2025-06-14,Uruguay,179,3,44,75.862,5,2,8,5,1,24771.7,44.4,97
cabocajuniors,CA Boca Juniors,ARG,https://fdp.fifa.org/assetspublic/ce233/pdf/SquadLists-English.pdf,8,2025-07-04,FIFA Club World Cup 2025,male,cabocajuniors:17,17,DF,ADVINCULA Luis,1990-03-02,35,2025-06-14,Peru,178,3,107,83.594,18,0,7,20,8,26499.0,44.9,94
cabocajuniors,CA Boca Juniors,ARG,https://fdp.fifa.org/assetspublic/ce233/pdf/SquadLists-English.pdf,8,2025-07-04,FIFA Club World Cup 2025,male,cabocajuniors:20,20,MF,VELASCO Alan,2002-07-27,22,2025-06-14,Argentina,168,3,48,73.846,8,0,4,18,8,24032.2,31.3,87
cabocajuniors,CA Boca Juniors,ARG,https://fdp.fifa.org/assetspublic/ce233/pdf/SquadLists-English.pdf,8,2025-07-04,FIFA Club World Cup 2025,male,cabocajuniors:21,21,MF,HERRERA Ander,1989-08-14,35,2025-06-14,Spain,183,1,6,85.714,1,0,0,1,1,2535.2,24.4,8
cabocajuniors,CA Boca Juniors,ARG,https://fdp.fifa.org/assetspublic/ce233/pdf/SquadLists-English.pdf,8,2025-07-04,FIFA Club World Cup 2025,male,cabocajuniors:22,22,MF,ZENON Kevin,2001-07-30,23,2025-06-14,Argentina,179,3,61,73.494,17,0,9,15,3,25731.3,44.4,136
cabocajuniors,CA Boca Juniors,ARG,https://fdp.fifa.org/assetspublic/ce233/pdf/SquadLists-English.pdf,8,2025-07-04,FIFA Club World Cup 2025,male,cabocajuniors:23,23,DF,BLANCO Lautaro,1999-02-19,26,2025-06-14,Argentina,176,3,103,76.296,37,0,0,19,9,30856.7,44.1,107
cabocajuniors,CA Boca Juniors,ARG,https://fdp.fifa.org/assetspublic/ce233/pdf/SquadLists-English.pdf,8,2025-07-04,FIFA Club World Cup 2025,male,cabocajuniors:25,25,GK,MARCHESIN Agustin,1988-03-16,37,2025-06-14,Argentina,188,3,44,57.895,13,0,0,0,16,11990.9,40.8,4
cabocajuniors,CA Boca Juniors,ARG,https://fdp.fifa.org/assetspublic/ce233/pdf/SquadLists-English.pdf,8,2025-07-04,FIFA Club World Cup 2025,male,cabocajuniors:26,26,DF,PELLEGRINO Marco,2002-07-18,22,2025-06-14,Argentina,191,1,45,91.837,0,0,0,5,10,9620.1,44.5,15
cabocajuniors,CA Boca Juniors,ARG,https://fdp.fifa.org/assetspublic/ce233/pdf/SquadLists-English.pdf,8,2025-07-04,FIFA Club World Cup 2025,male,cabocajuniors:27,27,MF,BRAIDA Malcom,1997-05-17,28,2025-06-14,Argentina,182,2,13,65.0,0,0,1,6,3,8674.1,28.7,50
cabocajuniors,CA Boca Juniors,ARG,https://fdp.fifa.org/assetspublic/ce233/pdf/SquadLists-English.pdf,8,2025-07-04,FIFA Club World Cup 2025,male,cabocajuniors:30,30,MF,BELMONTE Tomas,1998-05-27,27,2025-06-14,Argentina,181,2,33,82.5,6,0,1,12,7,17896.7,25.9,43
cabocajuniors,CA Boca Juniors,ARG,https://fdp.fifa.org/assetspublic/ce233/pdf/SquadLists-English.pdf,8,2025-07-04,FIFA Club World Cup 2025,male,cabocajuniors:32,32,DF,COSTA Ayrton,1999-07-12,25,2025-06-14,Argentina,180,2,39,79.592,6,0,1,12,10,18153.3,33.2,52
cabocajuniors,CA Boca Juniors,ARG,https://fdp.fifa.org/assetspublic/ce233/pdf/SquadLists-English.pdf,8,2025-07-04,FIFA Club World Cup 2025,male,cabocajuniors:40,40,DF,DI LOLLO Lautaro,2004-03-10,21,2025-06-14,Argentina,188,2,80,87.912,14,0,3,10,8,19259.0,44.2,35
cariverplate,CA River Plate,ARG,https://fdp.fifa.org/assetspublic/ce233/pdf/SquadLists-English.pdf,9,2025-07-04,FIFA Club World Cup 2025,male,cariverplate:1,1,GK,ARMANI Franco,1986-10-16,38,2025-06-14,Argentina,189,3,49,70.0,23,0,0,0,17,15816.7,20.3,0
cariverplate,CA River Plate,ARG,https://fdp.fifa.org/assetspublic/ce233/pdf/SquadLists-English.pdf,9,2025-07-04,FIFA Club World Cup 2025,male,cariverplate:4,4,DF,MONTIEL Gonzalo,1997-01-01,28,2025-06-14,Argentina,175,3,109,86.508,25,0,1,8,14,32022.9,33.6,217
cariverplate,CA River Plate,ARG,https://fdp.fifa.org/assetspublic/ce233/pdf/SquadLists-English.pdf,9,2025-07-04,FIFA Club World Cup 2025,male,cariverplate:5,5,MF,KRANEVITTER Matias,1993-05-21,32,2025-06-14,Argentina,180,2,11,55.0,3,0,0,6,3,8222.1,29.9,48
cariverplate,CA River Plate,ARG,https://fdp.fifa.org/assetspublic/ce233/pdf/SquadLists-English.pdf,9,2025-07-04,FIFA Club World Cup 2025,male,cariverplate:6,6,DF,PEZZELLA German,1991-06-27,33,2025-06-14,Argentina,190,2,62,91.176,12,0,0,5,5,13058.7,29.2,47
cariverplate,CA River Plate,ARG,https://fdp.fifa.org/assetspublic/ce233/pdf/SquadLists-English.pdf,9,2025-07-04,FIFA Club World Cup 2025,male,cariverplate:8,8,MF,MEZA Maximiliano,1992-12-15,32,2025-06-14,Argentina,177,3,36,78.261,7,1,4,9,3,19951.1,30.7,117
cariverplate,CA River Plate,ARG,https://fdp.fifa.org/assetspublic/ce233/pdf/SquadLists-English.pdf,9,2025-07-04,FIFA Club World Cup 2025,male,cariverplate:9,9,FW,BORJA Miguel,1993-01-26,32,2025-06-14,Colombia,184,3,23,79.31,2,0,4,6,4,15955.0,32.8,91
cariverplate,CA River Plate,ARG,https://fdp.fifa.org/assetspublic/ce233/pdf/SquadLists-English.pdf,9,2025-07-04,FIFA Club World Cup 2025,male,cariverplate:10,10,MF,LANZINI Manuel,1993-02-15,32,2025-06-14,Argentina,167,1,9,100.0,2,0,0,3,0,3806.2,29.4,24
cariverplate,CA River Plate,ARG,https://fdp.fifa.org/assetspublic/ce233/pdf/SquadLists-English.pdf,9,2025-07-04,FIFA Club World Cup 2025,male,cariverplate:11,11,FW,COLIDIO Facundo,2000-01-04,25,2025-06-14,Argentina,180,3,47,66.197,11,1,4,15,6,24886.8,33.5,149
cariverplate,CA River Plate,ARG,https://fdp.fifa.org/assetspublic/ce233/pdf/SquadLists-English.pdf,9,2025-07-04,FIFA Club World Cup 2025,male,cariverplate:15,15,FW,DRIUSSI Sebastian,1996-02-09,29,2025-06-14,Argentina,180,1,7,87.5,2,1,3,8,2,6413.7,30.7,52
cariverplate,CA River Plate,ARG,https://fdp.fifa.org/assetspublic/ce233/pdf/SquadLists-English.pdf,9,2025-07-04,FIFA Club World Cup 2025,male,cariverplate:17,17,DF,DIAZ Paulo,1994-08-25,30,2025-06-14,Chile,178,2,46,88.462,14,0,3,5,15,18830.1,29.7,71
cariverplate,CA River Plate,ARG,https://fdp.fifa.org/assetspublic/ce233/pdf/SquadLists-English.pdf,9,2025-07-04,FIFA Club World Cup 2025,male,cariverplate:18,18,MF,MARTINEZ Gonzalo,1993-06-13,32,2025-06-14,Argentina,172,2,12,70.588,3,0,1,3,1,3548.1,30.0,22
cariverplate,CA River Plate,ARG,https://fdp.fifa.org/assetspublic/ce233/pdf/SquadLists-English.pdf,9,2025-07-04,FIFA Club World Cup 2025,male,cariverplate:20,20,DF,CASCO Milton,1988-04-11,37,2025-06-14,Argentina,170,1,3,75.0,0,0,0,1,0,912.3,24.1,3
cariverplate,CA River Plate,ARG,https://fdp.fifa.org/assetspublic/ce233/pdf/SquadLists-English.pdf,9,2025-07-04,FIFA Club World Cup 2025,male,cariverplate:21,21,DF,ACUNA Marcos,1991-10-28,33,2025-06-14,Argentina,170,3,129,81.646,48,0,0,18,19,28007.6,32.6,134
cariverplate,CA River Plate,ARG,https://fdp.fifa.org/assetspublic/ce233/pdf/SquadLists-English.pdf,9,2025-07-04,FIFA Club World Cup 2025,male,cariverplate:22,22,MF,CASTANO Kevin,2000-09-29,24,2025-06-14,Colombia,179,2,116,96.667,27,0,1,14,12,21120.2,30.8,82
cariverplate,CA River Plate,ARG,https://fdp.fifa.org/assetspublic/ce233/pdf/SquadLists-English.pdf,9,2025-07-04,FIFA Club World Cup 2025,male,cariverplate:24,24,MF,PEREZ Enzo,1986-02-22,39,2025-06-14,Argentina,177,2,54,91.525,5,0,1,9,7,15112.8,30.4,57
cariverplate,CA River Plate,ARG,https://fdp.fifa.org/assetspublic/ce233/pdf/SquadLists-English.pdf,9,2025-07-04,FIFA Club World Cup 2025,male,cariverplate:26,26,MF,FERNANDEZ Ignacio,1990-01-12,35,2025-06-14,Argentina,182,3,46,88.462,16,0,2,3,0,13287.7,30.7,93
cariverplate,CA River Plate,ARG,https://fdp.fifa.org/assetspublic/ce233/pdf/SquadLists-English.pdf,9,2025-07-04,FIFA Club World Cup 2025,male,cariverplate:28,28,DF,MARTINEZ QUARTA Lucas,1996-05-10,29,2025-06-14,Argentina,183,3,124,90.511,41,0,2,14,8,28154.1,31.2,111
cariverplate,CA River Plate,ARG,https://fdp.fifa.org/assetspublic/ce233/pdf/SquadLists-English.pdf,9,2025-07-04,FIFA Club World Cup 2025,male,cariverplate:29,29,MF,ALIENDRO Rodrigo,1991-02-16,34,2025-06-14,Argentina,172,1,16,64.0,4,0,1,5,4,7497.7,30.1,56
cariverplate,CA River Plate,ARG,https://fdp.fifa.org/assetspublic/ce233/pdf/SquadLists-English.pdf,9,2025-07-04,FIFA Club World Cup 2025,male,cariverplate:30,30,FW,MASTANTUONO Franco,2007-08-14,17,2025-06-14,Argentina,180,3,65,80.247,17,0,11,17,4,27441.1,32.9,168
cariverplate,CA River Plate,ARG,https://fdp.fifa.org/assetspublic/ce233/pdf/SquadLists-English.pdf,9,2025-07-04,FIFA Club World Cup 2025,male,cariverplate:34,34,MF,GALOPPO Giuliano,1999-06-18,25,2025-06-14,Argentina,181,2,21,87.5,4,0,4,8,4,13944.4,29.8,74
cariverplate,CA River Plate,ARG,https://fdp.fifa.org/assetspublic/ce233/pdf/SquadLists-English.pdf,9,2025-07-04,FIFA Club World Cup 2025,male,cariverplate:35,35,MF,COSTANTINI Giorgio,2006-04-16,19,2025-06-14,Argentina,185,1,12,92.308,0,0,0,5,1,3794.5,29.2,20
cfmonterrey,CF Monterrey,MEX,https://fdp.fifa.org/assetspublic/ce233/pdf/SquadLists-English.pdf,10,2025-07-04,FIFA Club World Cup 2025,male,cfmonterrey:1,1,GK,ANDRADA Esteban,1991-01-26,34,2025-06-14,Argentina,193,4,150,84.746,26,0,0,0,24,21700.7,27.7,10
cfmonterrey,CF Monterrey,MEX,https://fdp.fifa.org/assetspublic/ce233/pdf/SquadLists-English.pdf,10,2025-07-04,FIFA Club World Cup 2025,male,cfmonterrey:2,2,DF,CHAVEZ Ricardo,1994-11-19,30,2025-06-14,Mexico,175,2,67,87.013,15,0,1,13,5,18091.2,31.2,97
cfmonterrey,CF Monterrey,MEX,https://fdp.fifa.org/assetspublic/ce233/pdf/SquadLists-English.pdf,10,2025-07-04,FIFA Club World Cup 2025,male,cfmonterrey:3,3,DF,ARTEAGA Gerardo,1998-09-07,26,2025-06-14,Mexico,173,4,112,84.848,29,0,2,14,10,33932.8,33.8,203
cfmonterrey,CF Monterrey,MEX,https://fdp.fifa.org/assetspublic/ce233/pdf/SquadLists-English.pdf,10,2025-07-04,FIFA Club World Cup 2025,male,cfmonterrey:4,4,DF,GUZMAN Victor,2002-03-07,23,2025-06-14,Mexico,182,3,34,87.179,10,0,0,1,11,11779.9,32.5,37
cfmonterrey,CF Monterrey,MEX,https://fdp.fifa.org/assetspublic/ce233/pdf/SquadLists-English.pdf,10,2025-07-04,FIFA Club World Cup 2025,male,cfmonterrey:5,5,MF,AMBRIZ Fidel,2003-03-21,22,2025-06-14,Mexico,175,4,85,89.474,12,0,0,15,9,17750.6,30.4,87
cfmonterrey,CF Monterrey,MEX,https://fdp.fifa.org/assetspublic/ce233/pdf/SquadLists-English.pdf,10,2025-07-04,FIFA Club World Cup 2025,male,cfmonterrey:6,6,MF,DEOSSA Nelson,2000-02-06,25,2025-06-14,Colombia,178,4,117,86.667,26,1,10,21,18,36728.0,34.2,191
cfmonterrey,CF Monterrey,MEX,https://fdp.fifa.org/assetspublic/ce233/pdf/SquadLists-English.pdf,10,2025-07-04,FIFA Club World Cup 2025,male,cfmonterrey:7,7,FW,BERTERAME German,1998-11-13,26,2025-06-14,Mexico,176,4,40,74.074,3,3,6,6,10,35836.3,32.3,185
cfmonterrey,CF Monterrey,MEX,https://fdp.fifa.org/assetspublic/ce233/pdf/SquadLists-English.pdf,10,2025-07-04,FIFA Club World Cup 2025,male,cfmonterrey:8,8,MF,TORRES Oliver,1994-11-10,30,2025-06-14,Spain,175,3,124,85.517,27,0,3,9,4,29846.8,30.7,98
cfmonterrey,CF Monterrey,MEX,https://fdp.fifa.org/assetspublic/ce233/pdf/SquadLists-English.pdf,10,2025-07-04,FIFA Club World Cup 2025,male,cfmonterrey:10,10,MF,CANALES Sergio,1991-02-16,34,2025-06-14,Spain,178,3,124,86.111,25,0,4,8,1,32121.1,30.9,78
cfmonterrey,CF Monterrey,MEX,https://fdp.fifa.org/assetspublic/ce233/pdf/SquadLists-English.pdf,10,2025-07-04,FIFA Club World Cup 2025,male,cfmonterrey:11,11,FW,ALVARADO Alfonso,2000-03-15,25,2025-06-14,Mexico,175,3,3,42.857,1,0,2,5,0,9452.8,33.0,53
cfmonterrey,CF Monterrey,MEX,https://fdp.fifa.org/assetspublic/ce233/pdf/SquadLists-English.pdf,10,2025-07-04,FIFA Club World Cup 2025,male,cfmonterrey:14,14,DF,AGUIRRE Erick,1997-02-23,28,2025-06-14,Mexico,171,3,99,83.193,29,0,1,9,9,25295.0,32.1,116
cfmonterrey,CF Monterrey,MEX,https://fdp.fifa.org/assetspublic/ce233/pdf/SquadLists-English.pdf,10,2025-07-04,FIFA Club World Cup 2025,male,cfmonterrey:16,16,FW,ROJAS Johan,2002-09-20,22,2025-06-14,Colombia,180,2,10,83.333,1,0,1,0,3,4326.8,31.4,22
cfmonterrey,CF Monterrey,MEX,https://fdp.fifa.org/assetspublic/ce233/pdf/SquadLists-English.pdf,10,2025-07-04,FIFA Club World Cup 2025,male,cfmonterrey:17,17,MF,CORONA Jesus,1993-01-06,32,2025-06-14,Mexico,175,3,56,83.582,4,1,5,9,6,23316.4,32.8,125
cfmonterrey,CF Monterrey,MEX,https://fdp.fifa.org/assetspublic/ce233/pdf/SquadLists-English.pdf,10,2025-07-04,FIFA Club World Cup 2025,male,cfmonterrey:19,19,MF,CORTIZO Jordi,1996-06-30,28,2025-06-14,Mexico,182,2,9,90.0,2,0,0,0,0,2663.3,28.4,21
cfmonterrey,CF Monterrey,MEX,https://fdp.fifa.org/assetspublic/ce233/pdf/SquadLists-English.pdf,10,2025-07-04,FIFA Club World Cup 2025,male,cfmonterrey:21,21,DF,REYES Luis,1991-04-03,34,2025-06-14,Mexico,184,1,32,82.051,7,0,0,0,1,7553.9,31.4,32
cfmonterrey,CF Monterrey,MEX,https://fdp.fifa.org/assetspublic/ce233/pdf/SquadLists-English.pdf,10,2025-07-04,FIFA Club World Cup 2025,male,cfmonterrey:29,29,MF,OCAMPOS Lucas,1994-07-11,30,2025-06-14,Argentina,182,3,25,67.568,2,0,3,9,4,16983.2,31.3,91
cfmonterrey,CF Monterrey,MEX,https://fdp.fifa.org/assetspublic/ce233/pdf/SquadLists-English.pdf,10,2025-07-04,FIFA Club World Cup 2025,male,cfmonterrey:30,30,MF,RODRIGUEZ Jorge,1995-09-15,29,2025-06-14,Argentina,176,3,141,87.037,33,0,0,30,17,29955.9,32.2,92
cfmonterrey,CF Monterrey,MEX,https://fdp.fifa.org/assetspublic/ce233/pdf/SquadLists-English.pdf,10,2025-07-04,FIFA Club World Cup 2025,male,cfmonterrey:31,31,FW,DE LA ROSA Roberto,2000-01-04,25,2025-06-14,Mexico,172,3,7,63.636,0,0,1,0,1,7759.9,33.6,48
cfmonterrey,CF Monterrey,MEX,https://fdp.fifa.org/assetspublic/ce233/pdf/SquadLists-English.pdf,10,2025-07-04,FIFA Club World Cup 2025,male,cfmonterrey:33,33,DF,MEDINA Stefan,1992-06-14,33,2025-06-14,Colombia,180,4,235,90.385,74,0,1,9,18,37396.7,31.3,130
cfmonterrey,CF Monterrey,MEX,https://fdp.fifa.org/assetspublic/ce233/pdf/SquadLists-English.pdf,10,2025-07-04,FIFA Club World Cup 2025,male,cfmonterrey:37,37,MF,FIMBRES Iker,2005-06-02,20,2025-06-14,Mexico,172,1,26,100.0,3,0,1,2,1,3954.8,28.4,19
cfmonterrey,CF Monterrey,MEX,https://fdp.fifa.org/assetspublic/ce233/pdf/SquadLists-English.pdf,10,2025-07-04,FIFA Club World Cup 2025,male,cfmonterrey:93,93,DF,RAMOS Sergio,1986-03-30,39,2025-06-14,Spain,183,4,275,91.667,64,1,2,9,28,39528.2,31.7,121
cfpachuca,CF Pachuca,MEX,https://fdp.fifa.org/assetspublic/ce233/pdf/SquadLists-English.pdf,11,2025-07-04,FIFA Club World Cup 2025,male,cfpachuca:2,2,DF,BARRETO Sergio,1999-04-20,26,2025-06-14,Argentina,180,1,23,92.0,1,0,0,1,3,6327.5,31.1,25
cfpachuca,CF Pachuca,MEX,https://fdp.fifa.org/assetspublic/ce233/pdf/SquadLists-English.pdf,11,2025-07-04,FIFA Club World Cup 2025,male,cfpachuca:3,3,DF,ACEVES Alonso,2001-03-28,24,2025-06-14,Mexico,180,1,54,94.737,11,0,0,4,3,10722.8,32.8,68
cfpachuca,CF Pachuca,MEX,https://fdp.fifa.org/assetspublic/ce233/pdf/SquadLists-English.pdf,11,2025-07-04,FIFA Club World Cup 2025,male,cfpachuca:4,4,DF,EDUARDO BAUERMANN,1996-02-13,29,2025-06-14,Brazil,189,3,141,90.968,23,0,4,13,26,29314.6,44.9,104
cfpachuca,CF Pachuca,MEX,https://fdp.fifa.org/assetspublic/ce233/pdf/SquadLists-English.pdf,11,2025-07-04,FIFA Club World Cup 2025,male,cfpachuca:5,5,MF,PEDRAZA Pedro,2000-04-30,25,2025-06-14,Mexico,180,2,35,97.222,4,0,0,4,3,9129.1,28.5,32
cfpachuca,CF Pachuca,MEX,https://fdp.fifa.org/assetspublic/ce233/pdf/SquadLists-English.pdf,11,2025-07-04,FIFA Club World Cup 2025,male,cfpachuca:6,6,MF,HOMENCHENKO Santiago,2003-08-30,21,2025-06-14,Uruguay,184,1,15,100.0,0,0,0,0,0,2266.5,29.4,7
cfpachuca,CF Pachuca,MEX,https://fdp.fifa.org/assetspublic/ce233/pdf/SquadLists-English.pdf,11,2025-07-04,FIFA Club World Cup 2025,male,cfpachuca:8,8,DF,GONZALEZ Bryan,2003-04-10,22,2025-06-14,Mexico,177,3,99,90.826,16,1,4,6,7,26234.3,43.2,121
cfpachuca,CF Pachuca,MEX,https://fdp.fifa.org/assetspublic/ce233/pdf/SquadLists-English.pdf,11,2025-07-04,FIFA Club World Cup 2025,male,cfpachuca:9,9,FW,HERNANDEZ Illian,2000-04-12,25,2025-06-14,Mexico,180,1,3,100.0,1,0,2,3,0,2343.7,25.3,11
cfpachuca,CF Pachuca,MEX,https://fdp.fifa.org/assetspublic/ce233/pdf/SquadLists-English.pdf,11,2025-07-04,FIFA Club World Cup 2025,male,cfpachuca:10,10,FW,JOHN KENNEDY,2002-05-18,23,2025-06-14,Brazil,178,2,12,63.158,3,0,5,2,2,8461.1,29.7,33
cfpachuca,CF Pachuca,MEX,https://fdp.fifa.org/assetspublic/ce233/pdf/SquadLists-English.pdf,11,2025-07-04,FIFA Club World Cup 2025,male,cfpachuca:12,12,FW,DOMINGUEZ Alexei,2005-01-03,20,2025-06-14,Mexico,168,3,42,80.769,8,0,2,17,9,23254.4,43.7,136
cfpachuca,CF Pachuca,MEX,https://fdp.fifa.org/assetspublic/ce233/pdf/SquadLists-English.pdf,11,2025-07-04,FIFA Club World Cup 2025,male,cfpachuca:13,13,GK,JURADO Sebastian,1997-09-28,27,2025-06-14,Mexico,191,1,24,77.419,4,0,0,0,1,4670.6,21.9,1
cfpachuca,CF Pachuca,MEX,https://fdp.fifa.org/assetspublic/ce233/pdf/SquadLists-English.pdf,11,2025-07-04,FIFA Club World Cup 2025,male,cfpachuca:14,14,DF,SANCHEZ Carlos,2002-04-13,23,2025-06-14,Mexico,165,3,42,84.0,8,0,1,8,3,13405.0,31.7,75
cfpachuca,CF Pachuca,MEX,https://fdp.fifa.org/assetspublic/ce233/pdf/SquadLists-English.pdf,11,2025-07-04,FIFA Club World Cup 2025,male,cfpachuca:16,16,DF,PEREIRA Federico,2000-02-24,25,2025-06-14,Uruguay,188,3,184,91.089,28,0,2,18,20,29868.3,43.5,123
cfpachuca,CF Pachuca,MEX,https://fdp.fifa.org/assetspublic/ce233/pdf/SquadLists-English.pdf,11,2025-07-04,FIFA Club World Cup 2025,male,cfpachuca:18,18,MF,PALAVECINO Agustin,1996-11-09,28,2025-06-14,Argentina,179,3,136,86.076,36,0,9,18,8,29018.1,41.6,119
cfpachuca,CF Pachuca,MEX,https://fdp.fifa.org/assetspublic/ce233/pdf/SquadLists-English.pdf,11,2025-07-04,FIFA Club World Cup 2025,male,cfpachuca:19,19,MF,LOPEZ Eduardo,1994-09-17,30,2025-06-14,Mexico,167,1,16,94.118,2,0,1,3,1,4102.9,25.5,9
cfpachuca,CF Pachuca,MEX,https://fdp.fifa.org/assetspublic/ce233/pdf/SquadLists-English.pdf,11,2025-07-04,FIFA Club World Cup 2025,male,cfpachuca:22,22,DF,CABRAL Gustavo,1985-10-14,39,2025-06-14,Argentina,184,1,13,86.667,2,0,0,1,4,4987.8,28.1,16
cfpachuca,CF Pachuca,MEX,https://fdp.fifa.org/assetspublic/ce233/pdf/SquadLists-English.pdf,11,2025-07-04,FIFA Club World Cup 2025,male,cfpachuca:23,23,FW,RONDON Salomon,1989-09-16,35,2025-06-14,Venezuela,189,3,33,75.0,2,0,10,7,1,28420.0,44.1,78
cfpachuca,CF Pachuca,MEX,https://fdp.fifa.org/assetspublic/ce233/pdf/SquadLists-English.pdf,11,2025-07-04,FIFA Club World Cup 2025,male,cfpachuca:24,24,DF,RODRIGUEZ Luis,1991-01-21,34,2025-06-14,Mexico,177,2,99,90.826,23,0,0,8,4,15933.5,44.3,65
cfpachuca,CF Pachuca,MEX,https://fdp.fifa.org/assetspublic/ce233/pdf/SquadLists-English.pdf,11,2025-07-04,FIFA Club World Cup 2025,male,cfpachuca:25,25,GK,MORENO Carlos,1998-01-29,27,2025-06-14,Mexico,192,2,51,83.607,10,0,0,0,12,10557.6,43.5,4
cfpachuca,CF Pachuca,MEX,https://fdp.fifa.org/assetspublic/ce233/pdf/SquadLists-English.pdf,11,2025-07-04,FIFA Club World Cup 2025,male,cfpachuca:26,26,MF,BAUTISTA Alan,2002-06-11,23,2025-06-14,Mexico,173,3,28,87.5,2,0,4,2,0,11945.8,31.7,78
cfpachuca,CF Pachuca,MEX,https://fdp.fifa.org/assetspublic/ce233/pdf/SquadLists-English.pdf,11,2025-07-04,FIFA Club World Cup 2025,male,cfpachuca:28,28,MF,MONTIEL Elias,2005-10-07,19,2025-06-14,Mexico,168,3,141,85.976,33,1,5,22,14,35150.2,39.4,143
cfpachuca,CF Pachuca,MEX,https://fdp.fifa.org/assetspublic/ce233/pdf/SquadLists-English.pdf,11,2025-07-04,FIFA Club World Cup 2025,male,cfpachuca:29,29,FW,KENEDY,1996-02-08,29,2025-06-14,Brazil,180,3,45,83.333,10,0,6,5,8,23120.5,43.6,133
cfpachuca,CF Pachuca,MEX,https://fdp.fifa.org/assetspublic/ce233/pdf/SquadLists-English.pdf,11,2025-07-04,FIFA Club World Cup 2025,male,cfpachuca:30,30,FW,HURTADO Aviles,1987-04-20,38,2025-06-14,Colombia,168,2,18,90.0,5,0,0,3,1,5116.4,30.9,28
cfpachuca,CF Pachuca,MEX,https://fdp.fifa.org/assetspublic/ce233/pdf/SquadLists-English.pdf,11,2025-07-04,FIFA Club World Cup 2025,male,cfpachuca:32,32,MF,GUZMAN Victor,1995-02-03,30,2025-06-14,Mexico,175,1,17,89.474,1,0,0,3,1,2952.5,25.2,9
chelseafc,Chelsea FC,ENG,https://fdp.fifa.org/assetspublic/ce233/pdf/SquadLists-English.pdf,12,2025-07-04,FIFA Club World Cup 2025,male,chelseafc:1,1,GK,SANCHEZ Robert,1997-11-18,27,2025-06-14,Spain,197,6,151,75.124,48,0,0,0,50,28241.6,42.7,10
chelseafc,Chelsea FC,ENG,https://fdp.fifa.org/assetspublic/ce233/pdf/SquadLists-English.pdf,12,2025-07-04,FIFA Club World Cup 2025,male,chelseafc:3,3,DF,CUCURELLA Marc,1998-07-22,26,2025-06-14,Spain,173,6,301,90.937,67,0,7,37,30,63815.2,43.7,285
chelseafc,Chelsea FC,ENG,https://fdp.fifa.org/assetspublic/ce233/pdf/SquadLists-English.pdf,12,2025-07-04,FIFA Club World Cup 2025,male,chelseafc:4,4,DF,ADARABIOYO Tosin,1997-09-24,27,2025-06-14,England,197,4,332,95.402,63,1,2,9,17,31077.5,41.3,72
chelseafc,Chelsea FC,ENG,https://fdp.fifa.org/assetspublic/ce233/pdf/SquadLists-English.pdf,12,2025-07-04,FIFA Club World Cup 2025,male,chelseafc:5,5,DF,BADIASHILE Benoit,2001-03-26,24,2025-06-14,France,192,2,144,96.0,23,0,4,5,8,14764.5,30.6,37
chelseafc,Chelsea FC,ENG,https://fdp.fifa.org/assetspublic/ce233/pdf/SquadLists-English.pdf,12,2025-07-04,FIFA Club World Cup 2025,male,chelseafc:6,6,DF,COLWILL Levi,2003-02-26,22,2025-06-14,England,189,5,359,93.247,72,0,2,20,18,50005.5,42.7,173
chelseafc,Chelsea FC,ENG,https://fdp.fifa.org/assetspublic/ce233/pdf/SquadLists-English.pdf,12,2025-07-04,FIFA Club World Cup 2025,male,chelseafc:7,7,FW,PEDRO NETO,2000-03-09,25,2025-06-14,Portugal,174,6,181,94.271,28,3,8,14,6,57254.7,40.9,282
chelseafc,Chelsea FC,ENG,https://fdp.fifa.org/assetspublic/ce233/pdf/SquadLists-English.pdf,12,2025-07-04,FIFA Club World Cup 2025,male,chelseafc:8,8,MF,FERNANDEZ Enzo,2001-01-17,24,2025-06-14,Argentina,178,7,237,84.043,51,1,12,25,14,60409.5,33.2,318
chelseafc,Chelsea FC,ENG,https://fdp.fifa.org/assetspublic/ce233/pdf/SquadLists-English.pdf,12,2025-07-04,FIFA Club World Cup 2025,male,chelseafc:9,9,FW,DELAP Liam,2003-02-08,22,2025-06-14,England,186,6,33,71.739,4,1,6,9,2,33637.2,33.8,190
chelseafc,Chelsea FC,ENG,https://fdp.fifa.org/assetspublic/ce233/pdf/SquadLists-English.pdf,12,2025-07-04,FIFA Club World Cup 2025,male,chelseafc:10,10,MF,PALMER Cole,2002-05-06,23,2025-06-14,England,185,6,189,85.52,50,3,21,25,10,60906.6,43.5,272
chelseafc,Chelsea FC,ENG,https://fdp.fifa.org/assetspublic/ce233/pdf/SquadLists-English.pdf,12,2025-07-04,FIFA Club World Cup 2025,male,chelseafc:11,11,FW,MADUEKE Noni,2002-03-10,23,2025-06-14,England,182,5,59,89.394,12,0,7,5,4,21153.2,34.6,113
chelseafc,Chelsea FC,ENG,https://fdp.fifa.org/assetspublic/ce233/pdf/SquadLists-English.pdf,12,2025-07-04,FIFA Club World Cup 2025,male,chelseafc:12,12,GK,JORGENSEN Filip,2002-04-16,23,2025-06-14,Denmark,192,1,28,96.552,1,0,0,0,4,5625.7,22.9,2
chelseafc,Chelsea FC,ENG,https://fdp.fifa.org/assetspublic/ce233/pdf/SquadLists-English.pdf,12,2025-07-04,FIFA Club World Cup 2025,male,chelseafc:14,14,MF,DARIO ESSUGO,2005-03-14,20,2025-06-14,Portugal,178,3,41,95.349,8,0,0,6,0,5933.0,32.3,23
chelseafc,Chelsea FC,ENG,https://fdp.fifa.org/assetspublic/ce233/pdf/SquadLists-English.pdf,12,2025-07-04,FIFA Club World Cup 2025,male,chelseafc:15,15,FW,JACKSON Nicolas,2001-06-20,23,2025-06-14,Senegal,187,3,18,85.714,5,0,4,5,2,11652.7,35.4,71
chelseafc,Chelsea FC,ENG,https://fdp.fifa.org/assetspublic/ce233/pdf/SquadLists-English.pdf,12,2025-07-04,FIFA Club World Cup 2025,male,chelseafc:17,17,MF,ANDREY SANTOS,2004-05-03,21,2025-06-14,Brazil,180,4,66,95.652,14,0,2,16,9,19036.9,29.6,82
chelseafc,Chelsea FC,ENG,https://fdp.fifa.org/assetspublic/ce233/pdf/SquadLists-English.pdf,12,2025-07-04,FIFA Club World Cup 2025,male,chelseafc:18,18,FW,NKUNKU Christopher,1997-11-14,27,2025-06-14,France,175,6,144,91.72,17,1,6,13,4,32798.3,44.9,141
chelseafc,Chelsea FC,ENG,https://fdp.fifa.org/assetspublic/ce233/pdf/SquadLists-English.pdf,12,2025-07-04,FIFA Club World Cup 2025,male,chelseafc:19,19,DF,SARR Mamadou,2005-08-29,19,2025-06-14,France,194,1,10,90.909,2,0,0,0,0,1664.9,27.4,4
chelseafc,Chelsea FC,ENG,https://fdp.fifa.org/assetspublic/ce233/pdf/SquadLists-English.pdf,12,2025-07-04,FIFA Club World Cup 2025,male,chelseafc:20,20,FW,JOAO PEDRO,2001-09-26,23,2025-06-14,Brazil,182,3,33,68.75,5,3,5,6,4,19373.3,33.8,87
chelseafc,Chelsea FC,ENG,https://fdp.fifa.org/assetspublic/ce233/pdf/SquadLists-English.pdf,12,2025-07-04,FIFA Club World Cup 2025,male,chelseafc:22,22,MF,DEWSBURY-HALL Kiernan,1998-09-06,26,2025-06-14,England,176,5,75,83.333,13,1,2,5,2,20798.0,44.0,96
chelseafc,Chelsea FC,ENG,https://fdp.fifa.org/assetspublic/ce233/pdf/SquadLists-English.pdf,12,2025-07-04,FIFA Club World Cup 2025,male,chelseafc:23,23,DF,CHALOBAH Trevoh,1999-07-05,25,2025-06-14,England,192,5,207,96.279,40,0,1,8,16,42354.6,33.7,131
chelseafc,Chelsea FC,ENG,https://fdp.fifa.org/assetspublic/ce233/pdf/SquadLists-English.pdf,12,2025-07-04,FIFA Club World Cup 2025,male,chelseafc:24,24,DF,JAMES Reece,1999-12-08,25,2025-06-14,England,180,5,167,89.785,37,1,2,12,20,31528.8,34.8,113
chelseafc,Chelsea FC,ENG,https://fdp.fifa.org/assetspublic/ce233/pdf/SquadLists-English.pdf,12,2025-07-04,FIFA Club World Cup 2025,male,chelseafc:25,25,MF,CAICEDO Moises,2001-11-02,23,2025-06-14,Ecuador,177,5,323,90.223,64,0,5,45,29,51439.7,41.4,174
chelseafc,Chelsea FC,ENG,https://fdp.fifa.org/assetspublic/ce233/pdf/SquadLists-English.pdf,12,2025-07-04,FIFA Club World Cup 2025,male,chelseafc:27,27,DF,GUSTO Malo,2003-05-19,22,2025-06-14,France,179,7,311,90.671,65,0,7,31,22,59085.8,43.6,349
chelseafc,Chelsea FC,ENG,https://fdp.fifa.org/assetspublic/ce233/pdf/SquadLists-English.pdf,12,2025-07-04,FIFA Club World Cup 2025,male,chelseafc:30,30,DF,ANSELMINO Aaron,2005-04-29,20,2025-06-14,Argentina,188,1,4,100.0,1,0,0,0,0,352.0,19.2,0
chelseafc,Chelsea FC,ENG,https://fdp.fifa.org/assetspublic/ce233/pdf/SquadLists-English.pdf,12,2025-07-04,FIFA Club World Cup 2025,male,chelseafc:32,32,FW,GEORGE Tyrique,2006-02-04,19,2025-06-14,England,185,2,8,72.727,0,1,2,1,0,6007.5,32.1,41
chelseafc,Chelsea FC,ENG,https://fdp.fifa.org/assetspublic/ce233/pdf/SquadLists-English.pdf,12,2025-07-04,FIFA Club World Cup 2025,male,chelseafc:34,34,DF,ACHEAMPONG Josh,2006-05-05,19,2025-06-14,England,190,1,89,92.708,24,0,1,4,3,9547.7,32.2,34
chelseafc,Chelsea FC,ENG,https://fdp.fifa.org/assetspublic/ce233/pdf/SquadLists-English.pdf,12,2025-07-04,FIFA Club World Cup 2025,male,chelseafc:38,38,FW,GUIU Marc,2006-01-04,19,2025-06-14,Spain,187,2,8,88.889,0,0,2,1,0,5265.1,31.1,25
chelseafc,Chelsea FC,ENG,https://fdp.fifa.org/assetspublic/ce233/pdf/SquadLists-English.pdf,12,2025-07-04,FIFA Club World Cup 2025,male,chelseafc:45,45,MF,LAVIA Romeo,2004-01-06,21,2025-06-14,Belgium,181,4,162,95.294,48,0,1,6,9,22633.8,30.3,76
crflamengo,CR Flamengo,BRA,https://fdp.fifa.org/assetspublic/ce233/pdf/SquadLists-English.pdf,13,2025-07-04,FIFA Club World Cup 2025,male,crflamengo:1,1,GK,ROSSI Agustin,1995-08-21,29,2025-06-14,Argentina,194,4,109,85.156,23,0,0,0,15,19548.2,25.9,8
crflamengo,CR Flamengo,BRA,https://fdp.fifa.org/assetspublic/ce233/pdf/SquadLists-English.pdf,13,2025-07-04,FIFA Club World Cup 2025,male,crflamengo:2,2,DF,VARELA Guillermo,1993-03-24,32,2025-06-14,Uruguay,174,3,113,92.623,12,0,0,13,13,22736.3,32.1,125
crflamengo,CR Flamengo,BRA,https://fdp.fifa.org/assetspublic/ce233/pdf/SquadLists-English.pdf,13,2025-07-04,FIFA Club World Cup 2025,male,crflamengo:3,3,DF,LEO ORTIZ,1996-01-03,29,2025-06-14,Brazil,185,3,206,90.749,56,0,2,6,16,26794.6,33.9,92
crflamengo,CR Flamengo,BRA,https://fdp.fifa.org/assetspublic/ce233/pdf/SquadLists-English.pdf,13,2025-07-04,FIFA Club World Cup 2025,male,crflamengo:4,4,DF,LEO PEREIRA,1996-01-31,29,2025-06-14,Brazil,187,3,220,92.827,50,0,2,8,16,29519.9,31.2,95
crflamengo,CR Flamengo,BRA,https://fdp.fifa.org/assetspublic/ce233/pdf/SquadLists-English.pdf,13,2025-07-04,FIFA Club World Cup 2025,male,crflamengo:5,5,MF,PULGAR Erick,1994-01-15,31,2025-06-14,Chile,187,3,173,95.055,33,0,1,12,12,25818.0,32.5,91
crflamengo,CR Flamengo,BRA,https://fdp.fifa.org/assetspublic/ce233/pdf/SquadLists-English.pdf,13,2025-07-04,FIFA Club World Cup 2025,male,crflamengo:6,6,DF,AYRTON LUCAS,1997-06-19,27,2025-06-14,Brazil,180,3,97,90.654,16,0,3,13,6,22121.1,36.1,107
crflamengo,CR Flamengo,BRA,https://fdp.fifa.org/assetspublic/ce233/pdf/SquadLists-English.pdf,13,2025-07-04,FIFA Club World Cup 2025,male,crflamengo:7,7,FW,LUIZ ARAUJO,1996-06-02,29,2025-06-14,Brazil,175,4,118,87.407,18,1,9,34,13,40006.6,33.7,207
crflamengo,CR Flamengo,BRA,https://fdp.fifa.org/assetspublic/ce233/pdf/SquadLists-English.pdf,13,2025-07-04,FIFA Club World Cup 2025,male,crflamengo:8,8,MF,GERSON,1997-05-20,28,2025-06-14,Brazil,184,3,91,81.25,18,1,5,11,3,23766.1,33.1,113
crflamengo,CR Flamengo,BRA,https://fdp.fifa.org/assetspublic/ce233/pdf/SquadLists-English.pdf,13,2025-07-04,FIFA Club World Cup 2025,male,crflamengo:9,9,FW,PEDRO,1997-06-20,27,2025-06-14,Brazil,185,3,15,83.333,3,0,8,10,1,16291.0,28.6,46
crflamengo,CR Flamengo,BRA,https://fdp.fifa.org/assetspublic/ce233/pdf/SquadLists-English.pdf,13,2025-07-04,FIFA Club World Cup 2025,male,crflamengo:10,10,MF,DE ARRASCAETA Giorgian,1994-06-01,31,2025-06-14,Uruguay,177,4,94,82.456,23,1,8,6,6,30095.2,32.0,95
crflamengo,CR Flamengo,BRA,https://fdp.fifa.org/assetspublic/ce233/pdf/SquadLists-English.pdf,13,2025-07-04,FIFA Club World Cup 2025,male,crflamengo:11,11,FW,EVERTON,1996-03-22,29,2025-06-14,Brazil,174,2,13,81.25,1,0,2,5,2,6538.9,32.6,39
crflamengo,CR Flamengo,BRA,https://fdp.fifa.org/assetspublic/ce233/pdf/SquadLists-English.pdf,13,2025-07-04,FIFA Club World Cup 2025,male,crflamengo:13,13,DF,DANILO,1991-07-15,33,2025-06-14,Brazil,184,2,143,97.279,22,1,1,4,8,18245.8,32.2,83
crflamengo,CR Flamengo,BRA,https://fdp.fifa.org/assetspublic/ce233/pdf/SquadLists-English.pdf,13,2025-07-04,FIFA Club World Cup 2025,male,crflamengo:17,17,DF,VINA Matias,1997-11-09,27,2025-06-14,Uruguay,180,1,6,85.714,2,0,0,2,1,1460.4,31.0,10
crflamengo,CR Flamengo,BRA,https://fdp.fifa.org/assetspublic/ce233/pdf/SquadLists-English.pdf,13,2025-07-04,FIFA Club World Cup 2025,male,crflamengo:18,18,MF,DE LA CRUZ Nicolas,1997-06-01,28,2025-06-14,Uruguay,167,1,10,90.909,3,0,1,1,1,1919.5,30.1,8
crflamengo,CR Flamengo,BRA,https://fdp.fifa.org/assetspublic/ce233/pdf/SquadLists-English.pdf,13,2025-07-04,FIFA Club World Cup 2025,male,crflamengo:21,21,MF,JORGINHO,1991-12-20,33,2025-06-14,Italy,180,4,212,91.775,65,1,2,12,6,31707.3,28.4,86
crflamengo,CR Flamengo,BRA,https://fdp.fifa.org/assetspublic/ce233/pdf/SquadLists-English.pdf,13,2025-07-04,FIFA Club World Cup 2025,male,crflamengo:23,23,FW,JUNINHO,1996-11-21,28,2025-06-14,Brazil,180,1,2,100.0,0,0,0,1,0,1577.4,32.6,11
crflamengo,CR Flamengo,BRA,https://fdp.fifa.org/assetspublic/ce233/pdf/SquadLists-English.pdf,13,2025-07-04,FIFA Club World Cup 2025,male,crflamengo:26,26,DF,ALEX SANDRO,1991-01-26,34,2025-06-14,Brazil,180,2,96,96.97,14,0,1,4,7,18000.8,30.9,90
crflamengo,CR Flamengo,BRA,https://fdp.fifa.org/assetspublic/ce233/pdf/SquadLists-English.pdf,13,2025-07-04,FIFA Club World Cup 2025,male,crflamengo:27,27,FW,BRUNO HENRIQUE,1990-12-30,34,2025-06-14,Brazil,184,4,12,75.0,5,1,2,9,1,13055.8,35.2,90
crflamengo,CR Flamengo,BRA,https://fdp.fifa.org/assetspublic/ce233/pdf/SquadLists-English.pdf,13,2025-07-04,FIFA Club World Cup 2025,male,crflamengo:29,29,MF,ALLAN,1997-03-03,28,2025-06-14,Brazil,176,3,123,92.481,24,0,2,5,5,19852.5,32.8,86
crflamengo,CR Flamengo,BRA,https://fdp.fifa.org/assetspublic/ce233/pdf/SquadLists-English.pdf,13,2025-07-04,FIFA Club World Cup 2025,male,crflamengo:30,30,FW,MICHAEL,1996-03-12,29,2025-06-14,Brazil,166,3,13,76.471,0,0,0,5,2,7068.5,30.4,46
crflamengo,CR Flamengo,BRA,https://fdp.fifa.org/assetspublic/ce233/pdf/SquadLists-English.pdf,13,2025-07-04,FIFA Club World Cup 2025,male,crflamengo:43,43,DF,WESLEY,2003-09-06,21,2025-06-14,Brazil,173,2,85,89.474,13,0,1,7,11,18097.5,36.1,105
crflamengo,CR Flamengo,BRA,https://fdp.fifa.org/assetspublic/ce233/pdf/SquadLists-English.pdf,13,2025-07-04,FIFA Club World Cup 2025,male,crflamengo:50,50,FW,PLATA Gonzalo,2000-11-01,24,2025-06-14,Ecuador,178,3,48,78.689,5,0,3,10,3,23641.7,33.6,128
crflamengo,CR Flamengo,BRA,https://fdp.fifa.org/assetspublic/ce233/pdf/SquadLists-English.pdf,13,2025-07-04,FIFA Club World Cup 2025,male,crflamengo:52,52,MF,EVERTTON ARAUJO,2003-02-28,22,2025-06-14,Brazil,185,1,75,92.593,10,0,2,2,1,9103.0,29.0,30
crflamengo,CR Flamengo,BRA,https://fdp.fifa.org/assetspublic/ce233/pdf/SquadLists-English.pdf,13,2025-07-04,FIFA Club World Cup 2025,male,crflamengo:64,64,FW,WALLACE YAN,2005-02-08,20,2025-06-14,Brazil,179,3,22,84.615,4,2,2,6,0,6668.7,33.3,44
esperancedetunisie,Espérance De Tunisie,TUN,https://fdp.fifa.org/assetspublic/ce233/pdf/SquadLists-English.pdf,14,2025-07-04,FIFA Club World Cup 2025,male,esperancedetunisie:2,2,MF,BEN ALI Mohamed,1995-02-16,30,2025-06-14,Tunisia,176,3,63,74.118,15,0,1,25,10,27608.0,31.9,142
esperancedetunisie,Espérance De Tunisie,TUN,https://fdp.fifa.org/assetspublic/ce233/pdf/SquadLists-English.pdf,14,2025-07-04,FIFA Club World Cup 2025,male,esperancedetunisie:4,4,MF,DERBALI Mohamed Wael,2003-06-18,21,2025-06-14,Tunisia,189,3,31,86.111,5,0,0,16,5,11655.1,32.3,62
esperancedetunisie,Espérance De Tunisie,TUN,https://fdp.fifa.org/assetspublic/ce233/pdf/SquadLists-English.pdf,14,2025-07-04,FIFA Club World Cup 2025,male,esperancedetunisie:5,5,DF,MERIAH Yassine,1993-07-02,31,2025-06-14,Tunisia,183,3,110,88.0,35,0,0,11,19,27186.7,32.5,66
esperancedetunisie,Espérance De Tunisie,TUN,https://fdp.fifa.org/assetspublic/ce233/pdf/SquadLists-English.pdf,14,2025-07-04,FIFA Club World Cup 2025,male,esperancedetunisie:6,6,DF,JELASSI Hamza,1991-09-29,33,2025-06-14,Tunisia,189,1,1,50.0,0,0,0,0,2,897.0,27.2,2
esperancedetunisie,Espérance De Tunisie,TUN,https://fdp.fifa.org/assetspublic/ce233/pdf/SquadLists-English.pdf,14,2025-07-04,FIFA Club World Cup 2025,male,esperancedetunisie:8,8,MF,TKA Houssem,2000-08-16,24,2025-06-14,Tunisia,170,1,5,83.333,1,0,0,5,1,1790.8,29.4,13
esperancedetunisie,Espérance De Tunisie,TUN,https://fdp.fifa.org/assetspublic/ce233/pdf/SquadLists-English.pdf,14,2025-07-04,FIFA Club World Cup 2025,male,esperancedetunisie:9,9,FW,RODRIGO RODRIGUES,1996-06-18,28,2025-06-14,Brazil,189,3,17,70.833,1,0,2,4,1,19140.8,30.6,74
esperancedetunisie,Espérance De Tunisie,TUN,https://fdp.fifa.org/assetspublic/ce233/pdf/SquadLists-English.pdf,14,2025-07-04,FIFA Club World Cup 2025,male,esperancedetunisie:10,10,MF,YAN SASSE,1997-06-24,27,2025-06-14,Brazil,174,3,26,83.871,4,0,4,6,9,18175.8,31.2,117
esperancedetunisie,Espérance De Tunisie,TUN,https://fdp.fifa.org/assetspublic/ce233/pdf/SquadLists-English.pdf,14,2025-07-04,FIFA Club World Cup 2025,male,esperancedetunisie:11,11,MF,BELAILI Youcef,1992-03-14,33,2025-06-14,Algeria,179,2,43,71.667,9,1,6,9,1,15418.9,32.6,87
esperancedetunisie,Espérance De Tunisie,TUN,https://fdp.fifa.org/assetspublic/ce233/pdf/SquadLists-English.pdf,14,2025-07-04,FIFA Club World Cup 2025,male,esperancedetunisie:13,13,DF,BOUCHNIBA Raed,2003-09-25,21,2025-06-14,Tunisia,182,2,11,91.667,1,0,0,0,1,3843.9,28.9,20
esperancedetunisie,Espérance De Tunisie,TUN,https://fdp.fifa.org/assetspublic/ce233/pdf/SquadLists-English.pdf,14,2025-07-04,FIFA Club World Cup 2025,male,esperancedetunisie:14,14,MF,OGBELU Onuche,2003-05-10,22,2025-06-14,Nigeria,185,3,90,87.379,23,0,0,23,8,29826.1,31.0,113
esperancedetunisie,Espérance De Tunisie,TUN,https://fdp.fifa.org/assetspublic/ce233/pdf/SquadLists-English.pdf,14,2025-07-04,FIFA Club World Cup 2025,male,esperancedetunisie:15,15,DF,TOUGAI Mohamed Amine,2000-01-22,25,2025-06-14,Algeria,191,3,93,88.571,28,0,0,4,9,27518.5,30.8,70
esperancedetunisie,Espérance De Tunisie,TUN,https://fdp.fifa.org/assetspublic/ce233/pdf/SquadLists-English.pdf,14,2025-07-04,FIFA Club World Cup 2025,male,esperancedetunisie:19,19,FW,JABRI Achraf,2001-12-26,23,2025-06-14,Tunisia,180,3,14,70.0,1,0,0,3,2,12194.6,32.6,72
esperancedetunisie,Espérance De Tunisie,TUN,https://fdp.fifa.org/assetspublic/ce233/pdf/SquadLists-English.pdf,14,2025-07-04,FIFA Club World Cup 2025,male,esperancedetunisie:20,20,DF,BEN HMIDA Mohamed Amine,1995-12-15,29,2025-06-14,Tunisia,181,3,99,79.2,36,0,1,11,7,30553.9,32.1,117
esperancedetunisie,Espérance De Tunisie,TUN,https://fdp.fifa.org/assetspublic/ce233/pdf/SquadLists-English.pdf,14,2025-07-04,FIFA Club World Cup 2025,male,esperancedetunisie:21,21,MF,KONATE Abdramane,2006-06-25,18,2025-06-14,Côte D'Ivoire,168,3,50,81.967,12,0,0,17,5,21528.2,31.5,89
esperancedetunisie,Espérance De Tunisie,TUN,https://fdp.fifa.org/assetspublic/ce233/pdf/SquadLists-English.pdf,14,2025-07-04,FIFA Club World Cup 2025,male,esperancedetunisie:24,24,FW,MOKWANA Elias,1999-09-08,25,2025-06-14,South Africa,176,3,22,75.862,3,0,1,15,6,18120.2,32.9,125
esperancedetunisie,Espérance De Tunisie,TUN,https://fdp.fifa.org/assetspublic/ce233/pdf/SquadLists-English.pdf,14,2025-07-04,FIFA Club World Cup 2025,male,esperancedetunisie:32,32,GK,BEN SAID Bechir,1992-11-29,32,2025-06-14,Tunisia,193,3,56,68.293,9,0,0,0,18,15281.0,29.1,7
esperancedetunisie,Espérance De Tunisie,TUN,https://fdp.fifa.org/assetspublic/ce233/pdf/SquadLists-English.pdf,14,2025-07-04,FIFA Club World Cup 2025,male,esperancedetunisie:36,36,FW,JBELI Chiheb,1996-05-26,29,2025-06-14,Tunisia,177,2,15,83.333,2,0,0,5,0,8686.2,27.8,46
esperancedetunisie,Espérance De Tunisie,TUN,https://fdp.fifa.org/assetspublic/ce233/pdf/SquadLists-English.pdf,14,2025-07-04,FIFA Club World Cup 2025,male,esperancedetunisie:38,38,MF,GUENICHI Khalil,2002-12-11,22,2025-06-14,Tunisia,189,3,52,78.788,7,0,3,15,10,31582.5,30.1,106
fcbayernmunchen,FC Bayern München,GER,https://fdp.fifa.org/assetspublic/ce233/pdf/SquadLists-English.pdf,15,2025-07-04,FIFA Club World Cup 2025,male,fcbayernmunchen:1,1,GK,NEUER Manuel,1986-03-27,39,2025-06-14,Germany,193,5,159,87.363,38,0,0,0,20,31394.7,26.2,19
fcbayernmunchen,FC Bayern München,GER,https://fdp.fifa.org/assetspublic/ce233/pdf/SquadLists-English.pdf,15,2025-07-04,FIFA Club World Cup 2025,male,fcbayernmunchen:2,2,DF,UPAMECANO Dayot,1998-10-27,26,2025-06-14,France,186,5,204,93.578,50,0,1,17,16,35312.4,33.5,138
fcbayernmunchen,FC Bayern München,GER,https://fdp.fifa.org/assetspublic/ce233/pdf/SquadLists-English.pdf,15,2025-07-04,FIFA Club World Cup 2025,male,fcbayernmunchen:4,4,DF,TAH Jonathan,1996-02-11,29,2025-06-14,Germany,195,5,261,94.224,33,0,1,9,23,47279.4,32.6,172
fcbayernmunchen,FC Bayern München,GER,https://fdp.fifa.org/assetspublic/ce233/pdf/SquadLists-English.pdf,15,2025-07-04,FIFA Club World Cup 2025,male,fcbayernmunchen:6,6,MF,KIMMICH Joshua,1995-02-08,30,2025-06-14,Germany,177,5,337,88.451,92,0,4,11,9,53335.8,31.4,188
fcbayernmunchen,FC Bayern München,GER,https://fdp.fifa.org/assetspublic/ce233/pdf/SquadLists-English.pdf,15,2025-07-04,FIFA Club World Cup 2025,male,fcbayernmunchen:7,7,FW,GNABRY Serge,1995-07-14,29,2025-06-14,Germany,176,5,84,84.848,11,0,4,9,3,31174.6,32.5,148
fcbayernmunchen,FC Bayern München,GER,https://fdp.fifa.org/assetspublic/ce233/pdf/SquadLists-English.pdf,15,2025-07-04,FIFA Club World Cup 2025,male,fcbayernmunchen:8,8,MF,GORETZKA Leon,1995-02-06,30,2025-06-14,Germany,189,3,73,93.59,27,1,3,8,4,15371.4,30.2,52
fcbayernmunchen,FC Bayern München,GER,https://fdp.fifa.org/assetspublic/ce233/pdf/SquadLists-English.pdf,15,2025-07-04,FIFA Club World Cup 2025,male,fcbayernmunchen:9,9,FW,KANE Harry,1993-07-28,31,2025-06-14,England,190,5,59,74.684,20,3,8,12,4,45486.1,35.2,127
fcbayernmunchen,FC Bayern München,GER,https://fdp.fifa.org/assetspublic/ce233/pdf/SquadLists-English.pdf,15,2025-07-04,FIFA Club World Cup 2025,male,fcbayernmunchen:10,10,FW,SANE Leroy,1996-01-11,29,2025-06-14,Germany,183,3,67,84.81,8,0,7,5,2,16458.4,35.5,97
fcbayernmunchen,FC Bayern München,GER,https://fdp.fifa.org/assetspublic/ce233/pdf/SquadLists-English.pdf,15,2025-07-04,FIFA Club World Cup 2025,male,fcbayernmunchen:11,11,FW,COMAN Kingsley,1996-06-13,29,2025-06-14,France,181,4,106,89.076,14,2,9,14,4,29337.6,35.5,166
fcbayernmunchen,FC Bayern München,GER,https://fdp.fifa.org/assetspublic/ce233/pdf/SquadLists-English.pdf,15,2025-07-04,FIFA Club World Cup 2025,male,fcbayernmunchen:16,16,MF,JOAO PALHINHA,1995-07-09,29,2025-06-14,Portugal,190,1,50,96.154,8,0,0,3,1,5324.3,25.4,9
fcbayernmunchen,FC Bayern München,GER,https://fdp.fifa.org/assetspublic/ce233/pdf/SquadLists-English.pdf,15,2025-07-04,FIFA Club World Cup 2025,male,fcbayernmunchen:17,17,FW,OLISE Michael,2001-12-12,23,2025-06-14,France,184,5,205,84.711,48,3,13,8,7,44320.9,32.8,231
fcbayernmunchen,FC Bayern München,GER,https://fdp.fifa.org/assetspublic/ce233/pdf/SquadLists-English.pdf,15,2025-07-04,FIFA Club World Cup 2025,male,fcbayernmunchen:20,20,MF,BISCHOF Tom,2005-06-28,19,2025-06-14,Germany,176,1,18,90.0,2,0,1,3,1,5748.7,27.8,20
fcbayernmunchen,FC Bayern München,GER,https://fdp.fifa.org/assetspublic/ce233/pdf/SquadLists-English.pdf,15,2025-07-04,FIFA Club World Cup 2025,male,fcbayernmunchen:22,22,DF,RAPHAEL GUERREIRO,1993-12-22,31,2025-06-14,Portugal,170,4,122,88.406,18,0,1,4,9,27544.6,31.2,119
fcbayernmunchen,FC Bayern München,GER,https://fdp.fifa.org/assetspublic/ce233/pdf/SquadLists-English.pdf,15,2025-07-04,FIFA Club World Cup 2025,male,fcbayernmunchen:23,23,DF,BOEY Sacha,2000-09-13,24,2025-06-14,France,177,4,149,94.304,26,1,4,17,10,24958.2,32.6,148
fcbayernmunchen,FC Bayern München,GER,https://fdp.fifa.org/assetspublic/ce233/pdf/SquadLists-English.pdf,15,2025-07-04,FIFA Club World Cup 2025,male,fcbayernmunchen:25,25,FW,MUELLER Thomas,1989-09-13,35,2025-06-14,Germany,185,5,53,68.831,8,2,4,9,5,26461.1,28.1,99
fcbayernmunchen,FC Bayern München,GER,https://fdp.fifa.org/assetspublic/ce233/pdf/SquadLists-English.pdf,15,2025-07-04,FIFA Club World Cup 2025,male,fcbayernmunchen:27,27,MF,LAIMER Konrad,1997-05-27,28,2025-06-14,Austria,180,4,149,87.135,46,0,2,23,13,35965.5,32.3,211
fcbayernmunchen,FC Bayern München,GER,https://fdp.fifa.org/assetspublic/ce233/pdf/SquadLists-English.pdf,15,2025-07-04,FIFA Club World Cup 2025,male,fcbayernmunchen:42,42,MF,MUSIALA Jamal,2003-02-26,22,2025-06-14,Germany,180,4,44,86.275,8,3,6,10,6,14568.1,33.5,75
fcbayernmunchen,FC Bayern München,GER,https://fdp.fifa.org/assetspublic/ce233/pdf/SquadLists-English.pdf,15,2025-07-04,FIFA Club World Cup 2025,male,fcbayernmunchen:44,44,DF,STANISIC Josip,2000-04-02,25,2025-06-14,Croatia,186,5,276,94.198,73,0,2,14,22,42846.6,34.5,168
fcbayernmunchen,FC Bayern München,GER,https://fdp.fifa.org/assetspublic/ce233/pdf/SquadLists-English.pdf,15,2025-07-04,FIFA Club World Cup 2025,male,fcbayernmunchen:45,45,MF,PAVLOVIC Aleksandar,2004-05-03,21,2025-06-14,Germany,188,5,280,92.715,74,0,2,15,13,45496.2,29.4,196
fcbayernmunchen,FC Bayern München,GER,https://fdp.fifa.org/assetspublic/ce233/pdf/SquadLists-English.pdf,15,2025-07-04,FIFA Club World Cup 2025,male,fcbayernmunchen:46,46,MF,KARL Lennart,2008-02-22,17,2025-06-14,Germany,169,1,29,87.879,3,0,5,3,3,5755.2,31.2,30
fcbayernmunchen,FC Bayern München,GER,https://fdp.fifa.org/assetspublic/ce233/pdf/SquadLists-English.pdf,15,2025-07-04,FIFA Club World Cup 2025,male,fcbayernmunchen:49,49,DF,AZNOU Adam,2006-06-02,19,2025-06-14,Morocco,178,1,10,100.0,1,0,0,1,1,1817.4,29.2,8
fcinternazionalemilano,FC Internazionale Milano,ITA,https://fdp.fifa.org/assetspublic/ce233/pdf/SquadLists-English.pdf,16,2025-07-04,FIFA Club World Cup 2025,male,fcinternazionalemilano:1,1,GK,SOMMER Yann,1988-12-17,36,2025-06-14,Switzerland,183,4,111,86.047,15,0,0,0,16,22367.9,26.5,9
fcinternazionalemilano,FC Internazionale Milano,ITA,https://fdp.fifa.org/assetspublic/ce233/pdf/SquadLists-English.pdf,16,2025-07-04,FIFA Club World Cup 2025,male,fcinternazionalemilano:2,2,MF,DUMFRIES Denzel,1996-04-18,29,2025-06-14,Netherlands,188,2,36,80.0,4,0,2,1,6,15224.2,33.1,83
fcinternazionalemilano,FC Internazionale Milano,ITA,https://fdp.fifa.org/assetspublic/ce233/pdf/SquadLists-English.pdf,16,2025-07-04,FIFA Club World Cup 2025,male,fcinternazionalemilano:6,6,DF,DE VRIJ Stefan,1992-02-05,33,2025-06-14,Netherlands,190,3,173,95.055,34,0,2,6,15,21147.3,32.1,77
fcinternazionalemilano,FC Internazionale Milano,ITA,https://fdp.fifa.org/assetspublic/ce233/pdf/SquadLists-English.pdf,16,2025-07-04,FIFA Club World Cup 2025,male,fcinternazionalemilano:8,8,MF,SUCIC Petar,2003-10-25,21,2025-06-14,Croatia,183,4,58,92.063,16,0,1,4,2,13444.3,31.0,54
fcinternazionalemilano,FC Internazionale Milano,ITA,https://fdp.fifa.org/assetspublic/ce233/pdf/SquadLists-English.pdf,16,2025-07-04,FIFA Club World Cup 2025,male,fcinternazionalemilano:9,9,FW,THURAM Marcus,1997-08-06,27,2025-06-14,France,192,2,13,81.25,2,0,1,3,1,10410.1,31.0,51
fcinternazionalemilano,FC Internazionale Milano,ITA,https://fdp.fifa.org/assetspublic/ce233/pdf/SquadLists-English.pdf,16,2025-07-04,FIFA Club World Cup 2025,male,fcinternazionalemilano:10,10,FW,MARTINEZ Lautaro,1997-08-22,27,2025-06-14,Argentina,175,4,89,89.0,14,2,14,10,7,37096.1,31.6,124
fcinternazionalemilano,FC Internazionale Milano,ITA,https://fdp.fifa.org/assetspublic/ce233/pdf/SquadLists-English.pdf,16,2025-07-04,FIFA Club World Cup 2025,male,fcinternazionalemilano:11,11,MF,LUIS HENRIQUE,2001-12-14,23,2025-06-14,Brazil,181,3,59,79.73,10,0,1,1,3,20141.0,34.9,107
fcinternazionalemilano,FC Internazionale Milano,ITA,https://fdp.fifa.org/assetspublic/ce233/pdf/SquadLists-English.pdf,16,2025-07-04,FIFA Club World Cup 2025,male,fcinternazionalemilano:15,15,DF,ACERBI Francesco,1988-02-10,37,2025-06-14,Italy,192,2,86,97.727,19,0,1,3,9,20240.2,30.8,76
fcinternazionalemilano,FC Internazionale Milano,ITA,https://fdp.fifa.org/assetspublic/ce233/pdf/SquadLists-English.pdf,16,2025-07-04,FIFA Club World Cup 2025,male,fcinternazionalemilano:21,21,MF,ASLLANI Kristjan,2002-03-09,23,2025-06-14,Albania,179,4,250,91.575,74,0,6,9,10,35567.8,30.3,102
fcinternazionalemilano,FC Internazionale Milano,ITA,https://fdp.fifa.org/assetspublic/ce233/pdf/SquadLists-English.pdf,16,2025-07-04,FIFA Club World Cup 2025,male,fcinternazionalemilano:22,22,MF,MKHITARYAN Henrikh,1989-01-21,36,2025-06-14,Armenia,177,4,132,85.161,34,0,3,25,10,32942.9,32.9,195
fcinternazionalemilano,FC Internazionale Milano,ITA,https://fdp.fifa.org/assetspublic/ce233/pdf/SquadLists-English.pdf,16,2025-07-04,FIFA Club World Cup 2025,male,fcinternazionalemilano:23,23,MF,BARELLA Nicolo,1997-02-07,28,2025-06-14,Italy,175,4,247,84.014,73,0,7,15,8,42647.5,33.6,132
fcinternazionalemilano,FC Internazionale Milano,ITA,https://fdp.fifa.org/assetspublic/ce233/pdf/SquadLists-English.pdf,16,2025-07-04,FIFA Club World Cup 2025,male,fcinternazionalemilano:28,28,DF,PAVARD Benjamin,1996-03-28,29,2025-06-14,France,186,1,35,89.744,9,0,2,2,2,6747.5,29.4,29
fcinternazionalemilano,FC Internazionale Milano,ITA,https://fdp.fifa.org/assetspublic/ce233/pdf/SquadLists-English.pdf,16,2025-07-04,FIFA Club World Cup 2025,male,fcinternazionalemilano:30,30,DF,CARLOS AUGUSTO,1999-01-07,26,2025-06-14,Brazil,184,4,174,95.082,26,0,1,4,17,24573.9,33.6,100
fcinternazionalemilano,FC Internazionale Milano,ITA,https://fdp.fifa.org/assetspublic/ce233/pdf/SquadLists-English.pdf,16,2025-07-04,FIFA Club World Cup 2025,male,fcinternazionalemilano:32,32,DF,DIMARCO Federico,1997-11-10,27,2025-06-14,Italy,175,4,134,87.582,22,0,10,8,9,28671.7,33.2,184
fcinternazionalemilano,FC Internazionale Milano,ITA,https://fdp.fifa.org/assetspublic/ce233/pdf/SquadLists-English.pdf,16,2025-07-04,FIFA Club World Cup 2025,male,fcinternazionalemilano:36,36,DF,DARMIAN Matteo,1989-12-02,35,2025-06-14,Italy,182,4,213,89.873,59,0,2,16,20,39821.1,31.8,152
fcinternazionalemilano,FC Internazionale Milano,ITA,https://fdp.fifa.org/assetspublic/ce233/pdf/SquadLists-English.pdf,16,2025-07-04,FIFA Club World Cup 2025,male,fcinternazionalemilano:45,45,FW,CARBONI Valentin,2005-03-05,20,2025-06-14,Argentina,185,3,28,87.5,8,1,3,8,2,10122.7,28.3,40
fcinternazionalemilano,FC Internazionale Milano,ITA,https://fdp.fifa.org/assetspublic/ce233/pdf/SquadLists-English.pdf,16,2025-07-04,FIFA Club World Cup 2025,male,fcinternazionalemilano:59,59,MF,ZALEWSKI Nicola,2002-01-23,23,2025-06-14,Poland,175,2,30,93.75,5,0,2,2,1,7879.7,33.4,34
fcinternazionalemilano,FC Internazionale Milano,ITA,https://fdp.fifa.org/assetspublic/ce233/pdf/SquadLists-English.pdf,16,2025-07-04,FIFA Club World Cup 2025,male,fcinternazionalemilano:70,70,FW,ESPOSITO Sebastiano,2002-07-02,22,2025-06-14,Italy,182,4,28,82.353,4,0,4,10,5,18295.4,30.2,114
fcinternazionalemilano,FC Internazionale Milano,ITA,https://fdp.fifa.org/assetspublic/ce233/pdf/SquadLists-English.pdf,16,2025-07-04,FIFA Club World Cup 2025,male,fcinternazionalemilano:94,94,FW,ESPOSITO Francesco,2005-06-28,19,2025-06-14,Italy,190,2,24,82.759,3,1,7,1,2,14824.3,28.7,75
fcinternazionalemilano,FC Internazionale Milano,ITA,https://fdp.fifa.org/assetspublic/ce233/pdf/SquadLists-English.pdf,16,2025-07-04,FIFA Club World Cup 2025,male,fcinternazionalemilano:95,95,DF,BASTONI Alessandro,1999-04-13,26,2025-06-14,Italy,190,4,168,82.353,48,1,1,18,15,29776.7,32.0,101
fcporto,FC Porto,POR,https://fdp.fifa.org/assetspublic/ce233/pdf/SquadLists-English.pdf,17,2025-07-04,FIFA Club World Cup 2025,male,fcporto:4,4,DF,OTAVIO,2002-04-21,23,2025-06-14,Brazil,184,1,6,66.667,3,0,1,1,0,1336.5,32.9,10
fcporto,FC Porto,POR,https://fdp.fifa.org/assetspublic/ce233/pdf/SquadLists-English.pdf,17,2025-07-04,FIFA Club World Cup 2025,male,fcporto:5,5,DF,MARCANO Ivan,1987-06-23,37,2025-06-14,Spain,189,3,151,91.515,44,0,2,10,20,28821.6,31.8,125
fcporto,FC Porto,POR,https://fdp.fifa.org/assetspublic/ce233/pdf/SquadLists-English.pdf,17,2025-07-04,FIFA Club World Cup 2025,male,fcporto:6,6,MF,EUSTAQUIO Stephen,1996-12-21,28,2025-06-14,Canada,175,3,79,89.773,14,0,0,5,0,19079.2,27.9,89
fcporto,FC Porto,POR,https://fdp.fifa.org/assetspublic/ce233/pdf/SquadLists-English.pdf,17,2025-07-04,FIFA Club World Cup 2025,male,fcporto:7,7,FW,WILLIAM GOMES,2006-03-15,19,2025-06-14,Brazil,170,2,21,75.0,11,1,6,4,8,8860.8,32.6,49
fcporto,FC Porto,POR,https://fdp.fifa.org/assetspublic/ce233/pdf/SquadLists-English.pdf,17,2025-07-04,FIFA Club World Cup 2025,male,fcporto:9,9,FW,AGHEHOWA Samu,2004-05-05,21,2025-06-14,Spain,191,3,26,74.286,4,2,8,3,1,23714.9,33.8,102
fcporto,FC Porto,POR,https://fdp.fifa.org/assetspublic/ce233/pdf/SquadLists-English.pdf,17,2025-07-04,FIFA Club World Cup 2025,male,fcporto:10,10,MF,FABIO VIEIRA,2000-05-30,25,2025-06-14,Portugal,176,3,105,87.5,27,0,5,14,10,26859.0,31.2,109
fcporto,FC Porto,POR,https://fdp.fifa.org/assetspublic/ce233/pdf/SquadLists-English.pdf,17,2025-07-04,FIFA Club World Cup 2025,male,fcporto:11,11,FW,PEPE,1997-02-24,28,2025-06-14,Brazil,173,2,18,75.0,7,1,2,5,1,6745.1,32.7,40
fcporto,FC Porto,POR,https://fdp.fifa.org/assetspublic/ce233/pdf/SquadLists-English.pdf,17,2025-07-04,FIFA Club World Cup 2025,male,fcporto:14,14,GK,CLAUDIO RAMOS,1991-11-16,33,2025-06-14,Portugal,183,3,84,78.505,11,0,0,0,20,14113.5,25.5,14
fcporto,FC Porto,POR,https://fdp.fifa.org/assetspublic/ce233/pdf/SquadLists-English.pdf,17,2025-07-04,FIFA Club World Cup 2025,male,fcporto:17,17,MF,VEIGA Gabri,2002-05-27,23,2025-06-14,Spain,184,3,34,75.556,10,0,2,24,8,17252.1,32.7,93
fcporto,FC Porto,POR,https://fdp.fifa.org/assetspublic/ce233/pdf/SquadLists-English.pdf,17,2025-07-04,FIFA Club World Cup 2025,male,fcporto:19,19,FW,NAMASO Danny,2000-08-28,24,2025-06-14,Cameroon,183,1,11,78.571,2,0,0,4,1,5589.8,32.5,26
fcporto,FC Porto,POR,https://fdp.fifa.org/assetspublic/ce233/pdf/SquadLists-English.pdf,17,2025-07-04,FIFA Club World Cup 2025,male,fcporto:20,20,MF,ANDRE FRANCO,1998-04-12,27,2025-06-14,Portugal,178,1,3,100.0,0,0,1,1,0,1797.7,29.4,15
fcporto,FC Porto,POR,https://fdp.fifa.org/assetspublic/ce233/pdf/SquadLists-English.pdf,17,2025-07-04,FIFA Club World Cup 2025,male,fcporto:22,22,MF,VARELA Alan,2001-07-04,23,2025-06-14,Argentina,177,3,86,88.66,21,0,2,11,12,23939.3,30.6,115
fcporto,FC Porto,POR,https://fdp.fifa.org/assetspublic/ce233/pdf/SquadLists-English.pdf,17,2025-07-04,FIFA Club World Cup 2025,male,fcporto:23,23,DF,JOAO MARIO,2000-01-03,25,2025-06-14,Portugal,179,3,82,93.182,29,0,0,7,5,25764.5,33.4,140
fcporto,FC Porto,POR,https://fdp.fifa.org/assetspublic/ce233/pdf/SquadLists-English.pdf,17,2025-07-04,FIFA Club World Cup 2025,male,fcporto:24,24,DF,PEREZ Nehuen,2000-06-24,24,2025-06-14,Argentina,186,1,1,100.0,1,0,0,0,1,1823.0,30.1,11
fcporto,FC Porto,POR,https://fdp.fifa.org/assetspublic/ce233/pdf/SquadLists-English.pdf,17,2025-07-04,FIFA Club World Cup 2025,male,fcporto:25,25,MF,PEREZ Tomas,2005-08-26,19,2025-06-14,Argentina,182,1,2,100.0,0,0,0,0,0,1720.8,29.2,5
fcporto,FC Porto,POR,https://fdp.fifa.org/assetspublic/ce233/pdf/SquadLists-English.pdf,17,2025-07-04,FIFA Club World Cup 2025,male,fcporto:27,27,FW,GUL Deniz,2004-07-02,20,2025-06-14,Türkiye,192,1,0,0.0,0,0,0,0,0,1184.4,30.6,3
fcporto,FC Porto,POR,https://fdp.fifa.org/assetspublic/ce233/pdf/SquadLists-English.pdf,17,2025-07-04,FIFA Club World Cup 2025,male,fcporto:52,52,DF,MARTIM FERNANDES,2006-01-18,19,2025-06-14,Portugal,183,3,78,90.698,27,0,1,7,13,21075.1,32.7,110
fcporto,FC Porto,POR,https://fdp.fifa.org/assetspublic/ce233/pdf/SquadLists-English.pdf,17,2025-07-04,FIFA Club World Cup 2025,male,fcporto:70,70,FW,GONCALO BORGES,2001-03-29,24,2025-06-14,Portugal,182,2,17,85.0,7,0,4,5,2,9137.8,34.7,28
fcporto,FC Porto,POR,https://fdp.fifa.org/assetspublic/ce233/pdf/SquadLists-English.pdf,17,2025-07-04,FIFA Club World Cup 2025,male,fcporto:74,74,DF,FRANCISCO MOURA,1999-08-16,25,2025-06-14,Portugal,181,3,102,85.0,26,0,1,9,18,31017.9,34.0,208
fcporto,FC Porto,POR,https://fdp.fifa.org/assetspublic/ce233/pdf/SquadLists-English.pdf,17,2025-07-04,FIFA Club World Cup 2025,male,fcporto:86,86,FW,RODRIGO MORA,2007-05-05,18,2025-06-14,Portugal,167,3,38,69.091,12,1,8,8,4,30268.5,30.5,136
fcporto,FC Porto,POR,https://fdp.fifa.org/assetspublic/ce233/pdf/SquadLists-English.pdf,17,2025-07-04,FIFA Club World Cup 2025,male,fcporto:97,97,DF,ZE PEDRO,1997-06-06,28,2025-06-14,Portugal,185,3,166,92.737,34,0,1,12,20,28164.2,33.4,115
fcsalzburg,FC Salzburg,AUT,https://fdp.fifa.org/assetspublic/ce233/pdf/SquadLists-English.pdf,18,2025-07-04,FIFA Club World Cup 2025,male,fcsalzburg:2,2,DF,RASMUSSEN Jacob,1997-05-28,28,2025-06-14,Denmark,192,3,222,94.468,67,0,0,6,27,28510.2,39.0,74
fcsalzburg,FC Salzburg,AUT,https://fdp.fifa.org/assetspublic/ce233/pdf/SquadLists-English.pdf,18,2025-07-04,FIFA Club World Cup 2025,male,fcsalzburg:5,5,MF,DIABATE Soumaila,2004-11-22,20,2025-06-14,Mali,168,3,64,86.486,11,0,1,14,11,20336.4,32.1,67
fcsalzburg,FC Salzburg,AUT,https://fdp.fifa.org/assetspublic/ce233/pdf/SquadLists-English.pdf,18,2025-07-04,FIFA Club World Cup 2025,male,fcsalzburg:6,6,DF,BAIDOO Samson,2004-03-31,21,2025-06-14,Austria,188,1,2,100.0,0,0,0,0,2,675.7,25.5,3
fcsalzburg,FC Salzburg,AUT,https://fdp.fifa.org/assetspublic/ce233/pdf/SquadLists-English.pdf,18,2025-07-04,FIFA Club World Cup 2025,male,fcsalzburg:8,8,FW,KITANO Sota,2004-08-13,20,2025-06-14,Japan,172,1,6,75.0,2,0,0,2,0,3051.8,29.9,26
fcsalzburg,FC Salzburg,AUT,https://fdp.fifa.org/assetspublic/ce233/pdf/SquadLists-English.pdf,18,2025-07-04,FIFA Club World Cup 2025,male,fcsalzburg:9,9,FW,ONISIWO Karim,1992-03-17,33,2025-06-14,Austria,188,3,13,72.222,1,1,3,9,4,13223.5,33.3,67
fcsalzburg,FC Salzburg,AUT,https://fdp.fifa.org/assetspublic/ce233/pdf/SquadLists-English.pdf,18,2025-07-04,FIFA Club World Cup 2025,male,fcsalzburg:11,11,FW,VERTESSEN Yorbe,2001-01-08,24,2025-06-14,Belgium,175,3,16,80.0,2,0,3,1,1,9684.7,32.6,49
fcsalzburg,FC Salzburg,AUT,https://fdp.fifa.org/assetspublic/ce233/pdf/SquadLists-English.pdf,18,2025-07-04,FIFA Club World Cup 2025,male,fcsalzburg:13,13,DF,KRAETZIG Frans,2003-01-14,22,2025-06-14,Germany,177,3,131,81.366,20,0,1,24,9,31562.7,39.6,149
fcsalzburg,FC Salzburg,AUT,https://fdp.fifa.org/assetspublic/ce233/pdf/SquadLists-English.pdf,18,2025-07-04,FIFA Club World Cup 2025,male,fcsalzburg:14,14,MF,KJAERGAARD Maurits,2003-06-26,21,2025-06-14,Denmark,192,2,31,86.111,12,0,4,1,3,8685.9,31.4,42
fcsalzburg,FC Salzburg,AUT,https://fdp.fifa.org/assetspublic/ce233/pdf/SquadLists-English.pdf,18,2025-07-04,FIFA Club World Cup 2025,male,fcsalzburg:15,15,MF,DIAMBOU Mamady,2002-11-11,22,2025-06-14,Mali,176,1,23,95.833,7,0,0,5,1,6392.0,29.9,22
fcsalzburg,FC Salzburg,AUT,https://fdp.fifa.org/assetspublic/ce233/pdf/SquadLists-English.pdf,18,2025-07-04,FIFA Club World Cup 2025,male,fcsalzburg:18,18,MF,BIDSTRUP Mads,2001-02-25,24,2025-06-14,Denmark,176,2,80,90.909,21,0,1,19,13,24245.2,44.9,94
fcsalzburg,FC Salzburg,AUT,https://fdp.fifa.org/assetspublic/ce233/pdf/SquadLists-English.pdf,18,2025-07-04,FIFA Club World Cup 2025,male,fcsalzburg:20,20,FW,BAIDOO Edmund,2006-01-30,19,2025-06-14,Ghana,174,3,49,89.091,8,0,4,20,4,28161.3,35.6,179
fcsalzburg,FC Salzburg,AUT,https://fdp.fifa.org/assetspublic/ce233/pdf/SquadLists-English.pdf,18,2025-07-04,FIFA Club World Cup 2025,male,fcsalzburg:21,21,FW,RATKOV Petar,2003-08-18,21,2025-06-14,Serbia,185,2,12,70.588,2,0,2,2,0,11708.5,29.2,41
fcsalzburg,FC Salzburg,AUT,https://fdp.fifa.org/assetspublic/ce233/pdf/SquadLists-English.pdf,18,2025-07-04,FIFA Club World Cup 2025,male,fcsalzburg:22,22,DF,LAINER Stefan,1992-08-27,32,2025-06-14,Austria,175,3,130,79.268,38,0,1,19,13,32348.3,42.4,156
fcsalzburg,FC Salzburg,AUT,https://fdp.fifa.org/assetspublic/ce233/pdf/SquadLists-English.pdf,18,2025-07-04,FIFA Club World Cup 2025,male,fcsalzburg:23,23,DF,GADOU Joane,2007-01-17,18,2025-06-14,France,195,3,169,88.947,54,0,0,13,18,28106.7,35.8,113
fcsalzburg,FC Salzburg,AUT,https://fdp.fifa.org/assetspublic/ce233/pdf/SquadLists-English.pdf,18,2025-07-04,FIFA Club World Cup 2025,male,fcsalzburg:28,28,FW,DAGHIM Adam,2005-09-28,19,2025-06-14,Denmark,179,3,16,80.0,6,0,2,5,4,12183.7,35.1,78
fcsalzburg,FC Salzburg,AUT,https://fdp.fifa.org/assetspublic/ce233/pdf/SquadLists-English.pdf,18,2025-07-04,FIFA Club World Cup 2025,male,fcsalzburg:30,30,MF,GLOUKH Oscar,2004-04-01,21,2025-06-14,Israel,170,3,81,78.641,23,1,6,16,7,27550.1,44.9,113
fcsalzburg,FC Salzburg,AUT,https://fdp.fifa.org/assetspublic/ce233/pdf/SquadLists-English.pdf,18,2025-07-04,FIFA Club World Cup 2025,male,fcsalzburg:36,36,DF,MELLBERG John,2006-07-30,18,2025-06-14,Sweden,190,2,26,89.655,8,0,1,0,7,5787.5,31.7,22
fcsalzburg,FC Salzburg,AUT,https://fdp.fifa.org/assetspublic/ce233/pdf/SquadLists-English.pdf,18,2025-07-04,FIFA Club World Cup 2025,male,fcsalzburg:38,38,MF,SULZBACHER Valentin,2005-03-11,20,2025-06-14,Austria,192,1,22,84.615,2,0,0,4,3,7015.5,28.4,25
fcsalzburg,FC Salzburg,AUT,https://fdp.fifa.org/assetspublic/ce233/pdf/SquadLists-English.pdf,18,2025-07-04,FIFA Club World Cup 2025,male,fcsalzburg:45,45,FW,NENE Dorgeles,2002-12-23,22,2025-06-14,Mali,171,3,111,86.719,22,0,8,17,9,31171.0,44.2,148
fcsalzburg,FC Salzburg,AUT,https://fdp.fifa.org/assetspublic/ce233/pdf/SquadLists-English.pdf,18,2025-07-04,FIFA Club World Cup 2025,male,fcsalzburg:52,52,GK,ZAWIESCHITZKY Christian,2007-05-02,18,2025-06-14,Austria,192,3,79,91.86,17,0,0,0,18,13528.7,43.4,4
fluminensefc,Fluminense FC,BRA,https://fdp.fifa.org/assetspublic/ce233/pdf/SquadLists-English.pdf,19,2025-07-04,FIFA Club World Cup 2025,male,fluminensefc:1,1,GK,FABIO,1980-09-30,44,2025-06-14,Brazil,189,6,81,65.323,16,0,0,0,31,23420.5,26.4,4
fluminensefc,Fluminense FC,BRA,https://fdp.fifa.org/assetspublic/ce233/pdf/SquadLists-English.pdf,19,2025-07-04,FIFA Club World Cup 2025,male,fluminensefc:2,2,DF,SAMUEL XAVIER,1990-06-06,35,2025-06-14,Brazil,170,5,119,73.457,35,0,2,9,7,37259.7,33.2,154
fluminensefc,Fluminense FC,BRA,https://fdp.fifa.org/assetspublic/ce233/pdf/SquadLists-English.pdf,19,2025-07-04,FIFA Club World Cup 2025,male,fluminensefc:3,3,DF,THIAGO SILVA,1984-09-22,40,2025-06-14,Brazil,182,5,239,91.571,46,0,1,6,22,37032.8,32.2,97
fluminensefc,Fluminense FC,BRA,https://fdp.fifa.org/assetspublic/ce233/pdf/SquadLists-English.pdf,19,2025-07-04,FIFA Club World Cup 2025,male,fluminensefc:4,4,DF,IGNACIO,1996-12-01,28,2025-06-14,Brazil,192,4,136,87.742,29,0,1,24,29,35101.0,33.4,106
fluminensefc,Fluminense FC,BRA,https://fdp.fifa.org/assetspublic/ce233/pdf/SquadLists-English.pdf,19,2025-07-04,FIFA Club World Cup 2025,male,fluminensefc:5,5,MF,BERNAL Facundo,2003-08-21,21,2025-06-14,Uruguay,187,5,74,91.358,11,0,3,26,13,32151.5,29.9,83
fluminensefc,Fluminense FC,BRA,https://fdp.fifa.org/assetspublic/ce233/pdf/SquadLists-English.pdf,19,2025-07-04,FIFA Club World Cup 2025,male,fluminensefc:6,6,DF,RENE,1992-09-14,32,2025-06-14,Brazil,174,4,140,81.395,52,0,2,23,19,38106.1,31.7,136
fluminensefc,Fluminense FC,BRA,https://fdp.fifa.org/assetspublic/ce233/pdf/SquadLists-English.pdf,19,2025-07-04,FIFA Club World Cup 2025,male,fluminensefc:7,7,FW,SOTELDO Yeferson,1997-06-30,27,2025-06-14,Venezuela,160,1,10,83.333,5,0,0,0,1,3260.4,28.6,13
fluminensefc,Fluminense FC,BRA,https://fdp.fifa.org/assetspublic/ce233/pdf/SquadLists-English.pdf,19,2025-07-04,FIFA Club World Cup 2025,male,fluminensefc:8,8,MF,MARTINELLI,2001-10-05,23,2025-06-14,Brazil,177,5,161,90.449,42,1,5,20,13,37892.7,32.1,123
fluminensefc,Fluminense FC,BRA,https://fdp.fifa.org/assetspublic/ce233/pdf/SquadLists-English.pdf,19,2025-07-04,FIFA Club World Cup 2025,male,fluminensefc:9,9,FW,EVERALDO,1991-07-05,33,2025-06-14,Brazil,182,6,36,83.721,4,0,4,7,3,24217.3,33.3,129
fluminensefc,Fluminense FC,BRA,https://fdp.fifa.org/assetspublic/ce233/pdf/SquadLists-English.pdf,19,2025-07-04,FIFA Club World Cup 2025,male,fluminensefc:10,10,MF,GANSO,1989-10-12,35,2025-06-14,Brazil,184,1,29,85.294,6,0,3,1,1,4767.6,24.5,13
fluminensefc,Fluminense FC,BRA,https://fdp.fifa.org/assetspublic/ce233/pdf/SquadLists-English.pdf,19,2025-07-04,FIFA Club World Cup 2025,male,fluminensefc:11,11,FW,KENO,1989-09-10,35,2025-06-14,Brazil,179,3,20,74.074,6,1,5,1,2,10036.5,29.4,44
fluminensefc,Fluminense FC,BRA,https://fdp.fifa.org/assetspublic/ce233/pdf/SquadLists-English.pdf,19,2025-07-04,FIFA Club World Cup 2025,male,fluminensefc:12,12,DF,FUENTES Gabriel,1997-02-09,28,2025-06-14,Colombia,180,2,108,93.103,25,0,1,11,10,20881.3,32.4,85
fluminensefc,Fluminense FC,BRA,https://fdp.fifa.org/assetspublic/ce233/pdf/SquadLists-English.pdf,19,2025-07-04,FIFA Club World Cup 2025,male,fluminensefc:14,14,FW,CANO German,1988-01-02,37,2025-06-14,Argentina,177,6,48,77.419,6,1,12,7,5,38461.7,29.7,147
fluminensefc,Fluminense FC,BRA,https://fdp.fifa.org/assetspublic/ce233/pdf/SquadLists-English.pdf,19,2025-07-04,FIFA Club World Cup 2025,male,fluminensefc:16,16,MF,NONATO,1998-03-03,27,2025-06-14,Brazil,174,6,118,86.131,29,1,4,34,15,48395.7,32.1,193
fluminensefc,Fluminense FC,BRA,https://fdp.fifa.org/assetspublic/ce233/pdf/SquadLists-English.pdf,19,2025-07-04,FIFA Club World Cup 2025,male,fluminensefc:17,17,FW,CANOBBIO Agustin,1998-10-01,26,2025-06-14,Uruguay,176,3,43,86.0,6,0,3,15,4,20790.1,31.7,141
fluminensefc,Fluminense FC,BRA,https://fdp.fifa.org/assetspublic/ce233/pdf/SquadLists-English.pdf,19,2025-07-04,FIFA Club World Cup 2025,male,fluminensefc:21,21,FW,ARIAS Jhon,1997-09-21,27,2025-06-14,Colombia,171,6,228,89.412,53,1,13,22,11,55308.7,32.3,212
fluminensefc,Fluminense FC,BRA,https://fdp.fifa.org/assetspublic/ce233/pdf/SquadLists-English.pdf,19,2025-07-04,FIFA Club World Cup 2025,male,fluminensefc:22,22,DF,FREYTES Juan,2000-01-11,25,2025-06-14,Argentina,186,5,211,83.071,60,1,2,9,20,47601.4,34.1,182
fluminensefc,Fluminense FC,BRA,https://fdp.fifa.org/assetspublic/ce233/pdf/SquadLists-English.pdf,19,2025-07-04,FIFA Club World Cup 2025,male,fluminensefc:23,23,DF,GUGA,1998-08-29,26,2025-06-14,Brazil,173,3,124,91.852,28,0,1,8,11,20907.5,31.2,90
fluminensefc,Fluminense FC,BRA,https://fdp.fifa.org/assetspublic/ce233/pdf/SquadLists-English.pdf,19,2025-07-04,FIFA Club World Cup 2025,male,fluminensefc:29,29,DF,THIAGO SANTOS,1989-09-05,35,2025-06-14,Brazil,181,4,18,81.818,5,0,0,4,7,9624.6,31.2,31
fluminensefc,Fluminense FC,BRA,https://fdp.fifa.org/assetspublic/ce233/pdf/SquadLists-English.pdf,19,2025-07-04,FIFA Club World Cup 2025,male,fluminensefc:35,35,MF,HERCULES,2000-10-20,24,2025-06-14,Brazil,176,6,126,88.732,34,2,9,32,19,45470.5,32.1,151
fluminensefc,Fluminense FC,BRA,https://fdp.fifa.org/assetspublic/ce233/pdf/SquadLists-English.pdf,19,2025-07-04,FIFA Club World Cup 2025,male,fluminensefc:45,45,MF,LIMA,1996-06-11,29,2025-06-14,Brazil,172,5,35,81.395,4,0,3,13,3,14833.8,31.2,47
fluminensefc,Fluminense FC,BRA,https://fdp.fifa.org/assetspublic/ce233/pdf/SquadLists-English.pdf,19,2025-07-04,FIFA Club World Cup 2025,male,fluminensefc:77,77,FW,PAULO BAYA,1999-07-26,25,2025-06-14,Brazil,185,1,1,100.0,1,0,0,0,0,1281.8,31.7,20
fluminensefc,Fluminense FC,BRA,https://fdp.fifa.org/assetspublic/ce233/pdf/SquadLists-English.pdf,19,2025-07-04,FIFA Club World Cup 2025,male,fluminensefc:90,90,FW,SERNA Kevin,1997-12-17,27,2025-06-14,Colombia,182,2,36,90.0,7,0,3,5,4,10639.3,33.4,70
intermiamicf,Inter Miami CF,USA,https://fdp.fifa.org/assetspublic/ce233/pdf/SquadLists-English.pdf,20,2025-07-04,FIFA Club World Cup 2025,male,intermiamicf:5,5,MF,BUSQUETS Sergio,1988-07-16,36,2025-06-14,Spain,190,4,230,90.551,65,0,0,16,13,41896.8,35.5,97
intermiamicf,Inter Miami CF,USA,https://fdp.fifa.org/assetspublic/ce233/pdf/SquadLists-English.pdf,20,2025-07-04,FIFA Club World Cup 2025,male,intermiamicf:6,6,DF,AVILES Tomas,2004-02-03,21,2025-06-14,Argentina,186,4,119,89.474,33,0,0,12,9,25541.0,35.3,85
intermiamicf,Inter Miami CF,USA,https://fdp.fifa.org/assetspublic/ce233/pdf/SquadLists-English.pdf,20,2025-07-04,FIFA Club World Cup 2025,male,intermiamicf:7,7,FW,PICAULT Fafa,1991-02-23,34,2025-06-14,Haiti,173,3,5,71.429,1,0,2,6,2,6347.9,32.8,43
intermiamicf,Inter Miami CF,USA,https://fdp.fifa.org/assetspublic/ce233/pdf/SquadLists-English.pdf,20,2025-07-04,FIFA Club World Cup 2025,male,intermiamicf:8,8,MF,SEGOVIA Telasco,2003-04-02,22,2025-06-14,Venezuela,180,4,131,90.972,21,1,3,21,7,34817.9,38.9,181
intermiamicf,Inter Miami CF,USA,https://fdp.fifa.org/assetspublic/ce233/pdf/SquadLists-English.pdf,20,2025-07-04,FIFA Club World Cup 2025,male,intermiamicf:9,9,FW,SUAREZ Luis,1987-01-24,38,2025-06-14,Uruguay,182,4,90,75.63,15,1,4,11,4,37795.9,30.4,165
intermiamicf,Inter Miami CF,USA,https://fdp.fifa.org/assetspublic/ce233/pdf/SquadLists-English.pdf,20,2025-07-04,FIFA Club World Cup 2025,male,intermiamicf:10,10,FW,MESSI Lionel,1987-06-24,37,2025-06-14,Argentina,170,4,165,80.882,50,1,13,10,3,30694.4,35.4,111
intermiamicf,Inter Miami CF,USA,https://fdp.fifa.org/assetspublic/ce233/pdf/SquadLists-English.pdf,20,2025-07-04,FIFA Club World Cup 2025,male,intermiamicf:11,11,MF,RODRIGUEZ Baltasar,2003-07-09,21,2025-06-14,Argentina,173,1,9,75.0,0,0,0,2,0,2383.1,27.1,16
intermiamicf,Inter Miami CF,USA,https://fdp.fifa.org/assetspublic/ce233/pdf/SquadLists-English.pdf,20,2025-07-04,FIFA Club World Cup 2025,male,intermiamicf:17,17,DF,FRAY Ian,2002-08-31,22,2025-06-14,USA,183,2,93,93.0,21,0,1,12,7,18939.0,35.5,80
intermiamicf,Inter Miami CF,USA,https://fdp.fifa.org/assetspublic/ce233/pdf/SquadLists-English.pdf,20,2025-07-04,FIFA Club World Cup 2025,male,intermiamicf:18,18,DF,ALBA Jordi,1989-03-21,36,2025-06-14,Spain,170,3,55,84.615,15,0,0,6,2,16425.9,31.9,79
intermiamicf,Inter Miami CF,USA,https://fdp.fifa.org/assetspublic/ce233/pdf/SquadLists-English.pdf,20,2025-07-04,FIFA Club World Cup 2025,male,intermiamicf:19,19,GK,USTARI Oscar,1986-07-03,38,2025-06-14,Argentina,183,4,117,78.523,44,0,0,0,37,20657.1,21.7,2
intermiamicf,Inter Miami CF,USA,https://fdp.fifa.org/assetspublic/ce233/pdf/SquadLists-English.pdf,20,2025-07-04,FIFA Club World Cup 2025,male,intermiamicf:21,21,FW,ALLENDE Tadeo,1999-02-20,26,2025-06-14,Argentina,185,4,57,81.429,9,1,6,15,3,37547.3,41.7,198
intermiamicf,Inter Miami CF,USA,https://fdp.fifa.org/assetspublic/ce233/pdf/SquadLists-English.pdf,20,2025-07-04,FIFA Club World Cup 2025,male,intermiamicf:30,30,MF,CREMASCHI Benjamin,2005-03-02,20,2025-06-14,USA,180,4,56,82.353,10,0,2,11,7,19925.5,30.7,113
intermiamicf,Inter Miami CF,USA,https://fdp.fifa.org/assetspublic/ce233/pdf/SquadLists-English.pdf,20,2025-07-04,FIFA Club World Cup 2025,male,intermiamicf:32,32,DF,ALLEN Noah,2004-04-28,21,2025-06-14,Greece,175,4,96,86.486,27,0,0,13,18,34463.7,41.1,178
intermiamicf,Inter Miami CF,USA,https://fdp.fifa.org/assetspublic/ce233/pdf/SquadLists-English.pdf,20,2025-07-04,FIFA Club World Cup 2025,male,intermiamicf:37,37,DF,FALCON Maximiliano,1997-05-01,28,2025-06-14,Uruguay,180,4,180,94.737,47,0,1,8,21,37742.5,41.9,137
intermiamicf,Inter Miami CF,USA,https://fdp.fifa.org/assetspublic/ce233/pdf/SquadLists-English.pdf,20,2025-07-04,FIFA Club World Cup 2025,male,intermiamicf:55,55,MF,REDONDO Federico,2003-01-18,22,2025-06-14,Argentina,188,4,139,89.103,31,0,2,20,10,33019.6,35.0,125
intermiamicf,Inter Miami CF,USA,https://fdp.fifa.org/assetspublic/ce233/pdf/SquadLists-English.pdf,20,2025-07-04,FIFA Club World Cup 2025,male,intermiamicf:57,57,DF,WEIGANDT Marcelo,2000-01-11,25,2025-06-14,Argentina,175,4,116,89.922,32,0,1,17,19,32013.7,32.8,158
juventusfc,Juventus FC,ITA,https://fdp.fifa.org/assetspublic/ce233/pdf/SquadLists-English.pdf,21,2025-07-04,FIFA Club World Cup 2025,male,juventusfc:2,2,DF,ALBERTO COSTA,2003-09-29,21,2025-06-14,Portugal,185,4,89,80.18,16,0,3,26,10,37025.5,34.6,182
juventusfc,Juventus FC,ITA,https://fdp.fifa.org/assetspublic/ce233/pdf/SquadLists-English.pdf,21,2025-07-04,FIFA Club World Cup 2025,male,juventusfc:4,4,DF,GATTI Federico,1998-06-24,26,2025-06-14,Italy,192,4,36,97.297,5,0,0,2,2,7891.4,29.9,26
juventusfc,Juventus FC,ITA,https://fdp.fifa.org/assetspublic/ce233/pdf/SquadLists-English.pdf,21,2025-07-04,FIFA Club World Cup 2025,male,juventusfc:5,5,MF,LOCATELLI Manuel,1998-01-08,27,2025-06-14,Italy,184,3,97,88.991,42,0,0,10,5,19373.9,29.1,30
juventusfc,Juventus FC,ITA,https://fdp.fifa.org/assetspublic/ce233/pdf/SquadLists-English.pdf,21,2025-07-04,FIFA Club World Cup 2025,male,juventusfc:6,6,DF,KELLY Lloyd,1998-10-06,26,2025-06-14,England,188,4,186,90.291,45,0,2,11,15,37220.5,32.0,133
juventusfc,Juventus FC,ITA,https://fdp.fifa.org/assetspublic/ce233/pdf/SquadLists-English.pdf,21,2025-07-04,FIFA Club World Cup 2025,male,juventusfc:7,7,FW,FRANCISCO CONCEICAO,2002-12-14,22,2025-06-14,Portugal,166,3,71,91.026,16,2,5,12,5,27909.0,32.6,128
juventusfc,Juventus FC,ITA,https://fdp.fifa.org/assetspublic/ce233/pdf/SquadLists-English.pdf,21,2025-07-04,FIFA Club World Cup 2025,male,juventusfc:8,8,MF,KOOPMEINERS Teun,1998-02-28,27,2025-06-14,Netherlands,184,4,57,83.824,9,1,1,6,6,20090.0,30.7,67
juventusfc,Juventus FC,ITA,https://fdp.fifa.org/assetspublic/ce233/pdf/SquadLists-English.pdf,21,2025-07-04,FIFA Club World Cup 2025,male,juventusfc:9,9,FW,VLAHOVIC Dusan,2000-01-28,25,2025-06-14,Serbia,191,3,15,83.333,0,2,3,2,1,14614.5,32.0,35
juventusfc,Juventus FC,ITA,https://fdp.fifa.org/assetspublic/ce233/pdf/SquadLists-English.pdf,21,2025-07-04,FIFA Club World Cup 2025,male,juventusfc:10,10,FW,YILDIZ Kenan,2005-05-04,20,2025-06-14,Türkiye,185,4,85,89.474,21,3,9,9,8,29044.5,31.3,100
juventusfc,Juventus FC,ITA,https://fdp.fifa.org/assetspublic/ce233/pdf/SquadLists-English.pdf,21,2025-07-04,FIFA Club World Cup 2025,male,juventusfc:11,11,FW,GONZALEZ Nico,1998-04-06,27,2025-06-14,Argentina,180,3,23,88.462,5,0,1,13,4,16541.9,33.2,35
juventusfc,Juventus FC,ITA,https://fdp.fifa.org/assetspublic/ce233/pdf/SquadLists-English.pdf,21,2025-07-04,FIFA Club World Cup 2025,male,juventusfc:15,15,DF,KALULU Pierre,2000-06-05,25,2025-06-14,France,182,4,214,94.273,45,0,0,23,18,40218.6,33.9,149
juventusfc,Juventus FC,ITA,https://fdp.fifa.org/assetspublic/ce233/pdf/SquadLists-English.pdf,21,2025-07-04,FIFA Club World Cup 2025,male,juventusfc:16,16,MF,McKENNIE Weston,1998-08-28,26,2025-06-14,USA,180,4,82,85.417,13,0,1,6,8,28907.7,30.5,85
juventusfc,Juventus FC,ITA,https://fdp.fifa.org/assetspublic/ce233/pdf/SquadLists-English.pdf,21,2025-07-04,FIFA Club World Cup 2025,male,juventusfc:17,17,MF,ADZIC Vasilije,2006-05-12,19,2025-06-14,Montenegro,187,1,1,33.333,0,0,0,1,1,1554.3,27.7,1
juventusfc,Juventus FC,ITA,https://fdp.fifa.org/assetspublic/ce233/pdf/SquadLists-English.pdf,21,2025-07-04,FIFA Club World Cup 2025,male,juventusfc:18,18,MF,KOSTIC Filip,1992-11-01,32,2025-06-14,Serbia,184,2,30,81.081,5,0,0,12,6,14149.3,32.3,40
juventusfc,Juventus FC,ITA,https://fdp.fifa.org/assetspublic/ce233/pdf/SquadLists-English.pdf,21,2025-07-04,FIFA Club World Cup 2025,male,juventusfc:19,19,MF,THURAM Khephren,2001-03-26,24,2025-06-14,France,193,4,149,89.222,40,0,2,9,9,30989.5,30.0,75
juventusfc,Juventus FC,ITA,https://fdp.fifa.org/assetspublic/ce233/pdf/SquadLists-English.pdf,21,2025-07-04,FIFA Club World Cup 2025,male,juventusfc:20,20,FW,KOLO MUANI Randal,1998-12-05,26,2025-06-14,France,187,3,35,77.778,2,2,5,8,1,25949.2,35.4,116
juventusfc,Juventus FC,ITA,https://fdp.fifa.org/assetspublic/ce233/pdf/SquadLists-English.pdf,21,2025-07-04,FIFA Club World Cup 2025,male,juventusfc:22,22,FW,WEAH Timothy,2000-02-22,25,2025-06-14,USA,181,1,32,91.429,10,0,0,1,1,5580.3,28.8,29
juventusfc,Juventus FC,ITA,https://fdp.fifa.org/assetspublic/ce233/pdf/SquadLists-English.pdf,21,2025-07-04,FIFA Club World Cup 2025,male,juventusfc:24,24,DF,RUGANI Daniele,1994-07-29,30,2025-06-14,Italy,190,1,39,97.5,3,0,0,1,5,8493.4,29.3,14
juventusfc,Juventus FC,ITA,https://fdp.fifa.org/assetspublic/ce233/pdf/SquadLists-English.pdf,21,2025-07-04,FIFA Club World Cup 2025,male,juventusfc:26,26,MF,DOUGLAS LUIZ,1998-05-09,27,2025-06-14,Brazil,180,1,51,96.226,15,0,2,1,2,5798.9,28.4,17
juventusfc,Juventus FC,ITA,https://fdp.fifa.org/assetspublic/ce233/pdf/SquadLists-English.pdf,21,2025-07-04,FIFA Club World Cup 2025,male,juventusfc:27,27,DF,CAMBIASO Andrea,2000-02-20,25,2025-06-14,Italy,182,4,134,85.35,19,0,1,5,9,31531.8,32.4,146
juventusfc,Juventus FC,ITA,https://fdp.fifa.org/assetspublic/ce233/pdf/SquadLists-English.pdf,21,2025-07-04,FIFA Club World Cup 2025,male,juventusfc:29,29,GK,DI GREGORIO Michele,1997-07-27,27,2025-06-14,Italy,185,4,92,74.797,27,0,0,0,25,21969.2,28.2,13
juventusfc,Juventus FC,ITA,https://fdp.fifa.org/assetspublic/ce233/pdf/SquadLists-English.pdf,21,2025-07-04,FIFA Club World Cup 2025,male,juventusfc:37,37,DF,SAVONA Nicolo,2003-03-19,22,2025-06-14,Italy,190,3,146,93.59,28,0,0,13,16,24851.9,32.6,80
lafc,LAFC,USA,https://fdp.fifa.org/assetspublic/ce233/pdf/SquadLists-English.pdf,22,2025-07-04,FIFA Club World Cup 2025,male,lafc:1,1,GK,LLORIS Hugo,1986-12-26,38,2025-06-14,France,187,3,58,69.88,22,0,0,0,17,14444.4,26.7,3
lafc,LAFC,USA,https://fdp.fifa.org/assetspublic/ce233/pdf/SquadLists-English.pdf,22,2025-07-04,FIFA Club World Cup 2025,male,lafc:4,4,DF,SEGURA Eddie,1997-02-02,28,2025-06-14,Colombia,182,3,161,93.064,40,0,2,16,15,29402.6,30.8,92
lafc,LAFC,USA,https://fdp.fifa.org/assetspublic/ce233/pdf/SquadLists-English.pdf,22,2025-07-04,FIFA Club World Cup 2025,male,lafc:5,5,DF,MARLON,1995-09-07,29,2025-06-14,Brazil,188,3,38,92.683,12,0,0,3,3,7252.9,29.5,15
lafc,LAFC,USA,https://fdp.fifa.org/assetspublic/ce233/pdf/SquadLists-English.pdf,22,2025-07-04,FIFA Club World Cup 2025,male,lafc:6,6,MF,IGOR JESUS,2003-03-07,22,2025-06-14,Brazil,185,3,148,90.798,31,0,0,17,10,30823.1,31.1,112
lafc,LAFC,USA,https://fdp.fifa.org/assetspublic/ce233/pdf/SquadLists-English.pdf,22,2025-07-04,FIFA Club World Cup 2025,male,lafc:8,8,MF,DELGADO Marky,1995-05-16,30,2025-06-14,USA,177,3,125,87.413,29,0,1,12,4,31165.4,31.2,127
lafc,LAFC,USA,https://fdp.fifa.org/assetspublic/ce233/pdf/SquadLists-English.pdf,22,2025-07-04,FIFA Club World Cup 2025,male,lafc:9,9,FW,GIROUD Olivier,1986-09-30,38,2025-06-14,France,193,3,23,74.194,1,0,1,6,4,17632.5,29.6,87
lafc,LAFC,USA,https://fdp.fifa.org/assetspublic/ce233/pdf/SquadLists-English.pdf,22,2025-07-04,FIFA Club World Cup 2025,male,lafc:11,11,MF,TILLMAN Timothy,1999-01-04,26,2025-06-14,USA,182,3,73,87.952,21,0,1,11,7,21715.6,31.2,90
lafc,LAFC,USA,https://fdp.fifa.org/assetspublic/ce233/pdf/SquadLists-English.pdf,22,2025-07-04,FIFA Club World Cup 2025,male,lafc:14,14,DF,PALENCIA Sergi,1996-03-23,29,2025-06-14,Spain,177,3,156,90.173,42,0,0,27,16,30017.2,31.4,103
lafc,LAFC,USA,https://fdp.fifa.org/assetspublic/ce233/pdf/SquadLists-English.pdf,22,2025-07-04,FIFA Club World Cup 2025,male,lafc:17,17,FW,EBOBISSE Jeremy,1997-02-14,28,2025-06-14,USA,188,2,6,75.0,1,0,0,3,0,6857.7,29.8,33
lafc,LAFC,USA,https://fdp.fifa.org/assetspublic/ce233/pdf/SquadLists-English.pdf,22,2025-07-04,FIFA Club World Cup 2025,male,lafc:20,20,MF,YEBOAH Yaw,1997-03-28,28,2025-06-14,Ghana,175,2,13,92.857,1,0,0,2,1,3134.8,28.1,15
lafc,LAFC,USA,https://fdp.fifa.org/assetspublic/ce233/pdf/SquadLists-English.pdf,22,2025-07-04,FIFA Club World Cup 2025,male,lafc:23,23,MF,AMAYA Frankie,2000-09-26,24,2025-06-14,USA,170,3,23,92.0,4,0,0,6,1,4570.1,30.9,18
lafc,LAFC,USA,https://fdp.fifa.org/assetspublic/ce233/pdf/SquadLists-English.pdf,22,2025-07-04,FIFA Club World Cup 2025,male,lafc:24,24,DF,HOLLINGSHEAD Ryan,1991-04-16,34,2025-06-14,USA,187,3,85,84.158,18,0,1,5,8,29507.5,31.9,120
lafc,LAFC,USA,https://fdp.fifa.org/assetspublic/ce233/pdf/SquadLists-English.pdf,22,2025-07-04,FIFA Club World Cup 2025,male,lafc:26,26,FW,DILROSUN Javairo,1998-06-22,26,2025-06-14,Netherlands,182,2,29,90.625,7,0,2,2,1,12230.7,31.2,55
lafc,LAFC,USA,https://fdp.fifa.org/assetspublic/ce233/pdf/SquadLists-English.pdf,22,2025-07-04,FIFA Club World Cup 2025,male,lafc:27,27,FW,ORDAZ Nathan,2004-01-12,21,2025-06-14,El Salvador,185,1,8,88.889,0,0,0,3,1,4735.1,32.1,29
lafc,LAFC,USA,https://fdp.fifa.org/assetspublic/ce233/pdf/SquadLists-English.pdf,22,2025-07-04,FIFA Club World Cup 2025,male,lafc:29,29,DF,SMOLIAKOV Artem,2003-05-29,22,2025-06-14,Ukraine,182,1,14,93.333,2,0,0,0,1,5287.1,32.6,26
lafc,LAFC,USA,https://fdp.fifa.org/assetspublic/ce233/pdf/SquadLists-English.pdf,22,2025-07-04,FIFA Club World Cup 2025,male,lafc:30,30,FW,MARTINEZ David,2006-02-07,19,2025-06-14,Venezuela,183,3,42,85.714,9,0,5,10,1,19544.4,32.8,86
lafc,LAFC,USA,https://fdp.fifa.org/assetspublic/ce233/pdf/SquadLists-English.pdf,22,2025-07-04,FIFA Club World Cup 2025,male,lafc:33,33,DF,LONG Aaron,1992-10-12,32,2025-06-14,USA,188,3,143,94.702,20,0,0,10,14,27729.3,34.5,68
lafc,LAFC,USA,https://fdp.fifa.org/assetspublic/ce233/pdf/SquadLists-English.pdf,22,2025-07-04,FIFA Club World Cup 2025,male,lafc:99,99,FW,BOUANGA Denis,1994-11-11,30,2025-06-14,Gabon,183,3,40,68.966,4,1,10,14,3,30861.4,34.6,124
mamelodisundownsfc,Mamelodi Sundowns FC,RSA,https://fdp.fifa.org/assetspublic/ce233/pdf/SquadLists-English.pdf,23,2025-07-04,FIFA Club World Cup 2025,male,mamelodisundownsfc:4,4,MF,MOKOENA Teboho,1997-01-24,28,2025-06-14,South Africa,177,3,192,89.72,44,0,8,12,13,21813.3,34.1,62
mamelodisundownsfc,Mamelodi Sundowns FC,RSA,https://fdp.fifa.org/assetspublic/ce233/pdf/SquadLists-English.pdf,23,2025-07-04,FIFA Club World Cup 2025,male,mamelodisundownsfc:5,5,DF,LEBUSA Mosa,1992-10-10,32,2025-06-14,South Africa,184,1,20,95.238,0,0,0,0,1,3165.2,28.5,14
mamelodisundownsfc,Mamelodi Sundowns FC,RSA,https://fdp.fifa.org/assetspublic/ce233/pdf/SquadLists-English.pdf,23,2025-07-04,FIFA Club World Cup 2025,male,mamelodisundownsfc:8,8,MF,ADAMS Jayden,2001-05-05,24,2025-06-14,South Africa,177,3,75,91.463,16,0,0,9,3,8972.3,31.1,27
mamelodisundownsfc,Mamelodi Sundowns FC,RSA,https://fdp.fifa.org/assetspublic/ce233/pdf/SquadLists-English.pdf,23,2025-07-04,FIFA Club World Cup 2025,male,mamelodisundownsfc:9,9,FW,ARTHUR SALES,2002-07-03,22,2025-06-14,Brazil,183,3,34,75.556,5,0,1,7,2,14679.7,32.0,82
mamelodisundownsfc,Mamelodi Sundowns FC,RSA,https://fdp.fifa.org/assetspublic/ce233/pdf/SquadLists-English.pdf,23,2025-07-04,FIFA Club World Cup 2025,male,mamelodisundownsfc:10,10,FW,LUCAS RIBEIRO,1998-10-09,26,2025-06-14,Brazil,177,3,89,85.577,25,1,8,12,6,21487.5,32.7,72
mamelodisundownsfc,Mamelodi Sundowns FC,RSA,https://fdp.fifa.org/assetspublic/ce233/pdf/SquadLists-English.pdf,23,2025-07-04,FIFA Club World Cup 2025,male,mamelodisundownsfc:11,11,MF,ALLENDE Marcelo,1999-04-07,26,2025-06-14,Chile,165,3,201,93.488,34,0,4,9,8,34855.8,28.0,100
mamelodisundownsfc,Mamelodi Sundowns FC,RSA,https://fdp.fifa.org/assetspublic/ce233/pdf/SquadLists-English.pdf,23,2025-07-04,FIFA Club World Cup 2025,male,mamelodisundownsfc:13,13,FW,RAYNERS Iqraam,1995-12-19,29,2025-06-14,South Africa,174,3,30,78.947,3,2,4,8,4,24027.9,33.1,151
mamelodisundownsfc,Mamelodi Sundowns FC,RSA,https://fdp.fifa.org/assetspublic/ce233/pdf/SquadLists-English.pdf,23,2025-07-04,FIFA Club World Cup 2025,male,mamelodisundownsfc:15,15,MF,AUBAAS Bathusi,1995-05-14,30,2025-06-14,South Africa,180,1,10,100.0,2,0,0,1,1,2275.2,29.7,11
mamelodisundownsfc,Mamelodi Sundowns FC,RSA,https://fdp.fifa.org/assetspublic/ce233/pdf/SquadLists-English.pdf,23,2025-07-04,FIFA Club World Cup 2025,male,mamelodisundownsfc:16,16,FW,LETLHAKU Kutlwano,2006-03-25,19,2025-06-14,South Africa,173,2,8,88.889,2,0,0,4,2,2681.2,29.3,15
mamelodisundownsfc,Mamelodi Sundowns FC,RSA,https://fdp.fifa.org/assetspublic/ce233/pdf/SquadLists-English.pdf,23,2025-07-04,FIFA Club World Cup 2025,male,mamelodisundownsfc:17,17,FW,MATTHEWS Tashreeq,2000-09-12,24,2025-06-14,South Africa,173,3,38,90.476,4,0,4,15,6,17823.3,33.9,126
mamelodisundownsfc,Mamelodi Sundowns FC,RSA,https://fdp.fifa.org/assetspublic/ce233/pdf/SquadLists-English.pdf,23,2025-07-04,FIFA Club World Cup 2025,male,mamelodisundownsfc:18,18,MF,ZWANE Themba,1989-08-03,35,2025-06-14,South Africa,178,3,166,91.209,25,0,1,12,4,27365.7,28.8,84
mamelodisundownsfc,Mamelodi Sundowns FC,RSA,https://fdp.fifa.org/assetspublic/ce233/pdf/SquadLists-English.pdf,23,2025-07-04,FIFA Club World Cup 2025,male,mamelodisundownsfc:20,20,DF,KEKANA Grant,1992-10-31,32,2025-06-14,South Africa,183,3,193,96.02,26,0,0,1,7,26865.9,30.8,74
mamelodisundownsfc,Mamelodi Sundowns FC,RSA,https://fdp.fifa.org/assetspublic/ce233/pdf/SquadLists-English.pdf,23,2025-07-04,FIFA Club World Cup 2025,male,mamelodisundownsfc:24,24,DF,CUPIDO Keanu,1998-01-15,27,2025-06-14,South Africa,180,3,202,93.088,22,0,0,7,12,23722.8,30.6,66
mamelodisundownsfc,Mamelodi Sundowns FC,RSA,https://fdp.fifa.org/assetspublic/ce233/pdf/SquadLists-English.pdf,23,2025-07-04,FIFA Club World Cup 2025,male,mamelodisundownsfc:25,25,DF,MUDAU Khuliso,1995-04-26,30,2025-06-14,South Africa,179,3,164,83.673,20,0,1,14,12,26140.3,35.2,139
mamelodisundownsfc,Mamelodi Sundowns FC,RSA,https://fdp.fifa.org/assetspublic/ce233/pdf/SquadLists-English.pdf,23,2025-07-04,FIFA Club World Cup 2025,male,mamelodisundownsfc:27,27,DF,MORENA Thapelo,1993-08-06,31,2025-06-14,South Africa,170,1,10,100.0,0,0,0,2,2,2885.8,31.8,15
mamelodisundownsfc,Mamelodi Sundowns FC,RSA,https://fdp.fifa.org/assetspublic/ce233/pdf/SquadLists-English.pdf,23,2025-07-04,FIFA Club World Cup 2025,male,mamelodisundownsfc:29,29,DF,LUNGA Divine,1995-05-28,30,2025-06-14,Zimbabwe,181,3,146,86.391,33,0,2,17,17,27123.6,32.0,122
mamelodisundownsfc,Mamelodi Sundowns FC,RSA,https://fdp.fifa.org/assetspublic/ce233/pdf/SquadLists-English.pdf,23,2025-07-04,FIFA Club World Cup 2025,male,mamelodisundownsfc:30,30,GK,WILLIAMS Ronwen,1992-01-21,33,2025-06-14,South Africa,184,3,131,86.184,25,0,0,0,16,15773.7,23.0,3
mamelodisundownsfc,Mamelodi Sundowns FC,RSA,https://fdp.fifa.org/assetspublic/ce233/pdf/SquadLists-English.pdf,23,2025-07-04,FIFA Club World Cup 2025,male,mamelodisundownsfc:34,34,DF,MVALA Mothobi,1994-06-14,31,2025-06-14,South Africa,183,1,3,100.0,0,0,0,0,0,1211.2,25.7,8
mamelodisundownsfc,Mamelodi Sundowns FC,RSA,https://fdp.fifa.org/assetspublic/ce233/pdf/SquadLists-English.pdf,23,2025-07-04,FIFA Club World Cup 2025,male,mamelodisundownsfc:35,35,FW,MOTHIBA Lebo,1996-01-28,29,2025-06-14,South Africa,184,2,7,100.0,1,1,2,0,0,4609.0,34.2,24
mamelodisundownsfc,Mamelodi Sundowns FC,RSA,https://fdp.fifa.org/assetspublic/ce233/pdf/SquadLists-English.pdf,23,2025-07-04,FIFA Club World Cup 2025,male,mamelodisundownsfc:38,38,FW,SHALULILE Peter,1993-10-23,31,2025-06-14,Namibia,178,1,1,100.0,0,0,0,2,1,1821.6,26.1,4
manchestercity,Manchester City,ENG,https://fdp.fifa.org/assetspublic/ce233/pdf/SquadLists-English.pdf,24,2025-07-04,FIFA Club World Cup 2025,male,manchestercity:3,3,DF,RUBEN DIAS,1997-05-14,28,2025-06-14,Portugal,187,3,238,93.701,39,0,3,12,13,28395.7,32.8,100
manchestercity,Manchester City,ENG,https://fdp.fifa.org/assetspublic/ce233/pdf/SquadLists-English.pdf,24,2025-07-04,FIFA Club World Cup 2025,male,manchestercity:4,4,MF,REIJNDERS Tijjani,1998-07-29,26,2025-06-14,Netherlands,178,3,220,94.828,41,0,5,7,6,33396.6,33.5,102
manchestercity,Manchester City,ENG,https://fdp.fifa.org/assetspublic/ce233/pdf/SquadLists-English.pdf,24,2025-07-04,FIFA Club World Cup 2025,male,manchestercity:6,6,DF,AKE Nathan,1995-02-18,30,2025-06-14,Netherlands,180,2,129,96.269,23,0,1,2,12,16931.1,31.4,63
manchestercity,Manchester City,ENG,https://fdp.fifa.org/assetspublic/ce233/pdf/SquadLists-English.pdf,24,2025-07-04,FIFA Club World Cup 2025,male,manchestercity:7,7,FW,OMAR MARMOUSH,1999-02-07,26,2025-06-14,Egypt,180,3,29,82.857,5,0,7,6,2,16057.7,34.1,76
manchestercity,Manchester City,ENG,https://fdp.fifa.org/assetspublic/ce233/pdf/SquadLists-English.pdf,24,2025-07-04,FIFA Club World Cup 2025,male,manchestercity:9,9,FW,HAALAND Erling,2000-07-21,24,2025-06-14,Norway,195,4,31,83.784,3,3,16,3,2,28102.7,35.5,109
manchestercity,Manchester City,ENG,https://fdp.fifa.org/assetspublic/ce233/pdf/SquadLists-English.pdf,24,2025-07-04,FIFA Club World Cup 2025,male,manchestercity:11,11,MF,DOKU Jeremy,2002-05-27,23,2025-06-14,Belgium,173,3,100,91.743,24,2,14,12,4,27715.3,34.6,101
manchestercity,Manchester City,ENG,https://fdp.fifa.org/assetspublic/ce233/pdf/SquadLists-English.pdf,24,2025-07-04,FIFA Club World Cup 2025,male,manchestercity:14,14,MF,GONZALEZ Nico,2002-01-03,23,2025-06-14,Spain,189,1,60,95.238,17,0,0,2,1,7710.7,26.2,17
manchestercity,Manchester City,ENG,https://fdp.fifa.org/assetspublic/ce233/pdf/SquadLists-English.pdf,24,2025-07-04,FIFA Club World Cup 2025,male,manchestercity:16,16,MF,RODRI,1996-06-22,28,2025-06-14,Spain,190,4,203,90.625,43,0,4,13,10,22412.5,39.6,44
manchestercity,Manchester City,ENG,https://fdp.fifa.org/assetspublic/ce233/pdf/SquadLists-English.pdf,24,2025-07-04,FIFA Club World Cup 2025,male,manchestercity:18,18,GK,ORTEGA Stefan,1992-11-06,32,2025-06-14,Germany,185,1,31,91.176,1,0,0,0,4,5963.8,21.9,2
manchestercity,Manchester City,ENG,https://fdp.fifa.org/assetspublic/ce233/pdf/SquadLists-English.pdf,24,2025-07-04,FIFA Club World Cup 2025,male,manchestercity:19,19,MF,GUENDOGAN Ilkay,1990-10-24,34,2025-06-14,Germany,180,4,159,95.21,16,2,3,3,3,24165.8,29.7,92
manchestercity,Manchester City,ENG,https://fdp.fifa.org/assetspublic/ce233/pdf/SquadLists-English.pdf,24,2025-07-04,FIFA Club World Cup 2025,male,manchestercity:20,20,MF,BERNARDO SILVA,1994-08-10,30,2025-06-14,Portugal,173,3,131,92.254,20,1,6,8,6,35334.7,28.2,110
manchestercity,Manchester City,ENG,https://fdp.fifa.org/assetspublic/ce233/pdf/SquadLists-English.pdf,24,2025-07-04,FIFA Club World Cup 2025,male,manchestercity:21,21,DF,AIT-NOURI Rayan,2001-06-06,24,2025-06-14,Algeria,180,3,211,96.789,35,0,6,12,13,33713.0,34.0,133
manchestercity,Manchester City,ENG,https://fdp.fifa.org/assetspublic/ce233/pdf/SquadLists-English.pdf,24,2025-07-04,FIFA Club World Cup 2025,male,manchestercity:22,22,DF,VITOR REIS,2006-01-12,19,2025-06-14,Brazil,186,1,69,94.521,16,0,1,1,7,9977.5,33.1,42
manchestercity,Manchester City,ENG,https://fdp.fifa.org/assetspublic/ce233/pdf/SquadLists-English.pdf,24,2025-07-04,FIFA Club World Cup 2025,male,manchestercity:24,24,DF,GVARDIOL Josko,2002-01-23,23,2025-06-14,Croatia,185,2,124,94.656,32,0,2,1,10,15084.4,33.2,80
manchestercity,Manchester City,ENG,https://fdp.fifa.org/assetspublic/ce233/pdf/SquadLists-English.pdf,24,2025-07-04,FIFA Club World Cup 2025,male,manchestercity:25,25,DF,AKANJI Manuel,1995-07-19,29,2025-06-14,Switzerland,188,3,260,97.015,46,0,3,4,11,27276.3,34.0,89
manchestercity,Manchester City,ENG,https://fdp.fifa.org/assetspublic/ce233/pdf/SquadLists-English.pdf,24,2025-07-04,FIFA Club World Cup 2025,male,manchestercity:26,26,MF,SAVINHO,2004-04-10,21,2025-06-14,Brazil,179,3,128,92.086,24,1,7,8,4,33603.2,33.1,144
manchestercity,Manchester City,ENG,https://fdp.fifa.org/assetspublic/ce233/pdf/SquadLists-English.pdf,24,2025-07-04,FIFA Club World Cup 2025,male,manchestercity:27,27,MF,MATHEUS NUNES,1998-08-27,26,2025-06-14,Portugal,183,4,214,93.86,50,0,1,20,7,28126.4,32.8,113
manchestercity,Manchester City,ENG,https://fdp.fifa.org/assetspublic/ce233/pdf/SquadLists-English.pdf,24,2025-07-04,FIFA Club World Cup 2025,male,manchestercity:29,29,MF,CHERKI Rayan,2003-08-17,21,2025-06-14,France,180,4,92,85.185,23,1,3,2,3,16408.6,32.7,86
manchestercity,Manchester City,ENG,https://fdp.fifa.org/assetspublic/ce233/pdf/SquadLists-English.pdf,24,2025-07-04,FIFA Club World Cup 2025,male,manchestercity:30,30,MF,ECHEVERRI Claudio,2006-01-02,19,2025-06-14,Argentina,171,1,8,80.0,2,1,1,0,0,5561.8,30.0,22
manchestercity,Manchester City,ENG,https://fdp.fifa.org/assetspublic/ce233/pdf/SquadLists-English.pdf,24,2025-07-04,FIFA Club World Cup 2025,male,manchestercity:31,31,GK,EDERSON,1993-08-17,31,2025-06-14,Brazil,188,3,77,86.517,18,0,0,0,14,14628.0,24.7,6
manchestercity,Manchester City,ENG,https://fdp.fifa.org/assetspublic/ce233/pdf/SquadLists-English.pdf,24,2025-07-04,FIFA Club World Cup 2025,male,manchestercity:45,45,DF,KHUSANOV Abdukodir,2004-02-29,21,2025-06-14,Uzbekistan,186,1,66,94.286,14,0,1,2,3,6562.6,32.6,26
manchestercity,Manchester City,ENG,https://fdp.fifa.org/assetspublic/ce233/pdf/SquadLists-English.pdf,24,2025-07-04,FIFA Club World Cup 2025,male,manchestercity:47,47,MF,FODEN Phil,2000-05-28,25,2025-06-14,England,171,4,95,92.233,18,3,8,10,2,20690.5,31.5,94
manchestercity,Manchester City,ENG,https://fdp.fifa.org/assetspublic/ce233/pdf/SquadLists-English.pdf,24,2025-07-04,FIFA Club World Cup 2025,male,manchestercity:52,52,FW,BOBB Oscar,2003-07-12,21,2025-06-14,Norway,177,2,30,93.75,2,1,1,3,2,7629.4,31.2,46
manchestercity,Manchester City,ENG,https://fdp.fifa.org/assetspublic/ce233/pdf/SquadLists-English.pdf,24,2025-07-04,FIFA Club World Cup 2025,male,manchestercity:75,75,MF,OREILLY Nico,2005-03-21,20,2025-06-14,England,177,2,76,97.436,8,0,0,9,3,11748.6,33.2,46
manchestercity,Manchester City,ENG,https://fdp.fifa.org/assetspublic/ce233/pdf/SquadLists-English.pdf,24,2025-07-04,FIFA Club World Cup 2025,male,manchestercity:82,82,DF,LEWIS Rico,2004-11-21,20,2025-06-14,England,170,1,67,95.714,11,0,0,4,2,9791.0,31.6,35
palmeiras,Palmeiras,BRA,https://fdp.fifa.org/assetspublic/ce233/pdf/SquadLists-English.pdf,25,2025-07-04,FIFA Club World Cup 2025,male,palmeiras:2,2,DF,MARCOS ROCHA,1988-12-11,36,2025-06-14,Brazil,176,1,45,90.0,15,0,0,0,2,7353.9,29.8,33
palmeiras,Palmeiras,BRA,https://fdp.fifa.org/assetspublic/ce233/pdf/SquadLists-English.pdf,25,2025-07-04,FIFA Club World Cup 2025,male,palmeiras:3,3,DF,BRUNO FUCHS,1999-04-01,26,2025-06-14,Brazil,190,3,101,90.179,26,0,3,20,22,27613.5,33.0,98
palmeiras,Palmeiras,BRA,https://fdp.fifa.org/assetspublic/ce233/pdf/SquadLists-English.pdf,25,2025-07-04,FIFA Club World Cup 2025,male,palmeiras:4,4,DF,GIAY Agustin,2004-01-16,21,2025-06-14,Argentina,180,4,146,82.022,46,0,1,23,17,41801.1,42.7,162
palmeiras,Palmeiras,BRA,https://fdp.fifa.org/assetspublic/ce233/pdf/SquadLists-English.pdf,25,2025-07-04,FIFA Club World Cup 2025,male,palmeiras:5,5,MF,MORENO Anibal,1999-05-13,26,2025-06-14,Argentina,178,4,64,92.754,16,0,2,15,13,23601.2,31.5,93
palmeiras,Palmeiras,BRA,https://fdp.fifa.org/assetspublic/ce233/pdf/SquadLists-English.pdf,25,2025-07-04,FIFA Club World Cup 2025,male,palmeiras:6,6,DF,VANDERLAN,2002-09-07,22,2025-06-14,Brazil,183,2,26,72.222,2,0,2,6,2,11187.8,35.2,55
palmeiras,Palmeiras,BRA,https://fdp.fifa.org/assetspublic/ce233/pdf/SquadLists-English.pdf,25,2025-07-04,FIFA Club World Cup 2025,male,palmeiras:7,7,MF,FELIPE ANDERSON,1993-04-15,32,2025-06-14,Brazil,175,1,21,87.5,7,0,0,2,1,7153.2,31.5,40
palmeiras,Palmeiras,BRA,https://fdp.fifa.org/assetspublic/ce233/pdf/SquadLists-English.pdf,25,2025-07-04,FIFA Club World Cup 2025,male,palmeiras:8,8,MF,RIOS Richard,2000-06-02,25,2025-06-14,Colombia,185,5,160,86.022,45,0,8,39,20,53595.6,32.2,284
palmeiras,Palmeiras,BRA,https://fdp.fifa.org/assetspublic/ce233/pdf/SquadLists-English.pdf,25,2025-07-04,FIFA Club World Cup 2025,male,palmeiras:9,9,FW,VITOR ROQUE,2005-02-28,20,2025-06-14,Brazil,172,5,26,72.222,5,0,7,7,3,29729.0,33.7,161
palmeiras,Palmeiras,BRA,https://fdp.fifa.org/assetspublic/ce233/pdf/SquadLists-English.pdf,25,2025-07-04,FIFA Club World Cup 2025,male,palmeiras:10,10,FW,PAULINHO,2000-07-15,24,2025-06-14,Brazil,177,5,63,91.304,19,2,8,2,3,17077.7,33.3,100
palmeiras,Palmeiras,BRA,https://fdp.fifa.org/assetspublic/ce233/pdf/SquadLists-English.pdf,25,2025-07-04,FIFA Club World Cup 2025,male,palmeiras:12,12,DF,MAYKE,1992-11-10,32,2025-06-14,Brazil,179,1,9,81.818,0,0,0,1,2,6299.3,30.8,29
palmeiras,Palmeiras,BRA,https://fdp.fifa.org/assetspublic/ce233/pdf/SquadLists-English.pdf,25,2025-07-04,FIFA Club World Cup 2025,male,palmeiras:13,13,DF,MICAEL,2000-08-12,24,2025-06-14,Brazil,190,2,38,95.0,9,0,0,4,6,11173.5,30.3,37
palmeiras,Palmeiras,BRA,https://fdp.fifa.org/assetspublic/ce233/pdf/SquadLists-English.pdf,25,2025-07-04,FIFA Club World Cup 2025,male,palmeiras:15,15,DF,GOMEZ Gustavo,1993-05-06,32,2025-06-14,Paraguay,179,4,135,86.538,27,0,5,21,20,38878.4,31.1,138
palmeiras,Palmeiras,BRA,https://fdp.fifa.org/assetspublic/ce233/pdf/SquadLists-English.pdf,25,2025-07-04,FIFA Club World Cup 2025,male,palmeiras:17,17,FW,TORRES Facundo,2000-04-13,25,2025-06-14,Uruguay,175,4,53,82.812,12,0,4,11,5,29219.1,40.0,150
palmeiras,Palmeiras,BRA,https://fdp.fifa.org/assetspublic/ce233/pdf/SquadLists-English.pdf,25,2025-07-04,FIFA Club World Cup 2025,male,palmeiras:18,18,FW,MAURICIO,2001-06-22,23,2025-06-14,Brazil,175,5,85,84.158,20,1,9,10,5,31560.4,40.2,163
palmeiras,Palmeiras,BRA,https://fdp.fifa.org/assetspublic/ce233/pdf/SquadLists-English.pdf,25,2025-07-04,FIFA Club World Cup 2025,male,palmeiras:21,21,GK,WEVERTON,1987-12-13,37,2025-06-14,Brazil,189,5,97,64.667,18,0,0,0,28,28441.9,24.9,12
palmeiras,Palmeiras,BRA,https://fdp.fifa.org/assetspublic/ce233/pdf/SquadLists-English.pdf,25,2025-07-04,FIFA Club World Cup 2025,male,palmeiras:22,22,DF,PIQUEREZ Joaquin,1998-08-24,26,2025-06-14,Uruguay,185,4,179,86.058,47,0,4,20,17,42930.0,43.6,214
palmeiras,Palmeiras,BRA,https://fdp.fifa.org/assetspublic/ce233/pdf/SquadLists-English.pdf,25,2025-07-04,FIFA Club World Cup 2025,male,palmeiras:23,23,MF,RAPHAEL VEIGA,1995-06-19,29,2025-06-14,Brazil,178,4,40,78.431,7,0,1,7,4,16223.4,31.4,82
palmeiras,Palmeiras,BRA,https://fdp.fifa.org/assetspublic/ce233/pdf/SquadLists-English.pdf,25,2025-07-04,FIFA Club World Cup 2025,male,palmeiras:26,26,DF,MURILO,1997-03-27,28,2025-06-14,Brazil,188,3,75,88.235,30,0,1,2,8,18925.0,33.8,68
palmeiras,Palmeiras,BRA,https://fdp.fifa.org/assetspublic/ce233/pdf/SquadLists-English.pdf,25,2025-07-04,FIFA Club World Cup 2025,male,palmeiras:30,30,MF,LUCAS EVANGELISTA,1995-02-06,30,2025-06-14,Brazil,183,2,41,93.182,10,0,1,5,4,9691.0,28.9,33
palmeiras,Palmeiras,BRA,https://fdp.fifa.org/assetspublic/ce233/pdf/SquadLists-English.pdf,25,2025-07-04,FIFA Club World Cup 2025,male,palmeiras:31,31,FW,LUIGHI,2006-04-30,19,2025-06-14,Brazil,182,1,11,84.615,0,0,1,1,1,7334.3,31.2,25
palmeiras,Palmeiras,BRA,https://fdp.fifa.org/assetspublic/ce233/pdf/SquadLists-English.pdf,25,2025-07-04,FIFA Club World Cup 2025,male,palmeiras:32,32,MF,MARTINEZ Emiliano,1999-08-17,25,2025-06-14,Uruguay,184,3,63,90.0,17,0,0,12,9,22993.2,30.1,80
palmeiras,Palmeiras,BRA,https://fdp.fifa.org/assetspublic/ce233/pdf/SquadLists-English.pdf,25,2025-07-04,FIFA Club World Cup 2025,male,palmeiras:40,40,MF,ALLAN,2004-04-19,21,2025-06-14,Brazil,176,4,34,85.0,11,0,2,7,3,21607.0,31.6,114
palmeiras,Palmeiras,BRA,https://fdp.fifa.org/assetspublic/ce233/pdf/SquadLists-English.pdf,25,2025-07-04,FIFA Club World Cup 2025,male,palmeiras:41,41,FW,ESTEVAO,2007-04-24,18,2025-06-14,Brazil,176,5,71,80.682,14,1,10,16,4,41830.5,44.9,230
palmeiras,Palmeiras,BRA,https://fdp.fifa.org/assetspublic/ce233/pdf/SquadLists-English.pdf,25,2025-07-04,FIFA Club World Cup 2025,male,palmeiras:42,42,FW,LOPEZ Jose Manuel,2000-12-06,24,2025-06-14,Argentina,190,4,19,67.857,3,1,7,9,2,18510.6,36.8,93
parissaintgermain,Paris Saint-Germain,FRA,https://fdp.fifa.org/assetspublic/ce233/pdf/SquadLists-English.pdf,26,2025-07-04,FIFA Club World Cup 2025,male,parissaintgermain:1,1,GK,DONNARUMMA Gianluigi,1999-02-25,26,2025-06-14,Italy,200,7,164,84.536,16,0,0,0,35,32313.4,26.0,21
parissaintgermain,Paris Saint-Germain,FRA,https://fdp.fifa.org/assetspublic/ce233/pdf/SquadLists-English.pdf,26,2025-07-04,FIFA Club World Cup 2025,male,parissaintgermain:2,2,DF,HAKIMI Achraf,1998-11-04,26,2025-06-14,Morocco,180,7,481,89.739,100,2,8,26,23,68620.0,35.4,395
parissaintgermain,Paris Saint-Germain,FRA,https://fdp.fifa.org/assetspublic/ce233/pdf/SquadLists-English.pdf,26,2025-07-04,FIFA Club World Cup 2025,male,parissaintgermain:4,4,DF,LUCAS BERALDO,2003-11-24,21,2025-06-14,Brazil,181,5,250,98.425,60,0,1,10,25,33578.2,31.0,103
parissaintgermain,Paris Saint-Germain,FRA,https://fdp.fifa.org/assetspublic/ce233/pdf/SquadLists-English.pdf,26,2025-07-04,FIFA Club World Cup 2025,male,parissaintgermain:5,5,DF,MARQUINHOS,1994-05-14,31,2025-06-14,Brazil,180,6,428,96.833,111,0,0,13,25,54870.6,35.2,229
parissaintgermain,Paris Saint-Germain,FRA,https://fdp.fifa.org/assetspublic/ce233/pdf/SquadLists-English.pdf,26,2025-07-04,FIFA Club World Cup 2025,male,parissaintgermain:7,7,FW,KVARATSKHELIA Khvicha,2001-02-12,24,2025-06-14,Georgia,181,7,214,88.797,37,1,21,28,10,55404.8,34.8,266
parissaintgermain,Paris Saint-Germain,FRA,https://fdp.fifa.org/assetspublic/ce233/pdf/SquadLists-English.pdf,26,2025-07-04,FIFA Club World Cup 2025,male,parissaintgermain:8,8,MF,RUIZ Fabian,1996-04-03,29,2025-06-14,Spain,188,7,342,89.764,94,3,6,20,13,57633.3,38.1,226
parissaintgermain,Paris Saint-Germain,FRA,https://fdp.fifa.org/assetspublic/ce233/pdf/SquadLists-English.pdf,26,2025-07-04,FIFA Club World Cup 2025,male,parissaintgermain:9,9,FW,GONCALO RAMOS,2001-06-20,23,2025-06-14,Portugal,185,5,32,84.211,3,1,7,7,0,23811.4,36.2,145
parissaintgermain,Paris Saint-Germain,FRA,https://fdp.fifa.org/assetspublic/ce233/pdf/SquadLists-English.pdf,26,2025-07-04,FIFA Club World Cup 2025,male,parissaintgermain:10,10,FW,DEMBELE Ousmane,1997-05-15,28,2025-06-14,France,179,4,79,82.292,26,2,7,8,3,24689.7,31.4,136
parissaintgermain,Paris Saint-Germain,FRA,https://fdp.fifa.org/assetspublic/ce233/pdf/SquadLists-English.pdf,26,2025-07-04,FIFA Club World Cup 2025,male,parissaintgermain:14,14,FW,DOUE Desire,2005-06-03,20,2025-06-14,France,182,7,250,85.324,62,1,13,25,13,67779.6,35.0,382
parissaintgermain,Paris Saint-Germain,FRA,https://fdp.fifa.org/assetspublic/ce233/pdf/SquadLists-English.pdf,26,2025-07-04,FIFA Club World Cup 2025,male,parissaintgermain:17,17,MF,VITINHA,2000-02-13,25,2025-06-14,Portugal,170,7,722,93.645,207,1,8,8,23,81211.2,31.6,332
parissaintgermain,Paris Saint-Germain,FRA,https://fdp.fifa.org/assetspublic/ce233/pdf/SquadLists-English.pdf,26,2025-07-04,FIFA Club World Cup 2025,male,parissaintgermain:19,19,MF,LEE Kangin,2001-02-19,24,2025-06-14,Korea Republic,174,4,62,93.939,10,1,3,2,1,8217.0,29.6,45
parissaintgermain,Paris Saint-Germain,FRA,https://fdp.fifa.org/assetspublic/ce233/pdf/SquadLists-English.pdf,26,2025-07-04,FIFA Club World Cup 2025,male,parissaintgermain:21,21,DF,HERNANDEZ Lucas,1996-02-14,29,2025-06-14,France,184,4,90,92.784,22,0,0,7,4,11935.4,32.6,55
parissaintgermain,Paris Saint-Germain,FRA,https://fdp.fifa.org/assetspublic/ce233/pdf/SquadLists-English.pdf,26,2025-07-04,FIFA Club World Cup 2025,male,parissaintgermain:24,24,MF,MAYULU Senny,2006-05-17,19,2025-06-14,France,185,5,73,84.884,4,1,3,15,6,25917.2,32.8,143
parissaintgermain,Paris Saint-Germain,FRA,https://fdp.fifa.org/assetspublic/ce233/pdf/SquadLists-English.pdf,26,2025-07-04,FIFA Club World Cup 2025,male,parissaintgermain:25,25,DF,NUNO MENDES,2002-06-19,22,2025-06-14,Portugal,177,7,359,89.75,134,0,5,31,30,53101.8,37.0,242
parissaintgermain,Paris Saint-Germain,FRA,https://fdp.fifa.org/assetspublic/ce233/pdf/SquadLists-English.pdf,26,2025-07-04,FIFA Club World Cup 2025,male,parissaintgermain:29,29,FW,BARCOLA Bradley,2002-09-02,22,2025-06-14,France,187,6,84,91.304,14,0,8,17,6,32286.2,36.0,179
parissaintgermain,Paris Saint-Germain,FRA,https://fdp.fifa.org/assetspublic/ce233/pdf/SquadLists-English.pdf,26,2025-07-04,FIFA Club World Cup 2025,male,parissaintgermain:33,33,MF,ZAIRE-EMERY Warren,2006-03-08,19,2025-06-14,France,176,7,131,92.254,30,0,2,20,13,28797.2,32.9,135
parissaintgermain,Paris Saint-Germain,FRA,https://fdp.fifa.org/assetspublic/ce233/pdf/SquadLists-English.pdf,26,2025-07-04,FIFA Club World Cup 2025,male,parissaintgermain:49,49,FW,MBAYE Ibrahim,2008-01-24,17,2025-06-14,France,175,2,22,95.652,5,0,2,1,1,3032.4,32.1,19
parissaintgermain,Paris Saint-Germain,FRA,https://fdp.fifa.org/assetspublic/ce233/pdf/SquadLists-English.pdf,26,2025-07-04,FIFA Club World Cup 2025,male,parissaintgermain:51,51,DF,PACHO Willian,2001-10-16,23,2025-06-14,Ecuador,188,5,348,96.133,33,0,1,22,21,45148.0,33.4,192
parissaintgermain,Paris Saint-Germain,FRA,https://fdp.fifa.org/assetspublic/ce233/pdf/SquadLists-English.pdf,26,2025-07-04,FIFA Club World Cup 2025,male,parissaintgermain:87,87,MF,JOAO NEVES,2004-09-27,20,2025-06-14,Portugal,171,7,352,94.879,61,2,5,47,30,66656.5,32.2,311
realmadridcf,Real Madrid C. F.,ESP,https://fdp.fifa.org/assetspublic/ce233/pdf/SquadLists-English.pdf,27,2025-07-04,FIFA Club World Cup 2025,male,realmadridcf:1,1,GK,COURTOIS Thibaut,1992-05-11,33,2025-06-14,Belgium,199,6,133,78.235,45,0,0,0,32,31524.9,25.9,11
realmadridcf,Real Madrid C. F.,ESP,https://fdp.fifa.org/assetspublic/ce233/pdf/SquadLists-English.pdf,27,2025-07-04,FIFA Club World Cup 2025,male,realmadridcf:2,2,DF,CARVAJAL Dani,1992-01-11,33,2025-06-14,Spain,173,1,8,100.0,0,0,0,1,1,2145.0,31.7,10
realmadridcf,Real Madrid C. F.,ESP,https://fdp.fifa.org/assetspublic/ce233/pdf/SquadLists-English.pdf,27,2025-07-04,FIFA Club World Cup 2025,male,realmadridcf:3,3,DF,EDER MILITAO,1998-01-18,27,2025-06-14,Brazil,189,1,10,76.923,4,0,2,2,2,2815.1,30.4,18
realmadridcf,Real Madrid C. F.,ESP,https://fdp.fifa.org/assetspublic/ce233/pdf/SquadLists-English.pdf,27,2025-07-04,FIFA Club World Cup 2025,male,realmadridcf:5,5,MF,BELLINGHAM Jude,2003-06-29,21,2025-06-14,England,183,6,221,89.837,35,1,7,25,16,51631.4,32.8,218
realmadridcf,Real Madrid C. F.,ESP,https://fdp.fifa.org/assetspublic/ce233/pdf/SquadLists-English.pdf,27,2025-07-04,FIFA Club World Cup 2025,male,realmadridcf:7,7,FW,VINICIUS JUNIOR,2000-07-12,24,2025-06-14,Brazil,176,6,163,84.896,29,1,14,7,1,49339.4,34.6,257
realmadridcf,Real Madrid C. F.,ESP,https://fdp.fifa.org/assetspublic/ce233/pdf/SquadLists-English.pdf,27,2025-07-04,FIFA Club World Cup 2025,male,realmadridcf:8,8,MF,VALVERDE Federico,1998-07-22,26,2025-06-14,Uruguay,182,6,293,92.429,57,2,17,19,24,60672.5,35.5,277
realmadridcf,Real Madrid C. F.,ESP,https://fdp.fifa.org/assetspublic/ce233/pdf/SquadLists-English.pdf,27,2025-07-04,FIFA Club World Cup 2025,male,realmadridcf:9,9,FW,MBAPPE Kylian,1998-12-20,26,2025-06-14,France,180,3,33,82.5,8,1,6,1,2,13481.3,32.1,54
realmadridcf,Real Madrid C. F.,ESP,https://fdp.fifa.org/assetspublic/ce233/pdf/SquadLists-English.pdf,27,2025-07-04,FIFA Club World Cup 2025,male,realmadridcf:10,10,MF,MODRIC Luka,1985-09-09,39,2025-06-14,Croatia,172,6,117,92.126,33,0,1,3,4,16913.5,31.8,60
realmadridcf,Real Madrid C. F.,ESP,https://fdp.fifa.org/assetspublic/ce233/pdf/SquadLists-English.pdf,27,2025-07-04,FIFA Club World Cup 2025,male,realmadridcf:11,11,FW,RODRYGO,2001-01-09,24,2025-06-14,Brazil,174,3,42,97.674,10,0,2,2,3,11607.8,32.5,56
realmadridcf,Real Madrid C. F.,ESP,https://fdp.fifa.org/assetspublic/ce233/pdf/SquadLists-English.pdf,27,2025-07-04,FIFA Club World Cup 2025,male,realmadridcf:12,12,DF,ALEXANDER-ARNOLD Trent,1998-10-07,26,2025-06-14,England,180,5,220,85.938,58,0,1,14,17,41991.8,33.4,139
realmadridcf,Real Madrid C. F.,ESP,https://fdp.fifa.org/assetspublic/ce233/pdf/SquadLists-English.pdf,27,2025-07-04,FIFA Club World Cup 2025,male,realmadridcf:14,14,MF,TCHOUAMENI Aurelien,2000-01-27,25,2025-06-14,France,188,6,324,95.294,57,0,5,10,27,61727.1,32.3,181
realmadridcf,Real Madrid C. F.,ESP,https://fdp.fifa.org/assetspublic/ce233/pdf/SquadLists-English.pdf,27,2025-07-04,FIFA Club World Cup 2025,male,realmadridcf:15,15,MF,GULER Arda,2005-02-25,20,2025-06-14,Türkiye,175,6,305,91.592,81,1,11,28,16,54393.9,32.5,201
realmadridcf,Real Madrid C. F.,ESP,https://fdp.fifa.org/assetspublic/ce233/pdf/SquadLists-English.pdf,27,2025-07-04,FIFA Club World Cup 2025,male,realmadridcf:17,17,DF,VAZQUEZ Lucas,1991-07-01,33,2025-06-14,Spain,173,2,24,92.308,7,0,0,2,2,4531.7,29.3,30
realmadridcf,Real Madrid C. F.,ESP,https://fdp.fifa.org/assetspublic/ce233/pdf/SquadLists-English.pdf,27,2025-07-04,FIFA Club World Cup 2025,male,realmadridcf:19,19,MF,CEBALLOS Dani,1996-08-07,28,2025-06-14,Spain,179,4,80,98.765,15,0,0,5,3,10863.7,28.1,39
realmadridcf,Real Madrid C. F.,ESP,https://fdp.fifa.org/assetspublic/ce233/pdf/SquadLists-English.pdf,27,2025-07-04,FIFA Club World Cup 2025,male,realmadridcf:20,20,DF,GARCIA Fran,1999-08-14,25,2025-06-14,Spain,169,6,284,90.446,52,1,2,33,26,65192.0,33.7,376
realmadridcf,Real Madrid C. F.,ESP,https://fdp.fifa.org/assetspublic/ce233/pdf/SquadLists-English.pdf,27,2025-07-04,FIFA Club World Cup 2025,male,realmadridcf:21,21,FW,DIAZ Brahim,1999-08-03,25,2025-06-14,Morocco,170,4,54,96.429,7,0,1,5,1,13442.6,30.6,64
realmadridcf,Real Madrid C. F.,ESP,https://fdp.fifa.org/assetspublic/ce233/pdf/SquadLists-English.pdf,27,2025-07-04,FIFA Club World Cup 2025,male,realmadridcf:22,22,DF,RUEDIGER Antonio,1993-03-03,32,2025-06-14,Germany,190,5,183,92.893,31,0,2,9,7,38172.3,33.5,128
realmadridcf,Real Madrid C. F.,ESP,https://fdp.fifa.org/assetspublic/ce233/pdf/SquadLists-English.pdf,27,2025-07-04,FIFA Club World Cup 2025,male,realmadridcf:24,24,DF,HUIJSEN Dean,2005-04-14,20,2025-06-14,Spain,195,5,305,90.504,100,0,5,14,28,51485.9,32.1,186
realmadridcf,Real Madrid C. F.,ESP,https://fdp.fifa.org/assetspublic/ce233/pdf/SquadLists-English.pdf,27,2025-07-04,FIFA Club World Cup 2025,male,realmadridcf:30,30,FW,GARCIA Gonzalo,2004-03-24,21,2025-06-14,Spain,182,6,85,82.524,12,4,12,15,12,53091.3,34.6,301
realmadridcf,Real Madrid C. F.,ESP,https://fdp.fifa.org/assetspublic/ce233/pdf/SquadLists-English.pdf,27,2025-07-04,FIFA Club World Cup 2025,male,realmadridcf:31,31,DF,RAMON Jacobo,2005-01-06,20,2025-06-14,Spain,195,1,10,76.923,4,0,0,2,2,2917.2,33.3,8
realmadridcf,Real Madrid C. F.,ESP,https://fdp.fifa.org/assetspublic/ce233/pdf/SquadLists-English.pdf,27,2025-07-04,FIFA Club World Cup 2025,male,realmadridcf:35,35,DF,ASENCIO Raul,2003-02-13,22,2025-06-14,Spain,184,4,55,93.22,19,0,1,0,4,12830.0,34.9,48
realmadridcf,Real Madrid C. F.,ESP,https://fdp.fifa.org/assetspublic/ce233/pdf/SquadLists-English.pdf,27,2025-07-04,FIFA Club World Cup 2025,male,realmadridcf:44,44,MF,MUNOZ Victor,2003-07-13,21,2025-06-14,Spain,173,2,5,100.0,1,0,0,2,0,3440.3,33.1,26
seattlesoundersfc,Seattle Sounders FC,USA,https://fdp.fifa.org/assetspublic/ce233/pdf/SquadLists-English.pdf,28,2025-07-04,FIFA Club World Cup 2025,male,seattlesoundersfc:5,5,DF,TOLO Nouhou,1997-06-23,27,2025-06-14,Cameroon,178,2,50,83.333,11,0,0,3,12,15436.0,30.9,65
seattlesoundersfc,Seattle Sounders FC,USA,https://fdp.fifa.org/assetspublic/ce233/pdf/SquadLists-English.pdf,28,2025-07-04,FIFA Club World Cup 2025,male,seattlesoundersfc:6,6,MF,JOAO PAULO,1991-03-08,34,2025-06-14,Brazil,170,1,20,95.238,7,0,0,3,0,2219.3,26.2,7
seattlesoundersfc,Seattle Sounders FC,USA,https://fdp.fifa.org/assetspublic/ce233/pdf/SquadLists-English.pdf,28,2025-07-04,FIFA Club World Cup 2025,male,seattlesoundersfc:7,7,MF,ROLDAN Cristian,1995-06-03,30,2025-06-14,USA,173,3,157,87.709,55,1,7,24,15,35820.6,33.8,132
seattlesoundersfc,Seattle Sounders FC,USA,https://fdp.fifa.org/assetspublic/ce233/pdf/SquadLists-English.pdf,28,2025-07-04,FIFA Club World Cup 2025,male,seattlesoundersfc:9,9,FW,FERREIRA Jesus,2000-12-24,24,2025-06-14,USA,177,3,48,84.211,7,0,3,6,3,19519.5,31.8,100
seattlesoundersfc,Seattle Sounders FC,USA,https://fdp.fifa.org/assetspublic/ce233/pdf/SquadLists-English.pdf,28,2025-07-04,FIFA Club World Cup 2025,male,seattlesoundersfc:10,10,FW,DE LA VEGA Pedro,2001-02-07,24,2025-06-14,Argentina,177,2,23,95.833,2,0,3,9,2,9916.9,32.5,65
seattlesoundersfc,Seattle Sounders FC,USA,https://fdp.fifa.org/assetspublic/ce233/pdf/SquadLists-English.pdf,28,2025-07-04,FIFA Club World Cup 2025,male,seattlesoundersfc:11,11,MF,RUSNAK Albert,1994-07-07,30,2025-06-14,Slovakia,175,3,85,85.0,24,1,11,6,6,28357.2,31.1,89
seattlesoundersfc,Seattle Sounders FC,USA,https://fdp.fifa.org/assetspublic/ce233/pdf/SquadLists-English.pdf,28,2025-07-04,FIFA Club World Cup 2025,male,seattlesoundersfc:13,13,FW,MORRIS Jordan,1994-10-26,30,2025-06-14,USA,180,1,1,100.0,1,0,1,0,0,1061.6,26.5,6
seattlesoundersfc,Seattle Sounders FC,USA,https://fdp.fifa.org/assetspublic/ce233/pdf/SquadLists-English.pdf,28,2025-07-04,FIFA Club World Cup 2025,male,seattlesoundersfc:14,14,FW,ROTHROCK Paul,1999-01-09,26,2025-06-14,USA,175,3,24,61.538,5,0,2,15,3,23064.1,33.2,150
seattlesoundersfc,Seattle Sounders FC,USA,https://fdp.fifa.org/assetspublic/ce233/pdf/SquadLists-English.pdf,28,2025-07-04,FIFA Club World Cup 2025,male,seattlesoundersfc:15,15,DF,BELL Jon,1997-08-26,27,2025-06-14,Jamaica,180,3,76,80.0,11,0,2,15,9,23605.2,34.8,79
seattlesoundersfc,Seattle Sounders FC,USA,https://fdp.fifa.org/assetspublic/ce233/pdf/SquadLists-English.pdf,28,2025-07-04,FIFA Club World Cup 2025,male,seattlesoundersfc:16,16,DF,ROLDAN Alex,1996-07-28,28,2025-06-14,El Salvador,177,3,106,84.8,34,0,4,21,9,27084.5,32.7,106
seattlesoundersfc,Seattle Sounders FC,USA,https://fdp.fifa.org/assetspublic/ce233/pdf/SquadLists-English.pdf,28,2025-07-04,FIFA Club World Cup 2025,male,seattlesoundersfc:18,18,MF,VARGAS Obed,2005-08-05,19,2025-06-14,Mexico,175,3,118,85.507,35,0,5,13,16,36714.5,30.5,162
seattlesoundersfc,Seattle Sounders FC,USA,https://fdp.fifa.org/assetspublic/ce233/pdf/SquadLists-English.pdf,28,2025-07-04,FIFA Club World Cup 2025,male,seattlesoundersfc:19,19,FW,MUSOVSKI Danny,1995-11-30,29,2025-06-14,USA,182,3,19,76.0,5,0,2,5,2,21084.9,31.1,89
seattlesoundersfc,Seattle Sounders FC,USA,https://fdp.fifa.org/assetspublic/ce233/pdf/SquadLists-English.pdf,28,2025-07-04,FIFA Club World Cup 2025,male,seattlesoundersfc:20,20,DF,KIM Keehee,1989-07-13,35,2025-06-14,Korea Republic,188,1,29,93.548,8,0,0,1,1,4913.0,27.8,12
seattlesoundersfc,Seattle Sounders FC,USA,https://fdp.fifa.org/assetspublic/ce233/pdf/SquadLists-English.pdf,28,2025-07-04,FIFA Club World Cup 2025,male,seattlesoundersfc:21,21,MF,BAKER-WHITING Reed,2005-03-31,20,2025-06-14,USA,180,2,61,84.722,13,0,3,13,12,17244.2,32.4,90
seattlesoundersfc,Seattle Sounders FC,USA,https://fdp.fifa.org/assetspublic/ce233/pdf/SquadLists-English.pdf,28,2025-07-04,FIFA Club World Cup 2025,male,seattlesoundersfc:24,24,GK,FREI Stefan,1986-04-20,39,2025-06-14,USA,191,3,69,79.31,21,0,0,0,16,16582.9,25.9,5
seattlesoundersfc,Seattle Sounders FC,USA,https://fdp.fifa.org/assetspublic/ce233/pdf/SquadLists-English.pdf,28,2025-07-04,FIFA Club World Cup 2025,male,seattlesoundersfc:25,25,DF,RAGEN Jackson,1998-09-24,26,2025-06-14,USA,198,3,163,90.556,62,0,2,4,22,31422.2,30.4,85
seattlesoundersfc,Seattle Sounders FC,USA,https://fdp.fifa.org/assetspublic/ce233/pdf/SquadLists-English.pdf,28,2025-07-04,FIFA Club World Cup 2025,male,seattlesoundersfc:75,75,MF,LEYVA Danny,2003-05-05,22,2025-06-14,USA,178,1,10,83.333,1,0,0,0,1,3714.1,28.9,21
seattlesoundersfc,Seattle Sounders FC,USA,https://fdp.fifa.org/assetspublic/ce233/pdf/SquadLists-English.pdf,28,2025-07-04,FIFA Club World Cup 2025,male,seattlesoundersfc:77,77,FW,KENT Ryan,1996-11-11,28,2025-06-14,England,175,3,39,84.783,15,0,0,8,2,19158.0,31.6,92
seattlesoundersfc,Seattle Sounders FC,USA,https://fdp.fifa.org/assetspublic/ce233/pdf/SquadLists-English.pdf,28,2025-07-04,FIFA Club World Cup 2025,male,seattlesoundersfc:85,85,DF,KOSSA-RIENZI Kalani,2002-06-27,22,2025-06-14,USA,170,2,35,74.468,4,0,1,5,5,14204.8,30.9,69
seattlesoundersfc,Seattle Sounders FC,USA,https://fdp.fifa.org/assetspublic/ce233/pdf/SquadLists-English.pdf,28,2025-07-04,FIFA Club World Cup 2025,male,seattlesoundersfc:93,93,FW,MINOUNGOU Georgi,2002-07-25,22,2025-06-14,Côte D'Ivoire,180,2,10,83.333,3,0,2,0,1,5232.0,33.0,40
seattlesoundersfc,Seattle Sounders FC,USA,https://fdp.fifa.org/assetspublic/ce233/pdf/SquadLists-English.pdf,28,2025-07-04,FIFA Club World Cup 2025,male,seattlesoundersfc:95,95,FW,DE ROSARIO Osaze,2001-07-19,23,2025-06-14,Guyana,188,1,0,0.0,0,0,0,0,0,1288.9,26.6,10
slbenfica,SL Benfica,POR,https://fdp.fifa.org/assetspublic/ce233/pdf/SquadLists-English.pdf,29,2025-07-04,FIFA Club World Cup 2025,male,slbenfica:1,1,GK,TRUBIN Anatoliy,2001-08-01,23,2025-06-14,Ukraine,199,4,87,73.729,22,0,0,0,23,20728.3,41.2,9
slbenfica,SL Benfica,POR,https://fdp.fifa.org/assetspublic/ce233/pdf/SquadLists-English.pdf,29,2025-07-04,FIFA Club World Cup 2025,male,slbenfica:3,3,DF,FERNANDEZ Alvaro,2003-03-23,22,2025-06-14,Spain,187,2,65,85.526,16,0,1,2,6,15646.8,31.7,88
slbenfica,SL Benfica,POR,https://fdp.fifa.org/assetspublic/ce233/pdf/SquadLists-English.pdf,29,2025-07-04,FIFA Club World Cup 2025,male,slbenfica:4,4,DF,ANTONIO SILVA,2003-10-30,21,2025-06-14,Portugal,188,4,190,93.137,62,0,1,19,28,40351.4,43.9,107
slbenfica,SL Benfica,POR,https://fdp.fifa.org/assetspublic/ce233/pdf/SquadLists-English.pdf,29,2025-07-04,FIFA Club World Cup 2025,male,slbenfica:8,8,MF,AURSNES Fredrik,1995-12-10,29,2025-06-14,Norway,181,4,138,88.462,20,0,1,18,12,39746.3,32.0,148
slbenfica,SL Benfica,POR,https://fdp.fifa.org/assetspublic/ce233/pdf/SquadLists-English.pdf,29,2025-07-04,FIFA Club World Cup 2025,male,slbenfica:10,10,MF,KOKCU Orkun,2000-12-29,24,2025-06-14,Türkiye,177,4,108,83.721,36,0,4,12,3,22879.0,31.6,65
slbenfica,SL Benfica,POR,https://fdp.fifa.org/assetspublic/ce233/pdf/SquadLists-English.pdf,29,2025-07-04,FIFA Club World Cup 2025,male,slbenfica:11,11,FW,DI MARIA Angel,1988-02-14,37,2025-06-14,Argentina,182,4,145,78.804,55,4,15,13,5,38172.1,39.8,116
slbenfica,SL Benfica,POR,https://fdp.fifa.org/assetspublic/ce233/pdf/SquadLists-English.pdf,29,2025-07-04,FIFA Club World Cup 2025,male,slbenfica:14,14,FW,PAVLIDIS Evangelos,1998-11-21,26,2025-06-14,Greece,184,4,35,71.429,1,1,4,5,2,37520.1,32.7,115
slbenfica,SL Benfica,POR,https://fdp.fifa.org/assetspublic/ce233/pdf/SquadLists-English.pdf,29,2025-07-04,FIFA Club World Cup 2025,male,slbenfica:17,17,FW,AKTURKOGLU Kerem,1998-10-21,26,2025-06-14,Türkiye,172,4,31,86.111,6,0,6,5,1,23903.7,31.8,106
slbenfica,SL Benfica,POR,https://fdp.fifa.org/assetspublic/ce233/pdf/SquadLists-English.pdf,29,2025-07-04,FIFA Club World Cup 2025,male,slbenfica:18,18,MF,BARREIRO Leandro,2000-01-03,25,2025-06-14,Luxembourg,174,4,82,87.234,14,2,4,19,17,37684.7,37.9,97
slbenfica,SL Benfica,POR,https://fdp.fifa.org/assetspublic/ce233/pdf/SquadLists-English.pdf,29,2025-07-04,FIFA Club World Cup 2025,male,slbenfica:19,19,FW,BELOTTI Andrea,1993-12-20,31,2025-06-14,Italy,182,2,12,100.0,1,0,0,2,2,8307.8,42.3,40
slbenfica,SL Benfica,POR,https://fdp.fifa.org/assetspublic/ce233/pdf/SquadLists-English.pdf,29,2025-07-04,FIFA Club World Cup 2025,male,slbenfica:21,21,FW,SCHJELDERUP Andreas,2004-06-01,21,2025-06-14,Norway,177,3,29,76.316,1,1,2,5,4,15712.4,31.8,68
slbenfica,SL Benfica,POR,https://fdp.fifa.org/assetspublic/ce233/pdf/SquadLists-English.pdf,29,2025-07-04,FIFA Club World Cup 2025,male,slbenfica:25,25,FW,PRESTIANNI Gianluca,2006-01-31,19,2025-06-14,Argentina,166,4,50,79.365,7,0,4,9,4,19915.3,44.5,73
slbenfica,SL Benfica,POR,https://fdp.fifa.org/assetspublic/ce233/pdf/SquadLists-English.pdf,29,2025-07-04,FIFA Club World Cup 2025,male,slbenfica:26,26,DF,DAHL Samuel,2003-03-04,22,2025-06-14,Sweden,172,4,131,89.726,28,0,1,19,13,34175.2,41.9,154
slbenfica,SL Benfica,POR,https://fdp.fifa.org/assetspublic/ce233/pdf/SquadLists-English.pdf,29,2025-07-04,FIFA Club World Cup 2025,male,slbenfica:27,27,FW,BRUMA,1994-10-24,30,2025-06-14,Portugal,172,1,16,72.727,3,0,0,0,4,7111.3,29.4,26
slbenfica,SL Benfica,POR,https://fdp.fifa.org/assetspublic/ce233/pdf/SquadLists-English.pdf,29,2025-07-04,FIFA Club World Cup 2025,male,slbenfica:30,30,DF,OTAMENDI Nicolas,1988-02-12,37,2025-06-14,Argentina,182,4,179,90.404,38,1,5,8,27,40197.3,43.7,125
slbenfica,SL Benfica,POR,https://fdp.fifa.org/assetspublic/ce233/pdf/SquadLists-English.pdf,29,2025-07-04,FIFA Club World Cup 2025,male,slbenfica:47,47,FW,TIAGO GOUVEIA,2001-06-18,23,2025-06-14,Portugal,176,3,25,92.593,9,0,0,1,1,9179.9,32.3,59
slbenfica,SL Benfica,POR,https://fdp.fifa.org/assetspublic/ce233/pdf/SquadLists-English.pdf,29,2025-07-04,FIFA Club World Cup 2025,male,slbenfica:61,61,MF,FLORENTINO LUIS,1999-08-19,25,2025-06-14,Portugal,183,2,50,83.333,14,0,0,16,13,19262.2,28.6,55
slbenfica,SL Benfica,POR,https://fdp.fifa.org/assetspublic/ce233/pdf/SquadLists-English.pdf,29,2025-07-04,FIFA Club World Cup 2025,male,slbenfica:68,68,MF,JOAO VELOSO,2005-06-26,19,2025-06-14,Portugal,186,1,6,75.0,1,0,0,1,0,5200.0,42.7,30
slbenfica,SL Benfica,POR,https://fdp.fifa.org/assetspublic/ce233/pdf/SquadLists-English.pdf,29,2025-07-04,FIFA Club World Cup 2025,male,slbenfica:81,81,DF,BAJRAMI Adrian,2002-04-05,23,2025-06-14,Albania,187,2,8,80.0,5,0,0,3,3,3190.2,27.2,11
slbenfica,SL Benfica,POR,https://fdp.fifa.org/assetspublic/ce233/pdf/SquadLists-English.pdf,29,2025-07-04,FIFA Club World Cup 2025,male,slbenfica:84,84,FW,JOAO REGO,2005-06-20,19,2025-06-14,Portugal,183,2,5,62.5,2,0,1,2,4,4684.1,29.6,23
slbenfica,SL Benfica,POR,https://fdp.fifa.org/assetspublic/ce233/pdf/SquadLists-English.pdf,29,2025-07-04,FIFA Club World Cup 2025,male,slbenfica:85,85,MF,RENATO SANCHES,1997-08-18,27,2025-06-14,Portugal,174,3,88,83.81,37,1,6,5,5,19709.0,26.6,56
ulsanhd,Ulsan HD,KOR,https://fdp.fifa.org/assetspublic/ce233/pdf/SquadLists-English.pdf,30,2025-07-04,FIFA Club World Cup 2025,male,ulsanhd:4,4,DF,SEO Myungguan,2002-11-23,22,2025-06-14,Korea Republic,186,1,23,92.0,8,0,0,2,6,8216.0,31.2,34
ulsanhd,Ulsan HD,KOR,https://fdp.fifa.org/assetspublic/ce233/pdf/SquadLists-English.pdf,30,2025-07-04,FIFA Club World Cup 2025,male,ulsanhd:5,5,MF,JUNG Wooyoung,1989-12-14,35,2025-06-14,Korea Republic,186,2,37,94.872,12,0,1,7,6,10208.5,28.6,37
ulsanhd,Ulsan HD,KOR,https://fdp.fifa.org/assetspublic/ce233/pdf/SquadLists-English.pdf,30,2025-07-04,FIFA Club World Cup 2025,male,ulsanhd:6,6,MF,BOJANIC Darijan,1994-12-28,30,2025-06-14,Sweden,180,3,99,78.571,31,0,2,15,8,27637.9,28.8,50
ulsanhd,Ulsan HD,KOR,https://fdp.fifa.org/assetspublic/ce233/pdf/SquadLists-English.pdf,30,2025-07-04,FIFA Club World Cup 2025,male,ulsanhd:7,7,MF,KO Seungbeom,1994-04-24,31,2025-06-14,Korea Republic,172,3,67,83.75,13,0,3,17,10,28900.4,30.0,165
ulsanhd,Ulsan HD,KOR,https://fdp.fifa.org/assetspublic/ce233/pdf/SquadLists-English.pdf,30,2025-07-04,FIFA Club World Cup 2025,male,ulsanhd:11,11,MF,UM Wonsang,1999-01-06,26,2025-06-14,Korea Republic,171,2,23,76.667,7,1,2,3,2,18383.2,34.8,81
ulsanhd,Ulsan HD,KOR,https://fdp.fifa.org/assetspublic/ce233/pdf/SquadLists-English.pdf,30,2025-07-04,FIFA Club World Cup 2025,male,ulsanhd:13,13,DF,KANG Sangwoo,1993-10-07,31,2025-06-14,Korea Republic,176,3,51,76.119,16,0,2,7,13,19813.4,32.4,82
ulsanhd,Ulsan HD,KOR,https://fdp.fifa.org/assetspublic/ce233/pdf/SquadLists-English.pdf,30,2025-07-04,FIFA Club World Cup 2025,male,ulsanhd:14,14,MF,LEE Jinhyun,1997-08-26,27,2025-06-14,Korea Republic,173,3,62,77.5,11,1,3,10,4,26602.4,30.2,81
ulsanhd,Ulsan HD,KOR,https://fdp.fifa.org/assetspublic/ce233/pdf/SquadLists-English.pdf,30,2025-07-04,FIFA Club World Cup 2025,male,ulsanhd:16,16,MF,LEE Huigyun,1998-04-29,27,2025-06-14,Korea Republic,168,2,12,80.0,5,0,0,5,0,4789.0,27.8,30
ulsanhd,Ulsan HD,KOR,https://fdp.fifa.org/assetspublic/ce233/pdf/SquadLists-English.pdf,30,2025-07-04,FIFA Club World Cup 2025,male,ulsanhd:17,17,MF,LUDWIGSON Gustav,1993-10-20,31,2025-06-14,Sweden,181,3,67,82.716,13,0,1,10,10,31510.1,33.2,160
ulsanhd,Ulsan HD,KOR,https://fdp.fifa.org/assetspublic/ce233/pdf/SquadLists-English.pdf,30,2025-07-04,FIFA Club World Cup 2025,male,ulsanhd:18,18,FW,HEO Yool,2001-04-12,24,2025-06-14,Korea Republic,193,2,0,0.0,0,0,0,1,0,2474.8,30.2,20
ulsanhd,Ulsan HD,KOR,https://fdp.fifa.org/assetspublic/ce233/pdf/SquadLists-English.pdf,30,2025-07-04,FIFA Club World Cup 2025,male,ulsanhd:19,19,DF,KIM Younggwon,1990-02-27,35,2025-06-14,Korea Republic,186,3,80,85.106,34,0,0,17,12,25697.7,30.8,56
ulsanhd,Ulsan HD,KOR,https://fdp.fifa.org/assetspublic/ce233/pdf/SquadLists-English.pdf,30,2025-07-04,FIFA Club World Cup 2025,male,ulsanhd:21,21,GK,JO Hyeonwoo,1991-09-25,33,2025-06-14,Korea Republic,189,3,64,83.117,19,0,0,0,20,16915.9,23.9,2
ulsanhd,Ulsan HD,KOR,https://fdp.fifa.org/assetspublic/ce233/pdf/SquadLists-English.pdf,30,2025-07-04,FIFA Club World Cup 2025,male,ulsanhd:22,22,MF,KIM Minhyeok,1992-08-16,32,2025-06-14,Korea Republic,183,1,6,75.0,1,0,0,4,1,5772.6,29.8,22
ulsanhd,Ulsan HD,KOR,https://fdp.fifa.org/assetspublic/ce233/pdf/SquadLists-English.pdf,30,2025-07-04,FIFA Club World Cup 2025,male,ulsanhd:26,26,DF,PARK Minseo,2000-09-15,24,2025-06-14,Korea Republic,175,1,17,80.952,0,0,0,1,0,5018.4,30.4,28
ulsanhd,Ulsan HD,KOR,https://fdp.fifa.org/assetspublic/ce233/pdf/SquadLists-English.pdf,30,2025-07-04,FIFA Club World Cup 2025,male,ulsanhd:27,27,MF,LEE Chungyong,1988-07-02,36,2025-06-14,Korea Republic,180,3,25,96.154,3,0,0,4,2,11377.4,30.6,46
ulsanhd,Ulsan HD,KOR,https://fdp.fifa.org/assetspublic/ce233/pdf/SquadLists-English.pdf,30,2025-07-04,FIFA Club World Cup 2025,male,ulsanhd:28,28,DF,LEE Jaeik,1999-05-21,26,2025-06-14,Korea Republic,186,2,47,83.929,15,0,0,7,5,17541.7,31.6,51
ulsanhd,Ulsan HD,KOR,https://fdp.fifa.org/assetspublic/ce233/pdf/SquadLists-English.pdf,30,2025-07-04,FIFA Club World Cup 2025,male,ulsanhd:36,36,MF,LACAVA Matias,2002-10-24,22,2025-06-14,Venezuela,171,3,14,70.0,3,0,3,10,4,11681.1,34.0,70
ulsanhd,Ulsan HD,KOR,https://fdp.fifa.org/assetspublic/ce233/pdf/SquadLists-English.pdf,30,2025-07-04,FIFA Club World Cup 2025,male,ulsanhd:66,66,DF,TROJAK Milosz,1994-05-05,31,2025-06-14,Poland,191,3,73,77.66,26,0,0,11,11,27288.0,30.9,72
ulsanhd,Ulsan HD,KOR,https://fdp.fifa.org/assetspublic/ce233/pdf/SquadLists-English.pdf,30,2025-07-04,FIFA Club World Cup 2025,male,ulsanhd:96,96,DF,CHOI Seokhyun,2003-01-13,22,2025-06-14,Korea Republic,178,1,13,86.667,5,0,0,1,5,3565.8,31.7,22
ulsanhd,Ulsan HD,KOR,https://fdp.fifa.org/assetspublic/ce233/pdf/SquadLists-English.pdf,30,2025-07-04,FIFA Club World Cup 2025,male,ulsanhd:97,97,MF,ERICK FARIAS,1997-01-03,28,2025-06-14,Brazil,173,3,43,86.0,5,0,3,3,0,28735.5,33.0,108
urawareddiamonds,Urawa Red Diamonds,JPN,https://fdp.fifa.org/assetspublic/ce233/pdf/SquadLists-English.pdf,31,2025-07-04,FIFA Club World Cup 2025,male,urawareddiamonds:1,1,GK,NISHIKAWA Shusaku,1986-06-18,38,2025-06-14,Japan,183,3,72,58.065,33,0,0,0,21,14779.6,22.8,3
urawareddiamonds,Urawa Red Diamonds,JPN,https://fdp.fifa.org/assetspublic/ce233/pdf/SquadLists-English.pdf,31,2025-07-04,FIFA Club World Cup 2025,male,urawareddiamonds:3,3,DF,DANILO BOZA,1998-05-06,27,2025-06-14,Brazil,184,3,93,81.579,33,0,1,11,20,31908.1,32.2,114
urawareddiamonds,Urawa Red Diamonds,JPN,https://fdp.fifa.org/assetspublic/ce233/pdf/SquadLists-English.pdf,31,2025-07-04,FIFA Club World Cup 2025,male,urawareddiamonds:4,4,DF,ISHIHARA Hirokazu,1999-02-26,26,2025-06-14,Japan,169,2,44,69.841,11,0,0,15,10,22525.6,32.2,130
urawareddiamonds,Urawa Red Diamonds,JPN,https://fdp.fifa.org/assetspublic/ce233/pdf/SquadLists-English.pdf,31,2025-07-04,FIFA Club World Cup 2025,male,urawareddiamonds:5,5,DF,HOIBRATEN Marius,1995-01-23,30,2025-06-14,Norway,184,3,68,90.667,10,0,1,9,9,30388.4,31.9,89
urawareddiamonds,Urawa Red Diamonds,JPN,https://fdp.fifa.org/assetspublic/ce233/pdf/SquadLists-English.pdf,31,2025-07-04,FIFA Club World Cup 2025,male,urawareddiamonds:6,6,MF,MATSUMOTO Taishi,1998-08-22,26,2025-06-14,Japan,180,3,16,84.211,3,0,1,3,4,11366.5,30.2,66
urawareddiamonds,Urawa Red Diamonds,JPN,https://fdp.fifa.org/assetspublic/ce233/pdf/SquadLists-English.pdf,31,2025-07-04,FIFA Club World Cup 2025,male,urawareddiamonds:8,8,MF,MATHEUS SAVIO,1997-04-15,28,2025-06-14,Brazil,175,3,49,75.385,12,0,2,13,6,28447.6,32.9,158
urawareddiamonds,Urawa Red Diamonds,JPN,https://fdp.fifa.org/assetspublic/ce233/pdf/SquadLists-English.pdf,31,2025-07-04,FIFA Club World Cup 2025,male,urawareddiamonds:9,9,MF,HARAGUCHI Genki,1991-05-09,34,2025-06-14,Japan,180,2,5,71.429,1,0,1,0,0,2341.0,30.2,16
urawareddiamonds,Urawa Red Diamonds,JPN,https://fdp.fifa.org/assetspublic/ce233/pdf/SquadLists-English.pdf,31,2025-07-04,FIFA Club World Cup 2025,male,urawareddiamonds:11,11,MF,GUSTAFSON Samuel,1995-01-11,30,2025-06-14,Sweden,187,3,84,86.598,20,0,0,14,15,28187.0,31.3,120
urawareddiamonds,Urawa Red Diamonds,JPN,https://fdp.fifa.org/assetspublic/ce233/pdf/SquadLists-English.pdf,31,2025-07-04,FIFA Club World Cup 2025,male,urawareddiamonds:12,12,FW,THIAGO SANTANA,1993-02-04,32,2025-06-14,Brazil,184,3,9,64.286,0,0,3,10,0,10143.8,31.6,59
urawareddiamonds,Urawa Red Diamonds,JPN,https://fdp.fifa.org/assetspublic/ce233/pdf/SquadLists-English.pdf,31,2025-07-04,FIFA Club World Cup 2025,male,urawareddiamonds:13,13,MF,WATANABE Ryoma,1996-10-02,28,2025-06-14,Japan,176,3,75,86.207,16,1,8,18,8,38075.3,31.3,217
urawareddiamonds,Urawa Red Diamonds,JPN,https://fdp.fifa.org/assetspublic/ce233/pdf/SquadLists-English.pdf,31,2025-07-04,FIFA Club World Cup 2025,male,urawareddiamonds:14,14,MF,SEKINE Takahiro,1995-04-19,30,2025-06-14,Japan,167,3,37,80.435,10,0,2,14,5,14764.6,31.7,82
urawareddiamonds,Urawa Red Diamonds,JPN,https://fdp.fifa.org/assetspublic/ce233/pdf/SquadLists-English.pdf,31,2025-07-04,FIFA Club World Cup 2025,male,urawareddiamonds:21,21,MF,OKUBO Tomoaki,1998-07-23,26,2025-06-14,Japan,170,1,5,100.0,0,0,0,0,0,3273.5,31.7,25
urawareddiamonds,Urawa Red Diamonds,JPN,https://fdp.fifa.org/assetspublic/ce233/pdf/SquadLists-English.pdf,31,2025-07-04,FIFA Club World Cup 2025,male,urawareddiamonds:24,24,MF,MATSUO Yusuke,1997-07-23,27,2025-06-14,Japan,170,3,40,75.472,14,1,3,9,2,31802.8,33.1,176
urawareddiamonds,Urawa Red Diamonds,JPN,https://fdp.fifa.org/assetspublic/ce233/pdf/SquadLists-English.pdf,31,2025-07-04,FIFA Club World Cup 2025,male,urawareddiamonds:25,25,MF,YASUI Kaito,2000-02-09,25,2025-06-14,Japan,174,3,71,88.75,25,0,0,13,19,31025.0,32.9,112
urawareddiamonds,Urawa Red Diamonds,JPN,https://fdp.fifa.org/assetspublic/ce233/pdf/SquadLists-English.pdf,31,2025-07-04,FIFA Club World Cup 2025,male,urawareddiamonds:26,26,DF,OGIWARA Takuya,1999-11-23,25,2025-06-14,Japan,175,3,15,75.0,3,0,2,1,3,5967.0,32.3,42
urawareddiamonds,Urawa Red Diamonds,JPN,https://fdp.fifa.org/assetspublic/ce233/pdf/SquadLists-English.pdf,31,2025-07-04,FIFA Club World Cup 2025,male,urawareddiamonds:41,41,FW,NITTA Rio,2003-04-10,22,2025-06-14,Japan,174,1,3,100.0,1,0,0,0,1,2175.8,33.5,19
urawareddiamonds,Urawa Red Diamonds,JPN,https://fdp.fifa.org/assetspublic/ce233/pdf/SquadLists-English.pdf,31,2025-07-04,FIFA Club World Cup 2025,male,urawareddiamonds:77,77,MF,KANEKO Takuro,1997-07-30,27,2025-06-14,Japan,178,3,27,65.854,6,0,2,4,4,22069.3,32.5,137
urawareddiamonds,Urawa Red Diamonds,JPN,https://fdp.fifa.org/assetspublic/ce233/pdf/SquadLists-English.pdf,31,2025-07-04,FIFA Club World Cup 2025,male,urawareddiamonds:88,88,MF,NAGANUMA Yoichi,1997-04-14,28,2025-06-14,Japan,178,3,63,78.75,18,0,1,19,3,28837.0,31.9,142
wydadac,Wydad AC,MAR,https://fdp.fifa.org/assetspublic/ce233/pdf/SquadLists-English.pdf,32,2025-07-04,FIFA Club World Cup 2025,male,wydadac:2,2,DF,MOUFID Mohamed,2000-01-12,25,2025-06-14,Morocco,173,3,81,82.653,20,0,3,8,17,28818.8,33.5,125
wydadac,Wydad AC,MAR,https://fdp.fifa.org/assetspublic/ce233/pdf/SquadLists-English.pdf,32,2025-07-04,FIFA Club World Cup 2025,male,wydadac:4,4,FW,LORCH Thembinkosi,1993-07-22,31,2025-06-14,South Africa,168,3,75,82.418,20,1,8,2,4,28923.5,32.2,182
wydadac,Wydad AC,MAR,https://fdp.fifa.org/assetspublic/ce233/pdf/SquadLists-English.pdf,32,2025-07-04,FIFA Club World Cup 2025,male,wydadac:5,5,MF,MOUTARAJJI Ismail,2000-02-01,25,2025-06-14,Morocco,183,2,23,85.185,10,0,1,5,2,4911.8,32.6,21
wydadac,Wydad AC,MAR,https://fdp.fifa.org/assetspublic/ce233/pdf/SquadLists-English.pdf,32,2025-07-04,FIFA Club World Cup 2025,male,wydadac:7,7,MF,MALSA Mickael,1995-10-12,29,2025-06-14,Martinique,179,1,8,100.0,1,0,0,6,2,3579.8,29.0,10
wydadac,Wydad AC,MAR,https://fdp.fifa.org/assetspublic/ce233/pdf/SquadLists-English.pdf,32,2025-07-04,FIFA Club World Cup 2025,male,wydadac:8,8,FW,RAYHI Mohamed,1994-07-01,30,2025-06-14,Netherlands,178,1,3,60.0,0,0,1,10,1,5827.9,29.7,40
wydadac,Wydad AC,MAR,https://fdp.fifa.org/assetspublic/ce233/pdf/SquadLists-English.pdf,32,2025-07-04,FIFA Club World Cup 2025,male,wydadac:9,9,FW,OBENG Samuel,1997-05-15,28,2025-06-14,Ghana,183,3,6,66.667,1,0,2,8,2,12949.7,31.5,78
wydadac,Wydad AC,MAR,https://fdp.fifa.org/assetspublic/ce233/pdf/SquadLists-English.pdf,32,2025-07-04,FIFA Club World Cup 2025,male,wydadac:11,11,FW,AMRABAT Nordin,1987-03-31,38,2025-06-14,Morocco,178,3,38,70.37,17,0,1,19,5,23729.5,33.6,92
wydadac,Wydad AC,MAR,https://fdp.fifa.org/assetspublic/ce233/pdf/SquadLists-English.pdf,32,2025-07-04,FIFA Club World Cup 2025,male,wydadac:12,12,GK,BENABID El Mehdi,1998-01-24,27,2025-06-14,Morocco,188,3,80,80.0,24,0,0,0,13,15775.1,24.1,3
wydadac,Wydad AC,MAR,https://fdp.fifa.org/assetspublic/ce233/pdf/SquadLists-English.pdf,32,2025-07-04,FIFA Club World Cup 2025,male,wydadac:14,14,DF,BOUTOUIL Abdelmounaim,1998-01-09,27,2025-06-14,Morocco,186,2,56,84.848,14,0,0,5,9,15957.2,30.8,38
wydadac,Wydad AC,MAR,https://fdp.fifa.org/assetspublic/ce233/pdf/SquadLists-English.pdf,32,2025-07-04,FIFA Club World Cup 2025,male,wydadac:16,16,DF,HARKASS Jamal,1995-11-24,29,2025-06-14,Morocco,186,2,25,100.0,4,0,0,2,8,6616.9,32.1,31
wydadac,Wydad AC,MAR,https://fdp.fifa.org/assetspublic/ce233/pdf/SquadLists-English.pdf,32,2025-07-04,FIFA Club World Cup 2025,male,wydadac:18,18,DF,MOUFI Fahd,1996-05-05,29,2025-06-14,Morocco,179,2,34,64.151,13,0,0,13,6,18761.1,32.0,72
wydadac,Wydad AC,MAR,https://fdp.fifa.org/assetspublic/ce233/pdf/SquadLists-English.pdf,32,2025-07-04,FIFA Club World Cup 2025,male,wydadac:19,19,MF,EL MOUBARIK El Mehdi,2001-01-22,24,2025-06-14,Morocco,175,3,115,90.551,20,0,0,7,9,30236.5,28.6,112
wydadac,Wydad AC,MAR,https://fdp.fifa.org/assetspublic/ce233/pdf/SquadLists-English.pdf,32,2025-07-04,FIFA Club World Cup 2025,male,wydadac:21,21,FW,MAILULA Cassius,2001-06-12,24,2025-06-14,South Africa,166,3,25,89.286,4,1,4,5,1,14771.2,31.0,67
wydadac,Wydad AC,MAR,https://fdp.fifa.org/assetspublic/ce233/pdf/SquadLists-English.pdf,32,2025-07-04,FIFA Club World Cup 2025,male,wydadac:22,22,DF,MEIJERS Bart,1997-01-10,28,2025-06-14,Netherlands,185,3,36,92.308,7,0,2,12,9,17041.2,30.4,56
wydadac,Wydad AC,MAR,https://fdp.fifa.org/assetspublic/ce233/pdf/SquadLists-English.pdf,32,2025-07-04,FIFA Club World Cup 2025,male,wydadac:23,23,MF,ZEMRAOUI Oussama,2002-03-01,23,2025-06-14,Morocco,175,3,70,83.333,19,0,1,13,6,25443.1,31.9,69
wydadac,Wydad AC,MAR,https://fdp.fifa.org/assetspublic/ce233/pdf/SquadLists-English.pdf,32,2025-07-04,FIFA Club World Cup 2025,male,wydadac:24,24,DF,BOUCHETA Ayoub,1993-12-03,31,2025-06-14,Morocco,171,1,41,89.13,15,0,2,5,6,10316.7,32.7,40
wydadac,Wydad AC,MAR,https://fdp.fifa.org/assetspublic/ce233/pdf/SquadLists-English.pdf,32,2025-07-04,FIFA Club World Cup 2025,male,wydadac:25,25,MF,AZIZ KI Stephane,1996-03-06,29,2025-06-14,Burkina Faso,175,2,7,87.5,2,0,3,1,0,2117.7,28.1,15
wydadac,Wydad AC,MAR,https://fdp.fifa.org/assetspublic/ce233/pdf/SquadLists-English.pdf,32,2025-07-04,FIFA Club World Cup 2025,male,wydadac:26,26,FW,MWALIMU Selemani,2006-01-19,19,2025-06-14,Tanzania,178,2,12,92.308,3,0,3,3,3,9442.1,32.9,68
wydadac,Wydad AC,MAR,https://fdp.fifa.org/assetspublic/ce233/pdf/SquadLists-English.pdf,32,2025-07-04,FIFA Club World Cup 2025,male,wydadac:27,27,MF,BENKTIB Ismail,1998-07-04,26,2025-06-14,Morocco,177,1,10,83.333,4,0,0,1,1,2466.1,30.8,11
wydadac,Wydad AC,MAR,https://fdp.fifa.org/assetspublic/ce233/pdf/SquadLists-English.pdf,32,2025-07-04,FIFA Club World Cup 2025,male,wydadac:72,72,DF,GUILHERME FERREIRA,1999-12-02,25,2025-06-14,Brazil,194,3,71,84.524,23,0,2,14,19,26712.5,31.6,71
wydadac,Wydad AC,MAR,https://fdp.fifa.org/assetspublic/ce233/pdf/SquadLists-English.pdf,32,2025-07-04,FIFA Club World Cup 2025,male,wydadac:99,99,FW,OMAR ALSOMAH,1989-03-23,36,2025-06-14,Syria,192,2,10,76.923,0,0,2,4,1,10726.7,29.3,40
