club_id,club,country_code,source_url,source_page,snapshot_date,competition,gender,entity_id,shirt_number,position,name,dob,age,age_reference_date,nationality,height_cm
alahlyfc,Al Ahly FC,EGY,https://fdp.fifa.org/assetspublic/ce233/pdf/SquadLists-English.pdf,1,2025-07-04,FIFA Club World Cup 2025,male,alahlyfc:1,1,GK,MOHAMED ELSHENAWY,1988-12-18,36,2025-06-14,Egypt,191
alahlyfc,Al Ahly FC,EGY,https://fdp.fifa.org/assetspublic/ce233/pdf/SquadLists-English.pdf,1,2025-07-04,FIFA Club World Cup 2025,male,alahlyfc:2,2,DF,KHALED ABDELFATTAH,1999-01-22,26,2025-06-14,Egypt,173
alahlyfc,Al Ahly FC,EGY,https://fdp.fifa.org/assetspublic/ce233/pdf/SquadLists-English.pdf,1,2025-07-04,FIFA Club World Cup 2025,male,alahlyfc:3,3,DF,OMAR KAMAL,1993-09-29,31,2025-06-14,Egypt,185
alahlyfc,Al Ahly FC,EGY,https://fdp.fifa.org/assetspublic/ce233/pdf/SquadLists-English.pdf,1,2025-07-04,FIFA Club World Cup 2025,male,alahlyfc:4,4,DF,AHMED RAMADAN,1997-03-23,28,2025-06-14,Egypt,186
alahlyfc,Al Ahly FC,EGY,https://fdp.fifa.org/assetspublic/ce233/pdf/SquadLists-English.pdf,1,2025-07-04,FIFA Club World Cup 2025,male,alahlyfc:5,5,MF,BEN ROMDHANE Mohamed Ali,1999-09-06,25,2025-06-14,Tunisia,180
alahlyfc,Al Ahly FC,EGY,https://fdp.fifa.org/assetspublic/ce233/pdf/SquadLists-English.pdf,1,2025-07-04,FIFA Club World Cup 2025,male,alahlyfc:6,6,DF,YASSER IBRAHIM,1993-02-10,32,2025-06-14,Egypt,185
alahlyfc,Al Ahly FC,EGY,https://fdp.fifa.org/assetspublic/ce233/pdf/SquadLists-English.pdf,1,2025-07-04,FIFA Club World Cup 2025,male,alahlyfc:7,7,MF,TREZEGUET,1994-10-01,30,2025-06-14,Egypt,181
alahlyfc,Al Ahly FC,EGY,https://fdp.fifa.org/assetspublic/ce233/pdf/SquadLists-English.pdf,1,2025-07-04,FIFA Club World Cup 2025,male,alahlyfc:8,8,MF,HAMDY FATHY,1994-09-29,30,2025-06-14,Egypt,183
alahlyfc,Al Ahly FC,EGY,https://fdp.fifa.org/assetspublic/ce233/pdf/SquadLists-English.pdf,1,2025-07-04,FIFA Club World Cup 2025,male,alahlyfc:9,9,FW,WESSAM ABOU ALI,1999-01-04,26,2025-06-14,Palestine,185
alahlyfc,Al Ahly FC,EGY,https://fdp.fifa.org/assetspublic/ce233/pdf/SquadLists-English.pdf,1,2025-07-04,FIFA Club World Cup 2025,male,alahlyfc:10,10,FW,GRADISAR Nejc,2002-08-06,22,2025-06-14,Slovenia,185
alahlyfc,Al Ahly FC,EGY,https://fdp.fifa.org/assetspublic/ce233/pdf/SquadLists-English.pdf,1,2025-07-04,FIFA Club World Cup 2025,male,alahlyfc:11,11,DF,KARIM EL DEBES,2003-06-03,22,2025-06-14,Egypt,167
alahlyfc,Al Ahly FC,EGY,https://fdp.fifa.org/assetspublic/ce233/pdf/SquadLists-English.pdf,1,2025-07-04,FIFA Club World Cup 2025,male,alahlyfc:13,13,MF,MARAWAN ATTIA,1998-08-01,26,2025-06-14,Egypt,176
alahlyfc,Al Ahly FC,EGY,https://fdp.fifa.org/assetspublic/ce233/pdf/SquadLists-English.pdf,1,2025-07-04,FIFA Club World Cup 2025,male,alahlyfc:14,14,MF,HUSSEIN ELSHAHAT,1992-06-21,32,2025-06-14,Egypt,169
alahlyfc,Al Ahly FC,EGY,https://fdp.fifa.org/assetspublic/ce233/pdf/SquadLists-English.pdf,1,2025-07-04,FIFA Club World Cup 2025,male,alahlyfc:15,15,DF,DARI Achraf,1999-05-06,26,2025-06-14,Morocco,188
alahlyfc,Al Ahly FC,EGY,https://fdp.fifa.org/assetspublic/ce233/pdf/SquadLists-English.pdf,1,2025-07-04,FIFA Club World Cup 2025,male,alahlyfc:17,17,MF,BENCHARKI Achraf,1994-09-24,30,2025-06-14,Morocco,178
alahlyfc,Al Ahly FC,EGY,https://fdp.fifa.org/assetspublic/ce233/pdf/SquadLists-English.pdf,1,2025-07-04,FIFA Club World Cup 2025,male,alahlyfc:19,19,MF,MOHAMED AFSHA,1996-03-06,29,2025-06-14,Egypt,168
alahlyfc,Al Ahly FC,EGY,https://fdp.fifa.org/assetspublic/ce233/pdf/SquadLists-English.pdf,1,2025-07-04,FIFA Club World Cup 2025,male,alahlyfc:22,22,MF,EMAM ASHOUR,1998-02-20,27,2025-06-14,Egypt,180
alahlyfc,Al Ahly FC,EGY,https://fdp.fifa.org/assetspublic/ce233/pdf/SquadLists-English.pdf,1,2025-07-04,FIFA Club World Cup 2025,male,alahlyfc:23,23,MF,DIENG Aliou,1997-10-16,27,2025-06-14,Mali,185
alahlyfc,Al Ahly FC,EGY,https://fdp.fifa.org/assetspublic/ce233/pdf/SquadLists-English.pdf,1,2025-07-04,FIFA Club World Cup 2025,male,alahlyfc:24,24,MF,AHMED REDA,2000-02-19,25,2025-06-14,Egypt,180
alahlyfc,Al Ahly FC,EGY,https://fdp.fifa.org/assetspublic/ce233/pdf/SquadLists-English.pdf,1,2025-07-04,FIFA Club World Cup 2025,male,alahlyfc:25,25,MF,ZIZO,1996-01-10,29,2025-06-14,Egypt,175
alahlyfc,Al Ahly FC,EGY,https://fdp.fifa.org/assetspublic/ce233/pdf/SquadLists-English.pdf,1,2025-07-04,FIFA Club World Cup 2025,male,alahlyfc:26,26,GK,MOHAMED SEHA,2001-05-01,24,2025-06-14,Egypt,195
alahlyfc,Al Ahly FC,EGY,https://fdp.fifa.org/assetspublic/ce233/pdf/SquadLists-English.pdf,1,2025-07-04,FIFA Club World Cup 2025,male,alahlyfc:27,27,DF,MOSTAFA EL AASH,2000-10-11,24,2025-06-14,Egypt,180
alahlyfc,Al Ahly FC,EGY,https://fdp.fifa.org/assetspublic/ce233/pdf/SquadLists-English.pdf,1,2025-07-04,FIFA Club World Cup 2025,male,alahlyfc:29,29,MF,TAHER MOHAMED,1997-03-07,28,2025-06-14,Egypt,186
alahlyfc,Al Ahly FC,EGY,https://fdp.fifa.org/assetspublic/ce233/pdf/SquadLists-English.pdf,1,2025-07-04,FIFA Club World Cup 2025,male,alahlyfc:30,30,DF,MOHAMED HANY,1996-02-02,29,2025-06-14,Egypt,175
alahlyfc,Al Ahly FC,EGY,https://fdp.fifa.org/assetspublic/ce233/pdf/SquadLists-English.pdf,1,2025-07-04,FIFA Club World Cup 2025,male,alahlyfc:31,31,GK,MOSTAFA SHOUBIR,2000-05-15,25,2025-06-14,Egypt,195
alahlyfc,Al Ahly FC,EGY,https://fdp.fifa.org/assetspublic/ce233/pdf/SquadLists-English.pdf,1,2025-07-04,FIFA Club World Cup 2025,male,alahlyfc:36,36,MF,AHMED KOKA,2001-07-04,23,2025-06-14,Egypt,170
alahlyfc,Al Ahly FC,EGY,https://fdp.fifa.org/assetspublic/ce233/pdf/SquadLists-English.pdf,1,2025-07-04,FIFA Club World Cup 2025,male,alahlyfc:37,37,GK,MOSTAFA MAKHLOUF,2003-03-11,22,2025-06-14,Egypt,185
alahlyfc,Al Ahly FC,EGY,https://fdp.fifa.org/assetspublic/ce233/pdf/SquadLists-English.pdf,1,2025-07-04,FIFA Club World Cup 2025,male,alahlyfc:54,54,DF,ATTIAT-ALLAH Yahya,1995-03-02,30,2025-06-14,Morocco,176
alainfc,Al Ain FC,UAE,https://fdp.fifa.org/assetspublic/ce233/pdf/SquadLists-English.pdf,2,2025-07-04,FIFA Club World Cup 2025,male,alainfc:1,1,GK,RUI PATRICIO,1988-02-15,37,2025-06-14,Portugal,190
alainfc,Al Ain FC,UAE,https://fdp.fifa.org/assetspublic/ce233/pdf/SquadLists-English.pdf,2,2025-07-04,FIFA Club World Cup 2025,male,alainfc:3,3,DF,KOUAME AUTONNE,2000-09-22,24,2025-06-14,United Arab Emirates,187
alainfc,Al Ain FC,UAE,https://fdp.fifa.org/assetspublic/ce233/pdf/SquadLists-English.pdf,2,2025-07-04,FIFA Club World Cup 2025,male,alainfc:4,4,DF,BENKHALEQ Yahya,2001-09-14,23,2025-06-14,Morocco,191
alainfc,Al Ain FC,UAE,https://fdp.fifa.org/assetspublic/ce233/pdf/SquadLists-English.pdf,2,2025-07-04,FIFA Club World Cup 2025,male,alainfc:5,5,MF,PARK Yongwoo,1993-09-10,31,2025-06-14,Korea Republic,186
alainfc,Al Ain FC,UAE,https://fdp.fifa.org/assetspublic/ce233/pdf/SquadLists-English.pdf,2,2025-07-04,FIFA Club World Cup 2025,male,alainfc:6,6,MF,YAHIA NADER,1998-09-11,26,2025-06-14,United Arab Emirates,180
alainfc,Al Ain FC,UAE,https://fdp.fifa.org/assetspublic/ce233/pdf/SquadLists-English.pdf,2,2025-07-04,FIFA Club World Cup 2025,male,alainfc:7,7,MF,SEGOVIA Matias,2003-01-04,22,2025-06-14,Paraguay,165
alainfc,Al Ain FC,UAE,https://fdp.fifa.org/assetspublic/ce233/pdf/SquadLists-English.pdf,2,2025-07-04,FIFA Club World Cup 2025,male,alainfc:8,8,MF,MOHAMMED ABBAS,2002-09-30,22,2025-06-14,United Arab Emirates,180
alainfc,Al Ain FC,UAE,https://fdp.fifa.org/assetspublic/ce233/pdf/SquadLists-English.pdf,2,2025-07-04,FIFA Club World Cup 2025,male,alainfc:9,9,FW,LABA Kodjo,1992-01-27,33,2025-06-14,Togo,183
alainfc,Al Ain FC,UAE,https://fdp.fifa.org/assetspublic/ce233/pdf/SquadLists-English.pdf,2,2025-07-04,FIFA Club World Cup 2025,male,alainfc:10,10,FW,KAKU,1995-01-11,30,2025-06-14,Paraguay,165
alainfc,Al Ain FC,UAE,https://fdp.fifa.org/assetspublic/ce233/pdf/SquadLists-English.pdf,2,2025-07-04,FIFA Club World Cup 2025,male,alainfc:11,11,MF,JONATAS SANTOS,2001-12-16,23,2025-06-14,United Arab Emirates,177
alainfc,Al Ain FC,UAE,https://fdp.fifa.org/assetspublic/ce233/pdf/SquadLists-English.pdf,2,2025-07-04,FIFA Club World Cup 2025,male,alainfc:13,13,FW,RAHIMI Houssine,2002-02-04,23,2025-06-14,Morocco,187
alainfc,Al Ain FC,UAE,https://fdp.fifa.org/assetspublic/ce233/pdf/SquadLists-English.pdf,2,2025-07-04,FIFA Club World Cup 2025,male,alainfc:14,14,DF,RATNIK Marcel,2003-12-23,21,2025-06-14,Slovenia,186
alainfc,Al Ain FC,UAE,https://fdp.fifa.org/assetspublic/ce233/pdf/SquadLists-English.pdf,2,2025-07-04,FIFA Club World Cup 2025,male,alainfc:15,15,MF,ERIK,2001-02-18,24,2025-06-14,Brazil,173
alainfc,Al Ain FC,UAE,https://fdp.fifa.org/assetspublic/ce233/pdf/SquadLists-English.pdf,2,2025-07-04,FIFA Club World Cup 2025,male,alainfc:16,16,DF,KHALID ALHASHMI,1997-03-18,28,2025-06-14,United Arab Emirates,175
alainfc,Al Ain FC,UAE,https://fdp.fifa.org/assetspublic/ce233/pdf/SquadLists-English.pdf,2,2025-07-04,FIFA Club World Cup 2025,male,alainfc:17,17,GK,KHALID EISA,1989-09-15,35,2025-06-14,United Arab Emirates,176
alainfc,Al Ain FC,UAE,https://fdp.fifa.org/assetspublic/ce233/pdf/SquadLists-English.pdf,2,2025-07-04,FIFA Club World Cup 2025,male,alainfc:19,19,MF,SANABRIA Mateo,2004-03-31,21,2025-06-14,Argentina,172
alainfc,Al Ain FC,UAE,https://fdp.fifa.org/assetspublic/ce233/pdf/SquadLists-English.pdf,2,2025-07-04,FIFA Club World Cup 2025,male,alainfc:20,20,MF,PALACIOS Matias,2002-05-10,23,2025-06-14,Argentina,171
alainfc,Al Ain FC,UAE,https://fdp.fifa.org/assetspublic/ce233/pdf/SquadLists-English.pdf,2,2025-07-04,FIFA Club World Cup 2025,male,alainfc:21,21,MF,RAHIMI Soufiane,1996-06-02,29,2025-06-14,Morocco,180
alainfc,Al Ain FC,UAE,https://fdp.fifa.org/assetspublic/ce233/pdf/SquadLists-English.pdf,2,2025-07-04,FIFA Club World Cup 2025,male,alainfc:25,25,DF,RAMY RABIA,1993-05-20,32,2025-06-14,Egypt,183
alainfc,Al Ain FC,UAE,https://fdp.fifa.org/assetspublic/ce233/pdf/SquadLists-English.pdf,2,2025-07-04,FIFA Club World Cup 2025,male,alainfc:28,28,MF,CHADLI Nassim,2001-07-28,23,2025-06-14,Morocco,181
alainfc,Al Ain FC,UAE,https://fdp.fifa.org/assetspublic/ce233/pdf/SquadLists-English.pdf,2,2025-07-04,FIFA Club World Cup 2025,male,alainfc:29,29,DF,FABIO CARDOSO,1994-04-19,31,2025-06-14,Portugal,187
alainfc,Al Ain FC,UAE,https://fdp.fifa.org/assetspublic/ce233/pdf/SquadLists-English.pdf,2,2025-07-04,FIFA Club World Cup 2025,male,alainfc:30,30,MF,HAZIM ABBAS,2005-03-18,20,2025-06-14,United Arab Emirates,180
alainfc,Al Ain FC,UAE,https://fdp.fifa.org/assetspublic/ce233/pdf/SquadLists-English.pdf,2,2025-07-04,FIFA Club World Cup 2025,male,alainfc:35,35,GK,MUHAMMED Hassan,2006-07-21,18,2025-06-14,Nigeria,185
alainfc,Al Ain FC,UAE,https://fdp.fifa.org/assetspublic/ce233/pdf/SquadLists-English.pdf,2,2025-07-04,FIFA Club World Cup 2025,male,alainfc:36,36,DF,ZABALA Facundo,1999-01-02,26,2025-06-14,Argentina,172
alainfc,Al Ain FC,UAE,https://fdp.fifa.org/assetspublic/ce233/pdf/SquadLists-English.pdf,2,2025-07-04,FIFA Club World Cup 2025,male,alainfc:41,41,GK,ALIBASIC Vedad,2005-07-27,19,2025-06-14,Bosnia And Herzegovina,189
alainfc,Al Ain FC,UAE,https://fdp.fifa.org/assetspublic/ce233/pdf/SquadLists-English.pdf,2,2025-07-04,FIFA Club World Cup 2025,male,alainfc:46,46,DF,KOUMARE Dramane,2005-01-23,20,2025-06-14,Mali,191
alainfc,Al Ain FC,UAE,https://fdp.fifa.org/assetspublic/ce233/pdf/SquadLists-English.pdf,2,2025-07-04,FIFA Club World Cup 2025,male,alainfc:56,56,DF,NIANG Amadou,2005-08-03,19,2025-06-14,Senegal,186
alainfc,Al Ain FC,UAE,https://fdp.fifa.org/assetspublic/ce233/pdf/SquadLists-English.pdf,2,2025-07-04,FIFA Club World Cup 2025,male,alainfc:70,70,MF,TRAORE Abdoul Karim,2005-01-11,20,2025-06-14,Mali,173
alainfc,Al Ain FC,UAE,https://fdp.fifa.org/assetspublic/ce233/pdf/SquadLists-English.pdf,2,2025-07-04,FIFA Club World Cup 2025,male,alainfc:72,72,FW,MOHAMED AWADALLA,2002-07-16,22,2025-06-14,United Arab Emirates,179
alainfc,Al Ain FC,UAE,https://fdp.fifa.org/assetspublic/ce233/pdf/SquadLists-English.pdf,2,2025-07-04,FIFA Club World Cup 2025,male,alainfc:77,77,FW,SARKI Rilwanu,2004-02-02,21,2025-06-14,Nigeria,168
alainfc,Al Ain FC,UAE,https://fdp.fifa.org/assetspublic/ce233/pdf/SquadLists-English.pdf,2,2025-07-04,FIFA Club World Cup 2025,male,alainfc:80,80,MF,UDOH Joshua,2007-07-05,17,2025-06-14,Nigeria,176
alainfc,Al Ain FC,UAE,https://fdp.fifa.org/assetspublic/ce233/pdf/SquadLists-English.pdf,2,2025-07-04,FIFA Club World Cup 2025,male,alainfc:97,97,DF,JASIC Adis,2003-02-12,22,2025-06-14,Austria,178
alainfc,Al Ain FC,UAE,https://fdp.fifa.org/assetspublic/ce233/pdf/SquadLists-English.pdf,2,2025-07-04,FIFA Club World Cup 2025,male,alainfc:99,99,FW,LOULENDO Josna,2004-01-15,21,2025-06-14,Congo,181
alhilal,Al Hilal,KSA,https://fdp.fifa.org/assetspublic/ce233/pdf/SquadLists-English.pdf,3,2025-07-04,FIFA Club World Cup 2025,male,alhilal:3,3,DF,KOULIBALY Kalidou,1991-06-20,33,2025-06-14,Senegal,186
alhilal,Al Hilal,KSA,https://fdp.fifa.org/assetspublic/ce233/pdf/SquadLists-English.pdf,3,2025-07-04,FIFA Club World Cup 2025,male,alhilal:4,4,DF,KHALIFAH ALDAWSARI,1999-01-02,26,2025-06-14,Saudi Arabia,180
alhilal,Al Hilal,KSA,https://fdp.fifa.org/assetspublic/ce233/pdf/SquadLists-English.pdf,3,2025-07-04,FIFA Club World Cup 2025,male,alhilal:5,5,DF,ALI ALBULAYHI,1989-11-21,35,2025-06-14,Saudi Arabia,181
alhilal,Al Hilal,KSA,https://fdp.fifa.org/assetspublic/ce233/pdf/SquadLists-English.pdf,3,2025-07-04,FIFA Club World Cup 2025,male,alhilal:6,6,MF,RENAN LODI,1998-04-08,27,2025-06-14,Brazil,173
alhilal,Al Hilal,KSA,https://fdp.fifa.org/assetspublic/ce233/pdf/SquadLists-English.pdf,3,2025-07-04,FIFA Club World Cup 2025,male,alhilal:7,7,MF,KHALID ALGHANNAM,2000-11-08,24,2025-06-14,Saudi Arabia,173
alhilal,Al Hilal,KSA,https://fdp.fifa.org/assetspublic/ce233/pdf/SquadLists-English.pdf,3,2025-07-04,FIFA Club World Cup 2025,male,alhilal:8,8,MF,RUBEN NEVES,1997-03-13,28,2025-06-14,Portugal,183
alhilal,Al Hilal,KSA,https://fdp.fifa.org/assetspublic/ce233/pdf/SquadLists-English.pdf,3,2025-07-04,FIFA Club World Cup 2025,male,alhilal:9,9,FW,MITROVIC Aleksandar,1994-09-16,30,2025-06-14,Serbia,190
alhilal,Al Hilal,KSA,https://fdp.fifa.org/assetspublic/ce233/pdf/SquadLists-English.pdf,3,2025-07-04,FIFA Club World Cup 2025,male,alhilal:10,10,FW,HAMDALLAH Abderrazak,1990-12-17,34,2025-06-14,Morocco,182
alhilal,Al Hilal,KSA,https://fdp.fifa.org/assetspublic/ce233/pdf/SquadLists-English.pdf,3,2025-07-04,FIFA Club World Cup 2025,male,alhilal:11,11,FW,MARCOS LEONARDO,2003-05-02,22,2025-06-14,Brazil,183
alhilal,Al Hilal,KSA,https://fdp.fifa.org/assetspublic/ce233/pdf/SquadLists-English.pdf,3,2025-07-04,FIFA Club World Cup 2025,male,alhilal:12,12,DF,YASSER ALSHAHRANI,1992-05-25,33,2025-06-14,Saudi Arabia,170
alhilal,Al Hilal,KSA,https://fdp.fifa.org/assetspublic/ce233/pdf/SquadLists-English.pdf,3,2025-07-04,FIFA Club World Cup 2025,male,alhilal:15,15,MF,MOHAMMED ALQAHTANI,2002-07-23,22,2025-06-14,Saudi Arabia,168
alhilal,Al Hilal,KSA,https://fdp.fifa.org/assetspublic/ce233/pdf/SquadLists-English.pdf,3,2025-07-04,FIFA Club World Cup 2025,male,alhilal:16,16,MF,NASSER ALDAWSARI,1998-12-19,26,2025-06-14,Saudi Arabia,178
alhilal,Al Hilal,KSA,https://fdp.fifa.org/assetspublic/ce233/pdf/SquadLists-English.pdf,3,2025-07-04,FIFA Club World Cup 2025,male,alhilal:17,17,GK,MOHAMMED ALYAMI,1997-08-14,27,2025-06-14,Saudi Arabia,185
alhilal,Al Hilal,KSA,https://fdp.fifa.org/assetspublic/ce233/pdf/SquadLists-English.pdf,3,2025-07-04,FIFA Club World Cup 2025,male,alhilal:18,18,MF,MUSAB ALJUWAYR,2003-06-20,21,2025-06-14,Saudi Arabia,175
alhilal,Al Hilal,KSA,https://fdp.fifa.org/assetspublic/ce233/pdf/SquadLists-English.pdf,3,2025-07-04,FIFA Club World Cup 2025,male,alhilal:20,20,DF,JOAO CANCELO,1994-05-27,31,2025-06-14,Portugal,173
alhilal,Al Hilal,KSA,https://fdp.fifa.org/assetspublic/ce233/pdf/SquadLists-English.pdf,3,2025-07-04,FIFA Club World Cup 2025,male,alhilal:22,22,MF,MILINKOVIC-SAVIC Sergej,1995-02-27,30,2025-06-14,Serbia,192
alhilal,Al Hilal,KSA,https://fdp.fifa.org/assetspublic/ce233/pdf/SquadLists-English.pdf,3,2025-07-04,FIFA Club World Cup 2025,male,alhilal:24,24,DF,MOTEB ALHARBI,2000-02-20,25,2025-06-14,Saudi Arabia,173
alhilal,Al Hilal,KSA,https://fdp.fifa.org/assetspublic/ce233/pdf/SquadLists-English.pdf,3,2025-07-04,FIFA Club World Cup 2025,male,alhilal:27,27,MF,KAIO CESAR,2004-02-15,21,2025-06-14,Brazil,160
alhilal,Al Hilal,KSA,https://fdp.fifa.org/assetspublic/ce233/pdf/SquadLists-English.pdf,3,2025-07-04,FIFA Club World Cup 2025,male,alhilal:28,28,MF,MOHAMED KANNO,1994-09-22,30,2025-06-14,Saudi Arabia,191
alhilal,Al Hilal,KSA,https://fdp.fifa.org/assetspublic/ce233/pdf/SquadLists-English.pdf,3,2025-07-04,FIFA Club World Cup 2025,male,alhilal:29,29,MF,SALEM ALDAWSARI,1991-08-19,33,2025-06-14,Saudi Arabia,173
alhilal,Al Hilal,KSA,https://fdp.fifa.org/assetspublic/ce233/pdf/SquadLists-English.pdf,3,2025-07-04,FIFA Club World Cup 2025,male,alhilal:31,31,DF,RAYAN ALGHAMDI,2006-01-03,19,2025-06-14,Saudi Arabia,172
alhilal,Al Hilal,KSA,https://fdp.fifa.org/assetspublic/ce233/pdf/SquadLists-English.pdf,3,2025-07-04,FIFA Club World Cup 2025,male,alhilal:33,33,MF,MOHAMMED MUHAYSH,2006-03-02,19,2025-06-14,Saudi Arabia,168
alhilal,Al Hilal,KSA,https://fdp.fifa.org/assetspublic/ce233/pdf/SquadLists-English.pdf,3,2025-07-04,FIFA Club World Cup 2025,male,alhilal:34,34,DF,SALEH BARNAWI,2007-02-08,18,2025-06-14,Saudi Arabia,175
alhilal,Al Hilal,KSA,https://fdp.fifa.org/assetspublic/ce233/pdf/SquadLists-English.pdf,3,2025-07-04,FIFA Club World Cup 2025,male,alhilal:36,36,DF,SAUD HARUN,2005-07-19,19,2025-06-14,Saudi Arabia,173
alhilal,Al Hilal,KSA,https://fdp.fifa.org/assetspublic/ce233/pdf/SquadLists-English.pdf,3,2025-07-04,FIFA Club World Cup 2025,male,alhilal:37,37,GK,BOUNOU Yassine,1991-04-05,34,2025-06-14,Morocco,192
alhilal,Al Hilal,KSA,https://fdp.fifa.org/assetspublic/ce233/pdf/SquadLists-English.pdf,3,2025-07-04,FIFA Club World Cup 2025,male,alhilal:38,38,FW,TURKI ALGHUMAYL,2005-02-02,20,2025-06-14,Saudi Arabia,170
alhilal,Al Hilal,KSA,https://fdp.fifa.org/assetspublic/ce233/pdf/SquadLists-English.pdf,3,2025-07-04,FIFA Club World Cup 2025,male,alhilal:39,39,MF,ABDULAZIZ HADHOOD,2005-03-10,20,2025-06-14,Saudi Arabia,165
alhilal,Al Hilal,KSA,https://fdp.fifa.org/assetspublic/ce233/pdf/SquadLists-English.pdf,3,2025-07-04,FIFA Club World Cup 2025,male,alhilal:40,40,GK,AHMAD ABURASYIN,2003-11-02,21,2025-06-14,Saudi Arabia,189
alhilal,Al Hilal,KSA,https://fdp.fifa.org/assetspublic/ce233/pdf/SquadLists-English.pdf,3,2025-07-04,FIFA Club World Cup 2025,male,alhilal:43,43,DF,SAAD ALMUTHARY,2006-12-06,18,2025-06-14,Saudi Arabia,172
alhilal,Al Hilal,KSA,https://fdp.fifa.org/assetspublic/ce233/pdf/SquadLists-English.pdf,3,2025-07-04,FIFA Club World Cup 2025,male,alhilal:50,50,GK,ABDULELAH ALGHAMDI,2006-08-14,18,2025-06-14,Saudi Arabia,183
alhilal,Al Hilal,KSA,https://fdp.fifa.org/assetspublic/ce233/pdf/SquadLists-English.pdf,3,2025-07-04,FIFA Club World Cup 2025,male,alhilal:77,77,MF,MALCOM,1997-02-26,28,2025-06-14,Brazil,172
alhilal,Al Hilal,KSA,https://fdp.fifa.org/assetspublic/ce233/pdf/SquadLists-English.pdf,3,2025-07-04,FIFA Club World Cup 2025,male,alhilal:78,78,DF,ALI LAJAMI,1996-04-24,29,2025-06-14,Saudi Arabia,177
alhilal,Al Hilal,KSA,https://fdp.fifa.org/assetspublic/ce233/pdf/SquadLists-English.pdf,3,2025-07-04,FIFA Club World Cup 2025,male,alhilal:87,87,DF,HASSAN ALTAMBAKTI,1999-02-09,26,2025-06-14,Saudi Arabia,183
alhilal,Al Hilal,KSA,https://fdp.fifa.org/assetspublic/ce233/pdf/SquadLists-English.pdf,3,2025-07-04,FIFA Club World Cup 2025,male,alhilal:88,88,DF,HAMAD ALYAMI,1999-05-17,26,2025-06-14,Saudi Arabia,173
alhilal,Al Hilal,KSA,https://fdp.fifa.org/assetspublic/ce233/pdf/SquadLists-English.pdf,3,2025-07-04,FIFA Club World Cup 2025,male,alhilal:89,89,MF,ABDULELAH ALMALKI,1994-10-11,30,2025-06-14,Saudi Arabia,170
alhilal,Al Hilal,KSA,https://fdp.fifa.org/assetspublic/ce233/pdf/SquadLists-English.pdf,3,2025-07-04,FIFA Club World Cup 2025,male,alhilal:99,99,FW,ABDULLAH ALHAMDDAN,1999-09-13,25,2025-06-14,Saudi Arabia,186
atleticodemadrid,Atlético De Madrid,ESP,https://fdp.fifa.org/assetspublic/ce233/pdf/SquadLists-English.pdf,4,2025-07-04,FIFA Club World Cup 2025,male,atleticodemadrid:1,1,GK,MUSSO Juan,1994-05-06,31,2025-06-14,Argentina,193
atleticodemadrid,Atlético De Madrid,ESP,https://fdp.fifa.org/assetspublic/ce233/pdf/SquadLists-English.pdf,4,2025-07-04,FIFA Club World Cup 2025,male,atleticodemadrid:2,2,DF,GIMENEZ Jose Maria,1995-01-20,30,2025-06-14,Uruguay,186
atleticodemadrid,Atlético De Madrid,ESP,https://fdp.fifa.org/assetspublic/ce233/pdf/SquadLists-English.pdf,4,2025-07-04,FIFA Club World Cup 2025,male,atleticodemadrid:3,3,DF,AZPILICUETA Cesar,1989-08-28,35,2025-06-14,Spain,178
atleticodemadrid,Atlético De Madrid,ESP,https://fdp.fifa.org/assetspublic/ce233/pdf/SquadLists-English.pdf,4,2025-07-04,FIFA Club World Cup 2025,male,atleticodemadrid:4,4,MF,GALLAGHER Conor,2000-02-06,25,2025-06-14,England,183
atleticodemadrid,Atlético De Madrid,ESP,https://fdp.fifa.org/assetspublic/ce233/pdf/SquadLists-English.pdf,4,2025-07-04,FIFA Club World Cup 2025,male,atleticodemadrid:5,5,MF,DE PAUL Rodrigo,1994-05-24,31,2025-06-14,Argentina,178
atleticodemadrid,Atlético De Madrid,ESP,https://fdp.fifa.org/assetspublic/ce233/pdf/SquadLists-English.pdf,4,2025-07-04,FIFA Club World Cup 2025,male,atleticodemadrid:6,6,MF,KOKE,1992-01-08,33,2025-06-14,Spain,176
atleticodemadrid,Atlético De Madrid,ESP,https://fdp.fifa.org/assetspublic/ce233/pdf/SquadLists-English.pdf,4,2025-07-04,FIFA Club World Cup 2025,male,atleticodemadrid:7,7,FW,GRIEZMANN Antoine,1991-03-21,34,2025-06-14,France,176
atleticodemadrid,Atlético De Madrid,ESP,https://fdp.fifa.org/assetspublic/ce233/pdf/SquadLists-English.pdf,4,2025-07-04,FIFA Club World Cup 2025,male,atleticodemadrid:8,8,MF,BARRIOS Pablo,2003-06-15,21,2025-06-14,Spain,183
atleticodemadrid,Atlético De Madrid,ESP,https://fdp.fifa.org/assetspublic/ce233/pdf/SquadLists-English.pdf,4,2025-07-04,FIFA Club World Cup 2025,male,atleticodemadrid:9,9,FW,SORLOTH Alexander,1995-12-05,29,2025-06-14,Norway,196
atleticodemadrid,Atlético De Madrid,ESP,https://fdp.fifa.org/assetspublic/ce233/pdf/SquadLists-English.pdf,4,2025-07-04,FIFA Club World Cup 2025,male,atleticodemadrid:10,10,FW,CORREA Angel,1995-03-09,30,2025-06-14,Argentina,173
atleticodemadrid,Atlético De Madrid,ESP,https://fdp.fifa.org/assetspublic/ce233/pdf/SquadLists-English.pdf,4,2025-07-04,FIFA Club World Cup 2025,male,atleticodemadrid:11,11,MF,LEMAR Thomas,1995-11-12,29,2025-06-14,France,171
atleticodemadrid,Atlético De Madrid,ESP,https://fdp.fifa.org/assetspublic/ce233/pdf/SquadLists-English.pdf,4,2025-07-04,FIFA Club World Cup 2025,male,atleticodemadrid:12,12,MF,SAMUEL LINO,1999-12-23,25,2025-06-14,Brazil,177
atleticodemadrid,Atlético De Madrid,ESP,https://fdp.fifa.org/assetspublic/ce233/pdf/SquadLists-English.pdf,4,2025-07-04,FIFA Club World Cup 2025,male,atleticodemadrid:13,13,GK,OBLAK Jan,1993-01-07,32,2025-06-14,Slovenia,188
atleticodemadrid,Atlético De Madrid,ESP,https://fdp.fifa.org/assetspublic/ce233/pdf/SquadLists-English.pdf,4,2025-07-04,FIFA Club World Cup 2025,male,atleticodemadrid:14,14,MF,LLORENTE Marcos,1995-01-30,30,2025-06-14,Spain,183
atleticodemadrid,Atlético De Madrid,ESP,https://fdp.fifa.org/assetspublic/ce233/pdf/SquadLists-English.pdf,4,2025-07-04,FIFA Club World Cup 2025,male,atleticodemadrid:15,15,DF,LENGLET Clement,1995-06-17,29,2025-06-14,France,186
atleticodemadrid,Atlético De Madrid,ESP,https://fdp.fifa.org/assetspublic/ce233/pdf/SquadLists-English.pdf,4,2025-07-04,FIFA Club World Cup 2025,male,atleticodemadrid:16,16,DF,MOLINA Nahuel,1998-04-06,27,2025-06-14,Argentina,179
atleticodemadrid,Atlético De Madrid,ESP,https://fdp.fifa.org/assetspublic/ce233/pdf/SquadLists-English.pdf,4,2025-07-04,FIFA Club World Cup 2025,male,atleticodemadrid:17,17,MF,RIQUELME Rodrigo,2000-04-02,25,2025-06-14,Spain,173
atleticodemadrid,Atlético De Madrid,ESP,https://fdp.fifa.org/assetspublic/ce233/pdf/SquadLists-English.pdf,4,2025-07-04,FIFA Club World Cup 2025,male,atleticodemadrid:18,18,FW,MARTIN Carlos,2002-04-22,23,2025-06-14,Spain,184
atleticodemadrid,Atlético De Madrid,ESP,https://fdp.fifa.org/assetspublic/ce233/pdf/SquadLists-English.pdf,4,2025-07-04,FIFA Club World Cup 2025,male,atleticodemadrid:19,19,FW,ALVAREZ Julian,2000-01-31,25,2025-06-14,Argentina,170
atleticodemadrid,Atlético De Madrid,ESP,https://fdp.fifa.org/assetspublic/ce233/pdf/SquadLists-English.pdf,4,2025-07-04,FIFA Club World Cup 2025,male,atleticodemadrid:20,20,MF,WITSEL Axel,1989-01-12,36,2025-06-14,Belgium,186
atleticodemadrid,Atlético De Madrid,ESP,https://fdp.fifa.org/assetspublic/ce233/pdf/SquadLists-English.pdf,4,2025-07-04,FIFA Club World Cup 2025,male,atleticodemadrid:21,21,DF,GALAN Javi,1994-11-19,30,2025-06-14,Spain,170
atleticodemadrid,Atlético De Madrid,ESP,https://fdp.fifa.org/assetspublic/ce233/pdf/SquadLists-English.pdf,4,2025-07-04,FIFA Club World Cup 2025,male,atleticodemadrid:22,22,FW,SIMEONE Giuliano,2002-12-18,22,2025-06-14,Argentina,174
atleticodemadrid,Atlético De Madrid,ESP,https://fdp.fifa.org/assetspublic/ce233/pdf/SquadLists-English.pdf,4,2025-07-04,FIFA Club World Cup 2025,male,atleticodemadrid:23,23,DF,REINILDO MANDAVA,1994-01-21,31,2025-06-14,Mozambique,183
atleticodemadrid,Atlético De Madrid,ESP,https://fdp.fifa.org/assetspublic/ce233/pdf/SquadLists-English.pdf,4,2025-07-04,FIFA Club World Cup 2025,male,atleticodemadrid:24,24,DF,LE NORMAND Robin,1996-11-11,28,2025-06-14,Spain,187
atleticodemadrid,Atlético De Madrid,ESP,https://fdp.fifa.org/assetspublic/ce233/pdf/SquadLists-English.pdf,4,2025-07-04,FIFA Club World Cup 2025,male,atleticodemadrid:27,27,DF,KOSTIS Ilias,2003-02-27,22,2025-06-14,Greece,192
atleticodemadrid,Atlético De Madrid,ESP,https://fdp.fifa.org/assetspublic/ce233/pdf/SquadLists-English.pdf,4,2025-07-04,FIFA Club World Cup 2025,male,atleticodemadrid:29,29,MF,SERRANO Javi,2003-01-16,22,2025-06-14,Spain,179
atleticodemadrid,Atlético De Madrid,ESP,https://fdp.fifa.org/assetspublic/ce233/pdf/SquadLists-English.pdf,4,2025-07-04,FIFA Club World Cup 2025,male,atleticodemadrid:30,30,DF,BONAR Javier,2005-06-03,20,2025-06-14,Spain,178
atleticodemadrid,Atlético De Madrid,ESP,https://fdp.fifa.org/assetspublic/ce233/pdf/SquadLists-English.pdf,4,2025-07-04,FIFA Club World Cup 2025,male,atleticodemadrid:31,31,GK,GOMIS Antonio,2003-05-20,22,2025-06-14,Spain,192
atleticodemadrid,Atlético De Madrid,ESP,https://fdp.fifa.org/assetspublic/ce233/pdf/SquadLists-English.pdf,4,2025-07-04,FIFA Club World Cup 2025,male,atleticodemadrid:32,32,FW,NINO Adrian,2004-06-19,20,2025-06-14,Spain,185
atleticodemadrid,Atlético De Madrid,ESP,https://fdp.fifa.org/assetspublic/ce233/pdf/SquadLists-English.pdf,4,2025-07-04,FIFA Club World Cup 2025,male,atleticodemadrid:34,34,GK,ESQUIVEL Salvi,2005-09-30,19,2025-06-14,Spain,190
atleticodemadrid,Atlético De Madrid,ESP,https://fdp.fifa.org/assetspublic/ce233/pdf/SquadLists-English.pdf,4,2025-07-04,FIFA Club World Cup 2025,male,atleticodemadrid:37,37,MF,MONSERRATE Jano,2006-01-28,19,2025-06-14,Spain,177
atleticodemadrid,Atlético De Madrid,ESP,https://fdp.fifa.org/assetspublic/ce233/pdf/SquadLists-English.pdf,4,2025-07-04,FIFA Club World Cup 2025,male,atleticodemadrid:38,38,MF,SEIDU Taufik,2008-01-20,17,2025-06-14,Spain,182
atleticodemadrid,Atlético De Madrid,ESP,https://fdp.fifa.org/assetspublic/ce233/pdf/SquadLists-English.pdf,4,2025-07-04,FIFA Club World Cup 2025,male,atleticodemadrid:40,40,MF,BELAID Rayane,2005-02-11,20,2025-06-14,Spain,172
atleticodemadrid,Atlético De Madrid,ESP,https://fdp.fifa.org/assetspublic/ce233/pdf/SquadLists-English.pdf,4,2025-07-04,FIFA Club World Cup 2025,male,atleticodemadrid:47,47,FW,JANNEH Omar,2006-08-23,18,2025-06-14,Spain,188
aucklandcityfc,Auckland City FC,NZL,https://fdp.fifa.org/assetspublic/ce233/pdf/SquadLists-English.pdf,5,2025-07-04,FIFA Club World Cup 2025,male,aucklandcityfc:1,1,GK,TRACEY Conor,1997-04-13,28,2025-06-14,New Zealand,187
aucklandcityfc,Auckland City FC,NZL,https://fdp.fifa.org/assetspublic/ce233/pdf/SquadLists-English.pdf,5,2025-07-04,FIFA Club World Cup 2025,male,aucklandcityfc:2,2,DF,ILICH Mario,1995-06-23,29,2025-06-14,New Zealand,190
aucklandcityfc,Auckland City FC,NZL,https://fdp.fifa.org/assetspublic/ce233/pdf/SquadLists-English.pdf,5,2025-07-04,FIFA Club World Cup 2025,male,aucklandcityfc:3,3,DF,MITCHELL Adam,1996-06-01,29,2025-06-14,New Zealand,190
aucklandcityfc,Auckland City FC,NZL,https://fdp.fifa.org/assetspublic/ce233/pdf/SquadLists-English.pdf,5,2025-07-04,FIFA Club World Cup 2025,male,aucklandcityfc:4,4,DF,GRAY Christian,1996-11-29,28,2025-06-14,New Zealand,186
aucklandcityfc,Auckland City FC,NZL,https://fdp.fifa.org/assetspublic/ce233/pdf/SquadLists-English.pdf,5,2025-07-04,FIFA Club World Cup 2025,male,aucklandcityfc:5,5,DF,BOXALL Nikko,1992-02-24,33,2025-06-14,New Zealand,183
aucklandcityfc,Auckland City FC,NZL,https://fdp.fifa.org/assetspublic/ce233/pdf/SquadLists-English.pdf,5,2025-07-04,FIFA Club World Cup 2025,male,aucklandcityfc:6,6,MF,MANUEL Jackson,2003-02-24,22,2025-06-14,New Zealand,179
aucklandcityfc,Auckland City FC,NZL,https://fdp.fifa.org/assetspublic/ce233/pdf/SquadLists-English.pdf,5,2025-07-04,FIFA Club World Cup 2025,male,aucklandcityfc:7,7,FW,BEVAN Myer,1997-04-23,28,2025-06-14,New Zealand,185
aucklandcityfc,Auckland City FC,NZL,https://fdp.fifa.org/assetspublic/ce233/pdf/SquadLists-English.pdf,5,2025-07-04,FIFA Club World Cup 2025,male,aucklandcityfc:8,8,MF,GARRIGA Gerard,1993-05-28,32,2025-06-14,Spain,176
aucklandcityfc,Auckland City FC,NZL,https://fdp.fifa.org/assetspublic/ce233/pdf/SquadLists-English.pdf,5,2025-07-04,FIFA Club World Cup 2025,male,aucklandcityfc:9,9,FW,KILKOLLY Angus,1996-04-18,29,2025-06-14,New Zealand,187
aucklandcityfc,Auckland City FC,NZL,https://fdp.fifa.org/assetspublic/ce233/pdf/SquadLists-English.pdf,5,2025-07-04,FIFA Club World Cup 2025,male,aucklandcityfc:10,10,FW,MANICKUM Dylan,1992-06-16,32,2025-06-14,New Zealand,178
aucklandcityfc,Auckland City FC,NZL,https://fdp.fifa.org/assetspublic/ce233/pdf/SquadLists-English.pdf,5,2025-07-04,FIFA Club World Cup 2025,male,aucklandcityfc:11,11,FW,DE VRIES Ryan,1991-09-14,33,2025-06-14,New Zealand,182
aucklandcityfc,Auckland City FC,NZL,https://fdp.fifa.org/assetspublic/ce233/pdf/SquadLists-English.pdf,5,2025-07-04,FIFA Club World Cup 2025,male,aucklandcityfc:12,12,DF,MURATI Regont,1996-05-14,29,2025-06-14,New Zealand,183
aucklandcityfc,Auckland City FC,NZL,https://fdp.fifa.org/assetspublic/ce233/pdf/SquadLists-English.pdf,5,2025-07-04,FIFA Club World Cup 2025,male,aucklandcityfc:13,13,DF,LOBO Nathan,2002-12-16,22,2025-06-14,New Zealand,177
aucklandcityfc,Auckland City FC,NZL,https://fdp.fifa.org/assetspublic/ce233/pdf/SquadLists-English.pdf,5,2025-07-04,FIFA Club World Cup 2025,male,aucklandcityfc:14,14,MF,VALE Jordan,1994-01-15,31,2025-06-14,New Zealand,178
aucklandcityfc,Auckland City FC,NZL,https://fdp.fifa.org/assetspublic/ce233/pdf/SquadLists-English.pdf,5,2025-07-04,FIFA Club World Cup 2025,male,aucklandcityfc:15,15,MF,FOO Jeremy,2007-03-07,18,2025-06-14,New Zealand,182
aucklandcityfc,Auckland City FC,NZL,https://fdp.fifa.org/assetspublic/ce233/pdf/SquadLists-English.pdf,5,2025-07-04,FIFA Club World Cup 2025,male,aucklandcityfc:16,16,FW,LEE Joe,2002-07-12,22,2025-06-14,New Zealand,179
aucklandcityfc,Auckland City FC,NZL,https://fdp.fifa.org/assetspublic/ce233/pdf/SquadLists-English.pdf,5,2025-07-04,FIFA Club World Cup 2025,male,aucklandcityfc:17,17,FW,LAGOS Jerson,2002-11-01,22,2025-06-14,New Zealand,177
aucklandcityfc,Auckland City FC,NZL,https://fdp.fifa.org/assetspublic/ce233/pdf/SquadLists-English.pdf,5,2025-07-04,FIFA Club World Cup 2025,male,aucklandcityfc:18,18,GK,CIGANDA Sebastian,1993-08-30,31,2025-06-14,Uruguay,184
aucklandcityfc,Auckland City FC,NZL,https://fdp.fifa.org/assetspublic/ce233/pdf/SquadLists-English.pdf,5,2025-07-04,FIFA Club World Cup 2025,male,aucklandcityfc:19,19,DF,CONNOLLY Dylan,2000-05-16,25,2025-06-14,Republic Of Ireland,179
aucklandcityfc,Auckland City FC,NZL,https://fdp.fifa.org/assetspublic/ce233/pdf/SquadLists-English.pdf,5,2025-07-04,FIFA Club World Cup 2025,male,aucklandcityfc:20,20,MF,ELLIS Matt,2001-02-27,24,2025-06-14,New Zealand,175
aucklandcityfc,Auckland City FC,NZL,https://fdp.fifa.org/assetspublic/ce233/pdf/SquadLists-English.pdf,5,2025-07-04,FIFA Club World Cup 2025,male,aucklandcityfc:21,21,DF,BELL Adam,2004-02-12,21,2025-06-14,New Zealand,173
aucklandcityfc,Auckland City FC,NZL,https://fdp.fifa.org/assetspublic/ce233/pdf/SquadLists-English.pdf,5,2025-07-04,FIFA Club World Cup 2025,male,aucklandcityfc:22,22,MF,ZHOU Tong,1990-01-12,35,2025-06-14,China PR,169
aucklandcityfc,Auckland City FC,NZL,https://fdp.fifa.org/assetspublic/ce233/pdf/SquadLists-English.pdf,5,2025-07-04,FIFA Club World Cup 2025,male,aucklandcityfc:23,23,DF,ROGERS Alfie,1995-02-06,30,2025-06-14,New Zealand,186
aucklandcityfc,Auckland City FC,NZL,https://fdp.fifa.org/assetspublic/ce233/pdf/SquadLists-English.pdf,5,2025-07-04,FIFA Club World Cup 2025,male,aucklandcityfc:24,24,GK,GARROW Nathan,2004-11-29,20,2025-06-14,New Zealand,185
aucklandcityfc,Auckland City FC,NZL,https://fdp.fifa.org/assetspublic/ce233/pdf/SquadLists-English.pdf,5,2025-07-04,FIFA Club World Cup 2025,male,aucklandcityfc:25,25,MF,DEN HEIJER Michael,1996-04-14,29,2025-06-14,New Zealand,186
aucklandcityfc,Auckland City FC,NZL,https://fdp.fifa.org/assetspublic/ce233/pdf/SquadLists-English.pdf,5,2025-07-04,FIFA Club World Cup 2025,male,aucklandcityfc:26,26,FW,YOO David,1999-12-07,25,2025-06-14,New Zealand,181
aucklandcityfc,Auckland City FC,NZL,https://fdp.fifa.org/assetspublic/ce233/pdf/SquadLists-English.pdf,5,2025-07-04,FIFA Club World Cup 2025,male,aucklandcityfc:27,27,FW,ZEB Haris,2001-05-15,24,2025-06-14,New Zealand,186
borussiadortmund,Borussia Dortmund,GER,https://fdp.fifa.org/assetspublic/ce233/pdf/SquadLists-English.pdf,6,2025-07-04,FIFA Club World Cup 2025,male,borussiadortmund:1,1,GK,KOBEL Gregor,1997-12-06,27,2025-06-14,Switzerland,194
borussiadortmund,Borussia Dortmund,GER,https://fdp.fifa.org/assetspublic/ce233/pdf/SquadLists-English.pdf,6,2025-07-04,FIFA Club World Cup 2025,male,borussiadortmund:2,2,DF,YAN COUTO,2002-06-03,23,2025-06-14,Brazil,168
borussiadortmund,Borussia Dortmund,GER,https://fdp.fifa.org/assetspublic/ce233/pdf/SquadLists-English.pdf,6,2025-07-04,FIFA Club World Cup 2025,male,borussiadortmund:3,3,DF,ANTON Waldemar,1996-07-20,28,2025-06-14,Germany,189
borussiadortmund,Borussia Dortmund,GER,https://fdp.fifa.org/assetspublic/ce233/pdf/SquadLists-English.pdf,6,2025-07-04,FIFA Club World Cup 2025,male,borussiadortmund:5,5,DF,BENSEBAINI Ramy,1995-04-16,30,2025-06-14,Algeria,187
borussiadortmund,Borussia Dortmund,GER,https://fdp.fifa.org/assetspublic/ce233/pdf/SquadLists-English.pdf,6,2025-07-04,FIFA Club World Cup 2025,male,borussiadortmund:7,7,FW,REYNA Giovanni,2002-11-13,22,2025-06-14,USA,188
borussiadortmund,Borussia Dortmund,GER,https://fdp.fifa.org/assetspublic/ce233/pdf/SquadLists-English.pdf,6,2025-07-04,FIFA Club World Cup 2025,male,borussiadortmund:8,8,MF,NMECHA Felix,2000-10-10,24,2025-06-14,Germany,190
borussiadortmund,Borussia Dortmund,GER,https://fdp.fifa.org/assetspublic/ce233/pdf/SquadLists-English.pdf,6,2025-07-04,FIFA Club World Cup 2025,male,borussiadortmund:9,9,FW,GUIRASSY Serhou,1996-03-12,29,2025-06-14,Guinea,190
borussiadortmund,Borussia Dortmund,GER,https://fdp.fifa.org/assetspublic/ce233/pdf/SquadLists-English.pdf,6,2025-07-04,FIFA Club World Cup 2025,male,borussiadortmund:10,10,FW,BRANDT Julian,1996-05-02,29,2025-06-14,Germany,183
borussiadortmund,Borussia Dortmund,GER,https://fdp.fifa.org/assetspublic/ce233/pdf/SquadLists-English.pdf,6,2025-07-04,FIFA Club World Cup 2025,male,borussiadortmund:13,13,MF,GROSS Pascal,1991-06-15,33,2025-06-14,Germany,181
borussiadortmund,Borussia Dortmund,GER,https://fdp.fifa.org/assetspublic/ce233/pdf/SquadLists-English.pdf,6,2025-07-04,FIFA Club World Cup 2025,male,borussiadortmund:14,14,FW,BEIER Maximilian,2002-10-17,22,2025-06-14,Germany,185
borussiadortmund,Borussia Dortmund,GER,https://fdp.fifa.org/assetspublic/ce233/pdf/SquadLists-English.pdf,6,2025-07-04,FIFA Club World Cup 2025,male,borussiadortmund:16,16,FW,DURANVILLE Julien,2006-05-05,19,2025-06-14,Belgium,170
borussiadortmund,Borussia Dortmund,GER,https://fdp.fifa.org/assetspublic/ce233/pdf/SquadLists-English.pdf,6,2025-07-04,FIFA Club World Cup 2025,male,borussiadortmund:17,17,MF,CHUKWUEMEKA Carney,2003-10-20,21,2025-06-14,England,187
borussiadortmund,Borussia Dortmund,GER,https://fdp.fifa.org/assetspublic/ce233/pdf/SquadLists-English.pdf,6,2025-07-04,FIFA Club World Cup 2025,male,borussiadortmund:20,20,MF,SABITZER Marcel,1994-03-17,31,2025-06-14,Austria,178
borussiadortmund,Borussia Dortmund,GER,https://fdp.fifa.org/assetspublic/ce233/pdf/SquadLists-English.pdf,6,2025-07-04,FIFA Club World Cup 2025,male,borussiadortmund:24,24,DF,SVENSSON Daniel,2002-02-12,23,2025-06-14,Sweden,183
borussiadortmund,Borussia Dortmund,GER,https://fdp.fifa.org/assetspublic/ce233/pdf/SquadLists-English.pdf,6,2025-07-04,FIFA Club World Cup 2025,male,borussiadortmund:25,25,DF,SUELE Niklas,1995-09-03,29,2025-06-14,Germany,195
borussiadortmund,Borussia Dortmund,GER,https://fdp.fifa.org/assetspublic/ce233/pdf/SquadLists-English.pdf,6,2025-07-04,FIFA Club World Cup 2025,male,borussiadortmund:26,26,DF,RYERSON Julian,1997-11-17,27,2025-06-14,Norway,186
borussiadortmund,Borussia Dortmund,GER,https://fdp.fifa.org/assetspublic/ce233/pdf/SquadLists-English.pdf,6,2025-07-04,FIFA Club World Cup 2025,male,borussiadortmund:27,27,FW,ADEYEMI Karim,2002-01-18,23,2025-06-14,Germany,180
borussiadortmund,Borussia Dortmund,GER,https://fdp.fifa.org/assetspublic/ce233/pdf/SquadLists-English.pdf,6,2025-07-04,FIFA Club World Cup 2025,male,borussiadortmund:31,31,GK,OSTRZINSKI Silas,2003-11-19,21,2025-06-14,Germany,198
borussiadortmund,Borussia Dortmund,GER,https://fdp.fifa.org/assetspublic/ce233/pdf/SquadLists-English.pdf,6,2025-07-04,FIFA Club World Cup 2025,male,borussiadortmund:33,33,GK,MEYER Alexander,1991-04-13,34,2025-06-14,Germany,195
borussiadortmund,Borussia Dortmund,GER,https://fdp.fifa.org/assetspublic/ce233/pdf/SquadLists-English.pdf,6,2025-07-04,FIFA Club World Cup 2025,male,borussiadortmund:37,37,FW,CAMPBELL Cole,2006-02-20,19,2025-06-14,USA,170
borussiadortmund,Borussia Dortmund,GER,https://fdp.fifa.org/assetspublic/ce233/pdf/SquadLists-English.pdf,6,2025-07-04,FIFA Club World Cup 2025,male,borussiadortmund:38,38,MF,WAETJEN Kjell,2006-02-16,19,2025-06-14,Germany,179
borussiadortmund,Borussia Dortmund,GER,https://fdp.fifa.org/assetspublic/ce233/pdf/SquadLists-English.pdf,6,2025-07-04,FIFA Club World Cup 2025,male,borussiadortmund:39,39,DF,MANE Filippo,2005-03-08,20,2025-06-14,Italy,188
borussiadortmund,Borussia Dortmund,GER,https://fdp.fifa.org/assetspublic/ce233/pdf/SquadLists-English.pdf,6,2025-07-04,FIFA Club World Cup 2025,male,borussiadortmund:40,40,FW,INACIO Samuele,2008-04-02,17,2025-06-14,Italy,180
borussiadortmund,Borussia Dortmund,GER,https://fdp.fifa.org/assetspublic/ce233/pdf/SquadLists-English.pdf,6,2025-07-04,FIFA Club World Cup 2025,male,borussiadortmund:41,41,FW,ALBERT Mathis,2009-05-21,16,2025-06-14,USA,175
borussiadortmund,Borussia Dortmund,GER,https://fdp.fifa.org/assetspublic/ce233/pdf/SquadLists-English.pdf,6,2025-07-04,FIFA Club World Cup 2025,male,borussiadortmund:42,42,DF,KABAR Almugera,2006-06-06,19,2025-06-14,Germany,186
borussiadortmund,Borussia Dortmund,GER,https://fdp.fifa.org/assetspublic/ce233/pdf/SquadLists-English.pdf,6,2025-07-04,FIFA Club World Cup 2025,male,borussiadortmund:43,43,FW,BYNOE-GITTENS Jamie,2004-08-08,20,2025-06-14,England,175
borussiadortmund,Borussia Dortmund,GER,https://fdp.fifa.org/assetspublic/ce233/pdf/SquadLists-English.pdf,6,2025-07-04,FIFA Club World Cup 2025,male,borussiadortmund:44,44,DF,COULIBALY Soumaila,2003-10-14,21,2025-06-14,France,190
borussiadortmund,Borussia Dortmund,GER,https://fdp.fifa.org/assetspublic/ce233/pdf/SquadLists-English.pdf,6,2025-07-04,FIFA Club World Cup 2025,male,borussiadortmund:46,46,MF,AZHIL Ayman,2001-04-10,24,2025-06-14,Germany,170
borussiadortmund,Borussia Dortmund,GER,https://fdp.fifa.org/assetspublic/ce233/pdf/SquadLists-English.pdf,6,2025-07-04,FIFA Club World Cup 2025,male,borussiadortmund:47,47,DF,BENKARA Elias,2007-04-29,18,2025-06-14,Germany,192
borussiadortmund,Borussia Dortmund,GER,https://fdp.fifa.org/assetspublic/ce233/pdf/SquadLists-English.pdf,6,2025-07-04,FIFA Club World Cup 2025,male,borussiadortmund:77,77,MF,BELLINGHAM Jobe,2005-09-23,19,2025-06-14,England,191
botafogo,Botafogo,BRA,https://fdp.fifa.org/assetspublic/ce233/pdf/SquadLists-English.pdf,7,2025-07-04,FIFA Club World Cup 2025,male,botafogo:1,1,GK,RAUL,1997-07-28,27,2025-06-14,Brazil,191
botafogo,Botafogo,BRA,https://fdp.fifa.org/assetspublic/ce233/pdf/SquadLists-English.pdf,7,2025-07-04,FIFA Club World Cup 2025,male,botafogo:2,2,DF,VITINHO,1999-07-23,25,2025-06-14,Brazil,174
botafogo,Botafogo,BRA,https://fdp.fifa.org/assetspublic/ce233/pdf/SquadLists-English.pdf,7,2025-07-04,FIFA Club World Cup 2025,male,botafogo:4,4,DF,PONTE Mateo,2003-05-24,22,2025-06-14,Uruguay,183
botafogo,Botafogo,BRA,https://fdp.fifa.org/assetspublic/ce233/pdf/SquadLists-English.pdf,7,2025-07-04,FIFA Club World Cup 2025,male,botafogo:5,5,MF,DANILO,1996-02-28,29,2025-06-14,Brazil,183
botafogo,Botafogo,BRA,https://fdp.fifa.org/assetspublic/ce233/pdf/SquadLists-English.pdf,7,2025-07-04,FIFA Club World Cup 2025,male,botafogo:6,6,MF,PATRICK DE PAULA,1999-09-08,25,2025-06-14,Brazil,178
botafogo,Botafogo,BRA,https://fdp.fifa.org/assetspublic/ce233/pdf/SquadLists-English.pdf,7,2025-07-04,FIFA Club World Cup 2025,male,botafogo:7,7,FW,ARTUR,1998-02-15,27,2025-06-14,Brazil,165
botafogo,Botafogo,BRA,https://fdp.fifa.org/assetspublic/ce233/pdf/SquadLists-English.pdf,7,2025-07-04,FIFA Club World Cup 2025,male,botafogo:8,8,MF,MONTORO Alvaro,2007-04-17,18,2025-06-14,Argentina,170
botafogo,Botafogo,BRA,https://fdp.fifa.org/assetspublic/ce233/pdf/SquadLists-English.pdf,7,2025-07-04,FIFA Club World Cup 2025,male,botafogo:9,9,FW,RWAN CRUZ,2001-05-20,24,2025-06-14,Brazil,186
botafogo,Botafogo,BRA,https://fdp.fifa.org/assetspublic/ce233/pdf/SquadLists-English.pdf,7,2025-07-04,FIFA Club World Cup 2025,male,botafogo:10,10,MF,SAVARINO Jefferson,1996-11-11,28,2025-06-14,Venezuela,171
botafogo,Botafogo,BRA,https://fdp.fifa.org/assetspublic/ce233/pdf/SquadLists-English.pdf,7,2025-07-04,FIFA Club World Cup 2025,male,botafogo:11,11,FW,MATHEUS MARTINS,2003-07-16,21,2025-06-14,Brazil,179
botafogo,Botafogo,BRA,https://fdp.fifa.org/assetspublic/ce233/pdf/SquadLists-English.pdf,7,2025-07-04,FIFA Club World Cup 2025,male,botafogo:12,12,GK,JOHN,1996-02-13,29,2025-06-14,Brazil,196
botafogo,Botafogo,BRA,https://fdp.fifa.org/assetspublic/ce233/pdf/SquadLists-English.pdf,7,2025-07-04,FIFA Club World Cup 2025,male,botafogo:13,13,DF,ALEX TELLES,1992-12-15,32,2025-06-14,Brazil,181
botafogo,Botafogo,BRA,https://fdp.fifa.org/assetspublic/ce233/pdf/SquadLists-English.pdf,7,2025-07-04,FIFA Club World Cup 2025,male,botafogo:15,15,DF,BASTOS,1991-03-27,34,2025-06-14,Angola,184
botafogo,Botafogo,BRA,https://fdp.fifa.org/assetspublic/ce233/pdf/SquadLists-English.pdf,7,2025-07-04,FIFA Club World Cup 2025,male,botafogo:16,16,FW,NATHAN,2005-02-16,20,2025-06-14,Brazil,173
botafogo,Botafogo,BRA,https://fdp.fifa.org/assetspublic/ce233/pdf/SquadLists-English.pdf,7,2025-07-04,FIFA Club World Cup 2025,male,botafogo:17,17,MF,MARLON FREITAS,1995-03-27,30,2025-06-14,Brazil,185
botafogo,Botafogo,BRA,https://fdp.fifa.org/assetspublic/ce233/pdf/SquadLists-English.pdf,7,2025-07-04,FIFA Club World Cup 2025,male,botafogo:18,18,MF,KAUE,2004-10-22,20,2025-06-14,Brazil,175
botafogo,Botafogo,BRA,https://fdp.fifa.org/assetspublic/ce233/pdf/SquadLists-English.pdf,7,2025-07-04,FIFA Club World Cup 2025,male,botafogo:19,19,FW,KAYKE,2006-06-19,18,2025-06-14,Brazil,171
botafogo,Botafogo,BRA,https://fdp.fifa.org/assetspublic/ce233/pdf/SquadLists-English.pdf,7,2025-07-04,FIFA Club World Cup 2025,male,botafogo:20,20,DF,BARBOZA Alexander,1995-03-16,30,2025-06-14,Argentina,193
botafogo,Botafogo,BRA,https://fdp.fifa.org/assetspublic/ce233/pdf/SquadLists-English.pdf,7,2025-07-04,FIFA Club World Cup 2025,male,botafogo:21,21,DF,MARCAL,1989-02-19,36,2025-06-14,Brazil,174
botafogo,Botafogo,BRA,https://fdp.fifa.org/assetspublic/ce233/pdf/SquadLists-English.pdf,7,2025-07-04,FIFA Club World Cup 2025,male,botafogo:23,23,MF,RODRIGUEZ Santiago,2000-01-08,25,2025-06-14,Uruguay,172
botafogo,Botafogo,BRA,https://fdp.fifa.org/assetspublic/ce233/pdf/SquadLists-English.pdf,7,2025-07-04,FIFA Club World Cup 2025,male,botafogo:24,24,GK,LEO LINCK,2001-03-03,24,2025-06-14,Brazil,194
botafogo,Botafogo,BRA,https://fdp.fifa.org/assetspublic/ce233/pdf/SquadLists-English.pdf,7,2025-07-04,FIFA Club World Cup 2025,male,botafogo:25,25,MF,ALLAN,1991-01-08,34,2025-06-14,Brazil,175
botafogo,Botafogo,BRA,https://fdp.fifa.org/assetspublic/ce233/pdf/SquadLists-English.pdf,7,2025-07-04,FIFA Club World Cup 2025,male,botafogo:26,26,MF,GREGORE,1994-03-02,31,2025-06-14,Brazil,181
botafogo,Botafogo,BRA,https://fdp.fifa.org/assetspublic/ce233/pdf/SquadLists-English.pdf,7,2025-07-04,FIFA Club World Cup 2025,male,botafogo:28,28,MF,NEWTON,2000-03-12,25,2025-06-14,Brazil,188
botafogo,Botafogo,BRA,https://fdp.fifa.org/assetspublic/ce233/pdf/SquadLists-English.pdf,7,2025-07-04,FIFA Club World Cup 2025,male,botafogo:30,30,FW,CORREA Joaquin,1994-08-13,30,2025-06-14,Argentina,189
botafogo,Botafogo,BRA,https://fdp.fifa.org/assetspublic/ce233/pdf/SquadLists-English.pdf,7,2025-07-04,FIFA Club World Cup 2025,male,botafogo:31,31,DF,KAIO,1995-09-08,29,2025-06-14,Brazil,186
botafogo,Botafogo,BRA,https://fdp.fifa.org/assetspublic/ce233/pdf/SquadLists-English.pdf,7,2025-07-04,FIFA Club World Cup 2025,male,botafogo:32,32,DF,JAIR CUNHA,2005-03-07,20,2025-06-14,Brazil,198
botafogo,Botafogo,BRA,https://fdp.fifa.org/assetspublic/ce233/pdf/SquadLists-English.pdf,7,2025-07-04,FIFA Club World Cup 2025,male,botafogo:39,39,FW,MASTRIANI Gonzalo,1993-04-28,32,2025-06-14,Uruguay,187
botafogo,Botafogo,BRA,https://fdp.fifa.org/assetspublic/ce233/pdf/SquadLists-English.pdf,7,2025-07-04,FIFA Club World Cup 2025,male,botafogo:40,40,GK,LOOR Cristhian,2006-03-09,19,2025-06-14,Ecuador,187
botafogo,Botafogo,BRA,https://fdp.fifa.org/assetspublic/ce233/pdf/SquadLists-English.pdf,7,2025-07-04,FIFA Club World Cup 2025,male,botafogo:47,47,FW,JEFFINHO,1999-12-30,25,2025-06-14,Brazil,176
botafogo,Botafogo,BRA,https://fdp.fifa.org/assetspublic/ce233/pdf/SquadLists-English.pdf,7,2025-07-04,FIFA Club World Cup 2025,male,botafogo:57,57,DF,DAVID RICARDO,2002-12-21,22,2025-06-14,Brazil,180
botafogo,Botafogo,BRA,https://fdp.fifa.org/assetspublic/ce233/pdf/SquadLists-English.pdf,7,2025-07-04,FIFA Club World Cup 2025,male,botafogo:66,66,DF,CUIABANO,2003-02-16,22,2025-06-14,Brazil,181
botafogo,Botafogo,BRA,https://fdp.fifa.org/assetspublic/ce233/pdf/SquadLists-English.pdf,7,2025-07-04,FIFA Club World Cup 2025,male,botafogo:77,77,MF,KAUAN LINDES,2003-11-28,21,2025-06-14,Brazil,180
botafogo,Botafogo,BRA,https://fdp.fifa.org/assetspublic/ce233/pdf/SquadLists-English.pdf,7,2025-07-04,FIFA Club World Cup 2025,male,botafogo:98,98,FW,ARTHUR CABRAL,1998-04-25,27,2025-06-14,Brazil,186
botafogo,Botafogo,BRA,https://fdp.fifa.org/assetspublic/ce233/pdf/SquadLists-English.pdf,7,2025-07-04,FIFA Club World Cup 2025,male,botafogo:99,99,FW,IGOR JESUS,2001-02-25,24,2025-06-14,Brazil,179
cabocajuniors,CA Boca Juniors,ARG,https://fdp.fifa.org/assetspublic/ce233/pdf/SquadLists-English.pdf,8,2025-07-04,FIFA Club World Cup 2025,male,cabocajuniors:1,1,GK,ROMERO Sergio,1987-02-22,38,2025-06-14,Argentina,192
cabocajuniors,CA Boca Juniors,ARG,https://fdp.fifa.org/assetspublic/ce233/pdf/SquadLists-English.pdf,8,2025-07-04,FIFA Club World Cup 2025,male,cabocajuniors:3,3,DF,SARACCHI Marcelo,1998-04-23,27,2025-06-14,Uruguay,172
cabocajuniors,CA Boca Juniors,ARG,https://fdp.fifa.org/assetspublic/ce233/pdf/SquadLists-English.pdf,8,2025-07-04,FIFA Club World Cup 2025,male,cabocajuniors:4,4,DF,FIGAL Nicolas,1994-04-03,31,2025-06-14,Argentina,184
cabocajuniors,CA Boca Juniors,ARG,https://fdp.fifa.org/assetspublic/ce233/pdf/SquadLists-English.pdf,8,2025-07-04,FIFA Club World Cup 2025,male,cabocajuniors:5,5,MF,BATTAGLIA Rodrigo,1991-07-12,33,2025-06-14,Argentina,187
cabocajuniors,CA Boca Juniors,ARG,https://fdp.fifa.org/assetspublic/ce233/pdf/SquadLists-English.pdf,8,2025-07-04,FIFA Club World Cup 2025,male,cabocajuniors:6,6,DF,ROJO Marcos,1990-03-20,35,2025-06-14,Argentina,187
cabocajuniors,CA Boca Juniors,ARG,https://fdp.fifa.org/assetspublic/ce233/pdf/SquadLists-English.pdf,8,2025-07-04,FIFA Club World Cup 2025,male,cabocajuniors:7,7,FW,ZEBALLOS Exequiel,2002-04-24,23,2025-06-14,Argentina,175
cabocajuniors,CA Boca Juniors,ARG,https://fdp.fifa.org/assetspublic/ce233/pdf/SquadLists-English.pdf,8,2025-07-04,FIFA Club World Cup 2025,male,cabocajuniors:8,8,MF,PALACIOS Carlos,2000-07-20,24,2025-06-14,Chile,184
cabocajuniors,CA Boca Juniors,ARG,https://fdp.fifa.org/assetspublic/ce233/pdf/SquadLists-English.pdf,8,2025-07-04,FIFA Club World Cup 2025,male,cabocajuniors:9,9,FW,GIMENEZ Milton,1996-08-12,28,2025-06-14,Argentina,185
cabocajuniors,CA Boca Juniors,ARG,https://fdp.fifa.org/assetspublic/ce233/pdf/SquadLists-English.pdf,8,2025-07-04,FIFA Club World Cup 2025,male,cabocajuniors:10,10,FW,CAVANI Edinson,1987-02-14,38,2025-06-14,Uruguay,185
cabocajuniors,CA Boca Juniors,ARG,https://fdp.fifa.org/assetspublic/ce233/pdf/SquadLists-English.pdf,8,2025-07-04,FIFA Club World Cup 2025,male,cabocajuniors:11,11,FW,JANSON Lucas,1994-08-16,30,2025-06-14,Argentina,170
cabocajuniors,CA Boca Juniors,ARG,https://fdp.fifa.org/assetspublic/ce233/pdf/SquadLists-English.pdf,8,2025-07-04,FIFA Club World Cup 2025,male,cabocajuniors:12,12,GK,BREY Leandro,2002-09-21,22,2025-06-14,Argentina,192
cabocajuniors,CA Boca Juniors,ARG,https://fdp.fifa.org/assetspublic/ce233/pdf/SquadLists-English.pdf,8,2025-07-04,FIFA Club World Cup 2025,male,cabocajuniors:13,13,GK,GARCIA Javier,1987-01-29,38,2025-06-14,Argentina,183
cabocajuniors,CA Boca Juniors,ARG,https://fdp.fifa.org/assetspublic/ce233/pdf/SquadLists-English.pdf,8,2025-07-04,FIFA Club World Cup 2025,male,cabocajuniors:14,14,MF,MIRAMON Ignacio,2003-06-12,22,2025-06-14,Argentina,173
cabocajuniors,CA Boca Juniors,ARG,https://fdp.fifa.org/assetspublic/ce233/pdf/SquadLists-English.pdf,8,2025-07-04,FIFA Club World Cup 2025,male,cabocajuniors:15,15,MF,ALARCON Williams,2000-11-29,24,2025-06-14,Chile,182
cabocajuniors,CA Boca Juniors,ARG,https://fdp.fifa.org/assetspublic/ce233/pdf/SquadLists-English.pdf,8,2025-07-04,FIFA Club World Cup 2025,male,cabocajuniors:16,16,FW,MERENTIEL Miguel,1996-02-24,29,2025-06-14,Uruguay,179
cabocajuniors,CA Boca Juniors,ARG,https://fdp.fifa.org/assetspublic/ce233/pdf/SquadLists-English.pdf,8,2025-07-04,FIFA Club World Cup 2025,male,cabocajuniors:17,17,DF,ADVINCULA Luis,1990-03-02,35,2025-06-14,Peru,178
cabocajuniors,CA Boca Juniors,ARG,https://fdp.fifa.org/assetspublic/ce233/pdf/SquadLists-English.pdf,8,2025-07-04,FIFA Club World Cup 2025,male,cabocajuniors:18,18,DF,FABRA Frank,1991-02-22,34,2025-06-14,Colombia,175
cabocajuniors,CA Boca Juniors,ARG,https://fdp.fifa.org/assetspublic/ce233/pdf/SquadLists-English.pdf,8,2025-07-04,FIFA Club World Cup 2025,male,cabocajuniors:19,19,MF,MARTEGANI Agustin,2000-05-20,25,2025-06-14,Argentina,183
cabocajuniors,CA Boca Juniors,ARG,https://fdp.fifa.org/assetspublic/ce233/pdf/SquadLists-English.pdf,8,2025-07-04,FIFA Club World Cup 2025,male,cabocajuniors:20,20,MF,VELASCO Alan,2002-07-27,22,2025-06-14,Argentina,168
cabocajuniors,CA Boca Juniors,ARG,https://fdp.fifa.org/assetspublic/ce233/pdf/SquadLists-English.pdf,8,2025-07-04,FIFA Club World Cup 2025,male,cabocajuniors:21,21,MF,HERRERA Ander,1989-08-14,35,2025-06-14,Spain,183
cabocajuniors,CA Boca Juniors,ARG,https://fdp.fifa.org/assetspublic/ce233/pdf/SquadLists-English.pdf,8,2025-07-04,FIFA Club World Cup 2025,male,cabocajuniors:22,22,MF,ZENON Kevin,2001-07-30,23,2025-06-14,Argentina,179
cabocajuniors,CA Boca Juniors,ARG,https://fdp.fifa.org/assetspublic/ce233/pdf/SquadLists-English.pdf,8,2025-07-04,FIFA Club World Cup 2025,male,cabocajuniors:23,23,DF,BLANCO Lautaro,1999-02-19,26,2025-06-14,Argentina,176
cabocajuniors,CA Boca Juniors,ARG,https://fdp.fifa.org/assetspublic/ce233/pdf/SquadLists-English.pdf,8,2025-07-04,FIFA Club World Cup 2025,male,cabocajuniors:24,24,DF,BARINAGA Juan,2000-10-10,24,2025-06-14,Argentina,179
cabocajuniors,CA Boca Juniors,ARG,https://fdp.fifa.org/assetspublic/ce233/pdf/SquadLists-English.pdf,8,2025-07-04,FIFA Club World Cup 2025,male,cabocajuniors:25,25,GK,MARCHESIN Agustin,1988-03-16,37,2025-06-14,Argentina,188
cabocajuniors,CA Boca Juniors,ARG,https://fdp.fifa.org/assetspublic/ce233/pdf/SquadLists-English.pdf,8,2025-07-04,FIFA Club World Cup 2025,male,cabocajuniors:26,26,DF,PELLEGRINO Marco,2002-07-18,22,2025-06-14,Argentina,191
cabocajuniors,CA Boca Juniors,ARG,https://fdp.fifa.org/assetspublic/ce233/pdf/SquadLists-English.pdf,8,2025-07-04,FIFA Club World Cup 2025,male,cabocajuniors:27,27,MF,BRAIDA Malcom,1997-05-17,28,2025-06-14,Argentina,182
cabocajuniors,CA Boca Juniors,ARG,https://fdp.fifa.org/assetspublic/ce233/pdf/SquadLists-English.pdf,8,2025-07-04,FIFA Club World Cup 2025,male,cabocajuniors:30,30,MF,BELMONTE Tomas,1998-05-27,27,2025-06-14,Argentina,181
cabocajuniors,CA Boca Juniors,ARG,https://fdp.fifa.org/assetspublic/ce233/pdf/SquadLists-English.pdf,8,2025-07-04,FIFA Club World Cup 2025,male,cabocajuniors:32,32,DF,COSTA Ayrton,1999-07-12,25,2025-06-14,Argentina,180
cabocajuniors,CA Boca Juniors,ARG,https://fdp.fifa.org/assetspublic/ce233/pdf/SquadLists-English.pdf,8,2025-07-04,FIFA Club World Cup 2025,male,cabocajuniors:33,33,FW,AGUIRRE Brian,2003-01-06,22,2025-06-14,Argentina,174
cabocajuniors,CA Boca Juniors,ARG,https://fdp.fifa.org/assetspublic/ce233/pdf/SquadLists-English.pdf,8,2025-07-04,FIFA Club World Cup 2025,male,cabocajuniors:34,34,DF,MENDIA Mateo,2004-02-03,21,2025-06-14,Argentina,191
cabocajuniors,CA Boca Juniors,ARG,https://fdp.fifa.org/assetspublic/ce233/pdf/SquadLists-English.pdf,8,2025-07-04,FIFA Club World Cup 2025,male,cabocajuniors:38,38,MF,REY DOMENECH Camilo,2006-03-10,19,2025-06-14,Argentina,178
cabocajuniors,CA Boca Juniors,ARG,https://fdp.fifa.org/assetspublic/ce233/pdf/SquadLists-English.pdf,8,2025-07-04,FIFA Club World Cup 2025,male,cabocajuniors:40,40,DF,DI LOLLO Lautaro,2004-03-10,21,2025-06-14,Argentina,188
cabocajuniors,CA Boca Juniors,ARG,https://fdp.fifa.org/assetspublic/ce233/pdf/SquadLists-English.pdf,8,2025-07-04,FIFA Club World Cup 2025,male,cabocajuniors:42,42,DF,BLONDEL Lucas,1996-09-14,28,2025-06-14,Switzerland,178
cabocajuniors,CA Boca Juniors,ARG,https://fdp.fifa.org/assetspublic/ce233/pdf/SquadLists-English.pdf,8,2025-07-04,FIFA Club World Cup 2025,male,cabocajuniors:43,43,MF,DELGADO Milton,2005-06-16,19,2025-06-14,Argentina,166
cabocajuniors,CA Boca Juniors,ARG,https://fdp.fifa.org/assetspublic/ce233/pdf/SquadLists-English.pdf,8,2025-07-04,FIFA Club World Cup 2025,male,cabocajuniors:51,51,MF,DALMASSO Santiago,2004-06-18,20,2025-06-14,Argentina,181
cariverplate,CA River Plate,ARG,https://fdp.fifa.org/assetspublic/ce233/pdf/SquadLists-English.pdf,9,2025-07-04,FIFA Club World Cup 2025,male,cariverplate:1,1,GK,ARMANI Franco,1986-10-16,38,2025-06-14,Argentina,189
cariverplate,CA River Plate,ARG,https://fdp.fifa.org/assetspublic/ce233/pdf/SquadLists-English.pdf,9,2025-07-04,FIFA Club World Cup 2025,male,cariverplate:2,2,DF,GATTONI Federico,1999-02-16,26,2025-06-14,Argentina,185
cariverplate,CA River Plate,ARG,https://fdp.fifa.org/assetspublic/ce233/pdf/SquadLists-English.pdf,9,2025-07-04,FIFA Club World Cup 2025,male,cariverplate:4,4,DF,MONTIEL Gonzalo,1997-01-01,28,2025-06-14,Argentina,175
cariverplate,CA River Plate,ARG,https://fdp.fifa.org/assetspublic/ce233/pdf/SquadLists-English.pdf,9,2025-07-04,FIFA Club World Cup 2025,male,cariverplate:5,5,MF,KRANEVITTER Matias,1993-05-21,32,2025-06-14,Argentina,180
cariverplate,CA River Plate,ARG,https://fdp.fifa.org/assetspublic/ce233/pdf/SquadLists-English.pdf,9,2025-07-04,FIFA Club World Cup 2025,male,cariverplate:6,6,DF,PEZZELLA German,1991-06-27,33,2025-06-14,Argentina,190
cariverplate,CA River Plate,ARG,https://fdp.fifa.org/assetspublic/ce233/pdf/SquadLists-English.pdf,9,2025-07-04,FIFA Club World Cup 2025,male,cariverplate:7,7,MF,ROJAS Matias,1995-11-03,29,2025-06-14,Paraguay,186
cariverplate,CA River Plate,ARG,https://fdp.fifa.org/assetspublic/ce233/pdf/SquadLists-English.pdf,9,2025-07-04,FIFA Club World Cup 2025,male,cariverplate:8,8,MF,MEZA Maximiliano,1992-12-15,32,2025-06-14,Argentina,177
cariverplate,CA River Plate,ARG,https://fdp.fifa.org/assetspublic/ce233/pdf/SquadLists-English.pdf,9,2025-07-04,FIFA Club World Cup 2025,male,cariverplate:9,9,FW,BORJA Miguel,1993-01-26,32,2025-06-14,Colombia,184
cariverplate,CA River Plate,ARG,https://fdp.fifa.org/assetspublic/ce233/pdf/SquadLists-English.pdf,9,2025-07-04,FIFA Club World Cup 2025,male,cariverplate:10,10,MF,LANZINI Manuel,1993-02-15,32,2025-06-14,Argentina,167
cariverplate,CA River Plate,ARG,https://fdp.fifa.org/assetspublic/ce233/pdf/SquadLists-English.pdf,9,2025-07-04,FIFA Club World Cup 2025,male,cariverplate:11,11,FW,COLIDIO Facundo,2000-01-04,25,2025-06-14,Argentina,180
cariverplate,CA River Plate,ARG,https://fdp.fifa.org/assetspublic/ce233/pdf/SquadLists-English.pdf,9,2025-07-04,FIFA Club World Cup 2025,male,cariverplate:13,13,DF,RIVERO Lautaro,2003-11-01,21,2025-06-14,Argentina,185
cariverplate,CA River Plate,ARG,https://fdp.fifa.org/assetspublic/ce233/pdf/SquadLists-English.pdf,9,2025-07-04,FIFA Club World Cup 2025,male,cariverplate:14,14,DF,GONZALEZ PIREZ Leandro,1992-02-26,33,2025-06-14,Argentina,185
cariverplate,CA River Plate,ARG,https://fdp.fifa.org/assetspublic/ce233/pdf/SquadLists-English.pdf,9,2025-07-04,FIFA Club World Cup 2025,male,cariverplate:15,15,FW,DRIUSSI Sebastian,1996-02-09,29,2025-06-14,Argentina,180
cariverplate,CA River Plate,ARG,https://fdp.fifa.org/assetspublic/ce233/pdf/SquadLists-English.pdf,9,2025-07-04,FIFA Club World Cup 2025,male,cariverplate:16,16,DF,BUSTOS Fabricio,1996-04-28,29,2025-06-14,Argentina,168
cariverplate,CA River Plate,ARG,https://fdp.fifa.org/assetspublic/ce233/pdf/SquadLists-English.pdf,9,2025-07-04,FIFA Club World Cup 2025,male,cariverplate:17,17,DF,DIAZ Paulo,1994-08-25,30,2025-06-14,Chile,178
cariverplate,CA River Plate,ARG,https://fdp.fifa.org/assetspublic/ce233/pdf/SquadLists-English.pdf,9,2025-07-04,FIFA Club World Cup 2025,male,cariverplate:18,18,MF,MARTINEZ Gonzalo,1993-06-13,32,2025-06-14,Argentina,172
cariverplate,CA River Plate,ARG,https://fdp.fifa.org/assetspublic/ce233/pdf/SquadLists-English.pdf,9,2025-07-04,FIFA Club World Cup 2025,male,cariverplate:19,19,FW,TAPIA Gonzalo,2002-02-18,23,2025-06-14,Chile,178
cariverplate,CA River Plate,ARG,https://fdp.fifa.org/assetspublic/ce233/pdf/SquadLists-English.pdf,9,2025-07-04,FIFA Club World Cup 2025,male,cariverplate:20,20,DF,CASCO Milton,1988-04-11,37,2025-06-14,Argentina,170
cariverplate,CA River Plate,ARG,https://fdp.fifa.org/assetspublic/ce233/pdf/SquadLists-English.pdf,9,2025-07-04,FIFA Club World Cup 2025,male,cariverplate:21,21,DF,ACUNA Marcos,1991-10-28,33,2025-06-14,Argentina,170
cariverplate,CA River Plate,ARG,https://fdp.fifa.org/assetspublic/ce233/pdf/SquadLists-English.pdf,9,2025-07-04,FIFA Club World Cup 2025,male,cariverplate:22,22,MF,CASTANO Kevin,2000-09-29,24,2025-06-14,Colombia,179
cariverplate,CA River Plate,ARG,https://fdp.fifa.org/assetspublic/ce233/pdf/SquadLists-English.pdf,9,2025-07-04,FIFA Club World Cup 2025,male,cariverplate:24,24,MF,PEREZ Enzo,1986-02-22,39,2025-06-14,Argentina,177
cariverplate,CA River Plate,ARG,https://fdp.fifa.org/assetspublic/ce233/pdf/SquadLists-English.pdf,9,2025-07-04,FIFA Club World Cup 2025,male,cariverplate:25,25,GK,LEDESMA Jeremias,1993-02-13,32,2025-06-14,Argentina,184
cariverplate,CA River Plate,ARG,https://fdp.fifa.org/assetspublic/ce233/pdf/SquadLists-English.pdf,9,2025-07-04,FIFA Club World Cup 2025,male,cariverplate:26,26,MF,FERNANDEZ Ignacio,1990-01-12,35,2025-06-14,Argentina,182
cariverplate,CA River Plate,ARG,https://fdp.fifa.org/assetspublic/ce233/pdf/SquadLists-English.pdf,9,2025-07-04,FIFA Club World Cup 2025,male,cariverplate:27,27,FW,DADIN Bautista,2006-05-20,19,2025-06-14,Argentina,184
cariverplate,CA River Plate,ARG,https://fdp.fifa.org/assetspublic/ce233/pdf/SquadLists-English.pdf,9,2025-07-04,FIFA Club World Cup 2025,male,cariverplate:28,28,DF,MARTINEZ QUARTA Lucas,1996-05-10,29,2025-06-14,Argentina,183
cariverplate,CA River Plate,ARG,https://fdp.fifa.org/assetspublic/ce233/pdf/SquadLists-English.pdf,9,2025-07-04,FIFA Club World Cup 2025,male,cariverplate:29,29,MF,ALIENDRO Rodrigo,1991-02-16,34,2025-06-14,Argentina,172
cariverplate,CA River Plate,ARG,https://fdp.fifa.org/assetspublic/ce233/pdf/SquadLists-English.pdf,9,2025-07-04,FIFA Club World Cup 2025,male,cariverplate:30,30,FW,MASTANTUONO Franco,2007-08-14,17,2025-06-14,Argentina,180
cariverplate,CA River Plate,ARG,https://fdp.fifa.org/assetspublic/ce233/pdf/SquadLists-English.pdf,9,2025-07-04,FIFA Club World Cup 2025,male,cariverplate:31,31,MF,SIMON Santiago,2002-06-13,23,2025-06-14,Argentina,178
cariverplate,CA River Plate,ARG,https://fdp.fifa.org/assetspublic/ce233/pdf/SquadLists-English.pdf,9,2025-07-04,FIFA Club World Cup 2025,male,cariverplate:34,34,MF,GALOPPO Giuliano,1999-06-18,25,2025-06-14,Argentina,181
cariverplate,CA River Plate,ARG,https://fdp.fifa.org/assetspublic/ce233/pdf/SquadLists-English.pdf,9,2025-07-04,FIFA Club World Cup 2025,male,cariverplate:35,35,MF,COSTANTINI Giorgio,2006-04-16,19,2025-06-14,Argentina,185
cariverplate,CA River Plate,ARG,https://fdp.fifa.org/assetspublic/ce233/pdf/SquadLists-English.pdf,9,2025-07-04,FIFA Club World Cup 2025,male,cariverplate:37,37,GK,LAVAGNINO Lucas,2004-08-22,20,2025-06-14,Argentina,189
cariverplate,CA River Plate,ARG,https://fdp.fifa.org/assetspublic/ce233/pdf/SquadLists-English.pdf,9,2025-07-04,FIFA Club World Cup 2025,male,cariverplate:38,38,FW,SUBIABRE Ian,2007-01-01,18,2025-06-14,Argentina,171
cariverplate,CA River Plate,ARG,https://fdp.fifa.org/assetspublic/ce233/pdf/SquadLists-English.pdf,9,2025-07-04,FIFA Club World Cup 2025,male,cariverplate:39,39,MF,LENCINA Santiago,2005-09-04,19,2025-06-14,Argentina,172
cariverplate,CA River Plate,ARG,https://fdp.fifa.org/assetspublic/ce233/pdf/SquadLists-English.pdf,9,2025-07-04,FIFA Club World Cup 2025,male,cariverplate:41,41,GK,BELTRAN Santiago,2004-10-04,20,2025-06-14,Argentina,189
cfmonterrey,CF Monterrey,MEX,https://fdp.fifa.org/assetspublic/ce233/pdf/SquadLists-English.pdf,10,2025-07-04,FIFA Club World Cup 2025,male,cfmonterrey:1,1,GK,ANDRADA Esteban,1991-01-26,34,2025-06-14,Argentina,193
cfmonterrey,CF Monterrey,MEX,https://fdp.fifa.org/assetspublic/ce233/pdf/SquadLists-English.pdf,10,2025-07-04,FIFA Club World Cup 2025,male,cfmonterrey:2,2,DF,CHAVEZ Ricardo,1994-11-19,30,2025-06-14,Mexico,175
cfmonterrey,CF Monterrey,MEX,https://fdp.fifa.org/assetspublic/ce233/pdf/SquadLists-English.pdf,10,2025-07-04,FIFA Club World Cup 2025,male,cfmonterrey:3,3,DF,ARTEAGA Gerardo,1998-09-07,26,2025-06-14,Mexico,173
cfmonterrey,CF Monterrey,MEX,https://fdp.fifa.org/assetspublic/ce233/pdf/SquadLists-English.pdf,10,2025-07-04,FIFA Club World Cup 2025,male,cfmonterrey:4,4,DF,GUZMAN Victor,2002-03-07,23,2025-06-14,Mexico,182
cfmonterrey,CF Monterrey,MEX,https://fdp.fifa.org/assetspublic/ce233/pdf/SquadLists-English.pdf,10,2025-07-04,FIFA Club World Cup 2025,male,cfmonterrey:5,5,MF,AMBRIZ Fidel,2003-03-21,22,2025-06-14,Mexico,175
cfmonterrey,CF Monterrey,MEX,https://fdp.fifa.org/assetspublic/ce233/pdf/SquadLists-English.pdf,10,2025-07-04,FIFA Club World Cup 2025,male,cfmonterrey:6,6,MF,DEOSSA Nelson,2000-02-06,25,2025-06-14,Colombia,178
cfmonterrey,CF Monterrey,MEX,https://fdp.fifa.org/assetspublic/ce233/pdf/SquadLists-English.pdf,10,2025-07-04,FIFA Club World Cup 2025,male,cfmonterrey:7,7,FW,BERTERAME German,1998-11-13,26,2025-06-14,Mexico,176
cfmonterrey,CF Monterrey,MEX,https://fdp.fifa.org/assetspublic/ce233/pdf/SquadLists-English.pdf,10,2025-07-04,FIFA Club World Cup 2025,male,cfmonterrey:8,8,MF,TORRES Oliver,1994-11-10,30,2025-06-14,Spain,175
cfmonterrey,CF Monterrey,MEX,https://fdp.fifa.org/assetspublic/ce233/pdf/SquadLists-English.pdf,10,2025-07-04,FIFA Club World Cup 2025,male,cfmonterrey:10,10,MF,CANALES Sergio,1991-02-16,34,2025-06-14,Spain,178
cfmonterrey,CF Monterrey,MEX,https://fdp.fifa.org/assetspublic/ce233/pdf/SquadLists-English.pdf,10,2025-07-04,FIFA Club World Cup 2025,male,cfmonterrey:11,11,FW,ALVARADO Alfonso,2000-03-15,25,2025-06-14,Mexico,175
cfmonterrey,CF Monterrey,MEX,https://fdp.fifa.org/assetspublic/ce233/pdf/SquadLists-English.pdf,10,2025-07-04,FIFA Club World Cup 2025,male,cfmonterrey:13,13,DF,SALCEDO Carlos,1993-09-29,31,2025-06-14,Mexico,182
cfmonterrey,CF Monterrey,MEX,https://fdp.fifa.org/assetspublic/ce233/pdf/SquadLists-English.pdf,10,2025-07-04,FIFA Club World Cup 2025,male,cfmonterrey:14,14,DF,AGUIRRE Erick,1997-02-23,28,2025-06-14,Mexico,171
cfmonterrey,CF Monterrey,MEX,https://fdp.fifa.org/assetspublic/ce233/pdf/SquadLists-English.pdf,10,2025-07-04,FIFA Club World Cup 2025,male,cfmonterrey:15,15,DF,MORENO Hector,1988-01-17,37,2025-06-14,Mexico,183
cfmonterrey,CF Monterrey,MEX,https://fdp.fifa.org/assetspublic/ce233/pdf/SquadLists-English.pdf,10,2025-07-04,FIFA Club World Cup 2025,male,cfmonterrey:16,16,FW,ROJAS Johan,2002-09-20,22,2025-06-14,Colombia,180
cfmonterrey,CF Monterrey,MEX,https://fdp.fifa.org/assetspublic/ce233/pdf/SquadLists-English.pdf,10,2025-07-04,FIFA Club World Cup 2025,male,cfmonterrey:17,17,MF,CORONA Jesus,1993-01-06,32,2025-06-14,Mexico,175
cfmonterrey,CF Monterrey,MEX,https://fdp.fifa.org/assetspublic/ce233/pdf/SquadLists-English.pdf,10,2025-07-04,FIFA Club World Cup 2025,male,cfmonterrey:19,19,MF,CORTIZO Jordi,1996-06-30,28,2025-06-14,Mexico,182
cfmonterrey,CF Monterrey,MEX,https://fdp.fifa.org/assetspublic/ce233/pdf/SquadLists-English.pdf,10,2025-07-04,FIFA Club World Cup 2025,male,cfmonterrey:20,20,FW,GONZALEZ Alfonso,1994-09-05,30,2025-06-14,Mexico,175
cfmonterrey,CF Monterrey,MEX,https://fdp.fifa.org/assetspublic/ce233/pdf/SquadLists-English.pdf,10,2025-07-04,FIFA Club World Cup 2025,male,cfmonterrey:21,21,DF,REYES Luis,1991-04-03,34,2025-06-14,Mexico,184
cfmonterrey,CF Monterrey,MEX,https://fdp.fifa.org/assetspublic/ce233/pdf/SquadLists-English.pdf,10,2025-07-04,FIFA Club World Cup 2025,male,cfmonterrey:22,22,GK,CARDENAS Luis,1993-09-15,31,2025-06-14,Mexico,176
cfmonterrey,CF Monterrey,MEX,https://fdp.fifa.org/assetspublic/ce233/pdf/SquadLists-English.pdf,10,2025-07-04,FIFA Club World Cup 2025,male,cfmonterrey:23,23,DF,SANCHEZ Gustavo,2000-05-03,25,2025-06-14,Mexico,178
cfmonterrey,CF Monterrey,MEX,https://fdp.fifa.org/assetspublic/ce233/pdf/SquadLists-English.pdf,10,2025-07-04,FIFA Club World Cup 2025,male,cfmonterrey:25,25,GK,MELE Santiago,1997-09-06,27,2025-06-14,Uruguay,185
cfmonterrey,CF Monterrey,MEX,https://fdp.fifa.org/assetspublic/ce233/pdf/SquadLists-English.pdf,10,2025-07-04,FIFA Club World Cup 2025,male,cfmonterrey:29,29,MF,OCAMPOS Lucas,1994-07-11,30,2025-06-14,Argentina,182
cfmonterrey,CF Monterrey,MEX,https://fdp.fifa.org/assetspublic/ce233/pdf/SquadLists-English.pdf,10,2025-07-04,FIFA Club World Cup 2025,male,cfmonterrey:30,30,MF,RODRIGUEZ Jorge,1995-09-15,29,2025-06-14,Argentina,176
cfmonterrey,CF Monterrey,MEX,https://fdp.fifa.org/assetspublic/ce233/pdf/SquadLists-English.pdf,10,2025-07-04,FIFA Club World Cup 2025,male,cfmonterrey:31,31,FW,DE LA ROSA Roberto,2000-01-04,25,2025-06-14,Mexico,172
cfmonterrey,CF Monterrey,MEX,https://fdp.fifa.org/assetspublic/ce233/pdf/SquadLists-English.pdf,10,2025-07-04,FIFA Club World Cup 2025,male,cfmonterrey:32,32,DF,LEONE Tony,2004-04-28,21,2025-06-14,Mexico,172
cfmonterrey,CF Monterrey,MEX,https://fdp.fifa.org/assetspublic/ce233/pdf/SquadLists-English.pdf,10,2025-07-04,FIFA Club World Cup 2025,male,cfmonterrey:33,33,DF,MEDINA Stefan,1992-06-14,33,2025-06-14,Colombia,180
cfmonterrey,CF Monterrey,MEX,https://fdp.fifa.org/assetspublic/ce233/pdf/SquadLists-English.pdf,10,2025-07-04,FIFA Club World Cup 2025,male,cfmonterrey:36,36,FW,MOXICA Joaquin,2006-01-27,19,2025-06-14,Mexico,175
cfmonterrey,CF Monterrey,MEX,https://fdp.fifa.org/assetspublic/ce233/pdf/SquadLists-English.pdf,10,2025-07-04,FIFA Club World Cup 2025,male,cfmonterrey:37,37,MF,FIMBRES Iker,2005-06-02,20,2025-06-14,Mexico,172
cfmonterrey,CF Monterrey,MEX,https://fdp.fifa.org/assetspublic/ce233/pdf/SquadLists-English.pdf,10,2025-07-04,FIFA Club World Cup 2025,male,cfmonterrey:41,41,GK,PEREZ Santiago,2004-05-08,21,2025-06-14,Mexico,191
cfmonterrey,CF Monterrey,MEX,https://fdp.fifa.org/assetspublic/ce233/pdf/SquadLists-English.pdf,10,2025-07-04,FIFA Club World Cup 2025,male,cfmonterrey:93,93,DF,RAMOS Sergio,1986-03-30,39,2025-06-14,Spain,183
cfpachuca,CF Pachuca,MEX,https://fdp.fifa.org/assetspublic/ce233/pdf/SquadLists-English.pdf,11,2025-07-04,FIFA Club World Cup 2025,male,cfpachuca:2,2,DF,BARRETO Sergio,1999-04-20,26,2025-06-14,Argentina,180
cfpachuca,CF Pachuca,MEX,https://fdp.fifa.org/assetspublic/ce233/pdf/SquadLists-English.pdf,11,2025-07-04,FIFA Club World Cup 2025,male,cfpachuca:3,3,DF,ACEVES Alonso,2001-03-28,24,2025-06-14,Mexico,180
cfpachuca,CF Pachuca,MEX,https://fdp.fifa.org/assetspublic/ce233/pdf/SquadLists-English.pdf,11,2025-07-04,FIFA Club World Cup 2025,male,cfpachuca:4,4,DF,EDUARDO BAUERMANN,1996-02-13,29,2025-06-14,Brazil,189
cfpachuca,CF Pachuca,MEX,https://fdp.fifa.org/assetspublic/ce233/pdf/SquadLists-English.pdf,11,2025-07-04,FIFA Club World Cup 2025,male,cfpachuca:5,5,MF,PEDRAZA Pedro,2000-04-30,25,2025-06-14,Mexico,180
cfpachuca,CF Pachuca,MEX,https://fdp.fifa.org/assetspublic/ce233/pdf/SquadLists-English.pdf,11,2025-07-04,FIFA Club World Cup 2025,male,cfpachuca:6,6,MF,HOMENCHENKO Santiago,2003-08-30,21,2025-06-14,Uruguay,184
cfpachuca,CF Pachuca,MEX,https://fdp.fifa.org/assetspublic/ce233/pdf/SquadLists-English.pdf,11,2025-07-04,FIFA Club World Cup 2025,male,cfpachuca:7,7,FW,RODRIGUEZ Emilio,2003-04-21,22,2025-06-14,Mexico,177
cfpachuca,CF Pachuca,MEX,https://fdp.fifa.org/assetspublic/ce233/pdf/SquadLists-English.pdf,11,2025-07-04,FIFA Club World Cup 2025,male,cfpachuca:8,8,DF,GONZALEZ Bryan,2003-04-10,22,2025-06-14,Mexico,177
cfpachuca,CF Pachuca,MEX,https://fdp.fifa.org/assetspublic/ce233/pdf/SquadLists-English.pdf,11,2025-07-04,FIFA Club World Cup 2025,male,cfpachuca:9,9,FW,HERNANDEZ Illian,2000-04-12,25,2025-06-14,Mexico,180
cfpachuca,CF Pachuca,MEX,https://fdp.fifa.org/assetspublic/ce233/pdf/SquadLists-English.pdf,11,2025-07-04,FIFA Club World Cup 2025,male,cfpachuca:10,10,FW,JOHN KENNEDY,2002-05-18,23,2025-06-14,Brazil,178
cfpachuca,CF Pachuca,MEX,https://fdp.fifa.org/assetspublic/ce233/pdf/SquadLists-English.pdf,11,2025-07-04,FIFA Club World Cup 2025,male,cfpachuca:11,11,FW,IDRISSI Oussama,1996-02-26,29,2025-06-14,Morocco,175
cfpachuca,CF Pachuca,MEX,https://fdp.fifa.org/assetspublic/ce233/pdf/SquadLists-English.pdf,11,2025-07-04,FIFA Club World Cup 2025,male,cfpachuca:12,12,FW,DOMINGUEZ Alexei,2005-01-03,20,2025-06-14,Mexico,168
cfpachuca,CF Pachuca,MEX,https://fdp.fifa.org/assetspublic/ce233/pdf/SquadLists-English.pdf,11,2025-07-04,FIFA Club World Cup 2025,male,cfpachuca:13,13,GK,JURADO Sebastian,1997-09-28,27,2025-06-14,Mexico,191
cfpachuca,CF Pachuca,MEX,https://fdp.fifa.org/assetspublic/ce233/pdf/SquadLists-English.pdf,11,2025-07-04,FIFA Club World Cup 2025,male,cfpachuca:14,14,DF,SANCHEZ Carlos,2002-04-13,23,2025-06-14,Mexico,165
cfpachuca,CF Pachuca,MEX,https://fdp.fifa.org/assetspublic/ce233/pdf/SquadLists-English.pdf,11,2025-07-04,FIFA Club World Cup 2025,male,cfpachuca:15,15,MF,LUNA Israel,2002-03-23,23,2025-06-14,Mexico,178
cfpachuca,CF Pachuca,MEX,https://fdp.fifa.org/assetspublic/ce233/pdf/SquadLists-English.pdf,11,2025-07-04,FIFA Club World Cup 2025,male,cfpachuca:16,16,DF,PEREIRA Federico,2000-02-24,25,2025-06-14,Uruguay,188
cfpachuca,CF Pachuca,MEX,https://fdp.fifa.org/assetspublic/ce233/pdf/SquadLists-English.pdf,11,2025-07-04,FIFA Club World Cup 2025,male,cfpachuca:18,18,MF,PALAVECINO Agustin,1996-11-09,28,2025-06-14,Argentina,179
cfpachuca,CF Pachuca,MEX,https://fdp.fifa.org/assetspublic/ce233/pdf/SquadLists-English.pdf,11,2025-07-04,FIFA Club World Cup 2025,male,cfpachuca:19,19,MF,LOPEZ Eduardo,1994-09-17,30,2025-06-14,Mexico,167
cfpachuca,CF Pachuca,MEX,https://fdp.fifa.org/assetspublic/ce233/pdf/SquadLists-English.pdf,11,2025-07-04,FIFA Club World Cup 2025,male,cfpachuca:21,21,DF,CASTILLO Jose,2001-12-02,23,2025-06-14,Mexico,179
cfpachuca,CF Pachuca,MEX,https://fdp.fifa.org/assetspublic/ce233/pdf/SquadLists-English.pdf,11,2025-07-04,FIFA Club World Cup 2025,male,cfpachuca:22,22,DF,CABRAL Gustavo,1985-10-14,39,2025-06-14,Argentina,184
cfpachuca,CF Pachuca,MEX,https://fdp.fifa.org/assetspublic/ce233/pdf/SquadLists-English.pdf,11,2025-07-04,FIFA Club World Cup 2025,male,cfpachuca:23,23,FW,RONDON Salomon,1989-09-16,35,2025-06-14,Venezuela,189
cfpachuca,CF Pachuca,MEX,https://fdp.fifa.org/assetspublic/ce233/pdf/SquadLists-English.pdf,11,2025-07-04,FIFA Club World Cup 2025,male,cfpachuca:24,24,DF,RODRIGUEZ Luis,1991-01-21,34,2025-06-14,Mexico,177
cfpachuca,CF Pachuca,MEX,https://fdp.fifa.org/assetspublic/ce233/pdf/SquadLists-English.pdf,11,2025-07-04,FIFA Club World Cup 2025,male,cfpachuca:25,25,GK,MORENO Carlos,1998-01-29,27,2025-06-14,Mexico,192
cfpachuca,CF Pachuca,MEX,https://fdp.fifa.org/assetspublic/ce233/pdf/SquadLists-English.pdf,11,2025-07-04,FIFA Club World Cup 2025,male,cfpachuca:26,26,MF,BAUTISTA Alan,2002-06-11,23,2025-06-14,Mexico,173
cfpachuca,CF Pachuca,MEX,https://fdp.fifa.org/assetspublic/ce233/pdf/SquadLists-English.pdf,11,2025-07-04,FIFA Club World Cup 2025,male,cfpachuca:27,27,MF,GARCIA Brian,1997-10-31,27,2025-06-14,Mexico,175
cfpachuca,CF Pachuca,MEX,https://fdp.fifa.org/assetspublic/ce233/pdf/SquadLists-English.pdf,11,2025-07-04,FIFA Club World Cup 2025,male,cfpachuca:28,28,MF,MONTIEL Elias,2005-10-07,19,2025-06-14,Mexico,168
cfpachuca,CF Pachuca,MEX,https://fdp.fifa.org/assetspublic/ce233/pdf/SquadLists-English.pdf,11,2025-07-04,FIFA Club World Cup 2025,male,cfpachuca:29,29,FW,KENEDY,1996-02-08,29,2025-06-14,Brazil,180
cfpachuca,CF Pachuca,MEX,https://fdp.fifa.org/assetspublic/ce233/pdf/SquadLists-English.pdf,11,2025-07-04,FIFA Club World Cup 2025,male,cfpachuca:30,30,FW,HURTADO Aviles,1987-04-20,38,2025-06-14,Colombia,168
cfpachuca,CF Pachuca,MEX,https://fdp.fifa.org/assetspublic/ce233/pdf/SquadLists-English.pdf,11,2025-07-04,FIFA Club World Cup 2025,male,cfpachuca:31,31,GK,EULOGIO Jose,2004-02-11,21,2025-06-14,Mexico,191
cfpachuca,CF Pachuca,MEX,https://fdp.fifa.org/assetspublic/ce233/pdf/SquadLists-English.pdf,11,2025-07-04,FIFA Club World Cup 2025,male,cfpachuca:32,32,MF,GUZMAN Victor,1995-02-03,30,2025-06-14,Mexico,175
cfpachuca,CF Pachuca,MEX,https://fdp.fifa.org/assetspublic/ce233/pdf/SquadLists-English.pdf,11,2025-07-04,FIFA Club World Cup 2025,male,cfpachuca:35,35,DF,BERLANGA Jorge,2003-07-18,21,2025-06-14,Mexico,180
chelseafc,Chelsea FC,ENG,https://fdp.fifa.org/assetspublic/ce233/pdf/SquadLists-English.pdf,12,2025-07-04,FIFA Club World Cup 2025,male,chelseafc:1,1,GK,SANCHEZ Robert,1997-11-18,27,2025-06-14,Spain,197
chelseafc,Chelsea FC,ENG,https://fdp.fifa.org/assetspublic/ce233/pdf/SquadLists-English.pdf,12,2025-07-04,FIFA Club World Cup 2025,male,chelseafc:3,3,DF,CUCURELLA Marc,1998-07-22,26,2025-06-14,Spain,173
chelseafc,Chelsea FC,ENG,https://fdp.fifa.org/assetspublic/ce233/pdf/SquadLists-English.pdf,12,2025-07-04,FIFA Club World Cup 2025,male,chelseafc:4,4,DF,ADARABIOYO Tosin,1997-09-24,27,2025-06-14,England,197
chelseafc,Chelsea FC,ENG,https://fdp.fifa.org/assetspublic/ce233/pdf/SquadLists-English.pdf,12,2025-07-04,FIFA Club World Cup 2025,male,chelseafc:5,5,DF,BADIASHILE Benoit,2001-03-26,24,2025-06-14,France,192
chelseafc,Chelsea FC,ENG,https://fdp.fifa.org/assetspublic/ce233/pdf/SquadLists-English.pdf,12,2025-07-04,FIFA Club World Cup 2025,male,chelseafc:6,6,DF,COLWILL Levi,2003-02-26,22,2025-06-14,England,189
chelseafc,Chelsea FC,ENG,https://fdp.fifa.org/assetspublic/ce233/pdf/SquadLists-English.pdf,12,2025-07-04,FIFA Club World Cup 2025,male,chelseafc:7,7,FW,PEDRO NETO,2000-03-09,25,2025-06-14,Portugal,174
chelseafc,Chelsea FC,ENG,https://fdp.fifa.org/assetspublic/ce233/pdf/SquadLists-English.pdf,12,2025-07-04,FIFA Club World Cup 2025,male,chelseafc:8,8,MF,FERNANDEZ Enzo,2001-01-17,24,2025-06-14,Argentina,178
chelseafc,Chelsea FC,ENG,https://fdp.fifa.org/assetspublic/ce233/pdf/SquadLists-English.pdf,12,2025-07-04,FIFA Club World Cup 2025,male,chelseafc:9,9,FW,DELAP Liam,2003-02-08,22,2025-06-14,England,186
chelseafc,Chelsea FC,ENG,https://fdp.fifa.org/assetspublic/ce233/pdf/SquadLists-English.pdf,12,2025-07-04,FIFA Club World Cup 2025,male,chelseafc:10,10,MF,PALMER Cole,2002-05-06,23,2025-06-14,England,185
chelseafc,Chelsea FC,ENG,https://fdp.fifa.org/assetspublic/ce233/pdf/SquadLists-English.pdf,12,2025-07-04,FIFA Club World Cup 2025,male,chelseafc:11,11,FW,MADUEKE Noni,2002-03-10,23,2025-06-14,England,182
chelseafc,Chelsea FC,ENG,https://fdp.fifa.org/assetspublic/ce233/pdf/SquadLists-English.pdf,12,2025-07-04,FIFA Club World Cup 2025,male,chelseafc:12,12,GK,JORGENSEN Filip,2002-04-16,23,2025-06-14,Denmark,192
chelseafc,Chelsea FC,ENG,https://fdp.fifa.org/assetspublic/ce233/pdf/SquadLists-English.pdf,12,2025-07-04,FIFA Club World Cup 2025,male,chelseafc:14,14,MF,DARIO ESSUGO,2005-03-14,20,2025-06-14,Portugal,178
chelseafc,Chelsea FC,ENG,https://fdp.fifa.org/assetspublic/ce233/pdf/SquadLists-English.pdf,12,2025-07-04,FIFA Club World Cup 2025,male,chelseafc:15,15,FW,JACKSON Nicolas,2001-06-20,23,2025-06-14,Senegal,187
chelseafc,Chelsea FC,ENG,https://fdp.fifa.org/assetspublic/ce233/pdf/SquadLists-English.pdf,12,2025-07-04,FIFA Club World Cup 2025,male,chelseafc:17,17,MF,ANDREY SANTOS,2004-05-03,21,2025-06-14,Brazil,180
chelseafc,Chelsea FC,ENG,https://fdp.fifa.org/assetspublic/ce233/pdf/SquadLists-English.pdf,12,2025-07-04,FIFA Club World Cup 2025,male,chelseafc:18,18,FW,NKUNKU Christopher,1997-11-14,27,2025-06-14,France,175
chelseafc,Chelsea FC,ENG,https://fdp.fifa.org/assetspublic/ce233/pdf/SquadLists-English.pdf,12,2025-07-04,FIFA Club World Cup 2025,male,chelseafc:19,19,DF,SARR Mamadou,2005-08-29,19,2025-06-14,France,194
chelseafc,Chelsea FC,ENG,https://fdp.fifa.org/assetspublic/ce233/pdf/SquadLists-English.pdf,12,2025-07-04,FIFA Club World Cup 2025,male,chelseafc:20,20,FW,JOAO PEDRO,2001-09-26,23,2025-06-14,Brazil,182
chelseafc,Chelsea FC,ENG,https://fdp.fifa.org/assetspublic/ce233/pdf/SquadLists-English.pdf,12,2025-07-04,FIFA Club World Cup 2025,male,chelseafc:22,22,MF,DEWSBURY-HALL Kiernan,1998-09-06,26,2025-06-14,England,176
chelseafc,Chelsea FC,ENG,https://fdp.fifa.org/assetspublic/ce233/pdf/SquadLists-English.pdf,12,2025-07-04,FIFA Club World Cup 2025,male,chelseafc:23,23,DF,CHALOBAH Trevoh,1999-07-05,25,2025-06-14,England,192
chelseafc,Chelsea FC,ENG,https://fdp.fifa.org/assetspublic/ce233/pdf/SquadLists-English.pdf,12,2025-07-04,FIFA Club World Cup 2025,male,chelseafc:24,24,DF,JAMES Reece,1999-12-08,25,2025-06-14,England,180
chelseafc,Chelsea FC,ENG,https://fdp.fifa.org/assetspublic/ce233/pdf/SquadLists-English.pdf,12,2025-07-04,FIFA Club World Cup 2025,male,chelseafc:25,25,MF,CAICEDO Moises,2001-11-02,23,2025-06-14,Ecuador,177
chelseafc,Chelsea FC,ENG,https://fdp.fifa.org/assetspublic/ce233/pdf/SquadLists-English.pdf,12,2025-07-04,FIFA Club World Cup 2025,male,chelseafc:27,27,DF,GUSTO Malo,2003-05-19,22,2025-06-14,France,179
chelseafc,Chelsea FC,ENG,https://fdp.fifa.org/assetspublic/ce233/pdf/SquadLists-English.pdf,12,2025-07-04,FIFA Club World Cup 2025,male,chelseafc:30,30,DF,ANSELMINO Aaron,2005-04-29,20,2025-06-14,Argentina,188
chelseafc,Chelsea FC,ENG,https://fdp.fifa.org/assetspublic/ce233/pdf/SquadLists-English.pdf,12,2025-07-04,FIFA Club World Cup 2025,male,chelseafc:32,32,FW,GEORGE Tyrique,2006-02-04,19,2025-06-14,England,185
chelseafc,Chelsea FC,ENG,https://fdp.fifa.org/assetspublic/ce233/pdf/SquadLists-English.pdf,12,2025-07-04,FIFA Club World Cup 2025,male,chelseafc:34,34,DF,ACHEAMPONG Josh,2006-05-05,19,2025-06-14,England,190
chelseafc,Chelsea FC,ENG,https://fdp.fifa.org/assetspublic/ce233/pdf/SquadLists-English.pdf,12,2025-07-04,FIFA Club World Cup 2025,male,chelseafc:38,38,FW,GUIU Marc,2006-01-04,19,2025-06-14,Spain,187
chelseafc,Chelsea FC,ENG,https://fdp.fifa.org/assetspublic/ce233/pdf/SquadLists-English.pdf,12,2025-07-04,FIFA Club World Cup 2025,male,chelseafc:39,39,GK,PENDERS Mike,2005-07-31,19,2025-06-14,Belgium,200
chelseafc,Chelsea FC,ENG,https://fdp.fifa.org/assetspublic/ce233/pdf/SquadLists-English.pdf,12,2025-07-04,FIFA Club World Cup 2025,male,chelseafc:44,44,GK,SLONINA Gaga,2004-05-15,21,2025-06-14,USA,193
chelseafc,Chelsea FC,ENG,https://fdp.fifa.org/assetspublic/ce233/pdf/SquadLists-English.pdf,12,2025-07-04,FIFA Club World Cup 2025,male,chelseafc:45,45,MF,LAVIA Romeo,2004-01-06,21,2025-06-14,Belgium,181
crflamengo,CR Flamengo,BRA,https://fdp.fifa.org/assetspublic/ce233/pdf/SquadLists-English.pdf,13,2025-07-04,FIFA Club World Cup 2025,male,crflamengo:1,1,GK,ROSSI Agustin,1995-08-21,29,2025-06-14,Argentina,194
crflamengo,CR Flamengo,BRA,https://fdp.fifa.org/assetspublic/ce233/pdf/SquadLists-English.pdf,13,2025-07-04,FIFA Club World Cup 2025,male,crflamengo:2,2,DF,VARELA Guillermo,1993-03-24,32,2025-06-14,Uruguay,174
crflamengo,CR Flamengo,BRA,https://fdp.fifa.org/assetspublic/ce233/pdf/SquadLists-English.pdf,13,2025-07-04,FIFA Club World Cup 2025,male,crflamengo:3,3,DF,LEO ORTIZ,1996-01-03,29,2025-06-14,Brazil,185
crflamengo,CR Flamengo,BRA,https://fdp.fifa.org/assetspublic/ce233/pdf/SquadLists-English.pdf,13,2025-07-04,FIFA Club World Cup 2025,male,crflamengo:4,4,DF,LEO PEREIRA,1996-01-31,29,2025-06-14,Brazil,187
crflamengo,CR Flamengo,BRA,https://fdp.fifa.org/assetspublic/ce233/pdf/SquadLists-English.pdf,13,2025-07-04,FIFA Club World Cup 2025,male,crflamengo:5,5,MF,PULGAR Erick,1994-01-15,31,2025-06-14,Chile,187
crflamengo,CR Flamengo,BRA,https://fdp.fifa.org/assetspublic/ce233/pdf/SquadLists-English.pdf,13,2025-07-04,FIFA Club World Cup 2025,male,crflamengo:6,6,DF,AYRTON LUCAS,1997-06-19,27,2025-06-14,Brazil,180
crflamengo,CR Flamengo,BRA,https://fdp.fifa.org/assetspublic/ce233/pdf/SquadLists-English.pdf,13,2025-07-04,FIFA Club World Cup 2025,male,crflamengo:7,7,FW,LUIZ ARAUJO,1996-06-02,29,2025-06-14,Brazil,175
crflamengo,CR Flamengo,BRA,https://fdp.fifa.org/assetspublic/ce233/pdf/SquadLists-English.pdf,13,2025-07-04,FIFA Club World Cup 2025,male,crflamengo:8,8,MF,GERSON,1997-05-20,28,2025-06-14,Brazil,184
crflamengo,CR Flamengo,BRA,https://fdp.fifa.org/assetspublic/ce233/pdf/SquadLists-English.pdf,13,2025-07-04,FIFA Club World Cup 2025,male,crflamengo:9,9,FW,PEDRO,1997-06-20,27,2025-06-14,Brazil,185
crflamengo,CR Flamengo,BRA,https://fdp.fifa.org/assetspublic/ce233/pdf/SquadLists-English.pdf,13,2025-07-04,FIFA Club World Cup 2025,male,crflamengo:10,10,MF,DE ARRASCAETA Giorgian,1994-06-01,31,2025-06-14,Uruguay,177
crflamengo,CR Flamengo,BRA,https://fdp.fifa.org/assetspublic/ce233/pdf/SquadLists-English.pdf,13,2025-07-04,FIFA Club World Cup 2025,male,crflamengo:11,11,FW,EVERTON,1996-03-22,29,2025-06-14,Brazil,174
crflamengo,CR Flamengo,BRA,https://fdp.fifa.org/assetspublic/ce233/pdf/SquadLists-English.pdf,13,2025-07-04,FIFA Club World Cup 2025,male,crflamengo:13,13,DF,DANILO,1991-07-15,33,2025-06-14,Brazil,184
crflamengo,CR Flamengo,BRA,https://fdp.fifa.org/assetspublic/ce233/pdf/SquadLists-English.pdf,13,2025-07-04,FIFA Club World Cup 2025,male,crflamengo:17,17,DF,VINA Matias,1997-11-09,27,2025-06-14,Uruguay,180
crflamengo,CR Flamengo,BRA,https://fdp.fifa.org/assetspublic/ce233/pdf/SquadLists-English.pdf,13,2025-07-04,FIFA Club World Cup 2025,male,crflamengo:18,18,MF,DE LA CRUZ Nicolas,1997-06-01,28,2025-06-14,Uruguay,167
crflamengo,CR Flamengo,BRA,https://fdp.fifa.org/assetspublic/ce233/pdf/SquadLists-English.pdf,13,2025-07-04,FIFA Club World Cup 2025,male,crflamengo:19,19,FW,LORRAN,2006-07-04,18,2025-06-14,Brazil,180
crflamengo,CR Flamengo,BRA,https://fdp.fifa.org/assetspublic/ce233/pdf/SquadLists-English.pdf,13,2025-07-04,FIFA Club World Cup 2025,male,crflamengo:20,20,MF,MATHEUS GONCALVES,2005-08-18,19,2025-06-14,Brazil,177
crflamengo,CR Flamengo,BRA,https://fdp.fifa.org/assetspublic/ce233/pdf/SquadLists-English.pdf,13,2025-07-04,FIFA Club World Cup 2025,male,crflamengo:21,21,MF,JORGINHO,1991-12-20,33,2025-06-14,Italy,180
crflamengo,CR Flamengo,BRA,https://fdp.fifa.org/assetspublic/ce233/pdf/SquadLists-English.pdf,13,2025-07-04,FIFA Club World Cup 2025,male,crflamengo:23,23,FW,JUNINHO,1996-11-21,28,2025-06-14,Brazil,180
crflamengo,CR Flamengo,BRA,https://fdp.fifa.org/assetspublic/ce233/pdf/SquadLists-English.pdf,13,2025-07-04,FIFA Club World Cup 2025,male,crflamengo:25,25,GK,MATHEUS CUNHA,2001-05-24,24,2025-06-14,Brazil,193
crflamengo,CR Flamengo,BRA,https://fdp.fifa.org/assetspublic/ce233/pdf/SquadLists-English.pdf,13,2025-07-04,FIFA Club World Cup 2025,male,crflamengo:26,26,DF,ALEX SANDRO,1991-01-26,34,2025-06-14,Brazil,180
crflamengo,CR Flamengo,BRA,https://fdp.fifa.org/assetspublic/ce233/pdf/SquadLists-English.pdf,13,2025-07-04,FIFA Club World Cup 2025,male,crflamengo:27,27,FW,BRUNO HENRIQUE,1990-12-30,34,2025-06-14,Brazil,184
crflamengo,CR Flamengo,BRA,https://fdp.fifa.org/assetspublic/ce233/pdf/SquadLists-English.pdf,13,2025-07-04,FIFA Club World Cup 2025,male,crflamengo:29,29,MF,ALLAN,1997-03-03,28,2025-06-14,Brazil,176
crflamengo,CR Flamengo,BRA,https://fdp.fifa.org/assetspublic/ce233/pdf/SquadLists-English.pdf,13,2025-07-04,FIFA Club World Cup 2025,male,crflamengo:30,30,FW,MICHAEL,1996-03-12,29,2025-06-14,Brazil,166
crflamengo,CR Flamengo,BRA,https://fdp.fifa.org/assetspublic/ce233/pdf/SquadLists-English.pdf,13,2025-07-04,FIFA Club World Cup 2025,male,crflamengo:33,33,DF,CLEITON,2003-04-25,22,2025-06-14,Brazil,192
crflamengo,CR Flamengo,BRA,https://fdp.fifa.org/assetspublic/ce233/pdf/SquadLists-English.pdf,13,2025-07-04,FIFA Club World Cup 2025,male,crflamengo:43,43,DF,WESLEY,2003-09-06,21,2025-06-14,Brazil,173
crflamengo,CR Flamengo,BRA,https://fdp.fifa.org/assetspublic/ce233/pdf/SquadLists-English.pdf,13,2025-07-04,FIFA Club World Cup 2025,male,crflamengo:47,47,FW,GUILHERME GOMES,2006-02-02,19,2025-06-14,Brazil,180
crflamengo,CR Flamengo,BRA,https://fdp.fifa.org/assetspublic/ce233/pdf/SquadLists-English.pdf,13,2025-07-04,FIFA Club World Cup 2025,male,crflamengo:49,49,GK,DYOGO ALVES,2004-01-09,21,2025-06-14,Brazil,190
crflamengo,CR Flamengo,BRA,https://fdp.fifa.org/assetspublic/ce233/pdf/SquadLists-English.pdf,13,2025-07-04,FIFA Club World Cup 2025,male,crflamengo:50,50,FW,PLATA Gonzalo,2000-11-01,24,2025-06-14,Ecuador,178
crflamengo,CR Flamengo,BRA,https://fdp.fifa.org/assetspublic/ce233/pdf/SquadLists-English.pdf,13,2025-07-04,FIFA Club World Cup 2025,male,crflamengo:51,51,DF,DANIEL SALES,2006-06-23,18,2025-06-14,Brazil,178
crflamengo,CR Flamengo,BRA,https://fdp.fifa.org/assetspublic/ce233/pdf/SquadLists-English.pdf,13,2025-07-04,FIFA Club World Cup 2025,male,crflamengo:52,52,MF,EVERTTON ARAUJO,2003-02-28,22,2025-06-14,Brazil,185
crflamengo,CR Flamengo,BRA,https://fdp.fifa.org/assetspublic/ce233/pdf/SquadLists-English.pdf,13,2025-07-04,FIFA Club World Cup 2025,male,crflamengo:56,56,MF,PABLO LUCIO,2007-04-12,18,2025-06-14,Brazil,189
crflamengo,CR Flamengo,BRA,https://fdp.fifa.org/assetspublic/ce233/pdf/SquadLists-English.pdf,13,2025-07-04,FIFA Club World Cup 2025,male,crflamengo:58,58,GK,LEO NANNETTI,2007-08-21,17,2025-06-14,Brazil,189
crflamengo,CR Flamengo,BRA,https://fdp.fifa.org/assetspublic/ce233/pdf/SquadLists-English.pdf,13,2025-07-04,FIFA Club World Cup 2025,male,crflamengo:61,61,DF,JOAO VICTOR,2007-01-01,18,2025-06-14,Brazil,186
crflamengo,CR Flamengo,BRA,https://fdp.fifa.org/assetspublic/ce233/pdf/SquadLists-English.pdf,13,2025-07-04,FIFA Club World Cup 2025,male,crflamengo:64,64,FW,WALLACE YAN,2005-02-08,20,2025-06-14,Brazil,179
crflamengo,CR Flamengo,BRA,https://fdp.fifa.org/assetspublic/ce233/pdf/SquadLists-English.pdf,13,2025-07-04,FIFA Club World Cup 2025,male,crflamengo:79,79,MF,JOSHUA,2007-05-26,18,2025-06-14,Brazil,180
esperancedetunisie,Espérance De Tunisie,TUN,https://fdp.fifa.org/assetspublic/ce233/pdf/SquadLists-English.pdf,14,2025-07-04,FIFA Club World Cup 2025,male,esperancedetunisie:1,1,GK,MEMICHE Amenallah,2004-04-20,21,2025-06-14,Tunisia,187
esperancedetunisie,Espérance De Tunisie,TUN,https://fdp.fifa.org/assetspublic/ce233/pdf/SquadLists-English.pdf,14,2025-07-04,FIFA Club World Cup 2025,male,esperancedetunisie:2,2,MF,BEN ALI Mohamed,1995-02-16,30,2025-06-14,Tunisia,176
esperancedetunisie,Espérance De Tunisie,TUN,https://fdp.fifa.org/assetspublic/ce233/pdf/SquadLists-English.pdf,14,2025-07-04,FIFA Club World Cup 2025,male,esperancedetunisie:3,3,DF,SMIRI Koussay,2004-07-17,20,2025-06-14,Tunisia,183
esperancedetunisie,Espérance De Tunisie,TUN,https://fdp.fifa.org/assetspublic/ce233/pdf/SquadLists-English.pdf,14,2025-07-04,FIFA Club World Cup 2025,male,esperancedetunisie:4,4,MF,DERBALI Mohamed Wael,2003-06-18,21,2025-06-14,Tunisia,189
esperancedetunisie,Espérance De Tunisie,TUN,https://fdp.fifa.org/assetspublic/ce233/pdf/SquadLists-English.pdf,14,2025-07-04,FIFA Club World Cup 2025,male,esperancedetunisie:5,5,DF,MERIAH Yassine,1993-07-02,31,2025-06-14,Tunisia,183
esperancedetunisie,Espérance De Tunisie,TUN,https://fdp.fifa.org/assetspublic/ce233/pdf/SquadLists-English.pdf,14,2025-07-04,FIFA Club World Cup 2025,male,esperancedetunisie:6,6,DF,JELASSI Hamza,1991-09-29,33,2025-06-14,Tunisia,189
esperancedetunisie,Espérance De Tunisie,TUN,https://fdp.fifa.org/assetspublic/ce233/pdf/SquadLists-English.pdf,14,2025-07-04,FIFA Club World Cup 2025,male,esperancedetunisie:8,8,MF,TKA Houssem,2000-08-16,24,2025-06-14,Tunisia,170
esperancedetunisie,Espérance De Tunisie,TUN,https://fdp.fifa.org/assetspublic/ce233/pdf/SquadLists-English.pdf,14,2025-07-04,FIFA Club World Cup 2025,male,esperancedetunisie:9,9,FW,RODRIGO RODRIGUES,1996-06-18,28,2025-06-14,Brazil,189
esperancedetunisie,Espérance De Tunisie,TUN,https://fdp.fifa.org/assetspublic/ce233/pdf/SquadLists-English.pdf,14,2025-07-04,FIFA Club World Cup 2025,male,esperancedetunisie:10,10,MF,YAN SASSE,1997-06-24,27,2025-06-14,Brazil,174
esperancedetunisie,Espérance De Tunisie,TUN,https://fdp.fifa.org/assetspublic/ce233/pdf/SquadLists-English.pdf,14,2025-07-04,FIFA Club World Cup 2025,male,esperancedetunisie:11,11,MF,BELAILI Youcef,1992-03-14,33,2025-06-14,Algeria,179
esperancedetunisie,Espérance De Tunisie,TUN,https://fdp.fifa.org/assetspublic/ce233/pdf/SquadLists-English.pdf,14,2025-07-04,FIFA Club World Cup 2025,male,esperancedetunisie:12,12,FW,DHAOU Haithem,2005-01-12,20,2025-06-14,Tunisia,163
esperancedetunisie,Espérance De Tunisie,TUN,https://fdp.fifa.org/assetspublic/ce233/pdf/SquadLists-English.pdf,14,2025-07-04,FIFA Club World Cup 2025,male,esperancedetunisie:13,13,DF,BOUCHNIBA Raed,2003-09-25,21,2025-06-14,Tunisia,182
esperancedetunisie,Espérance De Tunisie,TUN,https://fdp.fifa.org/assetspublic/ce233/pdf/SquadLists-English.pdf,14,2025-07-04,FIFA Club World Cup 2025,male,esperancedetunisie:14,14,MF,OGBELU Onuche,2003-05-10,22,2025-06-14,Nigeria,185
esperancedetunisie,Espérance De Tunisie,TUN,https://fdp.fifa.org/assetspublic/ce233/pdf/SquadLists-English.pdf,14,2025-07-04,FIFA Club World Cup 2025,male,esperancedetunisie:15,15,DF,TOUGAI Mohamed Amine,2000-01-22,25,2025-06-14,Algeria,191
esperancedetunisie,Espérance De Tunisie,TUN,https://fdp.fifa.org/assetspublic/ce233/pdf/SquadLists-English.pdf,14,2025-07-04,FIFA Club World Cup 2025,male,esperancedetunisie:16,16,GK,IFAOUI Moktar,2003-03-02,22,2025-06-14,Tunisia,189
esperancedetunisie,Espérance De Tunisie,TUN,https://fdp.fifa.org/assetspublic/ce233/pdf/SquadLists-English.pdf,14,2025-07-04,FIFA Club World Cup 2025,male,esperancedetunisie:17,17,MF,EL AYEB Zakaria,2003-01-15,22,2025-06-14,Tunisia,186
esperancedetunisie,Espérance De Tunisie,TUN,https://fdp.fifa.org/assetspublic/ce233/pdf/SquadLists-English.pdf,14,2025-07-04,FIFA Club World Cup 2025,male,esperancedetunisie:19,19,FW,JABRI Achraf,2001-12-26,23,2025-06-14,Tunisia,180
esperancedetunisie,Espérance De Tunisie,TUN,https://fdp.fifa.org/assetspublic/ce233/pdf/SquadLists-English.pdf,14,2025-07-04,FIFA Club World Cup 2025,male,esperancedetunisie:20,20,DF,BEN HMIDA Mohamed Amine,1995-12-15,29,2025-06-14,Tunisia,181
esperancedetunisie,Espérance De Tunisie,TUN,https://fdp.fifa.org/assetspublic/ce233/pdf/SquadLists-English.pdf,14,2025-07-04,FIFA Club World Cup 2025,male,esperancedetunisie:21,21,MF,KONATE Abdramane,2006-06-25,18,2025-06-14,Côte D'Ivoire,168
esperancedetunisie,Espérance De Tunisie,TUN,https://fdp.fifa.org/assetspublic/ce233/pdf/SquadLists-English.pdf,14,2025-07-04,FIFA Club World Cup 2025,male,esperancedetunisie:22,22,DF,BEN MOHAMED Ayman,1994-12-08,30,2025-06-14,Tunisia,175
esperancedetunisie,Espérance De Tunisie,TUN,https://fdp.fifa.org/assetspublic/ce233/pdf/SquadLists-English.pdf,14,2025-07-04,FIFA Club World Cup 2025,male,esperancedetunisie:24,24,FW,MOKWANA Elias,1999-09-08,25,2025-06-14,South Africa,176
esperancedetunisie,Espérance De Tunisie,TUN,https://fdp.fifa.org/assetspublic/ce233/pdf/SquadLists-English.pdf,14,2025-07-04,FIFA Club World Cup 2025,male,esperancedetunisie:25,25,DF,BOUZAIENE Elyas,1997-09-08,27,2025-06-14,Tunisia,184
esperancedetunisie,Espérance De Tunisie,TUN,https://fdp.fifa.org/assetspublic/ce233/pdf/SquadLists-English.pdf,14,2025-07-04,FIFA Club World Cup 2025,male,esperancedetunisie:26,26,GK,DEBCHI Mohamed Sedki,1999-10-28,25,2025-06-14,Tunisia,196
esperancedetunisie,Espérance De Tunisie,TUN,https://fdp.fifa.org/assetspublic/ce233/pdf/SquadLists-English.pdf,14,2025-07-04,FIFA Club World Cup 2025,male,esperancedetunisie:28,28,FW,KADA Zineddine,2005-08-01,19,2025-06-14,Tunisia,183
esperancedetunisie,Espérance De Tunisie,TUN,https://fdp.fifa.org/assetspublic/ce233/pdf/SquadLists-English.pdf,14,2025-07-04,FIFA Club World Cup 2025,male,esperancedetunisie:30,30,FW,MAACHA Koussay,2007-05-21,18,2025-06-14,Tunisia,177
esperancedetunisie,Espérance De Tunisie,TUN,https://fdp.fifa.org/assetspublic/ce233/pdf/SquadLists-English.pdf,14,2025-07-04,FIFA Club World Cup 2025,male,esperancedetunisie:32,32,GK,BEN SAID Bechir,1992-11-29,32,2025-06-14,Tunisia,193
esperancedetunisie,Espérance De Tunisie,TUN,https://fdp.fifa.org/assetspublic/ce233/pdf/SquadLists-English.pdf,14,2025-07-04,FIFA Club World Cup 2025,male,esperancedetunisie:35,35,DF,KOUDHAI Aziz,2004-08-07,20,2025-06-14,Tunisia,189
esperancedetunisie,Espérance De Tunisie,TUN,https://fdp.fifa.org/assetspublic/ce233/pdf/SquadLists-English.pdf,14,2025-07-04,FIFA Club World Cup 2025,male,esperancedetunisie:36,36,FW,JBELI Chiheb,1996-05-26,29,2025-06-14,Tunisia,177
esperancedetunisie,Espérance De Tunisie,TUN,https://fdp.fifa.org/assetspublic/ce233/pdf/SquadLists-English.pdf,14,2025-07-04,FIFA Club World Cup 2025,male,esperancedetunisie:37,37,FW,MOUHLI Mohamed,1998-09-13,26,2025-06-14,Tunisia,180
esperancedetunisie,Espérance De Tunisie,TUN,https://fdp.fifa.org/assetspublic/ce233/pdf/SquadLists-English.pdf,14,2025-07-04,FIFA Club World Cup 2025,male,esperancedetunisie:38,38,MF,GUENICHI Khalil,2002-12-11,22,2025-06-14,Tunisia,189
esperancedetunisie,Espérance De Tunisie,TUN,https://fdp.fifa.org/assetspublic/ce233/pdf/SquadLists-English.pdf,14,2025-07-04,FIFA Club World Cup 2025,male,esperancedetunisie:39,39,FW,HAMROUNI Mohamed Rayen,2003-01-29,22,2025-06-14,Tunisia,172
esperancedetunisie,Espérance De Tunisie,TUN,https://fdp.fifa.org/assetspublic/ce233/pdf/SquadLists-English.pdf,14,2025-07-04,FIFA Club World Cup 2025,male,esperancedetunisie:40,40,FW,DIAKITE Aboubacar,2006-12-31,18,2025-06-14,Mali,181
fcbayernmunchen,FC Bayern München,GER,https://fdp.fifa.org/assetspublic/ce233/pdf/SquadLists-English.pdf,15,2025-07-04,FIFA Club World Cup 2025,male,fcbayernmunchen:1,1,GK,NEUER Manuel,1986-03-27,39,2025-06-14,Germany,193
fcbayernmunchen,FC Bayern München,GER,https://fdp.fifa.org/assetspublic/ce233/pdf/SquadLists-English.pdf,15,2025-07-04,FIFA Club World Cup 2025,male,fcbayernmunchen:2,2,DF,UPAMECANO Dayot,1998-10-27,26,2025-06-14,France,186
fcbayernmunchen,FC Bayern München,GER,https://fdp.fifa.org/assetspublic/ce233/pdf/SquadLists-English.pdf,15,2025-07-04,FIFA Club World Cup 2025,male,fcbayernmunchen:3,3,DF,KIM Minjae,1996-11-15,28,2025-06-14,Korea Republic,190
fcbayernmunchen,FC Bayern München,GER,https://fdp.fifa.org/assetspublic/ce233/pdf/SquadLists-English.pdf,15,2025-07-04,FIFA Club World Cup 2025,male,fcbayernmunchen:4,4,DF,TAH Jonathan,1996-02-11,29,2025-06-14,Germany,195
fcbayernmunchen,FC Bayern München,GER,https://fdp.fifa.org/assetspublic/ce233/pdf/SquadLists-English.pdf,15,2025-07-04,FIFA Club World Cup 2025,male,fcbayernmunchen:6,6,MF,KIMMICH Joshua,1995-02-08,30,2025-06-14,Germany,177
fcbayernmunchen,FC Bayern München,GER,https://fdp.fifa.org/assetspublic/ce233/pdf/SquadLists-English.pdf,15,2025-07-04,FIFA Club World Cup 2025,male,fcbayernmunchen:7,7,FW,GNABRY Serge,1995-07-14,29,2025-06-14,Germany,176
fcbayernmunchen,FC Bayern München,GER,https://fdp.fifa.org/assetspublic/ce233/pdf/SquadLists-English.pdf,15,2025-07-04,FIFA Club World Cup 2025,male,fcbayernmunchen:8,8,MF,GORETZKA Leon,1995-02-06,30,2025-06-14,Germany,189
fcbayernmunchen,FC Bayern München,GER,https://fdp.fifa.org/assetspublic/ce233/pdf/SquadLists-English.pdf,15,2025-07-04,FIFA Club World Cup 2025,male,fcbayernmunchen:9,9,FW,KANE Harry,1993-07-28,31,2025-06-14,England,190
fcbayernmunchen,FC Bayern München,GER,https://fdp.fifa.org/assetspublic/ce233/pdf/SquadLists-English.pdf,15,2025-07-04,FIFA Club World Cup 2025,male,fcbayernmunchen:10,10,FW,SANE Leroy,1996-01-11,29,2025-06-14,Germany,183
fcbayernmunchen,FC Bayern München,GER,https://fdp.fifa.org/assetspublic/ce233/pdf/SquadLists-English.pdf,15,2025-07-04,FIFA Club World Cup 2025,male,fcbayernmunchen:11,11,FW,COMAN Kingsley,1996-06-13,29,2025-06-14,France,181
fcbayernmunchen,FC Bayern München,GER,https://fdp.fifa.org/assetspublic/ce233/pdf/SquadLists-English.pdf,15,2025-07-04,FIFA Club World Cup 2025,male,fcbayernmunchen:15,15,DF,DIER Eric,1994-01-15,31,2025-06-14,England,190
fcbayernmunchen,FC Bayern München,GER,https://fdp.fifa.org/assetspublic/ce233/pdf/SquadLists-English.pdf,15,2025-07-04,FIFA Club World Cup 2025,male,fcbayernmunchen:16,16,MF,JOAO PALHINHA,1995-07-09,29,2025-06-14,Portugal,190
fcbayernmunchen,FC Bayern München,GER,https://fdp.fifa.org/assetspublic/ce233/pdf/SquadLists-English.pdf,15,2025-07-04,FIFA Club World Cup 2025,male,fcbayernmunchen:17,17,FW,OLISE Michael,2001-12-12,23,2025-06-14,France,184
fcbayernmunchen,FC Bayern München,GER,https://fdp.fifa.org/assetspublic/ce233/pdf/SquadLists-English.pdf,15,2025-07-04,FIFA Club World Cup 2025,male,fcbayernmunchen:18,18,GK,PERETZ Daniel,2000-07-10,24,2025-06-14,Israel,195
fcbayernmunchen,FC Bayern München,GER,https://fdp.fifa.org/assetspublic/ce233/pdf/SquadLists-English.pdf,15,2025-07-04,FIFA Club World Cup 2025,male,fcbayernmunchen:20,20,MF,BISCHOF Tom,2005-06-28,19,2025-06-14,Germany,176
fcbayernmunchen,FC Bayern München,GER,https://fdp.fifa.org/assetspublic/ce233/pdf/SquadLists-English.pdf,15,2025-07-04,FIFA Club World Cup 2025,male,fcbayernmunchen:22,22,DF,RAPHAEL GUERREIRO,1993-12-22,31,2025-06-14,Portugal,170
fcbayernmunchen,FC Bayern München,GER,https://fdp.fifa.org/assetspublic/ce233/pdf/SquadLists-English.pdf,15,2025-07-04,FIFA Club World Cup 2025,male,fcbayernmunchen:23,23,DF,BOEY Sacha,2000-09-13,24,2025-06-14,France,177
fcbayernmunchen,FC Bayern München,GER,https://fdp.fifa.org/assetspublic/ce233/pdf/SquadLists-English.pdf,15,2025-07-04,FIFA Club World Cup 2025,male,fcbayernmunchen:24,24,FW,VIDOVIC Gabriel,2003-12-01,21,2025-06-14,Germany,181
fcbayernmunchen,FC Bayern München,GER,https://fdp.fifa.org/assetspublic/ce233/pdf/SquadLists-English.pdf,15,2025-07-04,FIFA Club World Cup 2025,male,fcbayernmunchen:25,25,FW,MUELLER Thomas,1989-09-13,35,2025-06-14,Germany,185
fcbayernmunchen,FC Bayern München,GER,https://fdp.fifa.org/assetspublic/ce233/pdf/SquadLists-English.pdf,15,2025-07-04,FIFA Club World Cup 2025,male,fcbayernmunchen:27,27,MF,LAIMER Konrad,1997-05-27,28,2025-06-14,Austria,180
fcbayernmunchen,FC Bayern München,GER,https://fdp.fifa.org/assetspublic/ce233/pdf/SquadLists-English.pdf,15,2025-07-04,FIFA Club World Cup 2025,male,fcbayernmunchen:30,30,DF,KIALA Cassiano,2009-01-11,16,2025-06-14,Germany,174
fcbayernmunchen,FC Bayern München,GER,https://fdp.fifa.org/assetspublic/ce233/pdf/SquadLists-English.pdf,15,2025-07-04,FIFA Club World Cup 2025,male,fcbayernmunchen:35,35,MF,KRATTENMACHER Maurice,2005-08-11,19,2025-06-14,Germany,180
fcbayernmunchen,FC Bayern München,GER,https://fdp.fifa.org/assetspublic/ce233/pdf/SquadLists-English.pdf,15,2025-07-04,FIFA Club World Cup 2025,male,fcbayernmunchen:36,36,FW,MIKE Wisdom,2008-09-24,16,2025-06-14,Germany,174
fcbayernmunchen,FC Bayern München,GER,https://fdp.fifa.org/assetspublic/ce233/pdf/SquadLists-English.pdf,15,2025-07-04,FIFA Club World Cup 2025,male,fcbayernmunchen:40,40,GK,URBIG Jonas,2003-08-08,21,2025-06-14,Germany,188
fcbayernmunchen,FC Bayern München,GER,https://fdp.fifa.org/assetspublic/ce233/pdf/SquadLists-English.pdf,15,2025-07-04,FIFA Club World Cup 2025,male,fcbayernmunchen:41,41,FW,KUSI-ASARE Jonah,2007-07-04,17,2025-06-14,Sweden,198
fcbayernmunchen,FC Bayern München,GER,https://fdp.fifa.org/assetspublic/ce233/pdf/SquadLists-English.pdf,15,2025-07-04,FIFA Club World Cup 2025,male,fcbayernmunchen:42,42,MF,MUSIALA Jamal,2003-02-26,22,2025-06-14,Germany,180
fcbayernmunchen,FC Bayern München,GER,https://fdp.fifa.org/assetspublic/ce233/pdf/SquadLists-English.pdf,15,2025-07-04,FIFA Club World Cup 2025,male,fcbayernmunchen:44,44,DF,STANISIC Josip,2000-04-02,25,2025-06-14,Croatia,186
fcbayernmunchen,FC Bayern München,GER,https://fdp.fifa.org/assetspublic/ce233/pdf/SquadLists-English.pdf,15,2025-07-04,FIFA Club World Cup 2025,male,fcbayernmunchen:45,45,MF,PAVLOVIC Aleksandar,2004-05-03,21,2025-06-14,Germany,188
fcbayernmunchen,FC Bayern München,GER,https://fdp.fifa.org/assetspublic/ce233/pdf/SquadLists-English.pdf,15,2025-07-04,FIFA Club World Cup 2025,male,fcbayernmunchen:46,46,MF,KARL Lennart,2008-02-22,17,2025-06-14,Germany,169
fcbayernmunchen,FC Bayern München,GER,https://fdp.fifa.org/assetspublic/ce233/pdf/SquadLists-English.pdf,15,2025-07-04,FIFA Club World Cup 2025,male,fcbayernmunchen:47,47,MF,DAVID SANTOS,2007-01-10,18,2025-06-14,Portugal,185
fcbayernmunchen,FC Bayern München,GER,https://fdp.fifa.org/assetspublic/ce233/pdf/SquadLists-English.pdf,15,2025-07-04,FIFA Club World Cup 2025,male,fcbayernmunchen:48,48,GK,KLANAC Leon,2007-03-01,18,2025-06-14,Germany,183
fcbayernmunchen,FC Bayern München,GER,https://fdp.fifa.org/assetspublic/ce233/pdf/SquadLists-English.pdf,15,2025-07-04,FIFA Club World Cup 2025,male,fcbayernmunchen:49,49,DF,AZNOU Adam,2006-06-02,19,2025-06-14,Morocco,178
fcinternazionalemilano,FC Internazionale Milano,ITA,https://fdp.fifa.org/assetspublic/ce233/pdf/SquadLists-English.pdf,16,2025-07-04,FIFA Club World Cup 2025,male,fcinternazionalemilano:1,1,GK,SOMMER Yann,1988-12-17,36,2025-06-14,Switzerland,183
fcinternazionalemilano,FC Internazionale Milano,ITA,https://fdp.fifa.org/assetspublic/ce233/pdf/SquadLists-English.pdf,16,2025-07-04,FIFA Club World Cup 2025,male,fcinternazionalemilano:2,2,MF,DUMFRIES Denzel,1996-04-18,29,2025-06-14,Netherlands,188
fcinternazionalemilano,FC Internazionale Milano,ITA,https://fdp.fifa.org/assetspublic/ce233/pdf/SquadLists-English.pdf,16,2025-07-04,FIFA Club World Cup 2025,male,fcinternazionalemilano:6,6,DF,DE VRIJ Stefan,1992-02-05,33,2025-06-14,Netherlands,190
fcinternazionalemilano,FC Internazionale Milano,ITA,https://fdp.fifa.org/assetspublic/ce233/pdf/SquadLists-English.pdf,16,2025-07-04,FIFA Club World Cup 2025,male,fcinternazionalemilano:7,7,MF,ZIELINSKI Piotr,1994-05-20,31,2025-06-14,Poland,180
fcinternazionalemilano,FC Internazionale Milano,ITA,https://fdp.fifa.org/assetspublic/ce233/pdf/SquadLists-English.pdf,16,2025-07-04,FIFA Club World Cup 2025,male,fcinternazionalemilano:8,8,MF,SUCIC Petar,2003-10-25,21,2025-06-14,Croatia,183
fcinternazionalemilano,FC Internazionale Milano,ITA,https://fdp.fifa.org/assetspublic/ce233/pdf/SquadLists-English.pdf,16,2025-07-04,FIFA Club World Cup 2025,male,fcinternazionalemilano:9,9,FW,THURAM Marcus,1997-08-06,27,2025-06-14,France,192
fcinternazionalemilano,FC Internazionale Milano,ITA,https://fdp.fifa.org/assetspublic/ce233/pdf/SquadLists-English.pdf,16,2025-07-04,FIFA Club World Cup 2025,male,fcinternazionalemilano:10,10,FW,MARTINEZ Lautaro,1997-08-22,27,2025-06-14,Argentina,175
fcinternazionalemilano,FC Internazionale Milano,ITA,https://fdp.fifa.org/assetspublic/ce233/pdf/SquadLists-English.pdf,16,2025-07-04,FIFA Club World Cup 2025,male,fcinternazionalemilano:11,11,MF,LUIS HENRIQUE,2001-12-14,23,2025-06-14,Brazil,181
fcinternazionalemilano,FC Internazionale Milano,ITA,https://fdp.fifa.org/assetspublic/ce233/pdf/SquadLists-English.pdf,16,2025-07-04,FIFA Club World Cup 2025,male,fcinternazionalemilano:12,12,GK,DI GENNARO Raffaele,1993-10-03,31,2025-06-14,Italy,186
fcinternazionalemilano,FC Internazionale Milano,ITA,https://fdp.fifa.org/assetspublic/ce233/pdf/SquadLists-English.pdf,16,2025-07-04,FIFA Club World Cup 2025,male,fcinternazionalemilano:13,13,GK,MARTINEZ Josep,1998-05-27,27,2025-06-14,Spain,191
fcinternazionalemilano,FC Internazionale Milano,ITA,https://fdp.fifa.org/assetspublic/ce233/pdf/SquadLists-English.pdf,16,2025-07-04,FIFA Club World Cup 2025,male,fcinternazionalemilano:15,15,DF,ACERBI Francesco,1988-02-10,37,2025-06-14,Italy,192
fcinternazionalemilano,FC Internazionale Milano,ITA,https://fdp.fifa.org/assetspublic/ce233/pdf/SquadLists-English.pdf,16,2025-07-04,FIFA Club World Cup 2025,male,fcinternazionalemilano:16,16,MF,FRATTESI Davide,1999-09-22,25,2025-06-14,Italy,178
fcinternazionalemilano,FC Internazionale Milano,ITA,https://fdp.fifa.org/assetspublic/ce233/pdf/SquadLists-English.pdf,16,2025-07-04,FIFA Club World Cup 2025,male,fcinternazionalemilano:20,20,MF,CALHANOGLU Hakan,1994-02-08,31,2025-06-14,Türkiye,178
fcinternazionalemilano,FC Internazionale Milano,ITA,https://fdp.fifa.org/assetspublic/ce233/pdf/SquadLists-English.pdf,16,2025-07-04,FIFA Club World Cup 2025,male,fcinternazionalemilano:21,21,MF,ASLLANI Kristjan,2002-03-09,23,2025-06-14,Albania,179
fcinternazionalemilano,FC Internazionale Milano,ITA,https://fdp.fifa.org/assetspublic/ce233/pdf/SquadLists-English.pdf,16,2025-07-04,FIFA Club World Cup 2025,male,fcinternazionalemilano:22,22,MF,MKHITARYAN Henrikh,1989-01-21,36,2025-06-14,Armenia,177
fcinternazionalemilano,FC Internazionale Milano,ITA,https://fdp.fifa.org/assetspublic/ce233/pdf/SquadLists-English.pdf,16,2025-07-04,FIFA Club World Cup 2025,male,fcinternazionalemilano:23,23,MF,BARELLA Nicolo,1997-02-07,28,2025-06-14,Italy,175
fcinternazionalemilano,FC Internazionale Milano,ITA,https://fdp.fifa.org/assetspublic/ce233/pdf/SquadLists-English.pdf,16,2025-07-04,FIFA Club World Cup 2025,male,fcinternazionalemilano:28,28,DF,PAVARD Benjamin,1996-03-28,29,2025-06-14,France,186
fcinternazionalemilano,FC Internazionale Milano,ITA,https://fdp.fifa.org/assetspublic/ce233/pdf/SquadLists-English.pdf,16,2025-07-04,FIFA Club World Cup 2025,male,fcinternazionalemilano:30,30,DF,CARLOS AUGUSTO,1999-01-07,26,2025-06-14,Brazil,184
fcinternazionalemilano,FC Internazionale Milano,ITA,https://fdp.fifa.org/assetspublic/ce233/pdf/SquadLists-English.pdf,16,2025-07-04,FIFA Club World Cup 2025,male,fcinternazionalemilano:31,31,DF,BISSECK Yann,2000-11-29,24,2025-06-14,Germany,196
fcinternazionalemilano,FC Internazionale Milano,ITA,https://fdp.fifa.org/assetspublic/ce233/pdf/SquadLists-English.pdf,16,2025-07-04,FIFA Club World Cup 2025,male,fcinternazionalemilano:32,32,DF,DIMARCO Federico,1997-11-10,27,2025-06-14,Italy,175
fcinternazionalemilano,FC Internazionale Milano,ITA,https://fdp.fifa.org/assetspublic/ce233/pdf/SquadLists-English.pdf,16,2025-07-04,FIFA Club World Cup 2025,male,fcinternazionalemilano:36,36,DF,DARMIAN Matteo,1989-12-02,35,2025-06-14,Italy,182
fcinternazionalemilano,FC Internazionale Milano,ITA,https://fdp.fifa.org/assetspublic/ce233/pdf/SquadLists-English.pdf,16,2025-07-04,FIFA Club World Cup 2025,male,fcinternazionalemilano:40,40,GK,CALLIGARIS Alessandro,2005-03-07,20,2025-06-14,Italy,185
fcinternazionalemilano,FC Internazionale Milano,ITA,https://fdp.fifa.org/assetspublic/ce233/pdf/SquadLists-English.pdf,16,2025-07-04,FIFA Club World Cup 2025,male,fcinternazionalemilano:42,42,DF,PALACIOS Tomas,2003-04-28,22,2025-06-14,Argentina,196
fcinternazionalemilano,FC Internazionale Milano,ITA,https://fdp.fifa.org/assetspublic/ce233/pdf/SquadLists-English.pdf,16,2025-07-04,FIFA Club World Cup 2025,male,fcinternazionalemilano:45,45,FW,CARBONI Valentin,2005-03-05,20,2025-06-14,Argentina,185
fcinternazionalemilano,FC Internazionale Milano,ITA,https://fdp.fifa.org/assetspublic/ce233/pdf/SquadLists-English.pdf,16,2025-07-04,FIFA Club World Cup 2025,male,fcinternazionalemilano:48,48,DF,RE CECCONI Gabriele,2006-04-25,19,2025-06-14,Italy,187
fcinternazionalemilano,FC Internazionale Milano,ITA,https://fdp.fifa.org/assetspublic/ce233/pdf/SquadLists-English.pdf,16,2025-07-04,FIFA Club World Cup 2025,male,fcinternazionalemilano:49,49,FW,DE PIERI Giacomo,2006-12-29,18,2025-06-14,Italy,174
fcinternazionalemilano,FC Internazionale Milano,ITA,https://fdp.fifa.org/assetspublic/ce233/pdf/SquadLists-English.pdf,16,2025-07-04,FIFA Club World Cup 2025,male,fcinternazionalemilano:52,52,MF,BERENBRUCH Thomas,2005-05-31,20,2025-06-14,Italy,176
fcinternazionalemilano,FC Internazionale Milano,ITA,https://fdp.fifa.org/assetspublic/ce233/pdf/SquadLists-English.pdf,16,2025-07-04,FIFA Club World Cup 2025,male,fcinternazionalemilano:58,58,DF,COCCHI Matteo,2007-02-01,18,2025-06-14,Italy,179
fcinternazionalemilano,FC Internazionale Milano,ITA,https://fdp.fifa.org/assetspublic/ce233/pdf/SquadLists-English.pdf,16,2025-07-04,FIFA Club World Cup 2025,male,fcinternazionalemilano:59,59,MF,ZALEWSKI Nicola,2002-01-23,23,2025-06-14,Poland,175
fcinternazionalemilano,FC Internazionale Milano,ITA,https://fdp.fifa.org/assetspublic/ce233/pdf/SquadLists-English.pdf,16,2025-07-04,FIFA Club World Cup 2025,male,fcinternazionalemilano:70,70,FW,ESPOSITO Sebastiano,2002-07-02,22,2025-06-14,Italy,182
fcinternazionalemilano,FC Internazionale Milano,ITA,https://fdp.fifa.org/assetspublic/ce233/pdf/SquadLists-English.pdf,16,2025-07-04,FIFA Club World Cup 2025,male,fcinternazionalemilano:94,94,FW,ESPOSITO Francesco,2005-06-28,19,2025-06-14,Italy,190
fcinternazionalemilano,FC Internazionale Milano,ITA,https://fdp.fifa.org/assetspublic/ce233/pdf/SquadLists-English.pdf,16,2025-07-04,FIFA Club World Cup 2025,male,fcinternazionalemilano:95,95,DF,BASTONI Alessandro,1999-04-13,26,2025-06-14,Italy,190
fcinternazionalemilano,FC Internazionale Milano,ITA,https://fdp.fifa.org/assetspublic/ce233/pdf/SquadLists-English.pdf,16,2025-07-04,FIFA Club World Cup 2025,male,fcinternazionalemilano:99,99,FW,TAREMI Mehdi,1992-07-18,32,2025-06-14,IR Iran,185
fcporto,FC Porto,POR,https://fdp.fifa.org/assetspublic/ce233/pdf/SquadLists-English.pdf,17,2025-07-04,FIFA Club World Cup 2025,male,fcporto:4,4,DF,OTAVIO,2002-04-21,23,2025-06-14,Brazil,184
fcporto,FC Porto,POR,https://fdp.fifa.org/assetspublic/ce233/pdf/SquadLists-English.pdf,17,2025-07-04,FIFA Club World Cup 2025,male,fcporto:5,5,DF,MARCANO Ivan,1987-06-23,37,2025-06-14,Spain,189
fcporto,FC Porto,POR,https://fdp.fifa.org/assetspublic/ce233/pdf/SquadLists-English.pdf,17,2025-07-04,FIFA Club World Cup 2025,male,fcporto:6,6,MF,EUSTAQUIO Stephen,1996-12-21,28,2025-06-14,Canada,175
fcporto,FC Porto,POR,https://fdp.fifa.org/assetspublic/ce233/pdf/SquadLists-English.pdf,17,2025-07-04,FIFA Club World Cup 2025,male,fcporto:7,7,FW,WILLIAM GOMES,2006-03-15,19,2025-06-14,Brazil,170
fcporto,FC Porto,POR,https://fdp.fifa.org/assetspublic/ce233/pdf/SquadLists-English.pdf,17,2025-07-04,FIFA Club World Cup 2025,male,fcporto:9,9,FW,AGHEHOWA Samu,2004-05-05,21,2025-06-14,Spain,191
fcporto,FC Porto,POR,https://fdp.fifa.org/assetspublic/ce233/pdf/SquadLists-English.pdf,17,2025-07-04,FIFA Club World Cup 2025,male,fcporto:10,10,MF,FABIO VIEIRA,2000-05-30,25,2025-06-14,Portugal,176
fcporto,FC Porto,POR,https://fdp.fifa.org/assetspublic/ce233/pdf/SquadLists-English.pdf,17,2025-07-04,FIFA Club World Cup 2025,male,fcporto:11,11,FW,PEPE,1997-02-24,28,2025-06-14,Brazil,173
fcporto,FC Porto,POR,https://fdp.fifa.org/assetspublic/ce233/pdf/SquadLists-English.pdf,17,2025-07-04,FIFA Club World Cup 2025,male,fcporto:12,12,DF,SANUSI Zaidu,1997-06-13,28,2025-06-14,Nigeria,182
fcporto,FC Porto,POR,https://fdp.fifa.org/assetspublic/ce233/pdf/SquadLists-English.pdf,17,2025-07-04,FIFA Club World Cup 2025,male,fcporto:14,14,GK,CLAUDIO RAMOS,1991-11-16,33,2025-06-14,Portugal,183
fcporto,FC Porto,POR,https://fdp.fifa.org/assetspublic/ce233/pdf/SquadLists-English.pdf,17,2025-07-04,FIFA Club World Cup 2025,male,fcporto:15,15,MF,VASCO SOUSA,2003-04-03,22,2025-06-14,Portugal,167
fcporto,FC Porto,POR,https://fdp.fifa.org/assetspublic/ce233/pdf/SquadLists-English.pdf,17,2025-07-04,FIFA Club World Cup 2025,male,fcporto:17,17,MF,VEIGA Gabri,2002-05-27,23,2025-06-14,Spain,184
fcporto,FC Porto,POR,https://fdp.fifa.org/assetspublic/ce233/pdf/SquadLists-English.pdf,17,2025-07-04,FIFA Club World Cup 2025,male,fcporto:19,19,FW,NAMASO Danny,2000-08-28,24,2025-06-14,Cameroon,183
fcporto,FC Porto,POR,https://fdp.fifa.org/assetspublic/ce233/pdf/SquadLists-English.pdf,17,2025-07-04,FIFA Club World Cup 2025,male,fcporto:20,20,MF,ANDRE FRANCO,1998-04-12,27,2025-06-14,Portugal,178
fcporto,FC Porto,POR,https://fdp.fifa.org/assetspublic/ce233/pdf/SquadLists-English.pdf,17,2025-07-04,FIFA Club World Cup 2025,male,fcporto:22,22,MF,VARELA Alan,2001-07-04,23,2025-06-14,Argentina,177
fcporto,FC Porto,POR,https://fdp.fifa.org/assetspublic/ce233/pdf/SquadLists-English.pdf,17,2025-07-04,FIFA Club World Cup 2025,male,fcporto:23,23,DF,JOAO MARIO,2000-01-03,25,2025-06-14,Portugal,179
fcporto,FC Porto,POR,https://fdp.fifa.org/assetspublic/ce233/pdf/SquadLists-English.pdf,17,2025-07-04,FIFA Club World Cup 2025,male,fcporto:24,24,DF,PEREZ Nehuen,2000-06-24,24,2025-06-14,Argentina,186
fcporto,FC Porto,POR,https://fdp.fifa.org/assetspublic/ce233/pdf/SquadLists-English.pdf,17,2025-07-04,FIFA Club World Cup 2025,male,fcporto:25,25,MF,PEREZ Tomas,2005-08-26,19,2025-06-14,Argentina,182
fcporto,FC Porto,POR,https://fdp.fifa.org/assetspublic/ce233/pdf/SquadLists-English.pdf,17,2025-07-04,FIFA Club World Cup 2025,male,fcporto:27,27,FW,GUL Deniz,2004-07-02,20,2025-06-14,Türkiye,192
fcporto,FC Porto,POR,https://fdp.fifa.org/assetspublic/ce233/pdf/SquadLists-English.pdf,17,2025-07-04,FIFA Club World Cup 2025,male,fcporto:47,47,FW,ALARCON Angel,2004-05-15,21,2025-06-14,Spain,181
fcporto,FC Porto,POR,https://fdp.fifa.org/assetspublic/ce233/pdf/SquadLists-English.pdf,17,2025-07-04,FIFA Club World Cup 2025,male,fcporto:51,51,GK,DIOGO FERNANDES,2005-02-17,20,2025-06-14,Portugal,185
fcporto,FC Porto,POR,https://fdp.fifa.org/assetspublic/ce233/pdf/SquadLists-English.pdf,17,2025-07-04,FIFA Club World Cup 2025,male,fcporto:52,52,DF,MARTIM FERNANDES,2006-01-18,19,2025-06-14,Portugal,183
fcporto,FC Porto,POR,https://fdp.fifa.org/assetspublic/ce233/pdf/SquadLists-English.pdf,17,2025-07-04,FIFA Club World Cup 2025,male,fcporto:68,68,MF,ANDRE OLIVEIRA,2005-10-01,19,2025-06-14,Portugal,184
fcporto,FC Porto,POR,https://fdp.fifa.org/assetspublic/ce233/pdf/SquadLists-English.pdf,17,2025-07-04,FIFA Club World Cup 2025,male,fcporto:70,70,FW,GONCALO BORGES,2001-03-29,24,2025-06-14,Portugal,182
fcporto,FC Porto,POR,https://fdp.fifa.org/assetspublic/ce233/pdf/SquadLists-English.pdf,17,2025-07-04,FIFA Club World Cup 2025,male,fcporto:73,73,DF,GABRIEL BRAS,2004-03-25,21,2025-06-14,Portugal,184
fcporto,FC Porto,POR,https://fdp.fifa.org/assetspublic/ce233/pdf/SquadLists-English.pdf,17,2025-07-04,FIFA Club World Cup 2025,male,fcporto:74,74,DF,FRANCISCO MOURA,1999-08-16,25,2025-06-14,Portugal,181
fcporto,FC Porto,POR,https://fdp.fifa.org/assetspublic/ce233/pdf/SquadLists-English.pdf,17,2025-07-04,FIFA Club World Cup 2025,male,fcporto:79,79,FW,VONIC Leonardo,2003-07-10,21,2025-06-14,Croatia,184
fcporto,FC Porto,POR,https://fdp.fifa.org/assetspublic/ce233/pdf/SquadLists-English.pdf,17,2025-07-04,FIFA Club World Cup 2025,male,fcporto:86,86,FW,RODRIGO MORA,2007-05-05,18,2025-06-14,Portugal,167
fcporto,FC Porto,POR,https://fdp.fifa.org/assetspublic/ce233/pdf/SquadLists-English.pdf,17,2025-07-04,FIFA Club World Cup 2025,male,fcporto:87,87,FW,BRAYAN CAICEDO,2006-08-14,18,2025-06-14,Colombia,175
fcporto,FC Porto,POR,https://fdp.fifa.org/assetspublic/ce233/pdf/SquadLists-English.pdf,17,2025-07-04,FIFA Club World Cup 2025,male,fcporto:88,88,MF,DOMINGOS ANDRADE,2003-05-07,22,2025-06-14,Angola,177
fcporto,FC Porto,POR,https://fdp.fifa.org/assetspublic/ce233/pdf/SquadLists-English.pdf,17,2025-07-04,FIFA Club World Cup 2025,male,fcporto:90,90,MF,GIL MARTINS,2006-05-12,19,2025-06-14,Portugal,179
fcporto,FC Porto,POR,https://fdp.fifa.org/assetspublic/ce233/pdf/SquadLists-English.pdf,17,2025-07-04,FIFA Club World Cup 2025,male,fcporto:91,91,GK,GONCALO RIBEIRO,2006-01-15,19,2025-06-14,Portugal,189
fcporto,FC Porto,POR,https://fdp.fifa.org/assetspublic/ce233/pdf/SquadLists-English.pdf,17,2025-07-04,FIFA Club World Cup 2025,male,fcporto:92,92,MF,JOAO TEIXEIRA,2006-04-09,19,2025-06-14,Portugal,185
fcporto,FC Porto,POR,https://fdp.fifa.org/assetspublic/ce233/pdf/SquadLists-English.pdf,17,2025-07-04,FIFA Club World Cup 2025,male,fcporto:97,97,DF,ZE PEDRO,1997-06-06,28,2025-06-14,Portugal,185
fcporto,FC Porto,POR,https://fdp.fifa.org/assetspublic/ce233/pdf/SquadLists-English.pdf,17,2025-07-04,FIFA Club World Cup 2025,male,fcporto:99,99,GK,DIOGO COSTA,1999-09-19,25,2025-06-14,Portugal,188
fcsalzburg,FC Salzburg,AUT,https://fdp.fifa.org/assetspublic/ce233/pdf/SquadLists-English.pdf,18,2025-07-04,FIFA Club World Cup 2025,male,fcsalzburg:1,1,GK,SCHLAGER Alexander,1996-02-01,29,2025-06-14,Austria,188
fcsalzburg,FC Salzburg,AUT,https://fdp.fifa.org/assetspublic/ce233/pdf/SquadLists-English.pdf,18,2025-07-04,FIFA Club World Cup 2025,male,fcsalzburg:2,2,DF,RASMUSSEN Jacob,1997-05-28,28,2025-06-14,Denmark,192
fcsalzburg,FC Salzburg,AUT,https://fdp.fifa.org/assetspublic/ce233/pdf/SquadLists-English.pdf,18,2025-07-04,FIFA Club World Cup 2025,male,fcsalzburg:5,5,MF,DIABATE Soumaila,2004-11-22,20,2025-06-14,Mali,168
fcsalzburg,FC Salzburg,AUT,https://fdp.fifa.org/assetspublic/ce233/pdf/SquadLists-English.pdf,18,2025-07-04,FIFA Club World Cup 2025,male,fcsalzburg:6,6,DF,BAIDOO Samson,2004-03-31,21,2025-06-14,Austria,188
fcsalzburg,FC Salzburg,AUT,https://fdp.fifa.org/assetspublic/ce233/pdf/SquadLists-English.pdf,18,2025-07-04,FIFA Club World Cup 2025,male,fcsalzburg:8,8,FW,KITANO Sota,2004-08-13,20,2025-06-14,Japan,172
fcsalzburg,FC Salzburg,AUT,https://fdp.fifa.org/assetspublic/ce233/pdf/SquadLists-English.pdf,18,2025-07-04,FIFA Club World Cup 2025,male,fcsalzburg:9,9,FW,ONISIWO Karim,1992-03-17,33,2025-06-14,Austria,188
fcsalzburg,FC Salzburg,AUT,https://fdp.fifa.org/assetspublic/ce233/pdf/SquadLists-English.pdf,18,2025-07-04,FIFA Club World Cup 2025,male,fcsalzburg:11,11,FW,VERTESSEN Yorbe,2001-01-08,24,2025-06-14,Belgium,175
fcsalzburg,FC Salzburg,AUT,https://fdp.fifa.org/assetspublic/ce233/pdf/SquadLists-English.pdf,18,2025-07-04,FIFA Club World Cup 2025,male,fcsalzburg:13,13,DF,KRAETZIG Frans,2003-01-14,22,2025-06-14,Germany,177
fcsalzburg,FC Salzburg,AUT,https://fdp.fifa.org/assetspublic/ce233/pdf/SquadLists-English.pdf,18,2025-07-04,FIFA Club World Cup 2025,male,fcsalzburg:14,14,MF,KJAERGAARD Maurits,2003-06-26,21,2025-06-14,Denmark,192
fcsalzburg,FC Salzburg,AUT,https://fdp.fifa.org/assetspublic/ce233/pdf/SquadLists-English.pdf,18,2025-07-04,FIFA Club World Cup 2025,male,fcsalzburg:15,15,MF,DIAMBOU Mamady,2002-11-11,22,2025-06-14,Mali,176
fcsalzburg,FC Salzburg,AUT,https://fdp.fifa.org/assetspublic/ce233/pdf/SquadLists-English.pdf,18,2025-07-04,FIFA Club World Cup 2025,male,fcsalzburg:16,16,MF,KAWAMURA Takumu,1999-08-28,25,2025-06-14,Japan,183
fcsalzburg,FC Salzburg,AUT,https://fdp.fifa.org/assetspublic/ce233/pdf/SquadLists-English.pdf,18,2025-07-04,FIFA Club World Cup 2025,male,fcsalzburg:18,18,MF,BIDSTRUP Mads,2001-02-25,24,2025-06-14,Denmark,176
fcsalzburg,FC Salzburg,AUT,https://fdp.fifa.org/assetspublic/ce233/pdf/SquadLists-English.pdf,18,2025-07-04,FIFA Club World Cup 2025,male,fcsalzburg:20,20,FW,BAIDOO Edmund,2006-01-30,19,2025-06-14,Ghana,174
fcsalzburg,FC Salzburg,AUT,https://fdp.fifa.org/assetspublic/ce233/pdf/SquadLists-English.pdf,18,2025-07-04,FIFA Club World Cup 2025,male,fcsalzburg:21,21,FW,RATKOV Petar,2003-08-18,21,2025-06-14,Serbia,185
fcsalzburg,FC Salzburg,AUT,https://fdp.fifa.org/assetspublic/ce233/pdf/SquadLists-English.pdf,18,2025-07-04,FIFA Club World Cup 2025,male,fcsalzburg:22,22,DF,LAINER Stefan,1992-08-27,32,2025-06-14,Austria,175
fcsalzburg,FC Salzburg,AUT,https://fdp.fifa.org/assetspublic/ce233/pdf/SquadLists-English.pdf,18,2025-07-04,FIFA Club World Cup 2025,male,fcsalzburg:23,23,DF,GADOU Joane,2007-01-17,18,2025-06-14,France,195
fcsalzburg,FC Salzburg,AUT,https://fdp.fifa.org/assetspublic/ce233/pdf/SquadLists-English.pdf,18,2025-07-04,FIFA Club World Cup 2025,male,fcsalzburg:28,28,FW,DAGHIM Adam,2005-09-28,19,2025-06-14,Denmark,179
fcsalzburg,FC Salzburg,AUT,https://fdp.fifa.org/assetspublic/ce233/pdf/SquadLists-English.pdf,18,2025-07-04,FIFA Club World Cup 2025,male,fcsalzburg:30,30,MF,GLOUKH Oscar,2004-04-01,21,2025-06-14,Israel,170
fcsalzburg,FC Salzburg,AUT,https://fdp.fifa.org/assetspublic/ce233/pdf/SquadLists-English.pdf,18,2025-07-04,FIFA Club World Cup 2025,male,fcsalzburg:36,36,DF,MELLBERG John,2006-07-30,18,2025-06-14,Sweden,190
fcsalzburg,FC Salzburg,AUT,https://fdp.fifa.org/assetspublic/ce233/pdf/SquadLists-English.pdf,18,2025-07-04,FIFA Club World Cup 2025,male,fcsalzburg:37,37,DF,TRUMMER Tim,2005-11-10,19,2025-06-14,Austria,189
fcsalzburg,FC Salzburg,AUT,https://fdp.fifa.org/assetspublic/ce233/pdf/SquadLists-English.pdf,18,2025-07-04,FIFA Club World Cup 2025,male,fcsalzburg:38,38,MF,SULZBACHER Valentin,2005-03-11,20,2025-06-14,Austria,192
fcsalzburg,FC Salzburg,AUT,https://fdp.fifa.org/assetspublic/ce233/pdf/SquadLists-English.pdf,18,2025-07-04,FIFA Club World Cup 2025,male,fcsalzburg:41,41,GK,KRUMREY Jonas,2003-11-25,21,2025-06-14,Germany,193
fcsalzburg,FC Salzburg,AUT,https://fdp.fifa.org/assetspublic/ce233/pdf/SquadLists-English.pdf,18,2025-07-04,FIFA Club World Cup 2025,male,fcsalzburg:43,43,FW,AGUILAR Enrique,2007-01-27,18,2025-06-14,Switzerland,185
fcsalzburg,FC Salzburg,AUT,https://fdp.fifa.org/assetspublic/ce233/pdf/SquadLists-English.pdf,18,2025-07-04,FIFA Club World Cup 2025,male,fcsalzburg:44,44,DF,SCHUSTER Jannik,2006-05-16,19,2025-06-14,Austria,190
fcsalzburg,FC Salzburg,AUT,https://fdp.fifa.org/assetspublic/ce233/pdf/SquadLists-English.pdf,18,2025-07-04,FIFA Club World Cup 2025,male,fcsalzburg:45,45,FW,NENE Dorgeles,2002-12-23,22,2025-06-14,Mali,171
fcsalzburg,FC Salzburg,AUT,https://fdp.fifa.org/assetspublic/ce233/pdf/SquadLists-English.pdf,18,2025-07-04,FIFA Club World Cup 2025,male,fcsalzburg:49,49,FW,YEO Moussa,2004-06-01,21,2025-06-14,Mali,175
fcsalzburg,FC Salzburg,AUT,https://fdp.fifa.org/assetspublic/ce233/pdf/SquadLists-English.pdf,18,2025-07-04,FIFA Club World Cup 2025,male,fcsalzburg:52,52,GK,ZAWIESCHITZKY Christian,2007-05-02,18,2025-06-14,Austria,192
fcsalzburg,FC Salzburg,AUT,https://fdp.fifa.org/assetspublic/ce233/pdf/SquadLists-English.pdf,18,2025-07-04,FIFA Club World Cup 2025,male,fcsalzburg:92,92,GK,HAMZIC Salko,2006-09-17,18,2025-06-14,Austria,190
fluminensefc,Fluminense FC,BRA,https://fdp.fifa.org/assetspublic/ce233/pdf/SquadLists-English.pdf,19,2025-07-04,FIFA Club World Cup 2025,male,fluminensefc:1,1,GK,FABIO,1980-09-30,44,2025-06-14,Brazil,189
fluminensefc,Fluminense FC,BRA,https://fdp.fifa.org/assetspublic/ce233/pdf/SquadLists-English.pdf,19,2025-07-04,FIFA Club World Cup 2025,male,fluminensefc:2,2,DF,SAMUEL XAVIER,1990-06-06,35,2025-06-14,Brazil,170
fluminensefc,Fluminense FC,BRA,https://fdp.fifa.org/assetspublic/ce233/pdf/SquadLists-English.pdf,19,2025-07-04,FIFA Club World Cup 2025,male,fluminensefc:3,3,DF,THIAGO SILVA,1984-09-22,40,2025-06-14,Brazil,182
fluminensefc,Fluminense FC,BRA,https://fdp.fifa.org/assetspublic/ce233/pdf/SquadLists-English.pdf,19,2025-07-04,FIFA Club World Cup 2025,male,fluminensefc:4,4,DF,IGNACIO,1996-12-01,28,2025-06-14,Brazil,192
fluminensefc,Fluminense FC,BRA,https://fdp.fifa.org/assetspublic/ce233/pdf/SquadLists-English.pdf,19,2025-07-04,FIFA Club World Cup 2025,male,fluminensefc:5,5,MF,BERNAL Facundo,2003-08-21,21,2025-06-14,Uruguay,187
fluminensefc,Fluminense FC,BRA,https://fdp.fifa.org/assetspublic/ce233/pdf/SquadLists-English.pdf,19,2025-07-04,FIFA Club World Cup 2025,male,fluminensefc:6,6,DF,RENE,1992-09-14,32,2025-06-14,Brazil,174
fluminensefc,Fluminense FC,BRA,https://fdp.fifa.org/assetspublic/ce233/pdf/SquadLists-English.pdf,19,2025-07-04,FIFA Club World Cup 2025,male,fluminensefc:7,7,FW,SOTELDO Yeferson,1997-06-30,27,2025-06-14,Venezuela,160
fluminensefc,Fluminense FC,BRA,https://fdp.fifa.org/assetspublic/ce233/pdf/SquadLists-English.pdf,19,2025-07-04,FIFA Club World Cup 2025,male,fluminensefc:8,8,MF,MARTINELLI,2001-10-05,23,2025-06-14,Brazil,177
fluminensefc,Fluminense FC,BRA,https://fdp.fifa.org/assetspublic/ce233/pdf/SquadLists-English.pdf,19,2025-07-04,FIFA Club World Cup 2025,male,fluminensefc:9,9,FW,EVERALDO,1991-07-05,33,2025-06-14,Brazil,182
fluminensefc,Fluminense FC,BRA,https://fdp.fifa.org/assetspublic/ce233/pdf/SquadLists-English.pdf,19,2025-07-04,FIFA Club World Cup 2025,male,fluminensefc:10,10,MF,GANSO,1989-10-12,35,2025-06-14,Brazil,184
fluminensefc,Fluminense FC,BRA,https://fdp.fifa.org/assetspublic/ce233/pdf/SquadLists-English.pdf,19,2025-07-04,FIFA Club World Cup 2025,male,fluminensefc:11,11,FW,KENO,1989-09-10,35,2025-06-14,Brazil,179
fluminensefc,Fluminense FC,BRA,https://fdp.fifa.org/assetspublic/ce233/pdf/SquadLists-English.pdf,19,2025-07-04,FIFA Club World Cup 2025,male,fluminensefc:12,12,DF,FUENTES Gabriel,1997-02-09,28,2025-06-14,Colombia,180
fluminensefc,Fluminense FC,BRA,https://fdp.fifa.org/assetspublic/ce233/pdf/SquadLists-English.pdf,19,2025-07-04,FIFA Club World Cup 2025,male,fluminensefc:14,14,FW,CANO German,1988-01-02,37,2025-06-14,Argentina,177
fluminensefc,Fluminense FC,BRA,https://fdp.fifa.org/assetspublic/ce233/pdf/SquadLists-English.pdf,19,2025-07-04,FIFA Club World Cup 2025,male,fluminensefc:16,16,MF,NONATO,1998-03-03,27,2025-06-14,Brazil,174
fluminensefc,Fluminense FC,BRA,https://fdp.fifa.org/assetspublic/ce233/pdf/SquadLists-English.pdf,19,2025-07-04,FIFA Club World Cup 2025,male,fluminensefc:17,17,FW,CANOBBIO Agustin,1998-10-01,26,2025-06-14,Uruguay,176
fluminensefc,Fluminense FC,BRA,https://fdp.fifa.org/assetspublic/ce233/pdf/SquadLists-English.pdf,19,2025-07-04,FIFA Club World Cup 2025,male,fluminensefc:18,18,MF,LEZCANO Ruben,2004-02-09,21,2025-06-14,Paraguay,177
fluminensefc,Fluminense FC,BRA,https://fdp.fifa.org/assetspublic/ce233/pdf/SquadLists-English.pdf,19,2025-07-04,FIFA Club World Cup 2025,male,fluminensefc:19,19,FW,LAVEGA Joaquin,2005-02-03,20,2025-06-14,Uruguay,174
fluminensefc,Fluminense FC,BRA,https://fdp.fifa.org/assetspublic/ce233/pdf/SquadLists-English.pdf,19,2025-07-04,FIFA Club World Cup 2025,male,fluminensefc:21,21,FW,ARIAS Jhon,1997-09-21,27,2025-06-14,Colombia,171
fluminensefc,Fluminense FC,BRA,https://fdp.fifa.org/assetspublic/ce233/pdf/SquadLists-English.pdf,19,2025-07-04,FIFA Club World Cup 2025,male,fluminensefc:22,22,DF,FREYTES Juan,2000-01-11,25,2025-06-14,Argentina,186
fluminensefc,Fluminense FC,BRA,https://fdp.fifa.org/assetspublic/ce233/pdf/SquadLists-English.pdf,19,2025-07-04,FIFA Club World Cup 2025,male,fluminensefc:23,23,DF,GUGA,1998-08-29,26,2025-06-14,Brazil,173
fluminensefc,Fluminense FC,BRA,https://fdp.fifa.org/assetspublic/ce233/pdf/SquadLists-English.pdf,19,2025-07-04,FIFA Club World Cup 2025,male,fluminensefc:26,26,DF,MANOEL,1990-02-26,35,2025-06-14,Brazil,180
fluminensefc,Fluminense FC,BRA,https://fdp.fifa.org/assetspublic/ce233/pdf/SquadLists-English.pdf,19,2025-07-04,FIFA Club World Cup 2025,male,fluminensefc:27,27,GK,MARCELO PITALUGA,2002-12-20,22,2025-06-14,Brazil,193
fluminensefc,Fluminense FC,BRA,https://fdp.fifa.org/assetspublic/ce233/pdf/SquadLists-English.pdf,19,2025-07-04,FIFA Club World Cup 2025,male,fluminensefc:28,28,FW,RIQUELME FELIPE,2007-03-13,18,2025-06-14,Brazil,177
fluminensefc,Fluminense FC,BRA,https://fdp.fifa.org/assetspublic/ce233/pdf/SquadLists-English.pdf,19,2025-07-04,FIFA Club World Cup 2025,male,fluminensefc:29,29,DF,THIAGO SANTOS,1989-09-05,35,2025-06-14,Brazil,181
fluminensefc,Fluminense FC,BRA,https://fdp.fifa.org/assetspublic/ce233/pdf/SquadLists-English.pdf,19,2025-07-04,FIFA Club World Cup 2025,male,fluminensefc:35,35,MF,HERCULES,2000-10-20,24,2025-06-14,Brazil,176
fluminensefc,Fluminense FC,BRA,https://fdp.fifa.org/assetspublic/ce233/pdf/SquadLists-English.pdf,19,2025-07-04,FIFA Club World Cup 2025,male,fluminensefc:37,37,MF,ISAQUE,2007-02-24,18,2025-06-14,Brazil,175
fluminensefc,Fluminense FC,BRA,https://fdp.fifa.org/assetspublic/ce233/pdf/SquadLists-English.pdf,19,2025-07-04,FIFA Club World Cup 2025,male,fluminensefc:45,45,MF,LIMA,1996-06-11,29,2025-06-14,Brazil,172
fluminensefc,Fluminense FC,BRA,https://fdp.fifa.org/assetspublic/ce233/pdf/SquadLists-English.pdf,19,2025-07-04,FIFA Club World Cup 2025,male,fluminensefc:50,50,GK,GUSTAVO RAMALHO,2002-09-16,22,2025-06-14,Brazil,201
fluminensefc,Fluminense FC,BRA,https://fdp.fifa.org/assetspublic/ce233/pdf/SquadLists-English.pdf,19,2025-07-04,FIFA Club World Cup 2025,male,fluminensefc:55,55,MF,WALLACE DAVI,2007-05-10,18,2025-06-14,Brazil,186
fluminensefc,Fluminense FC,BRA,https://fdp.fifa.org/assetspublic/ce233/pdf/SquadLists-English.pdf,19,2025-07-04,FIFA Club World Cup 2025,male,fluminensefc:77,77,FW,PAULO BAYA,1999-07-26,25,2025-06-14,Brazil,185
fluminensefc,Fluminense FC,BRA,https://fdp.fifa.org/assetspublic/ce233/pdf/SquadLists-English.pdf,19,2025-07-04,FIFA Club World Cup 2025,male,fluminensefc:90,90,FW,SERNA Kevin,1997-12-17,27,2025-06-14,Colombia,182
fluminensefc,Fluminense FC,BRA,https://fdp.fifa.org/assetspublic/ce233/pdf/SquadLists-English.pdf,19,2025-07-04,FIFA Club World Cup 2025,male,fluminensefc:98,98,GK,VITOR EUDES,1998-10-21,26,2025-06-14,Brazil,194
intermiamicf,Inter Miami CF,USA,https://fdp.fifa.org/assetspublic/ce233/pdf/SquadLists-English.pdf,20,2025-07-04,FIFA Club World Cup 2025,male,intermiamicf:1,1,GK,CALLENDER Drake,1997-10-07,27,2025-06-14,USA,191
intermiamicf,Inter Miami CF,USA,https://fdp.fifa.org/assetspublic/ce233/pdf/SquadLists-English.pdf,20,2025-07-04,FIFA Club World Cup 2025,male,intermiamicf:2,2,DF,LUJAN Gonzalo,2001-04-27,24,2025-06-14,Argentina,182
intermiamicf,Inter Miami CF,USA,https://fdp.fifa.org/assetspublic/ce233/pdf/SquadLists-English.pdf,20,2025-07-04,FIFA Club World Cup 2025,male,intermiamicf:5,5,MF,BUSQUETS Sergio,1988-07-16,36,2025-06-14,Spain,190
intermiamicf,Inter Miami CF,USA,https://fdp.fifa.org/assetspublic/ce233/pdf/SquadLists-English.pdf,20,2025-07-04,FIFA Club World Cup 2025,male,intermiamicf:6,6,DF,AVILES Tomas,2004-02-03,21,2025-06-14,Argentina,186
intermiamicf,Inter Miami CF,USA,https://fdp.fifa.org/assetspublic/ce233/pdf/SquadLists-English.pdf,20,2025-07-04,FIFA Club World Cup 2025,male,intermiamicf:7,7,FW,PICAULT Fafa,1991-02-23,34,2025-06-14,Haiti,173
intermiamicf,Inter Miami CF,USA,https://fdp.fifa.org/assetspublic/ce233/pdf/SquadLists-English.pdf,20,2025-07-04,FIFA Club World Cup 2025,male,intermiamicf:8,8,MF,SEGOVIA Telasco,2003-04-02,22,2025-06-14,Venezuela,180
intermiamicf,Inter Miami CF,USA,https://fdp.fifa.org/assetspublic/ce233/pdf/SquadLists-English.pdf,20,2025-07-04,FIFA Club World Cup 2025,male,intermiamicf:9,9,FW,SUAREZ Luis,1987-01-24,38,2025-06-14,Uruguay,182
intermiamicf,Inter Miami CF,USA,https://fdp.fifa.org/assetspublic/ce233/pdf/SquadLists-English.pdf,20,2025-07-04,FIFA Club World Cup 2025,male,intermiamicf:10,10,FW,MESSI Lionel,1987-06-24,37,2025-06-14,Argentina,170
intermiamicf,Inter Miami CF,USA,https://fdp.fifa.org/assetspublic/ce233/pdf/SquadLists-English.pdf,20,2025-07-04,FIFA Club World Cup 2025,male,intermiamicf:11,11,MF,RODRIGUEZ Baltasar,2003-07-09,21,2025-06-14,Argentina,173
intermiamicf,Inter Miami CF,USA,https://fdp.fifa.org/assetspublic/ce233/pdf/SquadLists-English.pdf,20,2025-07-04,FIFA Club World Cup 2025,male,intermiamicf:14,14,DF,MARTINEZ Hector,1998-01-21,27,2025-06-14,Paraguay,185
intermiamicf,Inter Miami CF,USA,https://fdp.fifa.org/assetspublic/ce233/pdf/SquadLists-English.pdf,20,2025-07-04,FIFA Club World Cup 2025,male,intermiamicf:15,15,DF,SAILOR Ryan,1998-11-27,26,2025-06-14,USA,193
intermiamicf,Inter Miami CF,USA,https://fdp.fifa.org/assetspublic/ce233/pdf/SquadLists-English.pdf,20,2025-07-04,FIFA Club World Cup 2025,male,intermiamicf:17,17,DF,FRAY Ian,2002-08-31,22,2025-06-14,USA,183
intermiamicf,Inter Miami CF,USA,https://fdp.fifa.org/assetspublic/ce233/pdf/SquadLists-English.pdf,20,2025-07-04,FIFA Club World Cup 2025,male,intermiamicf:18,18,DF,ALBA Jordi,1989-03-21,36,2025-06-14,Spain,170
intermiamicf,Inter Miami CF,USA,https://fdp.fifa.org/assetspublic/ce233/pdf/SquadLists-English.pdf,20,2025-07-04,FIFA Club World Cup 2025,male,intermiamicf:19,19,GK,USTARI Oscar,1986-07-03,38,2025-06-14,Argentina,183
intermiamicf,Inter Miami CF,USA,https://fdp.fifa.org/assetspublic/ce233/pdf/SquadLists-English.pdf,20,2025-07-04,FIFA Club World Cup 2025,male,intermiamicf:21,21,FW,ALLENDE Tadeo,1999-02-20,26,2025-06-14,Argentina,185
intermiamicf,Inter Miami CF,USA,https://fdp.fifa.org/assetspublic/ce233/pdf/SquadLists-English.pdf,20,2025-07-04,FIFA Club World Cup 2025,male,intermiamicf:22,22,FW,LEO AFONSO,2001-07-13,23,2025-06-14,Brazil,176
intermiamicf,Inter Miami CF,USA,https://fdp.fifa.org/assetspublic/ce233/pdf/SquadLists-English.pdf,20,2025-07-04,FIFA Club World Cup 2025,male,intermiamicf:25,25,GK,YARBROUGH William,1989-03-20,36,2025-06-14,USA,188
intermiamicf,Inter Miami CF,USA,https://fdp.fifa.org/assetspublic/ce233/pdf/SquadLists-English.pdf,20,2025-07-04,FIFA Club World Cup 2025,male,intermiamicf:26,26,DF,HALL Tyler,2006-02-05,19,2025-06-14,USA,178
intermiamicf,Inter Miami CF,USA,https://fdp.fifa.org/assetspublic/ce233/pdf/SquadLists-English.pdf,20,2025-07-04,FIFA Club World Cup 2025,male,intermiamicf:29,29,FW,OBANDO Allen,2006-06-13,19,2025-06-14,Ecuador,189
intermiamicf,Inter Miami CF,USA,https://fdp.fifa.org/assetspublic/ce233/pdf/SquadLists-English.pdf,20,2025-07-04,FIFA Club World Cup 2025,male,intermiamicf:30,30,MF,CREMASCHI Benjamin,2005-03-02,20,2025-06-14,USA,180
intermiamicf,Inter Miami CF,USA,https://fdp.fifa.org/assetspublic/ce233/pdf/SquadLists-English.pdf,20,2025-07-04,FIFA Club World Cup 2025,male,intermiamicf:32,32,DF,ALLEN Noah,2004-04-28,21,2025-06-14,Greece,175
intermiamicf,Inter Miami CF,USA,https://fdp.fifa.org/assetspublic/ce233/pdf/SquadLists-English.pdf,20,2025-07-04,FIFA Club World Cup 2025,male,intermiamicf:34,34,GK,RIOS NOVO Rocco,2002-06-04,23,2025-06-14,Argentina,178
intermiamicf,Inter Miami CF,USA,https://fdp.fifa.org/assetspublic/ce233/pdf/SquadLists-English.pdf,20,2025-07-04,FIFA Club World Cup 2025,male,intermiamicf:37,37,DF,FALCON Maximiliano,1997-05-01,28,2025-06-14,Uruguay,180
intermiamicf,Inter Miami CF,USA,https://fdp.fifa.org/assetspublic/ce233/pdf/SquadLists-English.pdf,20,2025-07-04,FIFA Club World Cup 2025,male,intermiamicf:41,41,MF,RUIZ David,2004-02-08,21,2025-06-14,Honduras,181
intermiamicf,Inter Miami CF,USA,https://fdp.fifa.org/assetspublic/ce233/pdf/SquadLists-English.pdf,20,2025-07-04,FIFA Club World Cup 2025,male,intermiamicf:42,42,MF,BRIGHT Yannick,2001-09-03,23,2025-06-14,Italy,180
intermiamicf,Inter Miami CF,USA,https://fdp.fifa.org/assetspublic/ce233/pdf/SquadLists-English.pdf,20,2025-07-04,FIFA Club World Cup 2025,male,intermiamicf:55,55,MF,REDONDO Federico,2003-01-18,22,2025-06-14,Argentina,188
intermiamicf,Inter Miami CF,USA,https://fdp.fifa.org/assetspublic/ce233/pdf/SquadLists-English.pdf,20,2025-07-04,FIFA Club World Cup 2025,male,intermiamicf:57,57,DF,WEIGANDT Marcelo,2000-01-11,25,2025-06-14,Argentina,175
intermiamicf,Inter Miami CF,USA,https://fdp.fifa.org/assetspublic/ce233/pdf/SquadLists-English.pdf,20,2025-07-04,FIFA Club World Cup 2025,male,intermiamicf:62,62,DF,BOATWRIGHT Israel,2005-06-02,20,2025-06-14,Dominican Republic,180
intermiamicf,Inter Miami CF,USA,https://fdp.fifa.org/assetspublic/ce233/pdf/SquadLists-English.pdf,20,2025-07-04,FIFA Club World Cup 2025,male,intermiamicf:81,81,MF,MORALES Santi,2007-02-09,18,2025-06-14,USA,170
juventusfc,Juventus FC,ITA,https://fdp.fifa.org/assetspublic/ce233/pdf/SquadLists-English.pdf,21,2025-07-04,FIFA Club World Cup 2025,male,juventusfc:2,2,DF,ALBERTO COSTA,2003-09-29,21,2025-06-14,Portugal,185
juventusfc,Juventus FC,ITA,https://fdp.fifa.org/assetspublic/ce233/pdf/SquadLists-English.pdf,21,2025-07-04,FIFA Club World Cup 2025,male,juventusfc:3,3,DF,BREMER,1997-03-18,28,2025-06-14,Brazil,184
juventusfc,Juventus FC,ITA,https://fdp.fifa.org/assetspublic/ce233/pdf/SquadLists-English.pdf,21,2025-07-04,FIFA Club World Cup 2025,male,juventusfc:4,4,DF,GATTI Federico,1998-06-24,26,2025-06-14,Italy,192
juventusfc,Juventus FC,ITA,https://fdp.fifa.org/assetspublic/ce233/pdf/SquadLists-English.pdf,21,2025-07-04,FIFA Club World Cup 2025,male,juventusfc:5,5,MF,LOCATELLI Manuel,1998-01-08,27,2025-06-14,Italy,184
juventusfc,Juventus FC,ITA,https://fdp.fifa.org/assetspublic/ce233/pdf/SquadLists-English.pdf,21,2025-07-04,FIFA Club World Cup 2025,male,juventusfc:6,6,DF,KELLY Lloyd,1998-10-06,26,2025-06-14,England,188
juventusfc,Juventus FC,ITA,https://fdp.fifa.org/assetspublic/ce233/pdf/SquadLists-English.pdf,21,2025-07-04,FIFA Club World Cup 2025,male,juventusfc:7,7,FW,FRANCISCO CONCEICAO,2002-12-14,22,2025-06-14,Portugal,166
juventusfc,Juventus FC,ITA,https://fdp.fifa.org/assetspublic/ce233/pdf/SquadLists-English.pdf,21,2025-07-04,FIFA Club World Cup 2025,male,juventusfc:8,8,MF,KOOPMEINERS Teun,1998-02-28,27,2025-06-14,Netherlands,184
juventusfc,Juventus FC,ITA,https://fdp.fifa.org/assetspublic/ce233/pdf/SquadLists-English.pdf,21,2025-07-04,FIFA Club World Cup 2025,male,juventusfc:9,9,FW,VLAHOVIC Dusan,2000-01-28,25,2025-06-14,Serbia,191
juventusfc,Juventus FC,ITA,https://fdp.fifa.org/assetspublic/ce233/pdf/SquadLists-English.pdf,21,2025-07-04,FIFA Club World Cup 2025,male,juventusfc:10,10,FW,YILDIZ Kenan,2005-05-04,20,2025-06-14,Türkiye,185
juventusfc,Juventus FC,ITA,https://fdp.fifa.org/assetspublic/ce233/pdf/SquadLists-English.pdf,21,2025-07-04,FIFA Club World Cup 2025,male,juventusfc:11,11,FW,GONZALEZ Nico,1998-04-06,27,2025-06-14,Argentina,180
juventusfc,Juventus FC,ITA,https://fdp.fifa.org/assetspublic/ce233/pdf/SquadLists-English.pdf,21,2025-07-04,FIFA Club World Cup 2025,male,juventusfc:14,14,FW,MILIK Arkadiusz,1994-02-28,31,2025-06-14,Poland,186
juventusfc,Juventus FC,ITA,https://fdp.fifa.org/assetspublic/ce233/pdf/SquadLists-English.pdf,21,2025-07-04,FIFA Club World Cup 2025,male,juventusfc:15,15,DF,KALULU Pierre,2000-06-05,25,2025-06-14,France,182
juventusfc,Juventus FC,ITA,https://fdp.fifa.org/assetspublic/ce233/pdf/SquadLists-English.pdf,21,2025-07-04,FIFA Club World Cup 2025,male,juventusfc:16,16,MF,McKENNIE Weston,1998-08-28,26,2025-06-14,USA,180
juventusfc,Juventus FC,ITA,https://fdp.fifa.org/assetspublic/ce233/pdf/SquadLists-English.pdf,21,2025-07-04,FIFA Club World Cup 2025,male,juventusfc:17,17,MF,ADZIC Vasilije,2006-05-12,19,2025-06-14,Montenegro,187
juventusfc,Juventus FC,ITA,https://fdp.fifa.org/assetspublic/ce233/pdf/SquadLists-English.pdf,21,2025-07-04,FIFA Club World Cup 2025,male,juventusfc:18,18,MF,KOSTIC Filip,1992-11-01,32,2025-06-14,Serbia,184
juventusfc,Juventus FC,ITA,https://fdp.fifa.org/assetspublic/ce233/pdf/SquadLists-English.pdf,21,2025-07-04,FIFA Club World Cup 2025,male,juventusfc:19,19,MF,THURAM Khephren,2001-03-26,24,2025-06-14,France,193
juventusfc,Juventus FC,ITA,https://fdp.fifa.org/assetspublic/ce233/pdf/SquadLists-English.pdf,21,2025-07-04,FIFA Club World Cup 2025,male,juventusfc:20,20,FW,KOLO MUANI Randal,1998-12-05,26,2025-06-14,France,187
juventusfc,Juventus FC,ITA,https://fdp.fifa.org/assetspublic/ce233/pdf/SquadLists-English.pdf,21,2025-07-04,FIFA Club World Cup 2025,male,juventusfc:22,22,FW,WEAH Timothy,2000-02-22,25,2025-06-14,USA,181
juventusfc,Juventus FC,ITA,https://fdp.fifa.org/assetspublic/ce233/pdf/SquadLists-English.pdf,21,2025-07-04,FIFA Club World Cup 2025,male,juventusfc:23,23,GK,PINSOGLIO Carlo,1990-03-16,35,2025-06-14,Italy,192
juventusfc,Juventus FC,ITA,https://fdp.fifa.org/assetspublic/ce233/pdf/SquadLists-English.pdf,21,2025-07-04,FIFA Club World Cup 2025,male,juventusfc:24,24,DF,RUGANI Daniele,1994-07-29,30,2025-06-14,Italy,190
juventusfc,Juventus FC,ITA,https://fdp.fifa.org/assetspublic/ce233/pdf/SquadLists-English.pdf,21,2025-07-04,FIFA Club World Cup 2025,male,juventusfc:26,26,MF,DOUGLAS LUIZ,1998-05-09,27,2025-06-14,Brazil,180
juventusfc,Juventus FC,ITA,https://fdp.fifa.org/assetspublic/ce233/pdf/SquadLists-English.pdf,21,2025-07-04,FIFA Club World Cup 2025,male,juventusfc:27,27,DF,CAMBIASO Andrea,2000-02-20,25,2025-06-14,Italy,182
juventusfc,Juventus FC,ITA,https://fdp.fifa.org/assetspublic/ce233/pdf/SquadLists-English.pdf,21,2025-07-04,FIFA Club World Cup 2025,male,juventusfc:29,29,GK,DI GREGORIO Michele,1997-07-27,27,2025-06-14,Italy,185
juventusfc,Juventus FC,ITA,https://fdp.fifa.org/assetspublic/ce233/pdf/SquadLists-English.pdf,21,2025-07-04,FIFA Club World Cup 2025,male,juventusfc:36,36,FW,ANGHELE Lorenzo,2005-02-26,20,2025-06-14,Italy,186
juventusfc,Juventus FC,ITA,https://fdp.fifa.org/assetspublic/ce233/pdf/SquadLists-English.pdf,21,2025-07-04,FIFA Club World Cup 2025,male,juventusfc:37,37,DF,SAVONA Nicolo,2003-03-19,22,2025-06-14,Italy,190
juventusfc,Juventus FC,ITA,https://fdp.fifa.org/assetspublic/ce233/pdf/SquadLists-English.pdf,21,2025-07-04,FIFA Club World Cup 2025,male,juventusfc:38,38,GK,DAFFARA Giovanni,2004-12-05,20,2025-06-14,Italy,194
juventusfc,Juventus FC,ITA,https://fdp.fifa.org/assetspublic/ce233/pdf/SquadLists-English.pdf,21,2025-07-04,FIFA Club World Cup 2025,male,juventusfc:40,40,DF,ROUHI Jonas,2004-01-07,21,2025-06-14,Sweden,186
juventusfc,Juventus FC,ITA,https://fdp.fifa.org/assetspublic/ce233/pdf/SquadLists-English.pdf,21,2025-07-04,FIFA Club World Cup 2025,male,juventusfc:41,41,DF,GIL Javier,2006-05-03,19,2025-06-14,Spain,191
juventusfc,Juventus FC,ITA,https://fdp.fifa.org/assetspublic/ce233/pdf/SquadLists-English.pdf,21,2025-07-04,FIFA Club World Cup 2025,male,juventusfc:43,43,MF,OWUSU Augusto,2005-01-28,20,2025-06-14,Italy,183
juventusfc,Juventus FC,ITA,https://fdp.fifa.org/assetspublic/ce233/pdf/SquadLists-English.pdf,21,2025-07-04,FIFA Club World Cup 2025,male,juventusfc:48,48,FW,PIETRELLI Alessandro,2003-01-05,22,2025-06-14,Italy,194
juventusfc,Juventus FC,ITA,https://fdp.fifa.org/assetspublic/ce233/pdf/SquadLists-English.pdf,21,2025-07-04,FIFA Club World Cup 2025,male,juventusfc:51,51,FW,MBANGULA Samuel,2004-01-16,21,2025-06-14,Belgium,181
juventusfc,Juventus FC,ITA,https://fdp.fifa.org/assetspublic/ce233/pdf/SquadLists-English.pdf,21,2025-07-04,FIFA Club World Cup 2025,male,juventusfc:56,56,FW,CUDRIG Nicolo,2002-08-07,22,2025-06-14,Italy,183
juventusfc,Juventus FC,ITA,https://fdp.fifa.org/assetspublic/ce233/pdf/SquadLists-English.pdf,21,2025-07-04,FIFA Club World Cup 2025,male,juventusfc:57,57,FW,MANCINI Tommaso,2004-07-23,20,2025-06-14,Italy,191
juventusfc,Juventus FC,ITA,https://fdp.fifa.org/assetspublic/ce233/pdf/SquadLists-English.pdf,21,2025-07-04,FIFA Club World Cup 2025,male,juventusfc:58,58,MF,TURCO Stefano,2005-01-24,20,2025-06-14,Italy,185
juventusfc,Juventus FC,ITA,https://fdp.fifa.org/assetspublic/ce233/pdf/SquadLists-English.pdf,21,2025-07-04,FIFA Club World Cup 2025,male,juventusfc:64,64,GK,GAROFANI Giovanni,2002-10-20,22,2025-06-14,Italy,184
lafc,LAFC,USA,https://fdp.fifa.org/assetspublic/ce233/pdf/SquadLists-English.pdf,22,2025-07-04,FIFA Club World Cup 2025,male,lafc:1,1,GK,LLORIS Hugo,1986-12-26,38,2025-06-14,France,187
lafc,LAFC,USA,https://fdp.fifa.org/assetspublic/ce233/pdf/SquadLists-English.pdf,22,2025-07-04,FIFA Club World Cup 2025,male,lafc:4,4,DF,SEGURA Eddie,1997-02-02,28,2025-06-14,Colombia,182
lafc,LAFC,USA,https://fdp.fifa.org/assetspublic/ce233/pdf/SquadLists-English.pdf,22,2025-07-04,FIFA Club World Cup 2025,male,lafc:5,5,DF,MARLON,1995-09-07,29,2025-06-14,Brazil,188
lafc,LAFC,USA,https://fdp.fifa.org/assetspublic/ce233/pdf/SquadLists-English.pdf,22,2025-07-04,FIFA Club World Cup 2025,male,lafc:6,6,MF,IGOR JESUS,2003-03-07,22,2025-06-14,Brazil,185
lafc,LAFC,USA,https://fdp.fifa.org/assetspublic/ce233/pdf/SquadLists-English.pdf,22,2025-07-04,FIFA Club World Cup 2025,male,lafc:8,8,MF,DELGADO Marky,1995-05-16,30,2025-06-14,USA,177
lafc,LAFC,USA,https://fdp.fifa.org/assetspublic/ce233/pdf/SquadLists-English.pdf,22,2025-07-04,FIFA Club World Cup 2025,male,lafc:9,9,FW,GIROUD Olivier,1986-09-30,38,2025-06-14,France,193
lafc,LAFC,USA,https://fdp.fifa.org/assetspublic/ce233/pdf/SquadLists-English.pdf,22,2025-07-04,FIFA Club World Cup 2025,male,lafc:11,11,MF,TILLMAN Timothy,1999-01-04,26,2025-06-14,USA,182
lafc,LAFC,USA,https://fdp.fifa.org/assetspublic/ce233/pdf/SquadLists-English.pdf,22,2025-07-04,FIFA Club World Cup 2025,male,lafc:12,12,GK,HASAL Thomas,1999-07-09,25,2025-06-14,Canada,192
lafc,LAFC,USA,https://fdp.fifa.org/assetspublic/ce233/pdf/SquadLists-English.pdf,22,2025-07-04,FIFA Club World Cup 2025,male,lafc:14,14,DF,PALENCIA Sergi,1996-03-23,29,2025-06-14,Spain,177
lafc,LAFC,USA,https://fdp.fifa.org/assetspublic/ce233/pdf/SquadLists-English.pdf,22,2025-07-04,FIFA Club World Cup 2025,male,lafc:15,15,DF,DELLAVALLE Lorenzo,2004-04-04,21,2025-06-14,Italy,185
lafc,LAFC,USA,https://fdp.fifa.org/assetspublic/ce233/pdf/SquadLists-English.pdf,22,2025-07-04,FIFA Club World Cup 2025,male,lafc:17,17,FW,EBOBISSE Jeremy,1997-02-14,28,2025-06-14,USA,188
lafc,LAFC,USA,https://fdp.fifa.org/assetspublic/ce233/pdf/SquadLists-English.pdf,22,2025-07-04,FIFA Club World Cup 2025,male,lafc:18,18,GK,OCHOA David,2001-01-16,24,2025-06-14,Mexico,190
lafc,LAFC,USA,https://fdp.fifa.org/assetspublic/ce233/pdf/SquadLists-English.pdf,22,2025-07-04,FIFA Club World Cup 2025,male,lafc:20,20,MF,YEBOAH Yaw,1997-03-28,28,2025-06-14,Ghana,175
lafc,LAFC,USA,https://fdp.fifa.org/assetspublic/ce233/pdf/SquadLists-English.pdf,22,2025-07-04,FIFA Club World Cup 2025,male,lafc:21,21,DF,RAPOSO Ryan,1999-03-05,26,2025-06-14,Canada,175
lafc,LAFC,USA,https://fdp.fifa.org/assetspublic/ce233/pdf/SquadLists-English.pdf,22,2025-07-04,FIFA Club World Cup 2025,male,lafc:23,23,MF,AMAYA Frankie,2000-09-26,24,2025-06-14,USA,170
lafc,LAFC,USA,https://fdp.fifa.org/assetspublic/ce233/pdf/SquadLists-English.pdf,22,2025-07-04,FIFA Club World Cup 2025,male,lafc:24,24,DF,HOLLINGSHEAD Ryan,1991-04-16,34,2025-06-14,USA,187
lafc,LAFC,USA,https://fdp.fifa.org/assetspublic/ce233/pdf/SquadLists-English.pdf,22,2025-07-04,FIFA Club World Cup 2025,male,lafc:25,25,DF,CHANOT Maxime,1989-11-21,35,2025-06-14,Luxembourg,188
lafc,LAFC,USA,https://fdp.fifa.org/assetspublic/ce233/pdf/SquadLists-English.pdf,22,2025-07-04,FIFA Club World Cup 2025,male,lafc:26,26,FW,DILROSUN Javairo,1998-06-22,26,2025-06-14,Netherlands,182
lafc,LAFC,USA,https://fdp.fifa.org/assetspublic/ce233/pdf/SquadLists-English.pdf,22,2025-07-04,FIFA Club World Cup 2025,male,lafc:27,27,FW,ORDAZ Nathan,2004-01-12,21,2025-06-14,El Salvador,185
lafc,LAFC,USA,https://fdp.fifa.org/assetspublic/ce233/pdf/SquadLists-English.pdf,22,2025-07-04,FIFA Club World Cup 2025,male,lafc:29,29,DF,SMOLIAKOV Artem,2003-05-29,22,2025-06-14,Ukraine,182
lafc,LAFC,USA,https://fdp.fifa.org/assetspublic/ce233/pdf/SquadLists-English.pdf,22,2025-07-04,FIFA Club World Cup 2025,male,lafc:30,30,FW,MARTINEZ David,2006-02-07,19,2025-06-14,Venezuela,183
lafc,LAFC,USA,https://fdp.fifa.org/assetspublic/ce233/pdf/SquadLists-English.pdf,22,2025-07-04,FIFA Club World Cup 2025,male,lafc:31,31,GK,CARTER Cabral,2004-07-05,20,2025-06-14,USA,193
lafc,LAFC,USA,https://fdp.fifa.org/assetspublic/ce233/pdf/SquadLists-English.pdf,22,2025-07-04,FIFA Club World Cup 2025,male,lafc:33,33,DF,LONG Aaron,1992-10-12,32,2025-06-14,USA,188
lafc,LAFC,USA,https://fdp.fifa.org/assetspublic/ce233/pdf/SquadLists-English.pdf,22,2025-07-04,FIFA Club World Cup 2025,male,lafc:43,43,MF,SALDANA Adam,2002-02-07,23,2025-06-14,USA,175
lafc,LAFC,USA,https://fdp.fifa.org/assetspublic/ce233/pdf/SquadLists-English.pdf,22,2025-07-04,FIFA Club World Cup 2025,male,lafc:45,45,DF,NIELSEN Kenny,2002-02-13,23,2025-06-14,USA,180
lafc,LAFC,USA,https://fdp.fifa.org/assetspublic/ce233/pdf/SquadLists-English.pdf,22,2025-07-04,FIFA Club World Cup 2025,male,lafc:56,56,MF,TERRY Jude,2008-10-08,16,2025-06-14,USA,182
lafc,LAFC,USA,https://fdp.fifa.org/assetspublic/ce233/pdf/SquadLists-English.pdf,22,2025-07-04,FIFA Club World Cup 2025,male,lafc:70,70,MF,EVANS Matt,2006-05-25,19,2025-06-14,Guatemala,182
lafc,LAFC,USA,https://fdp.fifa.org/assetspublic/ce233/pdf/SquadLists-English.pdf,22,2025-07-04,FIFA Club World Cup 2025,male,lafc:77,77,FW,WIBOWO Adrian,2006-01-17,19,2025-06-14,USA,185
lafc,LAFC,USA,https://fdp.fifa.org/assetspublic/ce233/pdf/SquadLists-English.pdf,22,2025-07-04,FIFA Club World Cup 2025,male,lafc:80,80,MF,HOLM Odin,2003-01-18,22,2025-06-14,Norway,177
lafc,LAFC,USA,https://fdp.fifa.org/assetspublic/ce233/pdf/SquadLists-English.pdf,22,2025-07-04,FIFA Club World Cup 2025,male,lafc:91,91,DF,TAFARI Nkosi,1997-03-23,28,2025-06-14,USA,193
lafc,LAFC,USA,https://fdp.fifa.org/assetspublic/ce233/pdf/SquadLists-English.pdf,22,2025-07-04,FIFA Club World Cup 2025,male,lafc:99,99,FW,BOUANGA Denis,1994-11-11,30,2025-06-14,Gabon,183
mamelodisundownsfc,Mamelodi Sundowns FC,RSA,https://fdp.fifa.org/assetspublic/ce233/pdf/SquadLists-English.pdf,23,2025-07-04,FIFA Club World Cup 2025,male,mamelodisundownsfc:1,1,GK,ONYANGO Denis,1985-05-15,40,2025-06-14,Uganda,187
mamelodisundownsfc,Mamelodi Sundowns FC,RSA,https://fdp.fifa.org/assetspublic/ce233/pdf/SquadLists-English.pdf,23,2025-07-04,FIFA Club World Cup 2025,male,mamelodisundownsfc:2,2,DF,KHOZA Malibongwe,2004-03-16,21,2025-06-14,South Africa,191
mamelodisundownsfc,Mamelodi Sundowns FC,RSA,https://fdp.fifa.org/assetspublic/ce233/pdf/SquadLists-English.pdf,23,2025-07-04,FIFA Club World Cup 2025,male,mamelodisundownsfc:4,4,MF,MOKOENA Teboho,1997-01-24,28,2025-06-14,South Africa,177
mamelodisundownsfc,Mamelodi Sundowns FC,RSA,https://fdp.fifa.org/assetspublic/ce233/pdf/SquadLists-English.pdf,23,2025-07-04,FIFA Club World Cup 2025,male,mamelodisundownsfc:5,5,DF,LEBUSA Mosa,1992-10-10,32,2025-06-14,South Africa,184
mamelodisundownsfc,Mamelodi Sundowns FC,RSA,https://fdp.fifa.org/assetspublic/ce233/pdf/SquadLists-English.pdf,23,2025-07-04,FIFA Club World Cup 2025,male,mamelodisundownsfc:6,6,MF,MODIBA Aubrey,1995-07-22,29,2025-06-14,South Africa,171
mamelodisundownsfc,Mamelodi Sundowns FC,RSA,https://fdp.fifa.org/assetspublic/ce233/pdf/SquadLists-English.pdf,23,2025-07-04,FIFA Club World Cup 2025,male,mamelodisundownsfc:7,7,MF,ESQUIVEL Matias,1999-03-22,26,2025-06-14,Argentina,166
mamelodisundownsfc,Mamelodi Sundowns FC,RSA,https://fdp.fifa.org/assetspublic/ce233/pdf/SquadLists-English.pdf,23,2025-07-04,FIFA Club World Cup 2025,male,mamelodisundownsfc:8,8,MF,ADAMS Jayden,2001-05-05,24,2025-06-14,South Africa,177
mamelodisundownsfc,Mamelodi Sundowns FC,RSA,https://fdp.fifa.org/assetspublic/ce233/pdf/SquadLists-English.pdf,23,2025-07-04,FIFA Club World Cup 2025,male,mamelodisundownsfc:9,9,FW,ARTHUR SALES,2002-07-03,22,2025-06-14,Brazil,183
mamelodisundownsfc,Mamelodi Sundowns FC,RSA,https://fdp.fifa.org/assetspublic/ce233/pdf/SquadLists-English.pdf,23,2025-07-04,FIFA Club World Cup 2025,male,mamelodisundownsfc:10,10,FW,LUCAS RIBEIRO,1998-10-09,26,2025-06-14,Brazil,177
mamelodisundownsfc,Mamelodi Sundowns FC,RSA,https://fdp.fifa.org/assetspublic/ce233/pdf/SquadLists-English.pdf,23,2025-07-04,FIFA Club World Cup 2025,male,mamelodisundownsfc:11,11,MF,ALLENDE Marcelo,1999-04-07,26,2025-06-14,Chile,165
mamelodisundownsfc,Mamelodi Sundowns FC,RSA,https://fdp.fifa.org/assetspublic/ce233/pdf/SquadLists-English.pdf,23,2025-07-04,FIFA Club World Cup 2025,male,mamelodisundownsfc:12,12,MF,MAEMA Neo,1995-12-01,29,2025-06-14,South Africa,167
mamelodisundownsfc,Mamelodi Sundowns FC,RSA,https://fdp.fifa.org/assetspublic/ce233/pdf/SquadLists-English.pdf,23,2025-07-04,FIFA Club World Cup 2025,male,mamelodisundownsfc:13,13,FW,RAYNERS Iqraam,1995-12-19,29,2025-06-14,South Africa,174
mamelodisundownsfc,Mamelodi Sundowns FC,RSA,https://fdp.fifa.org/assetspublic/ce233/pdf/SquadLists-English.pdf,23,2025-07-04,FIFA Club World Cup 2025,male,mamelodisundownsfc:14,14,DF,MASHEGO Terrence,1996-06-28,28,2025-06-14,South Africa,173
mamelodisundownsfc,Mamelodi Sundowns FC,RSA,https://fdp.fifa.org/assetspublic/ce233/pdf/SquadLists-English.pdf,23,2025-07-04,FIFA Club World Cup 2025,male,mamelodisundownsfc:15,15,MF,AUBAAS Bathusi,1995-05-14,30,2025-06-14,South Africa,180
mamelodisundownsfc,Mamelodi Sundowns FC,RSA,https://fdp.fifa.org/assetspublic/ce233/pdf/SquadLists-English.pdf,23,2025-07-04,FIFA Club World Cup 2025,male,mamelodisundownsfc:16,16,FW,LETLHAKU Kutlwano,2006-03-25,19,2025-06-14,South Africa,173
mamelodisundownsfc,Mamelodi Sundowns FC,RSA,https://fdp.fifa.org/assetspublic/ce233/pdf/SquadLists-English.pdf,23,2025-07-04,FIFA Club World Cup 2025,male,mamelodisundownsfc:17,17,FW,MATTHEWS Tashreeq,2000-09-12,24,2025-06-14,South Africa,173
mamelodisundownsfc,Mamelodi Sundowns FC,RSA,https://fdp.fifa.org/assetspublic/ce233/pdf/SquadLists-English.pdf,23,2025-07-04,FIFA Club World Cup 2025,male,mamelodisundownsfc:18,18,MF,ZWANE Themba,1989-08-03,35,2025-06-14,South Africa,178
mamelodisundownsfc,Mamelodi Sundowns FC,RSA,https://fdp.fifa.org/assetspublic/ce233/pdf/SquadLists-English.pdf,23,2025-07-04,FIFA Club World Cup 2025,male,mamelodisundownsfc:20,20,DF,KEKANA Grant,1992-10-31,32,2025-06-14,South Africa,183
mamelodisundownsfc,Mamelodi Sundowns FC,RSA,https://fdp.fifa.org/assetspublic/ce233/pdf/SquadLists-English.pdf,23,2025-07-04,FIFA Club World Cup 2025,male,mamelodisundownsfc:21,21,MF,MKHULISE Sphelele,1996-02-19,29,2025-06-14,South Africa,165
mamelodisundownsfc,Mamelodi Sundowns FC,RSA,https://fdp.fifa.org/assetspublic/ce233/pdf/SquadLists-English.pdf,23,2025-07-04,FIFA Club World Cup 2025,male,mamelodisundownsfc:22,22,MF,MABENA Siyabonga,2007-02-18,18,2025-06-14,South Africa,162
mamelodisundownsfc,Mamelodi Sundowns FC,RSA,https://fdp.fifa.org/assetspublic/ce233/pdf/SquadLists-English.pdf,23,2025-07-04,FIFA Club World Cup 2025,male,mamelodisundownsfc:24,24,DF,CUPIDO Keanu,1998-01-15,27,2025-06-14,South Africa,180
mamelodisundownsfc,Mamelodi Sundowns FC,RSA,https://fdp.fifa.org/assetspublic/ce233/pdf/SquadLists-English.pdf,23,2025-07-04,FIFA Club World Cup 2025,male,mamelodisundownsfc:25,25,DF,MUDAU Khuliso,1995-04-26,30,2025-06-14,South Africa,179
mamelodisundownsfc,Mamelodi Sundowns FC,RSA,https://fdp.fifa.org/assetspublic/ce233/pdf/SquadLists-English.pdf,23,2025-07-04,FIFA Club World Cup 2025,male,mamelodisundownsfc:26,26,GK,PIETERSE Reyaad,1992-02-17,33,2025-06-14,South Africa,194
mamelodisundownsfc,Mamelodi Sundowns FC,RSA,https://fdp.fifa.org/assetspublic/ce233/pdf/SquadLists-English.pdf,23,2025-07-04,FIFA Club World Cup 2025,male,mamelodisundownsfc:27,27,DF,MORENA Thapelo,1993-08-06,31,2025-06-14,South Africa,170
mamelodisundownsfc,Mamelodi Sundowns FC,RSA,https://fdp.fifa.org/assetspublic/ce233/pdf/SquadLists-English.pdf,23,2025-07-04,FIFA Club World Cup 2025,male,mamelodisundownsfc:28,28,DF,MDUNYELWA Zuko,1999-07-09,25,2025-06-14,South Africa,173
mamelodisundownsfc,Mamelodi Sundowns FC,RSA,https://fdp.fifa.org/assetspublic/ce233/pdf/SquadLists-English.pdf,23,2025-07-04,FIFA Club World Cup 2025,male,mamelodisundownsfc:29,29,DF,LUNGA Divine,1995-05-28,30,2025-06-14,Zimbabwe,181
mamelodisundownsfc,Mamelodi Sundowns FC,RSA,https://fdp.fifa.org/assetspublic/ce233/pdf/SquadLists-English.pdf,23,2025-07-04,FIFA Club World Cup 2025,male,mamelodisundownsfc:30,30,GK,WILLIAMS Ronwen,1992-01-21,33,2025-06-14,South Africa,184
mamelodisundownsfc,Mamelodi Sundowns FC,RSA,https://fdp.fifa.org/assetspublic/ce233/pdf/SquadLists-English.pdf,23,2025-07-04,FIFA Club World Cup 2025,male,mamelodisundownsfc:33,33,FW,MASEKO Thapelo,2003-11-11,21,2025-06-14,South Africa,173
mamelodisundownsfc,Mamelodi Sundowns FC,RSA,https://fdp.fifa.org/assetspublic/ce233/pdf/SquadLists-English.pdf,23,2025-07-04,FIFA Club World Cup 2025,male,mamelodisundownsfc:34,34,DF,MVALA Mothobi,1994-06-14,31,2025-06-14,South Africa,183
mamelodisundownsfc,Mamelodi Sundowns FC,RSA,https://fdp.fifa.org/assetspublic/ce233/pdf/SquadLists-English.pdf,23,2025-07-04,FIFA Club World Cup 2025,male,mamelodisundownsfc:35,35,FW,MOTHIBA Lebo,1996-01-28,29,2025-06-14,South Africa,184
mamelodisundownsfc,Mamelodi Sundowns FC,RSA,https://fdp.fifa.org/assetspublic/ce233/pdf/SquadLists-English.pdf,23,2025-07-04,FIFA Club World Cup 2025,male,mamelodisundownsfc:37,37,DF,JOHANNES Kegan,2001-03-31,24,2025-06-14,South Africa,178
mamelodisundownsfc,Mamelodi Sundowns FC,RSA,https://fdp.fifa.org/assetspublic/ce233/pdf/SquadLists-English.pdf,23,2025-07-04,FIFA Club World Cup 2025,male,mamelodisundownsfc:38,38,FW,SHALULILE Peter,1993-10-23,31,2025-06-14,Namibia,178
mamelodisundownsfc,Mamelodi Sundowns FC,RSA,https://fdp.fifa.org/assetspublic/ce233/pdf/SquadLists-English.pdf,23,2025-07-04,FIFA Club World Cup 2025,male,mamelodisundownsfc:45,45,MF,NKOSI Ntando,2004-04-30,21,2025-06-14,South Africa,173
mamelodisundownsfc,Mamelodi Sundowns FC,RSA,https://fdp.fifa.org/assetspublic/ce233/pdf/SquadLists-English.pdf,23,2025-07-04,FIFA Club World Cup 2025,male,mamelodisundownsfc:46,46,MF,SIBIYA Thato,2006-06-23,18,2025-06-14,South Africa,162
mamelodisundownsfc,Mamelodi Sundowns FC,RSA,https://fdp.fifa.org/assetspublic/ce233/pdf/SquadLists-English.pdf,23,2025-07-04,FIFA Club World Cup 2025,male,mamelodisundownsfc:50,50,GK,TSHABALALA Sanele,1998-05-12,27,2025-06-14,South Africa,178
manchestercity,Manchester City,ENG,https://fdp.fifa.org/assetspublic/ce233/pdf/SquadLists-English.pdf,24,2025-07-04,FIFA Club World Cup 2025,male,manchestercity:3,3,DF,RUBEN DIAS,1997-05-14,28,2025-06-14,Portugal,187
manchestercity,Manchester City,ENG,https://fdp.fifa.org/assetspublic/ce233/pdf/SquadLists-English.pdf,24,2025-07-04,FIFA Club World Cup 2025,male,manchestercity:4,4,MF,REIJNDERS Tijjani,1998-07-29,26,2025-06-14,Netherlands,178
manchestercity,Manchester City,ENG,https://fdp.fifa.org/assetspublic/ce233/pdf/SquadLists-English.pdf,24,2025-07-04,FIFA Club World Cup 2025,male,manchestercity:5,5,DF,STONES John,1994-05-28,31,2025-06-14,England,188
manchestercity,Manchester City,ENG,https://fdp.fifa.org/assetspublic/ce233/pdf/SquadLists-English.pdf,24,2025-07-04,FIFA Club World Cup 2025,male,manchestercity:6,6,DF,AKE Nathan,1995-02-18,30,2025-06-14,Netherlands,180
manchestercity,Manchester City,ENG,https://fdp.fifa.org/assetspublic/ce233/pdf/SquadLists-English.pdf,24,2025-07-04,FIFA Club World Cup 2025,male,manchestercity:7,7,FW,OMAR MARMOUSH,1999-02-07,26,2025-06-14,Egypt,180
manchestercity,Manchester City,ENG,https://fdp.fifa.org/assetspublic/ce233/pdf/SquadLists-English.pdf,24,2025-07-04,FIFA Club World Cup 2025,male,manchestercity:9,9,FW,HAALAND Erling,2000-07-21,24,2025-06-14,Norway,195
manchestercity,Manchester City,ENG,https://fdp.fifa.org/assetspublic/ce233/pdf/SquadLists-English.pdf,24,2025-07-04,FIFA Club World Cup 2025,male,manchestercity:11,11,MF,DOKU Jeremy,2002-05-27,23,2025-06-14,Belgium,173
manchestercity,Manchester City,ENG,https://fdp.fifa.org/assetspublic/ce233/pdf/SquadLists-English.pdf,24,2025-07-04,FIFA Club World Cup 2025,male,manchestercity:13,13,GK,BETTINELLI Marcus,1992-05-24,33,2025-06-14,England,193
manchestercity,Manchester City,ENG,https://fdp.fifa.org/assetspublic/ce233/pdf/SquadLists-English.pdf,24,2025-07-04,FIFA Club World Cup 2025,male,manchestercity:14,14,MF,GONZALEZ Nico,2002-01-03,23,2025-06-14,Spain,189
manchestercity,Manchester City,ENG,https://fdp.fifa.org/assetspublic/ce233/pdf/SquadLists-English.pdf,24,2025-07-04,FIFA Club World Cup 2025,male,manchestercity:16,16,MF,RODRI,1996-06-22,28,2025-06-14,Spain,190
manchestercity,Manchester City,ENG,https://fdp.fifa.org/assetspublic/ce233/pdf/SquadLists-English.pdf,24,2025-07-04,FIFA Club World Cup 2025,male,manchestercity:18,18,GK,ORTEGA Stefan,1992-11-06,32,2025-06-14,Germany,185
manchestercity,Manchester City,ENG,https://fdp.fifa.org/assetspublic/ce233/pdf/SquadLists-English.pdf,24,2025-07-04,FIFA Club World Cup 2025,male,manchestercity:19,19,MF,GUENDOGAN Ilkay,1990-10-24,34,2025-06-14,Germany,180
manchestercity,Manchester City,ENG,https://fdp.fifa.org/assetspublic/ce233/pdf/SquadLists-English.pdf,24,2025-07-04,FIFA Club World Cup 2025,male,manchestercity:20,20,MF,BERNARDO SILVA,1994-08-10,30,2025-06-14,Portugal,173
manchestercity,Manchester City,ENG,https://fdp.fifa.org/assetspublic/ce233/pdf/SquadLists-English.pdf,24,2025-07-04,FIFA Club World Cup 2025,male,manchestercity:21,21,DF,AIT-NOURI Rayan,2001-06-06,24,2025-06-14,Algeria,180
manchestercity,Manchester City,ENG,https://fdp.fifa.org/assetspublic/ce233/pdf/SquadLists-English.pdf,24,2025-07-04,FIFA Club World Cup 2025,male,manchestercity:22,22,DF,VITOR REIS,2006-01-12,19,2025-06-14,Brazil,186
manchestercity,Manchester City,ENG,https://fdp.fifa.org/assetspublic/ce233/pdf/SquadLists-English.pdf,24,2025-07-04,FIFA Club World Cup 2025,male,manchestercity:24,24,DF,GVARDIOL Josko,2002-01-23,23,2025-06-14,Croatia,185
manchestercity,Manchester City,ENG,https://fdp.fifa.org/assetspublic/ce233/pdf/SquadLists-English.pdf,24,2025-07-04,FIFA Club World Cup 2025,male,manchestercity:25,25,DF,AKANJI Manuel,1995-07-19,29,2025-06-14,Switzerland,188
manchestercity,Manchester City,ENG,https://fdp.fifa.org/assetspublic/ce233/pdf/SquadLists-English.pdf,24,2025-07-04,FIFA Club World Cup 2025,male,manchestercity:26,26,MF,SAVINHO,2004-04-10,21,2025-06-14,Brazil,179
manchestercity,Manchester City,ENG,https://fdp.fifa.org/assetspublic/ce233/pdf/SquadLists-English.pdf,24,2025-07-04,FIFA Club World Cup 2025,male,manchestercity:27,27,MF,MATHEUS NUNES,1998-08-27,26,2025-06-14,Portugal,183
manchestercity,Manchester City,ENG,https://fdp.fifa.org/assetspublic/ce233/pdf/SquadLists-English.pdf,24,2025-07-04,FIFA Club World Cup 2025,male,manchestercity:29,29,MF,CHERKI Rayan,2003-08-17,21,2025-06-14,France,180
manchestercity,Manchester City,ENG,https://fdp.fifa.org/assetspublic/ce233/pdf/SquadLists-English.pdf,24,2025-07-04,FIFA Club World Cup 2025,male,manchestercity:30,30,MF,ECHEVERRI Claudio,2006-01-02,19,2025-06-14,Argentina,171
manchestercity,Manchester City,ENG,https://fdp.fifa.org/assetspublic/ce233/pdf/SquadLists-English.pdf,24,2025-07-04,FIFA Club World Cup 2025,male,manchestercity:31,31,GK,EDERSON,1993-08-17,31,2025-06-14,Brazil,188
manchestercity,Manchester City,ENG,https://fdp.fifa.org/assetspublic/ce233/pdf/SquadLists-English.pdf,24,2025-07-04,FIFA Club World Cup 2025,male,manchestercity:45,45,DF,KHUSANOV Abdukodir,2004-02-29,21,2025-06-14,Uzbekistan,186
manchestercity,Manchester City,ENG,https://fdp.fifa.org/assetspublic/ce233/pdf/SquadLists-English.pdf,24,2025-07-04,FIFA Club World Cup 2025,male,manchestercity:47,47,MF,FODEN Phil,2000-05-28,25,2025-06-14,England,171
manchestercity,Manchester City,ENG,https://fdp.fifa.org/assetspublic/ce233/pdf/SquadLists-English.pdf,24,2025-07-04,FIFA Club World Cup 2025,male,manchestercity:52,52,FW,BOBB Oscar,2003-07-12,21,2025-06-14,Norway,177
manchestercity,Manchester City,ENG,https://fdp.fifa.org/assetspublic/ce233/pdf/SquadLists-English.pdf,24,2025-07-04,FIFA Club World Cup 2025,male,manchestercity:75,75,MF,OREILLY Nico,2005-03-21,20,2025-06-14,England,177
manchestercity,Manchester City,ENG,https://fdp.fifa.org/assetspublic/ce233/pdf/SquadLists-English.pdf,24,2025-07-04,FIFA Club World Cup 2025,male,manchestercity:82,82,DF,LEWIS Rico,2004-11-21,20,2025-06-14,England,170
palmeiras,Palmeiras,BRA,https://fdp.fifa.org/assetspublic/ce233/pdf/SquadLists-English.pdf,25,2025-07-04,FIFA Club World Cup 2025,male,palmeiras:1,1,GK,MATEUS,2002-05-02,23,2025-06-14,Brazil,199
palmeiras,Palmeiras,BRA,https://fdp.fifa.org/assetspublic/ce233/pdf/SquadLists-English.pdf,25,2025-07-04,FIFA Club World Cup 2025,male,palmeiras:2,2,DF,MARCOS ROCHA,1988-12-11,36,2025-06-14,Brazil,176
palmeiras,Palmeiras,BRA,https://fdp.fifa.org/assetspublic/ce233/pdf/SquadLists-English.pdf,25,2025-07-04,FIFA Club World Cup 2025,male,palmeiras:3,3,DF,BRUNO FUCHS,1999-04-01,26,2025-06-14,Brazil,190
palmeiras,Palmeiras,BRA,https://fdp.fifa.org/assetspublic/ce233/pdf/SquadLists-English.pdf,25,2025-07-04,FIFA Club World Cup 2025,male,palmeiras:4,4,DF,GIAY Agustin,2004-01-16,21,2025-06-14,Argentina,180
palmeiras,Palmeiras,BRA,https://fdp.fifa.org/assetspublic/ce233/pdf/SquadLists-English.pdf,25,2025-07-04,FIFA Club World Cup 2025,male,palmeiras:5,5,MF,MORENO Anibal,1999-05-13,26,2025-06-14,Argentina,178
palmeiras,Palmeiras,BRA,https://fdp.fifa.org/assetspublic/ce233/pdf/SquadLists-English.pdf,25,2025-07-04,FIFA Club World Cup 2025,male,palmeiras:6,6,DF,VANDERLAN,2002-09-07,22,2025-06-14,Brazil,183
palmeiras,Palmeiras,BRA,https://fdp.fifa.org/assetspublic/ce233/pdf/SquadLists-English.pdf,25,2025-07-04,FIFA Club World Cup 2025,male,palmeiras:7,7,MF,FELIPE ANDERSON,1993-04-15,32,2025-06-14,Brazil,175
palmeiras,Palmeiras,BRA,https://fdp.fifa.org/assetspublic/ce233/pdf/SquadLists-English.pdf,25,2025-07-04,FIFA Club World Cup 2025,male,palmeiras:8,8,MF,RIOS Richard,2000-06-02,25,2025-06-14,Colombia,185
palmeiras,Palmeiras,BRA,https://fdp.fifa.org/assetspublic/ce233/pdf/SquadLists-English.pdf,25,2025-07-04,FIFA Club World Cup 2025,male,palmeiras:9,9,FW,VITOR ROQUE,2005-02-28,20,2025-06-14,Brazil,172
palmeiras,Palmeiras,BRA,https://fdp.fifa.org/assetspublic/ce233/pdf/SquadLists-English.pdf,25,2025-07-04,FIFA Club World Cup 2025,male,palmeiras:10,10,FW,PAULINHO,2000-07-15,24,2025-06-14,Brazil,177
palmeiras,Palmeiras,BRA,https://fdp.fifa.org/assetspublic/ce233/pdf/SquadLists-English.pdf,25,2025-07-04,FIFA Club World Cup 2025,male,palmeiras:12,12,DF,MAYKE,1992-11-10,32,2025-06-14,Brazil,179
palmeiras,Palmeiras,BRA,https://fdp.fifa.org/assetspublic/ce233/pdf/SquadLists-English.pdf,25,2025-07-04,FIFA Club World Cup 2025,male,palmeiras:13,13,DF,MICAEL,2000-08-12,24,2025-06-14,Brazil,190
palmeiras,Palmeiras,BRA,https://fdp.fifa.org/assetspublic/ce233/pdf/SquadLists-English.pdf,25,2025-07-04,FIFA Club World Cup 2025,male,palmeiras:14,14,GK,MARCELO LOMBA,1986-12-18,38,2025-06-14,Brazil,189
palmeiras,Palmeiras,BRA,https://fdp.fifa.org/assetspublic/ce233/pdf/SquadLists-English.pdf,25,2025-07-04,FIFA Club World Cup 2025,male,palmeiras:15,15,DF,GOMEZ Gustavo,1993-05-06,32,2025-06-14,Paraguay,179
palmeiras,Palmeiras,BRA,https://fdp.fifa.org/assetspublic/ce233/pdf/SquadLists-English.pdf,25,2025-07-04,FIFA Club World Cup 2025,male,palmeiras:17,17,FW,TORRES Facundo,2000-04-13,25,2025-06-14,Uruguay,175
palmeiras,Palmeiras,BRA,https://fdp.fifa.org/assetspublic/ce233/pdf/SquadLists-English.pdf,25,2025-07-04,FIFA Club World Cup 2025,male,palmeiras:18,18,FW,MAURICIO,2001-06-22,23,2025-06-14,Brazil,175
palmeiras,Palmeiras,BRA,https://fdp.fifa.org/assetspublic/ce233/pdf/SquadLists-English.pdf,25,2025-07-04,FIFA Club World Cup 2025,male,palmeiras:21,21,GK,WEVERTON,1987-12-13,37,2025-06-14,Brazil,189
palmeiras,Palmeiras,BRA,https://fdp.fifa.org/assetspublic/ce233/pdf/SquadLists-English.pdf,25,2025-07-04,FIFA Club World Cup 2025,male,palmeiras:22,22,DF,PIQUEREZ Joaquin,1998-08-24,26,2025-06-14,Uruguay,185
palmeiras,Palmeiras,BRA,https://fdp.fifa.org/assetspublic/ce233/pdf/SquadLists-English.pdf,25,2025-07-04,FIFA Club World Cup 2025,male,palmeiras:23,23,MF,RAPHAEL VEIGA,1995-06-19,29,2025-06-14,Brazil,178
palmeiras,Palmeiras,BRA,https://fdp.fifa.org/assetspublic/ce233/pdf/SquadLists-English.pdf,25,2025-07-04,FIFA Club World Cup 2025,male,palmeiras:26,26,DF,MURILO,1997-03-27,28,2025-06-14,Brazil,188
palmeiras,Palmeiras,BRA,https://fdp.fifa.org/assetspublic/ce233/pdf/SquadLists-English.pdf,25,2025-07-04,FIFA Club World Cup 2025,male,palmeiras:30,30,MF,LUCAS EVANGELISTA,1995-02-06,30,2025-06-14,Brazil,183
palmeiras,Palmeiras,BRA,https://fdp.fifa.org/assetspublic/ce233/pdf/SquadLists-English.pdf,25,2025-07-04,FIFA Club World Cup 2025,male,palmeiras:31,31,FW,LUIGHI,2006-04-30,19,2025-06-14,Brazil,182
palmeiras,Palmeiras,BRA,https://fdp.fifa.org/assetspublic/ce233/pdf/SquadLists-English.pdf,25,2025-07-04,FIFA Club World Cup 2025,male,palmeiras:32,32,MF,MARTINEZ Emiliano,1999-08-17,25,2025-06-14,Uruguay,184
palmeiras,Palmeiras,BRA,https://fdp.fifa.org/assetspublic/ce233/pdf/SquadLists-English.pdf,25,2025-07-04,FIFA Club World Cup 2025,male,palmeiras:34,34,DF,NAVES,2002-05-08,23,2025-06-14,Brazil,182
palmeiras,Palmeiras,BRA,https://fdp.fifa.org/assetspublic/ce233/pdf/SquadLists-English.pdf,25,2025-07-04,FIFA Club World Cup 2025,male,palmeiras:39,39,FW,THALYS,2005-02-22,20,2025-06-14,Brazil,183
palmeiras,Palmeiras,BRA,https://fdp.fifa.org/assetspublic/ce233/pdf/SquadLists-English.pdf,25,2025-07-04,FIFA Club World Cup 2025,male,palmeiras:40,40,MF,ALLAN,2004-04-19,21,2025-06-14,Brazil,176
palmeiras,Palmeiras,BRA,https://fdp.fifa.org/assetspublic/ce233/pdf/SquadLists-English.pdf,25,2025-07-04,FIFA Club World Cup 2025,male,palmeiras:41,41,FW,ESTEVAO,2007-04-24,18,2025-06-14,Brazil,176
palmeiras,Palmeiras,BRA,https://fdp.fifa.org/assetspublic/ce233/pdf/SquadLists-English.pdf,25,2025-07-04,FIFA Club World Cup 2025,male,palmeiras:42,42,FW,LOPEZ Jose Manuel,2000-12-06,24,2025-06-14,Argentina,190
palmeiras,Palmeiras,BRA,https://fdp.fifa.org/assetspublic/ce233/pdf/SquadLists-English.pdf,25,2025-07-04,FIFA Club World Cup 2025,male,palmeiras:43,43,DF,BENEDETTI,2006-06-07,19,2025-06-14,Brazil,193
parissaintgermain,Paris Saint-Germain,FRA,https://fdp.fifa.org/assetspublic/ce233/pdf/SquadLists-English.pdf,26,2025-07-04,FIFA Club World Cup 2025,male,parissaintgermain:1,1,GK,DONNARUMMA Gianluigi,1999-02-25,26,2025-06-14,Italy,200
parissaintgermain,Paris Saint-Germain,FRA,https://fdp.fifa.org/assetspublic/ce233/pdf/SquadLists-English.pdf,26,2025-07-04,FIFA Club World Cup 2025,male,parissaintgermain:2,2,DF,HAKIMI Achraf,1998-11-04,26,2025-06-14,Morocco,180
parissaintgermain,Paris Saint-Germain,FRA,https://fdp.fifa.org/assetspublic/ce233/pdf/SquadLists-English.pdf,26,2025-07-04,FIFA Club World Cup 2025,male,parissaintgermain:3,3,DF,KIMPEMBE Presnel,1995-08-13,29,2025-06-14,France,189
parissaintgermain,Paris Saint-Germain,FRA,https://fdp.fifa.org/assetspublic/ce233/pdf/SquadLists-English.pdf,26,2025-07-04,FIFA Club World Cup 2025,male,parissaintgermain:4,4,DF,LUCAS BERALDO,2003-11-24,21,2025-06-14,Brazil,181
parissaintgermain,Paris Saint-Germain,FRA,https://fdp.fifa.org/assetspublic/ce233/pdf/SquadLists-English.pdf,26,2025-07-04,FIFA Club World Cup 2025,male,parissaintgermain:5,5,DF,MARQUINHOS,1994-05-14,31,2025-06-14,Brazil,180
parissaintgermain,Paris Saint-Germain,FRA,https://fdp.fifa.org/assetspublic/ce233/pdf/SquadLists-English.pdf,26,2025-07-04,FIFA Club World Cup 2025,male,parissaintgermain:7,7,FW,KVARATSKHELIA Khvicha,2001-02-12,24,2025-06-14,Georgia,181
parissaintgermain,Paris Saint-Germain,FRA,https://fdp.fifa.org/assetspublic/ce233/pdf/SquadLists-English.pdf,26,2025-07-04,FIFA Club World Cup 2025,male,parissaintgermain:8,8,MF,RUIZ Fabian,1996-04-03,29,2025-06-14,Spain,188
parissaintgermain,Paris Saint-Germain,FRA,https://fdp.fifa.org/assetspublic/ce233/pdf/SquadLists-English.pdf,26,2025-07-04,FIFA Club World Cup 2025,male,parissaintgermain:9,9,FW,GONCALO RAMOS,2001-06-20,23,2025-06-14,Portugal,185
parissaintgermain,Paris Saint-Germain,FRA,https://fdp.fifa.org/assetspublic/ce233/pdf/SquadLists-English.pdf,26,2025-07-04,FIFA Club World Cup 2025,male,parissaintgermain:10,10,FW,DEMBELE Ousmane,1997-05-15,28,2025-06-14,France,179
parissaintgermain,Paris Saint-Germain,FRA,https://fdp.fifa.org/assetspublic/ce233/pdf/SquadLists-English.pdf,26,2025-07-04,FIFA Club World Cup 2025,male,parissaintgermain:14,14,FW,DOUE Desire,2005-06-03,20,2025-06-14,France,182
parissaintgermain,Paris Saint-Germain,FRA,https://fdp.fifa.org/assetspublic/ce233/pdf/SquadLists-English.pdf,26,2025-07-04,FIFA Club World Cup 2025,male,parissaintgermain:17,17,MF,VITINHA,2000-02-13,25,2025-06-14,Portugal,170
parissaintgermain,Paris Saint-Germain,FRA,https://fdp.fifa.org/assetspublic/ce233/pdf/SquadLists-English.pdf,26,2025-07-04,FIFA Club World Cup 2025,male,parissaintgermain:19,19,MF,LEE Kangin,2001-02-19,24,2025-06-14,Korea Republic,174
parissaintgermain,Paris Saint-Germain,FRA,https://fdp.fifa.org/assetspublic/ce233/pdf/SquadLists-English.pdf,26,2025-07-04,FIFA Club World Cup 2025,male,parissaintgermain:20,20,MF,GABRIEL MOSCARDO,2005-09-28,19,2025-06-14,Brazil,185
parissaintgermain,Paris Saint-Germain,FRA,https://fdp.fifa.org/assetspublic/ce233/pdf/SquadLists-English.pdf,26,2025-07-04,FIFA Club World Cup 2025,male,parissaintgermain:21,21,DF,HERNANDEZ Lucas,1996-02-14,29,2025-06-14,France,184
parissaintgermain,Paris Saint-Germain,FRA,https://fdp.fifa.org/assetspublic/ce233/pdf/SquadLists-English.pdf,26,2025-07-04,FIFA Club World Cup 2025,male,parissaintgermain:24,24,MF,MAYULU Senny,2006-05-17,19,2025-06-14,France,185
parissaintgermain,Paris Saint-Germain,FRA,https://fdp.fifa.org/assetspublic/ce233/pdf/SquadLists-English.pdf,26,2025-07-04,FIFA Club World Cup 2025,male,parissaintgermain:25,25,DF,NUNO MENDES,2002-06-19,22,2025-06-14,Portugal,177
parissaintgermain,Paris Saint-Germain,FRA,https://fdp.fifa.org/assetspublic/ce233/pdf/SquadLists-English.pdf,26,2025-07-04,FIFA Club World Cup 2025,male,parissaintgermain:29,29,FW,BARCOLA Bradley,2002-09-02,22,2025-06-14,France,187
parissaintgermain,Paris Saint-Germain,FRA,https://fdp.fifa.org/assetspublic/ce233/pdf/SquadLists-English.pdf,26,2025-07-04,FIFA Club World Cup 2025,male,parissaintgermain:33,33,MF,ZAIRE-EMERY Warren,2006-03-08,19,2025-06-14,France,176
parissaintgermain,Paris Saint-Germain,FRA,https://fdp.fifa.org/assetspublic/ce233/pdf/SquadLists-English.pdf,26,2025-07-04,FIFA Club World Cup 2025,male,parissaintgermain:39,39,GK,SAFONOV Matvei,1999-02-25,26,2025-06-14,Russia,191
parissaintgermain,Paris Saint-Germain,FRA,https://fdp.fifa.org/assetspublic/ce233/pdf/SquadLists-English.pdf,26,2025-07-04,FIFA Club World Cup 2025,male,parissaintgermain:42,42,DF,ZAGUE Yoram,2006-05-15,19,2025-06-14,France,168
parissaintgermain,Paris Saint-Germain,FRA,https://fdp.fifa.org/assetspublic/ce233/pdf/SquadLists-English.pdf,26,2025-07-04,FIFA Club World Cup 2025,male,parissaintgermain:43,43,DF,KAMARA Noham,2007-01-22,18,2025-06-14,France,185
parissaintgermain,Paris Saint-Germain,FRA,https://fdp.fifa.org/assetspublic/ce233/pdf/SquadLists-English.pdf,26,2025-07-04,FIFA Club World Cup 2025,male,parissaintgermain:45,45,DF,EL HANNACH Naoufel,2006-12-07,18,2025-06-14,Morocco,180
parissaintgermain,Paris Saint-Germain,FRA,https://fdp.fifa.org/assetspublic/ce233/pdf/SquadLists-English.pdf,26,2025-07-04,FIFA Club World Cup 2025,male,parissaintgermain:49,49,FW,MBAYE Ibrahim,2008-01-24,17,2025-06-14,France,175
parissaintgermain,Paris Saint-Germain,FRA,https://fdp.fifa.org/assetspublic/ce233/pdf/SquadLists-English.pdf,26,2025-07-04,FIFA Club World Cup 2025,male,parissaintgermain:50,50,GK,LAVALLEE Lucas,2003-02-18,22,2025-06-14,France,190
parissaintgermain,Paris Saint-Germain,FRA,https://fdp.fifa.org/assetspublic/ce233/pdf/SquadLists-English.pdf,26,2025-07-04,FIFA Club World Cup 2025,male,parissaintgermain:51,51,DF,PACHO Willian,2001-10-16,23,2025-06-14,Ecuador,188
parissaintgermain,Paris Saint-Germain,FRA,https://fdp.fifa.org/assetspublic/ce233/pdf/SquadLists-English.pdf,26,2025-07-04,FIFA Club World Cup 2025,male,parissaintgermain:80,80,GK,TENAS Arnau,2001-05-30,24,2025-06-14,Spain,181
parissaintgermain,Paris Saint-Germain,FRA,https://fdp.fifa.org/assetspublic/ce233/pdf/SquadLists-English.pdf,26,2025-07-04,FIFA Club World Cup 2025,male,parissaintgermain:87,87,MF,JOAO NEVES,2004-09-27,20,2025-06-14,Portugal,171
realmadridcf,Real Madrid C. F.,ESP,https://fdp.fifa.org/assetspublic/ce233/pdf/SquadLists-English.pdf,27,2025-07-04,FIFA Club World Cup 2025,male,realmadridcf:1,1,GK,COURTOIS Thibaut,1992-05-11,33,2025-06-14,Belgium,199
realmadridcf,Real Madrid C. F.,ESP,https://fdp.fifa.org/assetspublic/ce233/pdf/SquadLists-English.pdf,27,2025-07-04,FIFA Club World Cup 2025,male,realmadridcf:2,2,DF,CARVAJAL Dani,1992-01-11,33,2025-06-14,Spain,173
realmadridcf,Real Madrid C. F.,ESP,https://fdp.fifa.org/assetspublic/ce233/pdf/SquadLists-English.pdf,27,2025-07-04,FIFA Club World Cup 2025,male,realmadridcf:3,3,DF,EDER MILITAO,1998-01-18,27,2025-06-14,Brazil,189
realmadridcf,Real Madrid C. F.,ESP,https://fdp.fifa.org/assetspublic/ce233/pdf/SquadLists-English.pdf,27,2025-07-04,FIFA Club World Cup 2025,male,realmadridcf:4,4,DF,ALABA David,1992-06-24,32,2025-06-14,Austria,180
realmadridcf,Real Madrid C. F.,ESP,https://fdp.fifa.org/assetspublic/ce233/pdf/SquadLists-English.pdf,27,2025-07-04,FIFA Club World Cup 2025,male,realmadridcf:5,5,MF,BELLINGHAM Jude,2003-06-29,21,2025-06-14,England,183
realmadridcf,Real Madrid C. F.,ESP,https://fdp.fifa.org/assetspublic/ce233/pdf/SquadLists-English.pdf,27,2025-07-04,FIFA Club World Cup 2025,male,realmadridcf:6,6,MF,CAMAVINGA Eduardo,2002-11-10,22,2025-06-14,France,185
realmadridcf,Real Madrid C. F.,ESP,https://fdp.fifa.org/assetspublic/ce233/pdf/SquadLists-English.pdf,27,2025-07-04,FIFA Club World Cup 2025,male,realmadridcf:7,7,FW,VINICIUS JUNIOR,2000-07-12,24,2025-06-14,Brazil,176
realmadridcf,Real Madrid C. F.,ESP,https://fdp.fifa.org/assetspublic/ce233/pdf/SquadLists-English.pdf,27,2025-07-04,FIFA Club World Cup 2025,male,realmadridcf:8,8,MF,VALVERDE Federico,1998-07-22,26,2025-06-14,Uruguay,182
realmadridcf,Real Madrid C. F.,ESP,https://fdp.fifa.org/assetspublic/ce233/pdf/SquadLists-English.pdf,27,2025-07-04,FIFA Club World Cup 2025,male,realmadridcf:9,9,FW,MBAPPE Kylian,1998-12-20,26,2025-06-14,France,180
realmadridcf,Real Madrid C. F.,ESP,https://fdp.fifa.org/assetspublic/ce233/pdf/SquadLists-English.pdf,27,2025-07-04,FIFA Club World Cup 2025,male,realmadridcf:10,10,MF,MODRIC Luka,1985-09-09,39,2025-06-14,Croatia,172
realmadridcf,Real Madrid C. F.,ESP,https://fdp.fifa.org/assetspublic/ce233/pdf/SquadLists-English.pdf,27,2025-07-04,FIFA Club World Cup 2025,male,realmadridcf:11,11,FW,RODRYGO,2001-01-09,24,2025-06-14,Brazil,174
realmadridcf,Real Madrid C. F.,ESP,https://fdp.fifa.org/assetspublic/ce233/pdf/SquadLists-English.pdf,27,2025-07-04,FIFA Club World Cup 2025,male,realmadridcf:12,12,DF,ALEXANDER-ARNOLD Trent,1998-10-07,26,2025-06-14,England,180
realmadridcf,Real Madrid C. F.,ESP,https://fdp.fifa.org/assetspublic/ce233/pdf/SquadLists-English.pdf,27,2025-07-04,FIFA Club World Cup 2025,male,realmadridcf:13,13,GK,LUNIN Andriy,1999-02-11,26,2025-06-14,Ukraine,191
realmadridcf,Real Madrid C. F.,ESP,https://fdp.fifa.org/assetspublic/ce233/pdf/SquadLists-English.pdf,27,2025-07-04,FIFA Club World Cup 2025,male,realmadridcf:14,14,MF,TCHOUAMENI Aurelien,2000-01-27,25,2025-06-14,France,188
realmadridcf,Real Madrid C. F.,ESP,https://fdp.fifa.org/assetspublic/ce233/pdf/SquadLists-English.pdf,27,2025-07-04,FIFA Club World Cup 2025,male,realmadridcf:15,15,MF,GULER Arda,2005-02-25,20,2025-06-14,Türkiye,175
realmadridcf,Real Madrid C. F.,ESP,https://fdp.fifa.org/assetspublic/ce233/pdf/SquadLists-English.pdf,27,2025-07-04,FIFA Club World Cup 2025,male,realmadridcf:16,16,FW,ENDRICK,2006-07-21,18,2025-06-14,Brazil,173
realmadridcf,Real Madrid C. F.,ESP,https://fdp.fifa.org/assetspublic/ce233/pdf/SquadLists-English.pdf,27,2025-07-04,FIFA Club World Cup 2025,male,realmadridcf:17,17,DF,VAZQUEZ Lucas,1991-07-01,33,2025-06-14,Spain,173
realmadridcf,Real Madrid C. F.,ESP,https://fdp.fifa.org/assetspublic/ce233/pdf/SquadLists-English.pdf,27,2025-07-04,FIFA Club World Cup 2025,male,realmadridcf:19,19,MF,CEBALLOS Dani,1996-08-07,28,2025-06-14,Spain,179
realmadridcf,Real Madrid C. F.,ESP,https://fdp.fifa.org/assetspublic/ce233/pdf/SquadLists-English.pdf,27,2025-07-04,FIFA Club World Cup 2025,male,realmadridcf:20,20,DF,GARCIA Fran,1999-08-14,25,2025-06-14,Spain,169
realmadridcf,Real Madrid C. F.,ESP,https://fdp.fifa.org/assetspublic/ce233/pdf/SquadLists-English.pdf,27,2025-07-04,FIFA Club World Cup 2025,male,realmadridcf:21,21,FW,DIAZ Brahim,1999-08-03,25,2025-06-14,Morocco,170
realmadridcf,Real Madrid C. F.,ESP,https://fdp.fifa.org/assetspublic/ce233/pdf/SquadLists-English.pdf,27,2025-07-04,FIFA Club World Cup 2025,male,realmadridcf:22,22,DF,RUEDIGER Antonio,1993-03-03,32,2025-06-14,Germany,190
realmadridcf,Real Madrid C. F.,ESP,https://fdp.fifa.org/assetspublic/ce233/pdf/SquadLists-English.pdf,27,2025-07-04,FIFA Club World Cup 2025,male,realmadridcf:23,23,DF,MENDY Ferland,1995-06-08,30,2025-06-14,France,180
realmadridcf,Real Madrid C. F.,ESP,https://fdp.fifa.org/assetspublic/ce233/pdf/SquadLists-English.pdf,27,2025-07-04,FIFA Club World Cup 2025,male,realmadridcf:24,24,DF,HUIJSEN Dean,2005-04-14,20,2025-06-14,Spain,195
realmadridcf,Real Madrid C. F.,ESP,https://fdp.fifa.org/assetspublic/ce233/pdf/SquadLists-English.pdf,27,2025-07-04,FIFA Club World Cup 2025,male,realmadridcf:26,26,GK,GONZALEZ Fran,2005-06-24,19,2025-06-14,Spain,195
realmadridcf,Real Madrid C. F.,ESP,https://fdp.fifa.org/assetspublic/ce233/pdf/SquadLists-English.pdf,27,2025-07-04,FIFA Club World Cup 2025,male,realmadridcf:29,29,DF,ENRIQUEZ Youssef,2005-10-07,19,2025-06-14,Morocco,175
realmadridcf,Real Madrid C. F.,ESP,https://fdp.fifa.org/assetspublic/ce233/pdf/SquadLists-English.pdf,27,2025-07-04,FIFA Club World Cup 2025,male,realmadridcf:30,30,FW,GARCIA Gonzalo,2004-03-24,21,2025-06-14,Spain,182
realmadridcf,Real Madrid C. F.,ESP,https://fdp.fifa.org/assetspublic/ce233/pdf/SquadLists-English.pdf,27,2025-07-04,FIFA Club World Cup 2025,male,realmadridcf:31,31,DF,RAMON Jacobo,2005-01-06,20,2025-06-14,Spain,195
realmadridcf,Real Madrid C. F.,ESP,https://fdp.fifa.org/assetspublic/ce233/pdf/SquadLists-English.pdf,27,2025-07-04,FIFA Club World Cup 2025,male,realmadridcf:34,34,GK,MESTRE Sergio,2005-02-13,20,2025-06-14,Spain,182
realmadridcf,Real Madrid C. F.,ESP,https://fdp.fifa.org/assetspublic/ce233/pdf/SquadLists-English.pdf,27,2025-07-04,FIFA Club World Cup 2025,male,realmadridcf:35,35,DF,ASENCIO Raul,2003-02-13,22,2025-06-14,Spain,184
realmadridcf,Real Madrid C. F.,ESP,https://fdp.fifa.org/assetspublic/ce233/pdf/SquadLists-English.pdf,27,2025-07-04,FIFA Club World Cup 2025,male,realmadridcf:36,36,MF,ANDRES Chema,2005-04-25,20,2025-06-14,Spain,193
realmadridcf,Real Madrid C. F.,ESP,https://fdp.fifa.org/assetspublic/ce233/pdf/SquadLists-English.pdf,27,2025-07-04,FIFA Club World Cup 2025,male,realmadridcf:41,41,DF,FORTEA Jesus,2007-03-26,18,2025-06-14,Spain,174
realmadridcf,Real Madrid C. F.,ESP,https://fdp.fifa.org/assetspublic/ce233/pdf/SquadLists-English.pdf,27,2025-07-04,FIFA Club World Cup 2025,male,realmadridcf:43,43,DF,AGUADO Diego,2007-02-07,18,2025-06-14,Spain,180
realmadridcf,Real Madrid C. F.,ESP,https://fdp.fifa.org/assetspublic/ce233/pdf/SquadLists-English.pdf,27,2025-07-04,FIFA Club World Cup 2025,male,realmadridcf:44,44,MF,MUNOZ Victor,2003-07-13,21,2025-06-14,Spain,173
realmadridcf,Real Madrid C. F.,ESP,https://fdp.fifa.org/assetspublic/ce233/pdf/SquadLists-English.pdf,27,2025-07-04,FIFA Club World Cup 2025,male,realmadridcf:50,50,MF,MARTIN Mario,2004-03-05,21,2025-06-14,Spain,178
seattlesoundersfc,Seattle Sounders FC,USA,https://fdp.fifa.org/assetspublic/ce233/pdf/SquadLists-English.pdf,28,2025-07-04,FIFA Club World Cup 2025,male,seattlesoundersfc:3,3,DF,SOUSA Travian,2001-09-19,23,2025-06-14,USA,179
seattlesoundersfc,Seattle Sounders FC,USA,https://fdp.fifa.org/assetspublic/ce233/pdf/SquadLists-English.pdf,28,2025-07-04,FIFA Club World Cup 2025,male,seattlesoundersfc:5,5,DF,TOLO Nouhou,1997-06-23,27,2025-06-14,Cameroon,178
seattlesoundersfc,Seattle Sounders FC,USA,https://fdp.fifa.org/assetspublic/ce233/pdf/SquadLists-English.pdf,28,2025-07-04,FIFA Club World Cup 2025,male,seattlesoundersfc:6,6,MF,JOAO PAULO,1991-03-08,34,2025-06-14,Brazil,170
seattlesoundersfc,Seattle Sounders FC,USA,https://fdp.fifa.org/assetspublic/ce233/pdf/SquadLists-English.pdf,28,2025-07-04,FIFA Club World Cup 2025,male,seattlesoundersfc:7,7,MF,ROLDAN Cristian,1995-06-03,30,2025-06-14,USA,173
seattlesoundersfc,Seattle Sounders FC,USA,https://fdp.fifa.org/assetspublic/ce233/pdf/SquadLists-English.pdf,28,2025-07-04,FIFA Club World Cup 2025,male,seattlesoundersfc:9,9,FW,FERREIRA Jesus,2000-12-24,24,2025-06-14,USA,177
seattlesoundersfc,Seattle Sounders FC,USA,https://fdp.fifa.org/assetspublic/ce233/pdf/SquadLists-English.pdf,28,2025-07-04,FIFA Club World Cup 2025,male,seattlesoundersfc:10,10,FW,DE LA VEGA Pedro,2001-02-07,24,2025-06-14,Argentina,177
seattlesoundersfc,Seattle Sounders FC,USA,https://fdp.fifa.org/assetspublic/ce233/pdf/SquadLists-English.pdf,28,2025-07-04,FIFA Club World Cup 2025,male,seattlesoundersfc:11,11,MF,RUSNAK Albert,1994-07-07,30,2025-06-14,Slovakia,175
seattlesoundersfc,Seattle Sounders FC,USA,https://fdp.fifa.org/assetspublic/ce233/pdf/SquadLists-English.pdf,28,2025-07-04,FIFA Club World Cup 2025,male,seattlesoundersfc:13,13,FW,MORRIS Jordan,1994-10-26,30,2025-06-14,USA,180
seattlesoundersfc,Seattle Sounders FC,USA,https://fdp.fifa.org/assetspublic/ce233/pdf/SquadLists-English.pdf,28,2025-07-04,FIFA Club World Cup 2025,male,seattlesoundersfc:14,14,FW,ROTHROCK Paul,1999-01-09,26,2025-06-14,USA,175
seattlesoundersfc,Seattle Sounders FC,USA,https://fdp.fifa.org/assetspublic/ce233/pdf/SquadLists-English.pdf,28,2025-07-04,FIFA Club World Cup 2025,male,seattlesoundersfc:15,15,DF,BELL Jon,1997-08-26,27,2025-06-14,Jamaica,180
seattlesoundersfc,Seattle Sounders FC,USA,https://fdp.fifa.org/assetspublic/ce233/pdf/SquadLists-English.pdf,28,2025-07-04,FIFA Club World Cup 2025,male,seattlesoundersfc:16,16,DF,ROLDAN Alex,1996-07-28,28,2025-06-14,El Salvador,177
seattlesoundersfc,Seattle Sounders FC,USA,https://fdp.fifa.org/assetspublic/ce233/pdf/SquadLists-English.pdf,28,2025-07-04,FIFA Club World Cup 2025,male,seattlesoundersfc:18,18,MF,VARGAS Obed,2005-08-05,19,2025-06-14,Mexico,175
seattlesoundersfc,Seattle Sounders FC,USA,https://fdp.fifa.org/assetspublic/ce233/pdf/SquadLists-English.pdf,28,2025-07-04,FIFA Club World Cup 2025,male,seattlesoundersfc:19,19,FW,MUSOVSKI Danny,1995-11-30,29,2025-06-14,USA,182
seattlesoundersfc,Seattle Sounders FC,USA,https://fdp.fifa.org/assetspublic/ce233/pdf/SquadLists-English.pdf,28,2025-07-04,FIFA Club World Cup 2025,male,seattlesoundersfc:20,20,DF,KIM Keehee,1989-07-13,35,2025-06-14,Korea Republic,188
seattlesoundersfc,Seattle Sounders FC,USA,https://fdp.fifa.org/assetspublic/ce233/pdf/SquadLists-English.pdf,28,2025-07-04,FIFA Club World Cup 2025,male,seattlesoundersfc:21,21,MF,BAKER-WHITING Reed,2005-03-31,20,2025-06-14,USA,180
seattlesoundersfc,Seattle Sounders FC,USA,https://fdp.fifa.org/assetspublic/ce233/pdf/SquadLists-English.pdf,28,2025-07-04,FIFA Club World Cup 2025,male,seattlesoundersfc:24,24,GK,FREI Stefan,1986-04-20,39,2025-06-14,USA,191
seattlesoundersfc,Seattle Sounders FC,USA,https://fdp.fifa.org/assetspublic/ce233/pdf/SquadLists-English.pdf,28,2025-07-04,FIFA Club World Cup 2025,male,seattlesoundersfc:25,25,DF,RAGEN Jackson,1998-09-24,26,2025-06-14,USA,198
seattlesoundersfc,Seattle Sounders FC,USA,https://fdp.fifa.org/assetspublic/ce233/pdf/SquadLists-English.pdf,28,2025-07-04,FIFA Club World Cup 2025,male,seattlesoundersfc:26,26,GK,THOMAS Andrew,1998-09-01,26,2025-06-14,USA,188
seattlesoundersfc,Seattle Sounders FC,USA,https://fdp.fifa.org/assetspublic/ce233/pdf/SquadLists-English.pdf,28,2025-07-04,FIFA Club World Cup 2025,male,seattlesoundersfc:28,28,DF,GOMEZ ANDRADE Yeimar,1992-06-30,32,2025-06-14,Colombia,187
seattlesoundersfc,Seattle Sounders FC,USA,https://fdp.fifa.org/assetspublic/ce233/pdf/SquadLists-English.pdf,28,2025-07-04,FIFA Club World Cup 2025,male,seattlesoundersfc:29,29,GK,CASTRO Jacob,1999-12-18,25,2025-06-14,USA,193
seattlesoundersfc,Seattle Sounders FC,USA,https://fdp.fifa.org/assetspublic/ce233/pdf/SquadLists-English.pdf,28,2025-07-04,FIFA Club World Cup 2025,male,seattlesoundersfc:33,33,DF,BAKER Cody,2004-01-07,21,2025-06-14,USA,178
seattlesoundersfc,Seattle Sounders FC,USA,https://fdp.fifa.org/assetspublic/ce233/pdf/SquadLists-English.pdf,28,2025-07-04,FIFA Club World Cup 2025,male,seattlesoundersfc:75,75,MF,LEYVA Danny,2003-05-05,22,2025-06-14,USA,178
seattlesoundersfc,Seattle Sounders FC,USA,https://fdp.fifa.org/assetspublic/ce233/pdf/SquadLists-English.pdf,28,2025-07-04,FIFA Club World Cup 2025,male,seattlesoundersfc:77,77,FW,KENT Ryan,1996-11-11,28,2025-06-14,England,175
seattlesoundersfc,Seattle Sounders FC,USA,https://fdp.fifa.org/assetspublic/ce233/pdf/SquadLists-English.pdf,28,2025-07-04,FIFA Club World Cup 2025,male,seattlesoundersfc:85,85,DF,KOSSA-RIENZI Kalani,2002-06-27,22,2025-06-14,USA,170
seattlesoundersfc,Seattle Sounders FC,USA,https://fdp.fifa.org/assetspublic/ce233/pdf/SquadLists-English.pdf,28,2025-07-04,FIFA Club World Cup 2025,male,seattlesoundersfc:93,93,FW,MINOUNGOU Georgi,2002-07-25,22,2025-06-14,Côte D'Ivoire,180
seattlesoundersfc,Seattle Sounders FC,USA,https://fdp.fifa.org/assetspublic/ce233/pdf/SquadLists-English.pdf,28,2025-07-04,FIFA Club World Cup 2025,male,seattlesoundersfc:95,95,FW,DE ROSARIO Osaze,2001-07-19,23,2025-06-14,Guyana,188
slbenfica,SL Benfica,POR,https://fdp.fifa.org/assetspublic/ce233/pdf/SquadLists-English.pdf,29,2025-07-04,FIFA Club World Cup 2025,male,slbenfica:1,1,GK,TRUBIN Anatoliy,2001-08-01,23,2025-06-14,Ukraine,199
slbenfica,SL Benfica,POR,https://fdp.fifa.org/assetspublic/ce233/pdf/SquadLists-English.pdf,29,2025-07-04,FIFA Club World Cup 2025,male,slbenfica:3,3,DF,FERNANDEZ Alvaro,2003-03-23,22,2025-06-14,Spain,187
slbenfica,SL Benfica,POR,https://fdp.fifa.org/assetspublic/ce233/pdf/SquadLists-English.pdf,29,2025-07-04,FIFA Club World Cup 2025,male,slbenfica:4,4,DF,ANTONIO SILVA,2003-10-30,21,2025-06-14,Portugal,188
slbenfica,SL Benfica,POR,https://fdp.fifa.org/assetspublic/ce233/pdf/SquadLists-English.pdf,29,2025-07-04,FIFA Club World Cup 2025,male,slbenfica:8,8,MF,AURSNES Fredrik,1995-12-10,29,2025-06-14,Norway,181
slbenfica,SL Benfica,POR,https://fdp.fifa.org/assetspublic/ce233/pdf/SquadLists-English.pdf,29,2025-07-04,FIFA Club World Cup 2025,male,slbenfica:10,10,MF,KOKCU Orkun,2000-12-29,24,2025-06-14,Türkiye,177
slbenfica,SL Benfica,POR,https://fdp.fifa.org/assetspublic/ce233/pdf/SquadLists-English.pdf,29,2025-07-04,FIFA Club World Cup 2025,male,slbenfica:11,11,FW,DI MARIA Angel,1988-02-14,37,2025-06-14,Argentina,182
slbenfica,SL Benfica,POR,https://fdp.fifa.org/assetspublic/ce233/pdf/SquadLists-English.pdf,29,2025-07-04,FIFA Club World Cup 2025,male,slbenfica:14,14,FW,PAVLIDIS Evangelos,1998-11-21,26,2025-06-14,Greece,184
slbenfica,SL Benfica,POR,https://fdp.fifa.org/assetspublic/ce233/pdf/SquadLists-English.pdf,29,2025-07-04,FIFA Club World Cup 2025,male,slbenfica:17,17,FW,AKTURKOGLU Kerem,1998-10-21,26,2025-06-14,Türkiye,172
slbenfica,SL Benfica,POR,https://fdp.fifa.org/assetspublic/ce233/pdf/SquadLists-English.pdf,29,2025-07-04,FIFA Club World Cup 2025,male,slbenfica:18,18,MF,BARREIRO Leandro,2000-01-03,25,2025-06-14,Luxembourg,174
slbenfica,SL Benfica,POR,https://fdp.fifa.org/assetspublic/ce233/pdf/SquadLists-English.pdf,29,2025-07-04,FIFA Club World Cup 2025,male,slbenfica:19,19,FW,BELOTTI Andrea,1993-12-20,31,2025-06-14,Italy,182
slbenfica,SL Benfica,POR,https://fdp.fifa.org/assetspublic/ce233/pdf/SquadLists-English.pdf,29,2025-07-04,FIFA Club World Cup 2025,male,slbenfica:21,21,FW,SCHJELDERUP Andreas,2004-06-01,21,2025-06-14,Norway,177
slbenfica,SL Benfica,POR,https://fdp.fifa.org/assetspublic/ce233/pdf/SquadLists-English.pdf,29,2025-07-04,FIFA Club World Cup 2025,male,slbenfica:25,25,FW,PRESTIANNI Gianluca,2006-01-31,19,2025-06-14,Argentina,166
slbenfica,SL Benfica,POR,https://fdp.fifa.org/assetspublic/ce233/pdf/SquadLists-English.pdf,29,2025-07-04,FIFA Club World Cup 2025,male,slbenfica:26,26,DF,DAHL Samuel,2003-03-04,22,2025-06-14,Sweden,172
slbenfica,SL Benfica,POR,https://fdp.fifa.org/assetspublic/ce233/pdf/SquadLists-English.pdf,29,2025-07-04,FIFA Club World Cup 2025,male,slbenfica:27,27,FW,BRUMA,1994-10-24,30,2025-06-14,Portugal,172
slbenfica,SL Benfica,POR,https://fdp.fifa.org/assetspublic/ce233/pdf/SquadLists-English.pdf,29,2025-07-04,FIFA Club World Cup 2025,male,slbenfica:30,30,DF,OTAMENDI Nicolas,1988-02-12,37,2025-06-14,Argentina,182
slbenfica,SL Benfica,POR,https://fdp.fifa.org/assetspublic/ce233/pdf/SquadLists-English.pdf,29,2025-07-04,FIFA Club World Cup 2025,male,slbenfica:47,47,FW,TIAGO GOUVEIA,2001-06-18,23,2025-06-14,Portugal,176
slbenfica,SL Benfica,POR,https://fdp.fifa.org/assetspublic/ce233/pdf/SquadLists-English.pdf,29,2025-07-04,FIFA Club World Cup 2025,male,slbenfica:50,50,GK,DIOGO FERREIRA,2007-02-10,18,2025-06-14,Portugal,192
slbenfica,SL Benfica,POR,https://fdp.fifa.org/assetspublic/ce233/pdf/SquadLists-English.pdf,29,2025-07-04,FIFA Club World Cup 2025,male,slbenfica:58,58,DF,RUI SILVA,2007-03-18,18,2025-06-14,Portugal,190
slbenfica,SL Benfica,POR,https://fdp.fifa.org/assetspublic/ce233/pdf/SquadLists-English.pdf,29,2025-07-04,FIFA Club World Cup 2025,male,slbenfica:61,61,MF,FLORENTINO LUIS,1999-08-19,25,2025-06-14,Portugal,183
slbenfica,SL Benfica,POR,https://fdp.fifa.org/assetspublic/ce233/pdf/SquadLists-English.pdf,29,2025-07-04,FIFA Club World Cup 2025,male,slbenfica:64,64,DF,GONCALO OLIVEIRA,2006-07-04,18,2025-06-14,Portugal,184
slbenfica,SL Benfica,POR,https://fdp.fifa.org/assetspublic/ce233/pdf/SquadLists-English.pdf,29,2025-07-04,FIFA Club World Cup 2025,male,slbenfica:66,66,DF,WYNDER Joshua,2005-05-02,20,2025-06-14,USA,187
slbenfica,SL Benfica,POR,https://fdp.fifa.org/assetspublic/ce233/pdf/SquadLists-English.pdf,29,2025-07-04,FIFA Club World Cup 2025,male,slbenfica:68,68,MF,JOAO VELOSO,2005-06-26,19,2025-06-14,Portugal,186
slbenfica,SL Benfica,POR,https://fdp.fifa.org/assetspublic/ce233/pdf/SquadLists-English.pdf,29,2025-07-04,FIFA Club World Cup 2025,male,slbenfica:71,71,DF,LEANDRO SANTOS,2005-09-28,19,2025-06-14,Portugal,179
slbenfica,SL Benfica,POR,https://fdp.fifa.org/assetspublic/ce233/pdf/SquadLists-English.pdf,29,2025-07-04,FIFA Club World Cup 2025,male,slbenfica:75,75,GK,ANDRE GOMES,2004-10-20,20,2025-06-14,Portugal,188
slbenfica,SL Benfica,POR,https://fdp.fifa.org/assetspublic/ce233/pdf/SquadLists-English.pdf,29,2025-07-04,FIFA Club World Cup 2025,male,slbenfica:81,81,DF,BAJRAMI Adrian,2002-04-05,23,2025-06-14,Albania,187
slbenfica,SL Benfica,POR,https://fdp.fifa.org/assetspublic/ce233/pdf/SquadLists-English.pdf,29,2025-07-04,FIFA Club World Cup 2025,male,slbenfica:83,83,MF,RAFAEL LUIS,2005-02-18,20,2025-06-14,Portugal,188
slbenfica,SL Benfica,POR,https://fdp.fifa.org/assetspublic/ce233/pdf/SquadLists-English.pdf,29,2025-07-04,FIFA Club World Cup 2025,male,slbenfica:84,84,FW,JOAO REGO,2005-06-20,19,2025-06-14,Portugal,183
slbenfica,SL Benfica,POR,https://fdp.fifa.org/assetspublic/ce233/pdf/SquadLists-English.pdf,29,2025-07-04,FIFA Club World Cup 2025,male,slbenfica:85,85,MF,RENATO SANCHES,1997-08-18,27,2025-06-14,Portugal,174
slbenfica,SL Benfica,POR,https://fdp.fifa.org/assetspublic/ce233/pdf/SquadLists-English.pdf,29,2025-07-04,FIFA Club World Cup 2025,male,slbenfica:86,86,MF,DIOGO PRIOSTE,2004-03-26,21,2025-06-14,Portugal,178
slbenfica,SL Benfica,POR,https://fdp.fifa.org/assetspublic/ce233/pdf/SquadLists-English.pdf,29,2025-07-04,FIFA Club World Cup 2025,male,slbenfica:94,94,FW,EDUARDO FERNANDES,2007-03-24,18,2025-06-14,Portugal,186
ulsanhd,Ulsan HD,KOR,https://fdp.fifa.org/assetspublic/ce233/pdf/SquadLists-English.pdf,30,2025-07-04,FIFA Club World Cup 2025,male,ulsanhd:3,3,DF,KANG Minwoo,2006-03-02,19,2025-06-14,Korea Republic,185
ulsanhd,Ulsan HD,KOR,https://fdp.fifa.org/assetspublic/ce233/pdf/SquadLists-English.pdf,30,2025-07-04,FIFA Club World Cup 2025,male,ulsanhd:4,4,DF,SEO Myungguan,2002-11-23,22,2025-06-14,Korea Republic,186
ulsanhd,Ulsan HD,KOR,https://fdp.fifa.org/assetspublic/ce233/pdf/SquadLists-English.pdf,30,2025-07-04,FIFA Club World Cup 2025,male,ulsanhd:5,5,MF,JUNG Wooyoung,1989-12-14,35,2025-06-14,Korea Republic,186
ulsanhd,Ulsan HD,KOR,https://fdp.fifa.org/assetspublic/ce233/pdf/SquadLists-English.pdf,30,2025-07-04,FIFA Club World Cup 2025,male,ulsanhd:6,6,MF,BOJANIC Darijan,1994-12-28,30,2025-06-14,Sweden,180
ulsanhd,Ulsan HD,KOR,https://fdp.fifa.org/assetspublic/ce233/pdf/SquadLists-English.pdf,30,2025-07-04,FIFA Club World Cup 2025,male,ulsanhd:7,7,MF,KO Seungbeom,1994-04-24,31,2025-06-14,Korea Republic,172
ulsanhd,Ulsan HD,KOR,https://fdp.fifa.org/assetspublic/ce233/pdf/SquadLists-English.pdf,30,2025-07-04,FIFA Club World Cup 2025,male,ulsanhd:10,10,MF,KIM Minwoo,1990-02-25,35,2025-06-14,Korea Republic,173
ulsanhd,Ulsan HD,KOR,https://fdp.fifa.org/assetspublic/ce233/pdf/SquadLists-English.pdf,30,2025-07-04,FIFA Club World Cup 2025,male,ulsanhd:11,11,MF,UM Wonsang,1999-01-06,26,2025-06-14,Korea Republic,171
ulsanhd,Ulsan HD,KOR,https://fdp.fifa.org/assetspublic/ce233/pdf/SquadLists-English.pdf,30,2025-07-04,FIFA Club World Cup 2025,male,ulsanhd:13,13,DF,KANG Sangwoo,1993-10-07,31,2025-06-14,Korea Republic,176
ulsanhd,Ulsan HD,KOR,https://fdp.fifa.org/assetspublic/ce233/pdf/SquadLists-English.pdf,30,2025-07-04,FIFA Club World Cup 2025,male,ulsanhd:14,14,MF,LEE Jinhyun,1997-08-26,27,2025-06-14,Korea Republic,173
ulsanhd,Ulsan HD,KOR,https://fdp.fifa.org/assetspublic/ce233/pdf/SquadLists-English.pdf,30,2025-07-04,FIFA Club World Cup 2025,male,ulsanhd:16,16,MF,LEE Huigyun,1998-04-29,27,2025-06-14,Korea Republic,168
ulsanhd,Ulsan HD,KOR,https://fdp.fifa.org/assetspublic/ce233/pdf/SquadLists-English.pdf,30,2025-07-04,FIFA Club World Cup 2025,male,ulsanhd:17,17,MF,LUDWIGSON Gustav,1993-10-20,31,2025-06-14,Sweden,181
ulsanhd,Ulsan HD,KOR,https://fdp.fifa.org/assetspublic/ce233/pdf/SquadLists-English.pdf,30,2025-07-04,FIFA Club World Cup 2025,male,ulsanhd:18,18,FW,HEO Yool,2001-04-12,24,2025-06-14,Korea Republic,193
ulsanhd,Ulsan HD,KOR,https://fdp.fifa.org/assetspublic/ce233/pdf/SquadLists-English.pdf,30,2025-07-04,FIFA Club World Cup 2025,male,ulsanhd:19,19,DF,KIM Younggwon,1990-02-27,35,2025-06-14,Korea Republic,186
ulsanhd,Ulsan HD,KOR,https://fdp.fifa.org/assetspublic/ce233/pdf/SquadLists-English.pdf,30,2025-07-04,FIFA Club World Cup 2025,male,ulsanhd:21,21,GK,JO Hyeonwoo,1991-09-25,33,2025-06-14,Korea Republic,189
ulsanhd,Ulsan HD,KOR,https://fdp.fifa.org/assetspublic/ce233/pdf/SquadLists-English.pdf,30,2025-07-04,FIFA Club World Cup 2025,male,ulsanhd:22,22,MF,KIM Minhyeok,1992-08-16,32,2025-06-14,Korea Republic,183
ulsanhd,Ulsan HD,KOR,https://fdp.fifa.org/assetspublic/ce233/pdf/SquadLists-English.pdf,30,2025-07-04,FIFA Club World Cup 2025,male,ulsanhd:23,23,GK,MOON Jungin,1998-03-16,27,2025-06-14,Korea Republic,194
ulsanhd,Ulsan HD,KOR,https://fdp.fifa.org/assetspublic/ce233/pdf/SquadLists-English.pdf,30,2025-07-04,FIFA Club World Cup 2025,male,ulsanhd:24,24,DF,YOON Jonggyu,1998-03-20,27,2025-06-14,Korea Republic,174
ulsanhd,Ulsan HD,KOR,https://fdp.fifa.org/assetspublic/ce233/pdf/SquadLists-English.pdf,30,2025-07-04,FIFA Club World Cup 2025,male,ulsanhd:26,26,DF,PARK Minseo,2000-09-15,24,2025-06-14,Korea Republic,175
ulsanhd,Ulsan HD,KOR,https://fdp.fifa.org/assetspublic/ce233/pdf/SquadLists-English.pdf,30,2025-07-04,FIFA Club World Cup 2025,male,ulsanhd:27,27,MF,LEE Chungyong,1988-07-02,36,2025-06-14,Korea Republic,180
ulsanhd,Ulsan HD,KOR,https://fdp.fifa.org/assetspublic/ce233/pdf/SquadLists-English.pdf,30,2025-07-04,FIFA Club World Cup 2025,male,ulsanhd:28,28,DF,LEE Jaeik,1999-05-21,26,2025-06-14,Korea Republic,186
ulsanhd,Ulsan HD,KOR,https://fdp.fifa.org/assetspublic/ce233/pdf/SquadLists-English.pdf,30,2025-07-04,FIFA Club World Cup 2025,male,ulsanhd:30,30,MF,YOON Jaeseok,2003-10-22,21,2025-06-14,Korea Republic,174
ulsanhd,Ulsan HD,KOR,https://fdp.fifa.org/assetspublic/ce233/pdf/SquadLists-English.pdf,30,2025-07-04,FIFA Club World Cup 2025,male,ulsanhd:31,31,GK,RYU Seongmin,2004-01-03,21,2025-06-14,Korea Republic,188
ulsanhd,Ulsan HD,KOR,https://fdp.fifa.org/assetspublic/ce233/pdf/SquadLists-English.pdf,30,2025-07-04,FIFA Club World Cup 2025,male,ulsanhd:36,36,MF,LACAVA Matias,2002-10-24,22,2025-06-14,Venezuela,171
ulsanhd,Ulsan HD,KOR,https://fdp.fifa.org/assetspublic/ce233/pdf/SquadLists-English.pdf,30,2025-07-04,FIFA Club World Cup 2025,male,ulsanhd:41,41,MF,PARK Sangjun,2003-11-19,21,2025-06-14,Korea Republic,181
ulsanhd,Ulsan HD,KOR,https://fdp.fifa.org/assetspublic/ce233/pdf/SquadLists-English.pdf,30,2025-07-04,FIFA Club World Cup 2025,male,ulsanhd:66,66,DF,TROJAK Milosz,1994-05-05,31,2025-06-14,Poland,191
ulsanhd,Ulsan HD,KOR,https://fdp.fifa.org/assetspublic/ce233/pdf/SquadLists-English.pdf,30,2025-07-04,FIFA Club World Cup 2025,male,ulsanhd:72,72,MF,BACK Inwoo,2006-11-29,18,2025-06-14,Korea Republic,180
ulsanhd,Ulsan HD,KOR,https://fdp.fifa.org/assetspublic/ce233/pdf/SquadLists-English.pdf,30,2025-07-04,FIFA Club World Cup 2025,male,ulsanhd:96,96,DF,CHOI Seokhyun,2003-01-13,22,2025-06-14,Korea Republic,178
ulsanhd,Ulsan HD,KOR,https://fdp.fifa.org/assetspublic/ce233/pdf/SquadLists-English.pdf,30,2025-07-04,FIFA Club World Cup 2025,male,ulsanhd:97,97,MF,ERICK FARIAS,1997-01-03,28,2025-06-14,Brazil,173
ulsanhd,Ulsan HD,KOR,https://fdp.fifa.org/assetspublic/ce233/pdf/SquadLists-English.pdf,30,2025-07-04,FIFA Club World Cup 2025,male,ulsanhd:99,99,FW,YAGO CARIELLO,1999-07-27,25,2025-06-14,Brazil,187
urawareddiamonds,Urawa Red Diamonds,JPN,https://fdp.fifa.org/assetspublic/ce233/pdf/SquadLists-English.pdf,31,2025-07-04,FIFA Club World Cup 2025,male,urawareddiamonds:1,1,GK,NISHIKAWA Shusaku,1986-06-18,38,2025-06-14,Japan,183
urawareddiamonds,Urawa Red Diamonds,JPN,https://fdp.fifa.org/assetspublic/ce233/pdf/SquadLists-English.pdf,31,2025-07-04,FIFA Club World Cup 2025,male,urawareddiamonds:3,3,DF,DANILO BOZA,1998-05-06,27,2025-06-14,Brazil,184
urawareddiamonds,Urawa Red Diamonds,JPN,https://fdp.fifa.org/assetspublic/ce233/pdf/SquadLists-English.pdf,31,2025-07-04,FIFA Club World Cup 2025,male,urawareddiamonds:4,4,DF,ISHIHARA Hirokazu,1999-02-26,26,2025-06-14,Japan,169
urawareddiamonds,Urawa Red Diamonds,JPN,https://fdp.fifa.org/assetspublic/ce233/pdf/SquadLists-English.pdf,31,2025-07-04,FIFA Club World Cup 2025,male,urawareddiamonds:5,5,DF,HOIBRATEN Marius,1995-01-23,30,2025-06-14,Norway,184
urawareddiamonds,Urawa Red Diamonds,JPN,https://fdp.fifa.org/assetspublic/ce233/pdf/SquadLists-English.pdf,31,2025-07-04,FIFA Club World Cup 2025,male,urawareddiamonds:6,6,MF,MATSUMOTO Taishi,1998-08-22,26,2025-06-14,Japan,180
urawareddiamonds,Urawa Red Diamonds,JPN,https://fdp.fifa.org/assetspublic/ce233/pdf/SquadLists-English.pdf,31,2025-07-04,FIFA Club World Cup 2025,male,urawareddiamonds:7,7,FW,ABE Hiroki,1999-01-28,26,2025-06-14,Japan,171
urawareddiamonds,Urawa Red Diamonds,JPN,https://fdp.fifa.org/assetspublic/ce233/pdf/SquadLists-English.pdf,31,2025-07-04,FIFA Club World Cup 2025,male,urawareddiamonds:8,8,MF,MATHEUS SAVIO,1997-04-15,28,2025-06-14,Brazil,175
urawareddiamonds,Urawa Red Diamonds,JPN,https://fdp.fifa.org/assetspublic/ce233/pdf/SquadLists-English.pdf,31,2025-07-04,FIFA Club World Cup 2025,male,urawareddiamonds:9,9,MF,HARAGUCHI Genki,1991-05-09,34,2025-06-14,Japan,180
urawareddiamonds,Urawa Red Diamonds,JPN,https://fdp.fifa.org/assetspublic/ce233/pdf/SquadLists-English.pdf,31,2025-07-04,FIFA Club World Cup 2025,male,urawareddiamonds:10,10,MF,NAKAJIMA Shoya,1994-08-23,30,2025-06-14,Japan,164
urawareddiamonds,Urawa Red Diamonds,JPN,https://fdp.fifa.org/assetspublic/ce233/pdf/SquadLists-English.pdf,31,2025-07-04,FIFA Club World Cup 2025,male,urawareddiamonds:11,11,MF,GUSTAFSON Samuel,1995-01-11,30,2025-06-14,Sweden,187
urawareddiamonds,Urawa Red Diamonds,JPN,https://fdp.fifa.org/assetspublic/ce233/pdf/SquadLists-English.pdf,31,2025-07-04,FIFA Club World Cup 2025,male,urawareddiamonds:12,12,FW,THIAGO SANTANA,1993-02-04,32,2025-06-14,Brazil,184
urawareddiamonds,Urawa Red Diamonds,JPN,https://fdp.fifa.org/assetspublic/ce233/pdf/SquadLists-English.pdf,31,2025-07-04,FIFA Club World Cup 2025,male,urawareddiamonds:13,13,MF,WATANABE Ryoma,1996-10-02,28,2025-06-14,Japan,176
urawareddiamonds,Urawa Red Diamonds,JPN,https://fdp.fifa.org/assetspublic/ce233/pdf/SquadLists-English.pdf,31,2025-07-04,FIFA Club World Cup 2025,male,urawareddiamonds:14,14,MF,SEKINE Takahiro,1995-04-19,30,2025-06-14,Japan,167
urawareddiamonds,Urawa Red Diamonds,JPN,https://fdp.fifa.org/assetspublic/ce233/pdf/SquadLists-English.pdf,31,2025-07-04,FIFA Club World Cup 2025,male,urawareddiamonds:16,16,GK,NIEKAWA Ayumi,1994-05-12,31,2025-06-14,Japan,195
urawareddiamonds,Urawa Red Diamonds,JPN,https://fdp.fifa.org/assetspublic/ce233/pdf/SquadLists-English.pdf,31,2025-07-04,FIFA Club World Cup 2025,male,urawareddiamonds:17,17,FW,KOMORI Hiiro,2000-08-06,24,2025-06-14,Japan,178
urawareddiamonds,Urawa Red Diamonds,JPN,https://fdp.fifa.org/assetspublic/ce233/pdf/SquadLists-English.pdf,31,2025-07-04,FIFA Club World Cup 2025,male,urawareddiamonds:18,18,FW,TAKAHASHI Toshiki,1998-01-20,27,2025-06-14,Japan,182
urawareddiamonds,Urawa Red Diamonds,JPN,https://fdp.fifa.org/assetspublic/ce233/pdf/SquadLists-English.pdf,31,2025-07-04,FIFA Club World Cup 2025,male,urawareddiamonds:21,21,MF,OKUBO Tomoaki,1998-07-23,26,2025-06-14,Japan,170
urawareddiamonds,Urawa Red Diamonds,JPN,https://fdp.fifa.org/assetspublic/ce233/pdf/SquadLists-English.pdf,31,2025-07-04,FIFA Club World Cup 2025,male,urawareddiamonds:22,22,MF,SHIBATO Kai,1995-11-24,29,2025-06-14,Japan,180
urawareddiamonds,Urawa Red Diamonds,JPN,https://fdp.fifa.org/assetspublic/ce233/pdf/SquadLists-English.pdf,31,2025-07-04,FIFA Club World Cup 2025,male,urawareddiamonds:24,24,MF,MATSUO Yusuke,1997-07-23,27,2025-06-14,Japan,170
urawareddiamonds,Urawa Red Diamonds,JPN,https://fdp.fifa.org/assetspublic/ce233/pdf/SquadLists-English.pdf,31,2025-07-04,FIFA Club World Cup 2025,male,urawareddiamonds:25,25,MF,YASUI Kaito,2000-02-09,25,2025-06-14,Japan,174
urawareddiamonds,Urawa Red Diamonds,JPN,https://fdp.fifa.org/assetspublic/ce233/pdf/SquadLists-English.pdf,31,2025-07-04,FIFA Club World Cup 2025,male,urawareddiamonds:26,26,DF,OGIWARA Takuya,1999-11-23,25,2025-06-14,Japan,175
urawareddiamonds,Urawa Red Diamonds,JPN,https://fdp.fifa.org/assetspublic/ce233/pdf/SquadLists-English.pdf,31,2025-07-04,FIFA Club World Cup 2025,male,urawareddiamonds:27,27,FW,TERUUCHI Toshikazu,2006-11-08,18,2025-06-14,Japan,172
urawareddiamonds,Urawa Red Diamonds,JPN,https://fdp.fifa.org/assetspublic/ce233/pdf/SquadLists-English.pdf,31,2025-07-04,FIFA Club World Cup 2025,male,urawareddiamonds:28,28,DF,NEMOTO Kenta,2002-12-13,22,2025-06-14,Japan,184
urawareddiamonds,Urawa Red Diamonds,JPN,https://fdp.fifa.org/assetspublic/ce233/pdf/SquadLists-English.pdf,31,2025-07-04,FIFA Club World Cup 2025,male,urawareddiamonds:31,31,GK,YOSHIDA Shun,1996-11-28,28,2025-06-14,Japan,185
urawareddiamonds,Urawa Red Diamonds,JPN,https://fdp.fifa.org/assetspublic/ce233/pdf/SquadLists-English.pdf,31,2025-07-04,FIFA Club World Cup 2025,male,urawareddiamonds:35,35,DF,INOUE Rikito,1997-03-09,28,2025-06-14,Japan,180
urawareddiamonds,Urawa Red Diamonds,JPN,https://fdp.fifa.org/assetspublic/ce233/pdf/SquadLists-English.pdf,31,2025-07-04,FIFA Club World Cup 2025,male,urawareddiamonds:39,39,MF,HAYAKAWA Jumpei,2005-12-05,19,2025-06-14,Japan,163
urawareddiamonds,Urawa Red Diamonds,JPN,https://fdp.fifa.org/assetspublic/ce233/pdf/SquadLists-English.pdf,31,2025-07-04,FIFA Club World Cup 2025,male,urawareddiamonds:41,41,FW,NITTA Rio,2003-04-10,22,2025-06-14,Japan,174
urawareddiamonds,Urawa Red Diamonds,JPN,https://fdp.fifa.org/assetspublic/ce233/pdf/SquadLists-English.pdf,31,2025-07-04,FIFA Club World Cup 2025,male,urawareddiamonds:44,44,GK,MALCOLM Alex Keita,2008-06-11,17,2025-06-14,Japan,187
urawareddiamonds,Urawa Red Diamonds,JPN,https://fdp.fifa.org/assetspublic/ce233/pdf/SquadLists-English.pdf,31,2025-07-04,FIFA Club World Cup 2025,male,urawareddiamonds:45,45,DF,TANAKA Yoshitaka,2008-04-05,17,2025-06-14,Japan,186
urawareddiamonds,Urawa Red Diamonds,JPN,https://fdp.fifa.org/assetspublic/ce233/pdf/SquadLists-English.pdf,31,2025-07-04,FIFA Club World Cup 2025,male,urawareddiamonds:46,46,MF,WADA Takeshi,2009-06-05,16,2025-06-14,Japan,170
urawareddiamonds,Urawa Red Diamonds,JPN,https://fdp.fifa.org/assetspublic/ce233/pdf/SquadLists-English.pdf,31,2025-07-04,FIFA Club World Cup 2025,male,urawareddiamonds:77,77,MF,KANEKO Takuro,1997-07-30,27,2025-06-14,Japan,178
urawareddiamonds,Urawa Red Diamonds,JPN,https://fdp.fifa.org/assetspublic/ce233/pdf/SquadLists-English.pdf,31,2025-07-04,FIFA Club World Cup 2025,male,urawareddiamonds:88,88,MF,NAGANUMA Yoichi,1997-04-14,28,2025-06-14,Japan,178
wydadac,Wydad AC,MAR,https://fdp.fifa.org/assetspublic/ce233/pdf/SquadLists-English.pdf,32,2025-07-04,FIFA Club World Cup 2025,male,wydadac:1,1,GK,EL MOTIE Youssef,1994-12-16,30,2025-06-14,Morocco,193
wydadac,Wydad AC,MAR,https://fdp.fifa.org/assetspublic/ce233/pdf/SquadLists-English.pdf,32,2025-07-04,FIFA Club World Cup 2025,male,wydadac:2,2,DF,MOUFID Mohamed,2000-01-12,25,2025-06-14,Morocco,173
wydadac,Wydad AC,MAR,https://fdp.fifa.org/assetspublic/ce233/pdf/SquadLists-English.pdf,32,2025-07-04,FIFA Club World Cup 2025,male,wydadac:4,4,FW,LORCH Thembinkosi,1993-07-22,31,2025-06-14,South Africa,168
wydadac,Wydad AC,MAR,https://fdp.fifa.org/assetspublic/ce233/pdf/SquadLists-English.pdf,32,2025-07-04,FIFA Club World Cup 2025,male,wydadac:5,5,MF,MOUTARAJJI Ismail,2000-02-01,25,2025-06-14,Morocco,183
wydadac,Wydad AC,MAR,https://fdp.fifa.org/assetspublic/ce233/pdf/SquadLists-English.pdf,32,2025-07-04,FIFA Club World Cup 2025,male,wydadac:7,7,MF,MALSA Mickael,1995-10-12,29,2025-06-14,Martinique,179
wydadac,Wydad AC,MAR,https://fdp.fifa.org/assetspublic/ce233/pdf/SquadLists-English.pdf,32,2025-07-04,FIFA Club World Cup 2025,male,wydadac:8,8,FW,RAYHI Mohamed,1994-07-01,30,2025-06-14,Netherlands,178
wydadac,Wydad AC,MAR,https://fdp.fifa.org/assetspublic/ce233/pdf/SquadLists-English.pdf,32,2025-07-04,FIFA Club World Cup 2025,male,wydadac:9,9,FW,OBENG Samuel,1997-05-15,28,2025-06-14,Ghana,183
wydadac,Wydad AC,MAR,https://fdp.fifa.org/assetspublic/ce233/pdf/SquadLists-English.pdf,32,2025-07-04,FIFA Club World Cup 2025,male,wydadac:10,10,MF,ARTHUR,2005-02-24,20,2025-06-14,Brazil,170
wydadac,Wydad AC,MAR,https://fdp.fifa.org/assetspublic/ce233/pdf/SquadLists-English.pdf,32,2025-07-04,FIFA Club World Cup 2025,male,wydadac:11,11,FW,AMRABAT Nordin,1987-03-31,38,2025-06-14,Morocco,178
wydadac,Wydad AC,MAR,https://fdp.fifa.org/assetspublic/ce233/pdf/SquadLists-English.pdf,32,2025-07-04,FIFA Club World Cup 2025,male,wydadac:12,12,GK,BENABID El Mehdi,1998-01-24,27,2025-06-14,Morocco,188
wydadac,Wydad AC,MAR,https://fdp.fifa.org/assetspublic/ce233/pdf/SquadLists-English.pdf,32,2025-07-04,FIFA Club World Cup 2025,male,wydadac:14,14,DF,BOUTOUIL Abdelmounaim,1998-01-09,27,2025-06-14,Morocco,186
wydadac,Wydad AC,MAR,https://fdp.fifa.org/assetspublic/ce233/pdf/SquadLists-English.pdf,32,2025-07-04,FIFA Club World Cup 2025,male,wydadac:16,16,DF,HARKASS Jamal,1995-11-24,29,2025-06-14,Morocco,186
wydadac,Wydad AC,MAR,https://fdp.fifa.org/assetspublic/ce233/pdf/SquadLists-English.pdf,32,2025-07-04,FIFA Club World Cup 2025,male,wydadac:17,17,FW,FATHI Zakaria,1998-08-14,26,2025-06-14,Morocco,175
wydadac,Wydad AC,MAR,https://fdp.fifa.org/assetspublic/ce233/pdf/SquadLists-English.pdf,32,2025-07-04,FIFA Club World Cup 2025,male,wydadac:18,18,DF,MOUFI Fahd,1996-05-05,29,2025-06-14,Morocco,179
wydadac,Wydad AC,MAR,https://fdp.fifa.org/assetspublic/ce233/pdf/SquadLists-English.pdf,32,2025-07-04,FIFA Club World Cup 2025,male,wydadac:19,19,MF,EL MOUBARIK El Mehdi,2001-01-22,24,2025-06-14,Morocco,175
wydadac,Wydad AC,MAR,https://fdp.fifa.org/assetspublic/ce233/pdf/SquadLists-English.pdf,32,2025-07-04,FIFA Club World Cup 2025,male,wydadac:21,21,FW,MAILULA Cassius,2001-06-12,24,2025-06-14,South Africa,166
wydadac,Wydad AC,MAR,https://fdp.fifa.org/assetspublic/ce233/pdf/SquadLists-English.pdf,32,2025-07-04,FIFA Club World Cup 2025,male,wydadac:22,22,DF,MEIJERS Bart,1997-01-10,28,2025-06-14,Netherlands,185
wydadac,Wydad AC,MAR,https://fdp.fifa.org/assetspublic/ce233/pdf/SquadLists-English.pdf,32,2025-07-04,FIFA Club World Cup 2025,male,wydadac:23,23,MF,ZEMRAOUI Oussama,2002-03-01,23,2025-06-14,Morocco,175
wydadac,Wydad AC,MAR,https://fdp.fifa.org/assetspublic/ce233/pdf/SquadLists-English.pdf,32,2025-07-04,FIFA Club World Cup 2025,male,wydadac:24,24,DF,BOUCHETA Ayoub,1993-12-03,31,2025-06-14,Morocco,171
wydadac,Wydad AC,MAR,https://fdp.fifa.org/assetspublic/ce233/pdf/SquadLists-English.pdf,32,2025-07-04,FIFA Club World Cup 2025,male,wydadac:25,25,MF,AZIZ KI Stephane,1996-03-06,29,2025-06-14,Burkina Faso,175
wydadac,Wydad AC,MAR,https://fdp.fifa.org/assetspublic/ce233/pdf/SquadLists-English.pdf,32,2025-07-04,FIFA Club World Cup 2025,male,wydadac:26,26,FW,MWALIMU Selemani,2006-01-19,19,2025-06-14,Tanzania,178
wydadac,Wydad AC,MAR,https://fdp.fifa.org/assetspublic/ce233/pdf/SquadLists-English.pdf,32,2025-07-04,FIFA Club World Cup 2025,male,wydadac:27,27,MF,BENKTIB Ismail,1998-07-04,26,2025-06-14,Morocco,177
wydadac,Wydad AC,MAR,https://fdp.fifa.org/assetspublic/ce233/pdf/SquadLists-English.pdf,32,2025-07-04,FIFA Club World Cup 2025,male,wydadac:29,29,FW,HANNOURI Hamza,1998-01-22,27,2025-06-14,Morocco,188
wydadac,Wydad AC,MAR,https://fdp.fifa.org/assetspublic/ce233/pdf/SquadLists-English.pdf,32,2025-07-04,FIFA Club World Cup 2025,male,wydadac:33,33,MF,PEDRINHO,2004-01-01,21,2025-06-14,Brazil,172
wydadac,Wydad AC,MAR,https://fdp.fifa.org/assetspublic/ce233/pdf/SquadLists-English.pdf,32,2025-07-04,FIFA Club World Cup 2025,male,wydadac:34,34,MF,BENNANI Yassine,2008-07-17,16,2025-06-14,Morocco,178
wydadac,Wydad AC,MAR,https://fdp.fifa.org/assetspublic/ce233/pdf/SquadLists-English.pdf,32,2025-07-04,FIFA Club World Cup 2025,male,wydadac:36,36,GK,AQZDAOU Omar,2003-03-16,22,2025-06-14,Morocco,198
wydadac,Wydad AC,MAR,https://fdp.fifa.org/assetspublic/ce233/pdf/SquadLists-English.pdf,32,2025-07-04,FIFA Club World Cup 2025,male,wydadac:44,44,MF,MAHTOU Rayane,2005-02-01,20,2025-06-14,Morocco,184
wydadac,Wydad AC,MAR,https://fdp.fifa.org/assetspublic/ce233/pdf/SquadLists-English.pdf,32,2025-07-04,FIFA Club World Cup 2025,male,wydadac:72,72,DF,GUILHERME FERREIRA,1999-12-02,25,2025-06-14,Brazil,194
wydadac,Wydad AC,MAR,https://fdp.fifa.org/assetspublic/ce233/pdf/SquadLists-English.pdf,32,2025-07-04,FIFA Club World Cup 2025,male,wydadac:99,99,FW,OMAR ALSOMAH,1989-03-23,36,2025-06-14,Syria,192
